"ANO";"TIPO_ABOVIROSE";"SUPERINTENDENCIA";"ADS";"MUNICÍPIO";"DATA_EPIDEMIOLOGICA";"SEMANA_EPIDEMIOLOGICA";"DENGUE_GRAVE";"CURA";"OBITO";"OBITO_INVESTIGACAO";"CONFIRMADO_AMBULATORIAL";"CONFIRMADO_CLINICO"
"2022";"Dengue";"SOBRAL";"12ª REGIÃO ACARAÚ";"BELA CRUZ";"2022-01-29";"4";"0";"0";"0";"0";"0";"0"
"2022";"Dengue";"SOBRAL";"15ª REGIÃO CRATEÚS";"NOVA RUSSAS";"2022-12-10";"49";"0";"0";"0";"0";"0";"0"
"2022";"Dengue";"FORTALEZA";"03ª REGIÃO MARACANAÚ";"GUAIUBA";"2022-08-06";"31";"0";"0";"0";"0";"0";"0"
"2022";"Dengue";"FORTALEZA";"22ª REGIÃO CASCAVEL";"CHOROZINHO";"2022-04-16";"15";"0";"0";"0";"0";"0";"0"
"2022";"Dengue";"LITORAL LESTE/JAGUARIBE";"10ª REGIÃO LIMOEIRO DO NORTE";"JAGUARIBE";"2022-10-08";"40";"0";"4";"0";"0";"1";"0"
"2022";"Dengue";"SOBRAL";"13ª REGIÃO TIANGUÁ";"VICOSA DO CEARA";"2022-06-18";"24";"0";"0";"0";"0";"0";"0"
"2022";"Dengue";"LITORAL LESTE/JAGUARIBE";"07ª REGIÃO ARACATI";"ARACATI";"2022-06-18";"24";"0";"54";"0";"0";"3";"9"
"2022";"Dengue";"FORTALEZA";"02ª REGIÃO CAUCAIA";"GENERAL SAMPAIO";"2022-03-12";"10";"0";"0";"0";"0";"0";"0"
"2022";"Dengue";"SERTÃO CENTRAL";"08ª REGIÃO QUIXADÁ";"SENADOR POMPEU";"2022-04-23";"16";"0";"1";"0";"0";"0";"0"
"2022";"Dengue";"LITORAL LESTE/JAGUARIBE";"07ª REGIÃO ARACATI";"ITAICABA";"2022-04-30";"17";"0";"5";"0";"0";"1";"0"
"2022";"Dengue";"SERTÃO CENTRAL";"14ª REGIÃO TAUÁ";"PARAMBU";"2022-04-30";"17";"0";"3";"0";"0";"1";"0"
"2022";"Dengue";"CARIRI";"17ª REGIÃO ICÓ";"OROS";"2022-05-14";"19";"0";"3";"0";"0";"1";"0"
"2022";"Dengue";"LITORAL LESTE/JAGUARIBE";"07ª REGIÃO ARACATI";"ARACATI";"2022-09-10";"36";"0";"5";"0";"0";"0";"1"
"2022";"Dengue";"SERTÃO CENTRAL";"05ª REGIÃO DE CANINDÉ";"ITATIRA";"2022-04-09";"14";"0";"3";"0";"0";"0";"1"
"2022";"Dengue";"SOBRAL";"11ª REGIÃO SOBRAL";"MASSAPE";"2022-06-04";"22";"0";"3";"0";"0";"1";"0"
"2022";"Dengue";"CARIRI";"19ª REGIÃO BREJO SANTO";"MILAGRES";"2022-12-31";"52";"0";"0";"0";"0";"0";"0"
"2022";"Dengue";"LITORAL LESTE/JAGUARIBE";"10ª REGIÃO LIMOEIRO DO NORTE";"IRACEMA";"2022-06-25";"25";"0";"7";"0";"0";"0";"0"
"2022";"Dengue";"SOBRAL";"15ª REGIÃO CRATEÚS";"MONSENHOR TABOSA";"2022-10-29";"43";"0";"0";"0";"0";"0";"0"
"2022";"Dengue";"CARIRI";"18ª REGIÃO IGUATU";"QUIXELO";"2022-10-22";"42";"0";"2";"0";"0";"0";"0"
"2022";"Dengue";"SOBRAL";"12ª REGIÃO ACARAÚ";"ITAREMA";"2022-07-02";"26";"0";"10";"0";"0";"4";"1"
"2022";"Dengue";"FORTALEZA";"04ª REGIÃO BATURITÉ";"GUARAMIRANGA";"2022-04-09";"14";"0";"5";"0";"0";"2";"0"
"2022";"Dengue";"SOBRAL";"11ª REGIÃO SOBRAL";"VARJOTA";"2022-04-16";"15";"0";"0";"0";"0";"0";"0"
"2022";"Dengue";"FORTALEZA";"02ª REGIÃO CAUCAIA";"GENERAL SAMPAIO";"2022-04-16";"15";"0";"0";"0";"0";"0";"0"
"2022";"Dengue";"SERTÃO CENTRAL";"14ª REGIÃO TAUÁ";"AIUABA";"2022-06-25";"25";"0";"2";"0";"0";"0";"2"
"2022";"Dengue";"LITORAL LESTE/JAGUARIBE";"09ª REGIÃO RUSSAS";"PALHANO";"2022-08-06";"31";"0";"2";"0";"0";"0";"0"
"2022";"Dengue";"CARIRI";"18ª REGIÃO IGUATU";"JUCAS";"2022-02-26";"8";"0";"0";"0";"0";"0";"0"
"2022";"Dengue";"SOBRAL";"11ª REGIÃO SOBRAL";"MUCAMBO";"2022-09-10";"36";"0";"0";"0";"0";"0";"0"
"2022";"Dengue";"CARIRI";"20ª REGIÃO CRATO";"ANTONINA DO NORTE";"2022-11-26";"47";"0";"0";"0";"0";"0";"0"
"2022";"Dengue";"FORTALEZA";"04ª REGIÃO BATURITÉ";"BATURITE";"2022-06-18";"24";"0";"8";"0";"0";"0";"0"
"2022";"Dengue";"FORTALEZA";"02ª REGIÃO CAUCAIA";"SAO LUIS DO CURU";"2022-03-19";"11";"0";"0";"0";"0";"0";"0"
"2022";"Dengue";"FORTALEZA";"02ª REGIÃO CAUCAIA";"PARAIPABA";"2022-11-05";"44";"0";"1";"0";"0";"0";"0"
"2022";"Dengue";"SOBRAL";"12ª REGIÃO ACARAÚ";"MORRINHOS";"2022-04-02";"13";"0";"0";"0";"0";"0";"0"
"2022";"Dengue";"SOBRAL";"12ª REGIÃO ACARAÚ";"JIJOCA DE JERICOACOARA";"2022-12-17";"50";"0";"2";"0";"0";"0";"0"
"2022";"Dengue";"SERTÃO CENTRAL";"08ª REGIÃO QUIXADÁ";"MILHA";"2022-02-12";"6";"0";"0";"0";"0";"0";"0"
"2022";"Dengue";"SOBRAL";"12ª REGIÃO ACARAÚ";"JIJOCA DE JERICOACOARA";"2022-07-30";"30";"0";"15";"0";"0";"2";"0"
"2022";"Dengue";"SERTÃO CENTRAL";"14ª REGIÃO TAUÁ";"AIUABA";"2022-06-04";"22";"0";"8";"0";"0";"2";"1"
"2022";"Dengue";"FORTALEZA";"04ª REGIÃO BATURITÉ";"PACOTI";"2022-05-14";"19";"0";"0";"0";"0";"0";"0"
"2022";"Dengue";"FORTALEZA";"04ª REGIÃO BATURITÉ";"ARACOIABA";"2022-02-12";"6";"0";"0";"0";"0";"0";"0"
"2022";"Dengue";"CARIRI";"17ª REGIÃO ICÓ";"OROS";"2022-01-29";"4";"0";"0";"0";"0";"0";"0"
"2022";"Dengue";"SOBRAL";"12ª REGIÃO ACARAÚ";"ITAREMA";"2022-07-30";"30";"0";"2";"0";"0";"1";"0"
"2022";"Dengue";"SOBRAL";"15ª REGIÃO CRATEÚS";"IPUEIRAS";"2022-10-08";"40";"0";"0";"0";"0";"0";"0"
"2022";"Dengue";"SERTÃO CENTRAL";"05ª REGIÃO DE CANINDÉ";"BOA VIAGEM";"2022-12-03";"48";"0";"1";"0";"0";"1";"0"
"2022";"Dengue";"CARIRI";"20ª REGIÃO CRATO";"ARARIPE";"2022-09-17";"37";"0";"0";"0";"0";"0";"0"
"2022";"Dengue";"SOBRAL";"13ª REGIÃO TIANGUÁ";"CROATA";"2022-06-25";"25";"0";"13";"0";"0";"10";"1"
"2022";"Dengue";"CARIRI";"21ª REGIÃO JUAZEIRO DO NORTE";"CARIRIACU";"2022-05-21";"20";"0";"2";"0";"0";"1";"0"
"2022";"Dengue";"FORTALEZA";"04ª REGIÃO BATURITÉ";"MULUNGU";"2022-03-26";"12";"0";"73";"0";"0";"15";"35"
"2022";"Dengue";"SOBRAL";"12ª REGIÃO ACARAÚ";"ACARAU";"2022-10-15";"41";"0";"0";"0";"0";"0";"0"
"2022";"Dengue";"SOBRAL";"11ª REGIÃO SOBRAL";"CATUNDA";"2022-04-02";"13";"0";"0";"0";"0";"0";"0"
"2022";"Dengue";"SERTÃO CENTRAL";"08ª REGIÃO QUIXADÁ";"SENADOR POMPEU";"2022-03-19";"11";"0";"0";"0";"0";"0";"0"
"2022";"Dengue";"SOBRAL";"12ª REGIÃO ACARAÚ";"MORRINHOS";"2022-03-19";"11";"0";"0";"0";"0";"0";"0"
"2022";"Dengue";"LITORAL LESTE/JAGUARIBE";"10ª REGIÃO LIMOEIRO DO NORTE";"SAO JOAO DO JAGUARIBE";"2022-08-20";"33";"0";"1";"0";"0";"0";"0"
"2022";"Dengue";"CARIRI";"20ª REGIÃO CRATO";"VARZEA ALEGRE";"2022-05-21";"20";"0";"40";"0";"0";"3";"0"
"2022";"Dengue";"CARIRI";"17ª REGIÃO ICÓ";"UMARI";"2022-10-08";"40";"0";"0";"0";"0";"0";"0"
"2022";"Dengue";"FORTALEZA";"01ª REGIÃO FORTALEZA";"EUSEBIO";"2022-03-26";"12";"0";"2";"0";"0";"0";"0"
"2022";"Dengue";"CARIRI";"20ª REGIÃO CRATO";"ALTANEIRA";"2022-10-08";"40";"0";"0";"0";"0";"0";"0"
"2022";"Dengue";"CARIRI";"18ª REGIÃO IGUATU";"IGUATU";"2022-11-12";"45";"0";"2";"0";"0";"0";"0"
"2022";"Dengue";"SOBRAL";"16ª REGIÃO CAMOCIM";"CAMOCIM";"2022-05-07";"18";"0";"51";"0";"0";"1";"0"
"2022";"Dengue";"SOBRAL";"12ª REGIÃO ACARAÚ";"BELA CRUZ";"2022-02-26";"8";"0";"1";"0";"0";"0";"0"
"2022";"Dengue";"LITORAL LESTE/JAGUARIBE";"07ª REGIÃO ARACATI";"ICAPUI";"2022-08-13";"32";"0";"15";"0";"0";"2";"3"
"2022";"Dengue";"FORTALEZA";"04ª REGIÃO BATURITÉ";"GUARAMIRANGA";"2022-05-14";"19";"0";"5";"0";"0";"1";"1"
"2022";"Dengue";"LITORAL LESTE/JAGUARIBE";"09ª REGIÃO RUSSAS";"JAGUARUANA";"2022-01-29";"4";"0";"4";"0";"0";"0";"0"
"2022";"Dengue";"CARIRI";"18ª REGIÃO IGUATU";"SABOEIRO";"2022-04-02";"13";"0";"0";"0";"0";"0";"0"
"2022";"Dengue";"SERTÃO CENTRAL";"05ª REGIÃO DE CANINDÉ";"MADALENA";"2022-01-29";"4";"0";"0";"0";"0";"0";"0"
"2022";"Dengue";"SOBRAL";"13ª REGIÃO TIANGUÁ";"SAO BENEDITO";"2022-01-15";"2";"0";"0";"0";"0";"0";"0"
"2022";"Dengue";"CARIRI";"20ª REGIÃO CRATO";"ARARIPE";"2022-04-30";"17";"0";"27";"0";"0";"0";"0"
"2022";"Dengue";"SOBRAL";"13ª REGIÃO TIANGUÁ";"VICOSA DO CEARA";"2022-12-31";"52";"0";"0";"0";"0";"0";"0"
"2022";"Dengue";"CARIRI";"20ª REGIÃO CRATO";"ANTONINA DO NORTE";"2022-04-16";"15";"0";"3";"0";"0";"0";"0"
"2022";"Dengue";"LITORAL LESTE/JAGUARIBE";"10ª REGIÃO LIMOEIRO DO NORTE";"ERERE";"2022-05-28";"21";"0";"3";"0";"0";"0";"1"
"2022";"Dengue";"FORTALEZA";"06ª REGIÃO DE ITAPIPOCA";"AMONTADA";"2022-02-05";"5";"0";"1";"0";"0";"0";"0"
"2022";"Dengue";"SERTÃO CENTRAL";"08ª REGIÃO QUIXADÁ";"QUIXERAMOBIM";"2022-08-13";"32";"0";"2";"0";"0";"0";"0"
"2022";"Dengue";"CARIRI";"20ª REGIÃO CRATO";"TARRAFAS";"2022-04-30";"17";"0";"0";"0";"0";"0";"0"
"2022";"Dengue";"FORTALEZA";"01ª REGIÃO FORTALEZA";"ITAITINGA";"2022-04-02";"13";"0";"2";"0";"0";"1";"0"
"2022";"Dengue";"SOBRAL";"11ª REGIÃO SOBRAL";"MASSAPE";"2022-05-28";"21";"0";"3";"0";"0";"0";"0"
"2022";"Dengue";"CARIRI";"20ª REGIÃO CRATO";"VARZEA ALEGRE";"2022-07-30";"30";"0";"3";"0";"0";"0";"0"
"2022";"Dengue";"SOBRAL";"16ª REGIÃO CAMOCIM";"MARTINOPOLE";"2022-07-23";"29";"0";"0";"0";"0";"0";"0"
"2022";"Dengue";"LITORAL LESTE/JAGUARIBE";"10ª REGIÃO LIMOEIRO DO NORTE";"TABULEIRO DO NORTE";"2022-09-03";"35";"0";"37";"0";"0";"18";"14"
"2022";"Dengue";"FORTALEZA";"02ª REGIÃO CAUCAIA";"ITAPAJE";"2022-08-06";"31";"0";"1";"0";"0";"0";"1"
"2022";"Dengue";"FORTALEZA";"04ª REGIÃO BATURITÉ";"MULUNGU";"2022-10-22";"42";"0";"2";"0";"0";"1";"1"
"2022";"Dengue";"CARIRI";"18ª REGIÃO IGUATU";"CATARINA";"2022-10-22";"42";"0";"2";"0";"0";"0";"0"
"2022";"Dengue";"SOBRAL";"11ª REGIÃO SOBRAL";"ALCANTARAS";"2022-07-16";"28";"0";"2";"0";"0";"1";"0"
"2022";"Dengue";"CARIRI";"20ª REGIÃO CRATO";"SALITRE";"2022-02-26";"8";"0";"0";"0";"0";"0";"0"
"2022";"Dengue";"CARIRI";"17ª REGIÃO ICÓ";"UMARI";"2022-05-21";"20";"0";"9";"0";"0";"1";"1"
"2022";"Dengue";"CARIRI";"18ª REGIÃO IGUATU";"DEPUTADO IRAPUAN PINHEIRO";"2022-10-22";"42";"0";"0";"0";"0";"0";"0"
"2022";"Dengue";"SERTÃO CENTRAL";"14ª REGIÃO TAUÁ";"TAUA";"2022-11-05";"44";"0";"12";"0";"0";"1";"0"
"2022";"Dengue";"CARIRI";"21ª REGIÃO JUAZEIRO DO NORTE";"JUAZEIRO DO NORTE";"2022-03-05";"9";"0";"552";"0";"0";"6";"57"
"2022";"Dengue";"FORTALEZA";"03ª REGIÃO MARACANAÚ";"MARACANAU";"2022-06-04";"22";"0";"140";"0";"0";"2";"88"
"2022";"Dengue";"FORTALEZA";"03ª REGIÃO MARACANAÚ";"ACARAPE";"2022-08-20";"33";"0";"0";"0";"0";"0";"0"
"2022";"Dengue";"SOBRAL";"13ª REGIÃO TIANGUÁ";"TIANGUA";"2022-03-12";"10";"0";"13";"0";"0";"4";"0"
"2022";"Dengue";"FORTALEZA";"02ª REGIÃO CAUCAIA";"PARACURU";"2022-04-30";"17";"0";"38";"0";"0";"9";"10"
"2022";"Dengue";"CARIRI";"21ª REGIÃO JUAZEIRO DO NORTE";"BARBALHA";"2022-08-20";"33";"0";"1";"0";"0";"0";"0"
"2022";"Dengue";"CARIRI";"18ª REGIÃO IGUATU";"CARIUS";"2022-10-08";"40";"0";"0";"0";"0";"0";"0"
"2022";"Dengue";"CARIRI";"17ª REGIÃO ICÓ";"CEDRO";"2022-11-19";"46";"0";"0";"0";"0";"0";"0"
"2022";"Dengue";"SOBRAL";"15ª REGIÃO CRATEÚS";"INDEPENDENCIA";"2022-10-01";"39";"0";"5";"0";"0";"0";"0"
"2022";"Dengue";"FORTALEZA";"03ª REGIÃO MARACANAÚ";"GUAIUBA";"2022-11-19";"46";"0";"0";"0";"0";"0";"0"
"2022";"Dengue";"SOBRAL";"11ª REGIÃO SOBRAL";"URUOCA";"2022-04-16";"15";"0";"1";"0";"0";"0";"0"
"2022";"Dengue";"CARIRI";"17ª REGIÃO ICÓ";"LAVRAS DA MANGABEIRA";"2022-04-30";"17";"0";"44";"0";"0";"6";"7"
"2022";"Dengue";"SOBRAL";"15ª REGIÃO CRATEÚS";"PORANGA";"2022-08-13";"32";"0";"0";"0";"0";"0";"0"
"2022";"Dengue";"FORTALEZA";"06ª REGIÃO DE ITAPIPOCA";"TURURU";"2022-12-24";"51";"0";"0";"0";"0";"0";"0"
"2022";"Dengue";"SERTÃO CENTRAL";"08ª REGIÃO QUIXADÁ";"QUIXADA";"2022-12-03";"48";"0";"4";"0";"0";"1";"0"
"2022";"Dengue";"LITORAL LESTE/JAGUARIBE";"10ª REGIÃO LIMOEIRO DO NORTE";"ALTO SANTO";"2022-12-24";"51";"0";"0";"0";"0";"0";"0"
"2022";"Dengue";"FORTALEZA";"22ª REGIÃO CASCAVEL";"PINDORETAMA";"2022-12-10";"49";"0";"1";"0";"0";"0";"0"
"2022";"Dengue";"LITORAL LESTE/JAGUARIBE";"10ª REGIÃO LIMOEIRO DO NORTE";"JAGUARIBARA";"2022-06-18";"24";"0";"10";"0";"0";"5";"0"
"2022";"Dengue";"LITORAL LESTE/JAGUARIBE";"10ª REGIÃO LIMOEIRO DO NORTE";"PEREIRO";"2022-02-05";"5";"0";"1";"0";"0";"1";"0"
"2022";"Dengue";"SERTÃO CENTRAL";"14ª REGIÃO TAUÁ";"ARNEIROZ";"2022-11-19";"46";"0";"0";"0";"0";"0";"0"
"2022";"Dengue";"FORTALEZA";"22ª REGIÃO CASCAVEL";"PACAJUS";"2022-03-12";"10";"0";"0";"0";"0";"0";"0"
"2022";"Dengue";"FORTALEZA";"01ª REGIÃO FORTALEZA";"AQUIRAZ";"2022-02-26";"8";"0";"3";"0";"0";"0";"0"
"2022";"Dengue";"SERTÃO CENTRAL";"14ª REGIÃO TAUÁ";"AIUABA";"2022-10-15";"41";"0";"12";"0";"0";"3";"5"
"2022";"Dengue";"CARIRI";"18ª REGIÃO IGUATU";"MOMBACA";"2022-11-26";"47";"0";"0";"0";"0";"0";"0"
"2022";"Dengue";"SOBRAL";"15ª REGIÃO CRATEÚS";"NOVO ORIENTE";"2022-11-12";"45";"0";"0";"0";"0";"0";"0"
"2022";"Dengue";"SERTÃO CENTRAL";"08ª REGIÃO QUIXADÁ";"SENADOR POMPEU";"2022-11-05";"44";"0";"0";"0";"0";"0";"0"
"2022";"Dengue";"FORTALEZA";"03ª REGIÃO MARACANAÚ";"ACARAPE";"2022-05-28";"21";"0";"1";"0";"0";"1";"0"
"2022";"Dengue";"CARIRI";"19ª REGIÃO BREJO SANTO";"PORTEIRAS";"2022-05-07";"18";"0";"35";"0";"0";"4";"0"
"2022";"Dengue";"LITORAL LESTE/JAGUARIBE";"10ª REGIÃO LIMOEIRO DO NORTE";"QUIXERE";"2022-03-05";"9";"0";"0";"0";"0";"0";"0"
"2022";"Dengue";"SERTÃO CENTRAL";"08ª REGIÃO QUIXADÁ";"BANABUIU";"2022-02-12";"6";"0";"3";"0";"0";"0";"0"
"2022";"Dengue";"SOBRAL";"11ª REGIÃO SOBRAL";"URUOCA";"2022-04-30";"17";"0";"0";"0";"0";"0";"0"
"2022";"Dengue";"SERTÃO CENTRAL";"05ª REGIÃO DE CANINDÉ";"CANINDE";"2022-04-30";"17";"0";"28";"0";"0";"4";"0"
"2022";"Dengue";"CARIRI";"20ª REGIÃO CRATO";"ASSARE";"2022-06-04";"22";"0";"7";"0";"0";"0";"6"
"2022";"Dengue";"FORTALEZA";"04ª REGIÃO BATURITÉ";"GUARAMIRANGA";"2022-08-27";"34";"0";"2";"0";"0";"0";"0"
"2022";"Dengue";"FORTALEZA";"02ª REGIÃO CAUCAIA";"CAUCAIA";"2022-04-02";"13";"0";"20";"0";"0";"1";"4"
"2022";"Dengue";"SERTÃO CENTRAL";"05ª REGIÃO DE CANINDÉ";"BOA VIAGEM";"2022-12-24";"51";"0";"0";"0";"0";"0";"0"
"2022";"Dengue";"SOBRAL";"15ª REGIÃO CRATEÚS";"MONSENHOR TABOSA";"2022-01-29";"4";"0";"1";"0";"0";"0";"1"
"2022";"Dengue";"SOBRAL";"15ª REGIÃO CRATEÚS";"INDEPENDENCIA";"2022-03-12";"10";"0";"0";"0";"0";"0";"0"
"2022";"Dengue";"FORTALEZA";"22ª REGIÃO CASCAVEL";"PACAJUS";"2022-04-23";"16";"0";"2";"0";"0";"1";"0"
"2022";"Dengue";"FORTALEZA";"06ª REGIÃO DE ITAPIPOCA";"TURURU";"2022-08-06";"31";"0";"1";"0";"0";"0";"1"
"2022";"Dengue";"SOBRAL";"15ª REGIÃO CRATEÚS";"IPAPORANGA";"2022-10-29";"43";"0";"0";"0";"0";"0";"0"
"2022";"Dengue";"SOBRAL";"11ª REGIÃO SOBRAL";"MERUOCA";"2022-04-02";"13";"0";"1";"0";"0";"0";"0"
"2022";"Dengue";"SOBRAL";"13ª REGIÃO TIANGUÁ";"UBAJARA";"2022-09-03";"35";"0";"0";"0";"0";"0";"0"
"2022";"Dengue";"LITORAL LESTE/JAGUARIBE";"10ª REGIÃO LIMOEIRO DO NORTE";"SAO JOAO DO JAGUARIBE";"2022-10-01";"39";"0";"2";"0";"0";"0";"0"
"2022";"Dengue";"CARIRI";"20ª REGIÃO CRATO";"ARARIPE";"2022-01-29";"4";"0";"0";"0";"0";"0";"0"
"2022";"Dengue";"LITORAL LESTE/JAGUARIBE";"10ª REGIÃO LIMOEIRO DO NORTE";"ERERE";"2022-07-30";"30";"0";"0";"0";"0";"0";"0"
"2022";"Dengue";"LITORAL LESTE/JAGUARIBE";"10ª REGIÃO LIMOEIRO DO NORTE";"LIMOEIRO DO NORTE";"2022-05-28";"21";"0";"15";"0";"0";"5";"9"
"2022";"Dengue";"SERTÃO CENTRAL";"14ª REGIÃO TAUÁ";"TAUA";"2022-09-10";"36";"0";"43";"0";"0";"3";"3"
"2022";"Dengue";"CARIRI";"17ª REGIÃO ICÓ";"ICO";"2022-05-28";"21";"0";"40";"0";"0";"0";"8"
"2022";"Dengue";"LITORAL LESTE/JAGUARIBE";"07ª REGIÃO ARACATI";"FORTIM";"2022-11-26";"47";"0";"0";"0";"0";"0";"0"
"2022";"Dengue";"SOBRAL";"11ª REGIÃO SOBRAL";"MUCAMBO";"2022-02-26";"8";"0";"0";"0";"0";"0";"0"
"2022";"Dengue";"FORTALEZA";"02ª REGIÃO CAUCAIA";"PARACURU";"2022-01-15";"2";"0";"1";"0";"0";"0";"1"
"2022";"Dengue";"CARIRI";"18ª REGIÃO IGUATU";"MOMBACA";"2022-01-15";"2";"0";"0";"0";"0";"0";"0"
"2022";"Dengue";"CARIRI";"17ª REGIÃO ICÓ";"CEDRO";"2022-12-17";"50";"0";"0";"0";"0";"0";"0"
"2022";"Dengue";"FORTALEZA";"04ª REGIÃO BATURITÉ";"PACOTI";"2022-03-05";"9";"0";"12";"0";"0";"3";"0"
"2022";"Dengue";"FORTALEZA";"22ª REGIÃO CASCAVEL";"PACAJUS";"2022-03-26";"12";"0";"1";"0";"0";"0";"0"
"2022";"Dengue";"SOBRAL";"11ª REGIÃO SOBRAL";"MASSAPE";"2022-10-15";"41";"0";"0";"0";"0";"0";"0"
"2022";"Dengue";"CARIRI";"20ª REGIÃO CRATO";"VARZEA ALEGRE";"2022-04-09";"14";"0";"37";"0";"0";"2";"0"
"2022";"Dengue";"CARIRI";"19ª REGIÃO BREJO SANTO";"MILAGRES";"2022-09-24";"38";"0";"0";"0";"0";"0";"0"
"2022";"Dengue";"SOBRAL";"16ª REGIÃO CAMOCIM";"GRANJA";"2022-05-07";"18";"0";"6";"0";"0";"1";"0"
"2022";"Dengue";"FORTALEZA";"03ª REGIÃO MARACANAÚ";"REDENCAO";"2022-06-18";"24";"0";"1";"0";"0";"0";"0"
"2022";"Dengue";"SOBRAL";"16ª REGIÃO CAMOCIM";"MARTINOPOLE";"2022-10-29";"43";"0";"0";"0";"0";"0";"0"
"2022";"Dengue";"CARIRI";"20ª REGIÃO CRATO";"SALITRE";"2022-10-08";"40";"0";"0";"0";"0";"0";"0"
"2022";"Dengue";"SERTÃO CENTRAL";"08ª REGIÃO QUIXADÁ";"PEDRA BRANCA";"2022-09-10";"36";"0";"1";"0";"0";"0";"1"
"2022";"Dengue";"SERTÃO CENTRAL";"05ª REGIÃO DE CANINDÉ";"PARAMOTI";"2022-01-29";"4";"0";"0";"0";"0";"0";"0"
"2022";"Dengue";"FORTALEZA";"22ª REGIÃO CASCAVEL";"CASCAVEL";"2022-07-09";"27";"0";"6";"0";"0";"0";"6"
"2022";"Dengue";"SOBRAL";"12ª REGIÃO ACARAÚ";"BELA CRUZ";"2022-02-19";"7";"0";"0";"0";"0";"0";"0"
"2022";"Dengue";"CARIRI";"19ª REGIÃO BREJO SANTO";"JATI";"2022-11-05";"44";"0";"0";"0";"0";"0";"0"
"2022";"Dengue";"CARIRI";"20ª REGIÃO CRATO";"ANTONINA DO NORTE";"2022-12-31";"52";"0";"0";"0";"0";"0";"0"
"2022";"Dengue";"CARIRI";"18ª REGIÃO IGUATU";"PIQUET CARNEIRO";"2022-11-12";"45";"0";"2";"0";"0";"0";"0"
"2022";"Dengue";"SOBRAL";"16ª REGIÃO CAMOCIM";"MARTINOPOLE";"2022-03-12";"10";"0";"0";"0";"0";"0";"0"
"2022";"Dengue";"CARIRI";"18ª REGIÃO IGUATU";"DEPUTADO IRAPUAN PINHEIRO";"2022-06-25";"25";"0";"0";"0";"0";"0";"0"
"2022";"Dengue";"CARIRI";"18ª REGIÃO IGUATU";"MOMBACA";"2022-12-24";"51";"0";"1";"0";"0";"0";"0"
"2022";"Dengue";"CARIRI";"19ª REGIÃO BREJO SANTO";"MAURITI";"2022-06-25";"25";"0";"9";"0";"0";"0";"10"
"2022";"Dengue";"SOBRAL";"12ª REGIÃO ACARAÚ";"MORRINHOS";"2022-06-25";"25";"0";"0";"0";"0";"0";"0"
"2022";"Dengue";"LITORAL LESTE/JAGUARIBE";"07ª REGIÃO ARACATI";"ICAPUI";"2022-06-18";"24";"0";"152";"0";"0";"1";"38"
"2022";"Dengue";"FORTALEZA";"22ª REGIÃO CASCAVEL";"BEBERIBE";"2022-02-05";"5";"0";"1";"0";"0";"1";"0"
"2022";"Dengue";"SOBRAL";"13ª REGIÃO TIANGUÁ";"UBAJARA";"2022-04-09";"14";"0";"1";"0";"0";"1";"0"
"2022";"Dengue";"CARIRI";"20ª REGIÃO CRATO";"CRATO";"2022-02-12";"6";"0";"24";"0";"0";"1";"5"
"2022";"Dengue";"FORTALEZA";"02ª REGIÃO CAUCAIA";"PENTECOSTE";"2022-11-05";"44";"0";"1";"0";"0";"1";"0"
"2022";"Dengue";"SERTÃO CENTRAL";"08ª REGIÃO QUIXADÁ";"PEDRA BRANCA";"2022-08-06";"31";"0";"0";"0";"0";"0";"0"
"2022";"Dengue";"SOBRAL";"15ª REGIÃO CRATEÚS";"TAMBORIL";"2022-06-18";"24";"0";"5";"0";"0";"2";"1"
"2022";"Dengue";"CARIRI";"18ª REGIÃO IGUATU";"PIQUET CARNEIRO";"2022-11-05";"44";"0";"2";"0";"0";"0";"0"
"2022";"Dengue";"SERTÃO CENTRAL";"08ª REGIÃO QUIXADÁ";"MILHA";"2022-04-02";"13";"0";"0";"0";"0";"0";"0"
"2022";"Dengue";"FORTALEZA";"03ª REGIÃO MARACANAÚ";"MARACANAU";"2022-04-16";"15";"0";"57";"0";"0";"0";"5"
"2022";"Dengue";"CARIRI";"17ª REGIÃO ICÓ";"IPAUMIRIM";"2022-07-02";"26";"0";"0";"0";"0";"0";"0"
"2022";"Dengue";"CARIRI";"20ª REGIÃO CRATO";"POTENGI";"2022-12-10";"49";"0";"0";"0";"0";"0";"0"
"2022";"Dengue";"SOBRAL";"13ª REGIÃO TIANGUÁ";"CROATA";"2022-12-10";"49";"0";"0";"0";"0";"0";"0"
"2022";"Dengue";"SOBRAL";"11ª REGIÃO SOBRAL";"ALCANTARAS";"2022-12-17";"50";"0";"0";"0";"0";"0";"0"
"2022";"Dengue";"FORTALEZA";"02ª REGIÃO CAUCAIA";"GENERAL SAMPAIO";"2022-03-05";"9";"0";"0";"0";"0";"0";"0"
"2022";"Dengue";"SOBRAL";"12ª REGIÃO ACARAÚ";"CRUZ";"2022-07-30";"30";"0";"5";"0";"0";"2";"0"
"2022";"Dengue";"SOBRAL";"11ª REGIÃO SOBRAL";"COREAU";"2022-06-18";"24";"0";"6";"0";"0";"3";"3"
"2022";"Dengue";"SOBRAL";"15ª REGIÃO CRATEÚS";"TAMBORIL";"2022-10-08";"40";"0";"0";"0";"0";"0";"0"
"2022";"Dengue";"SOBRAL";"11ª REGIÃO SOBRAL";"SOBRAL";"2022-12-17";"50";"0";"3";"0";"0";"0";"0"
"2022";"Dengue";"CARIRI";"19ª REGIÃO BREJO SANTO";"PENAFORTE";"2022-06-25";"25";"0";"0";"0";"0";"0";"0"
"2022";"Dengue";"SOBRAL";"11ª REGIÃO SOBRAL";"COREAU";"2022-09-24";"38";"0";"0";"0";"0";"0";"0"
"2022";"Dengue";"SOBRAL";"15ª REGIÃO CRATEÚS";"NOVA RUSSAS";"2022-05-14";"19";"0";"8";"0";"0";"0";"0"
"2022";"Dengue";"FORTALEZA";"22ª REGIÃO CASCAVEL";"HORIZONTE";"2022-10-29";"43";"0";"1";"0";"0";"0";"0"
"2022";"Dengue";"FORTALEZA";"22ª REGIÃO CASCAVEL";"BEBERIBE";"2022-06-04";"22";"0";"81";"0";"0";"13";"19"
"2022";"Dengue";"LITORAL LESTE/JAGUARIBE";"07ª REGIÃO ARACATI";"ITAICABA";"2022-04-23";"16";"0";"8";"0";"0";"1";"0"
"2022";"Dengue";"FORTALEZA";"22ª REGIÃO CASCAVEL";"CASCAVEL";"2022-04-02";"13";"0";"23";"0";"0";"7";"0"
"2022";"Dengue";"SOBRAL";"11ª REGIÃO SOBRAL";"MORAUJO";"2022-03-05";"9";"0";"0";"0";"0";"0";"0"
"2022";"Dengue";"SOBRAL";"11ª REGIÃO SOBRAL";"HIDROLANDIA";"2022-07-09";"27";"0";"0";"0";"0";"0";"0"
"2022";"Dengue";"SOBRAL";"16ª REGIÃO CAMOCIM";"CHAVAL";"2022-11-19";"46";"0";"0";"0";"0";"0";"0"
"2022";"Dengue";"SOBRAL";"12ª REGIÃO ACARAÚ";"ACARAU";"2022-05-21";"20";"0";"13";"0";"0";"3";"0"
"2022";"Dengue";"SOBRAL";"11ª REGIÃO SOBRAL";"COREAU";"2022-05-21";"20";"0";"18";"0";"0";"0";"4"
"2022";"Dengue";"FORTALEZA";"02ª REGIÃO CAUCAIA";"PARACURU";"2022-08-27";"34";"0";"0";"0";"0";"0";"0"
"2022";"Dengue";"FORTALEZA";"22ª REGIÃO CASCAVEL";"CHOROZINHO";"2022-07-09";"27";"0";"0";"0";"0";"0";"0"
"2022";"Dengue";"SOBRAL";"11ª REGIÃO SOBRAL";"PACUJA";"2022-07-09";"27";"0";"0";"0";"0";"0";"0"
"2022";"Dengue";"SOBRAL";"12ª REGIÃO ACARAÚ";"ACARAU";"2022-09-24";"38";"0";"2";"0";"0";"0";"0"
"2022";"Dengue";"FORTALEZA";"03ª REGIÃO MARACANAÚ";"MARANGUAPE";"2022-01-22";"3";"0";"6";"0";"0";"2";"1"
"2022";"Dengue";"LITORAL LESTE/JAGUARIBE";"10ª REGIÃO LIMOEIRO DO NORTE";"LIMOEIRO DO NORTE";"2022-02-26";"8";"0";"1";"0";"0";"0";"0"
"2022";"Dengue";"CARIRI";"20ª REGIÃO CRATO";"CRATO";"2022-11-05";"44";"0";"0";"0";"0";"0";"0"
"2022";"Dengue";"CARIRI";"18ª REGIÃO IGUATU";"MOMBACA";"2022-09-17";"37";"0";"2";"0";"0";"0";"0"
"2022";"Dengue";"CARIRI";"21ª REGIÃO JUAZEIRO DO NORTE";"JUAZEIRO DO NORTE";"2022-03-12";"10";"0";"349";"0";"0";"9";"23"
"2022";"Dengue";"FORTALEZA";"22ª REGIÃO CASCAVEL";"PINDORETAMA";"2022-05-07";"18";"0";"16";"0";"0";"9";"0"
"2022";"Dengue";"SOBRAL";"12ª REGIÃO ACARAÚ";"MARCO";"2022-02-19";"7";"0";"0";"0";"0";"0";"0"
"2022";"Dengue";"FORTALEZA";"03ª REGIÃO MARACANAÚ";"PALMACIA";"2022-05-14";"19";"0";"7";"0";"0";"0";"0"
"2022";"Dengue";"SOBRAL";"11ª REGIÃO SOBRAL";"PIRES FERREIRA";"2022-07-09";"27";"0";"0";"0";"0";"0";"0"
"2022";"Dengue";"SOBRAL";"13ª REGIÃO TIANGUÁ";"IBIAPINA";"2022-11-12";"45";"0";"1";"0";"0";"0";"0"
"2022";"Dengue";"SOBRAL";"11ª REGIÃO SOBRAL";"MORAUJO";"2022-11-19";"46";"0";"0";"0";"0";"0";"0"
"2022";"Dengue";"SOBRAL";"11ª REGIÃO SOBRAL";"MORAUJO";"2022-10-01";"39";"0";"0";"0";"0";"0";"0"
"2022";"Dengue";"LITORAL LESTE/JAGUARIBE";"10ª REGIÃO LIMOEIRO DO NORTE";"POTIRETAMA";"2022-04-09";"14";"0";"0";"0";"0";"0";"0"
"2022";"Dengue";"CARIRI";"19ª REGIÃO BREJO SANTO";"MILAGRES";"2022-08-13";"32";"0";"1";"0";"0";"0";"0"
"2022";"Dengue";"FORTALEZA";"04ª REGIÃO BATURITÉ";"CAPISTRANO";"2022-11-05";"44";"0";"0";"0";"0";"0";"0"
"2022";"Dengue";"SOBRAL";"15ª REGIÃO CRATEÚS";"PORANGA";"2022-03-05";"9";"0";"0";"0";"0";"0";"0"
"2022";"Dengue";"SOBRAL";"15ª REGIÃO CRATEÚS";"IPAPORANGA";"2022-05-07";"18";"0";"0";"0";"0";"0";"0"
"2022";"Dengue";"FORTALEZA";"04ª REGIÃO BATURITÉ";"BATURITE";"2022-02-19";"7";"0";"0";"0";"0";"0";"0"
"2022";"Dengue";"FORTALEZA";"02ª REGIÃO CAUCAIA";"CAUCAIA";"2022-05-21";"20";"0";"49";"0";"0";"2";"25"
"2022";"Dengue";"SERTÃO CENTRAL";"05ª REGIÃO DE CANINDÉ";"PARAMOTI";"2022-04-16";"15";"0";"0";"0";"0";"0";"0"
"2022";"Dengue";"CARIRI";"20ª REGIÃO CRATO";"CAMPOS SALES";"2022-06-25";"25";"0";"3";"0";"0";"1";"0"
"2022";"Dengue";"LITORAL LESTE/JAGUARIBE";"09ª REGIÃO RUSSAS";"JAGUARETAMA";"2022-05-28";"21";"0";"3";"0";"0";"2";"0"
"2022";"Dengue";"SOBRAL";"13ª REGIÃO TIANGUÁ";"TIANGUA";"2022-08-13";"32";"0";"10";"0";"0";"5";"0"
"2022";"Dengue";"LITORAL LESTE/JAGUARIBE";"09ª REGIÃO RUSSAS";"MORADA NOVA";"2022-03-26";"12";"0";"1";"0";"0";"0";"0"
"2022";"Dengue";"FORTALEZA";"04ª REGIÃO BATURITÉ";"CAPISTRANO";"2022-07-23";"29";"0";"0";"0";"0";"0";"0"
"2022";"Dengue";"SOBRAL";"16ª REGIÃO CAMOCIM";"CAMOCIM";"2022-06-18";"24";"0";"58";"0";"0";"9";"0"
"2022";"Dengue";"CARIRI";"19ª REGIÃO BREJO SANTO";"MAURITI";"2022-04-02";"13";"0";"71";"0";"0";"16";"43"
"2022";"Dengue";"LITORAL LESTE/JAGUARIBE";"10ª REGIÃO LIMOEIRO DO NORTE";"TABULEIRO DO NORTE";"2022-05-21";"20";"0";"6";"0";"0";"3";"0"
"2022";"Dengue";"LITORAL LESTE/JAGUARIBE";"10ª REGIÃO LIMOEIRO DO NORTE";"JAGUARIBE";"2022-07-09";"27";"0";"132";"0";"0";"5";"12"
"2022";"Dengue";"SOBRAL";"11ª REGIÃO SOBRAL";"SENADOR SA";"2022-06-18";"24";"0";"0";"0";"0";"0";"1"
"2022";"Dengue";"CARIRI";"19ª REGIÃO BREJO SANTO";"JATI";"2022-09-17";"37";"0";"0";"0";"0";"0";"0"
"2022";"Dengue";"FORTALEZA";"04ª REGIÃO BATURITÉ";"MULUNGU";"2022-04-30";"17";"0";"40";"0";"0";"14";"8"
"2022";"Dengue";"FORTALEZA";"03ª REGIÃO MARACANAÚ";"PACATUBA";"2022-04-16";"15";"0";"13";"0";"0";"2";"3"
"2022";"Dengue";"CARIRI";"17ª REGIÃO ICÓ";"BAIXIO";"2022-11-19";"46";"0";"2";"0";"0";"1";"0"
"2022";"Dengue";"FORTALEZA";"04ª REGIÃO BATURITÉ";"MULUNGU";"2022-01-15";"2";"0";"4";"0";"0";"1";"2"
"2022";"Dengue";"SOBRAL";"12ª REGIÃO ACARAÚ";"MARCO";"2022-10-22";"42";"0";"1";"0";"0";"0";"0"
"2022";"Dengue";"SOBRAL";"16ª REGIÃO CAMOCIM";"CAMOCIM";"2022-03-26";"12";"0";"1";"0";"0";"0";"0"
"2022";"Dengue";"FORTALEZA";"03ª REGIÃO MARACANAÚ";"ACARAPE";"2022-12-03";"48";"0";"1";"0";"0";"0";"0"
"2022";"Dengue";"FORTALEZA";"02ª REGIÃO CAUCAIA";"GENERAL SAMPAIO";"2022-08-13";"32";"0";"0";"0";"0";"0";"0"
"2022";"Dengue";"CARIRI";"20ª REGIÃO CRATO";"VARZEA ALEGRE";"2022-03-12";"10";"0";"7";"0";"0";"0";"0"
"2022";"Dengue";"CARIRI";"19ª REGIÃO BREJO SANTO";"MILAGRES";"2022-03-05";"9";"0";"6";"0";"0";"1";"0"
"2022";"Dengue";"CARIRI";"20ª REGIÃO CRATO";"FARIAS BRITO";"2022-10-22";"42";"0";"1";"0";"0";"1";"0"
"2022";"Dengue";"SERTÃO CENTRAL";"08ª REGIÃO QUIXADÁ";"PEDRA BRANCA";"2022-04-16";"15";"0";"6";"0";"0";"0";"6"
"2022";"Dengue";"CARIRI";"18ª REGIÃO IGUATU";"SABOEIRO";"2022-01-29";"4";"0";"0";"0";"0";"0";"0"
"2022";"Dengue";"CARIRI";"18ª REGIÃO IGUATU";"JUCAS";"2022-05-14";"19";"0";"0";"0";"0";"0";"0"
"2022";"Dengue";"SOBRAL";"11ª REGIÃO SOBRAL";"CARIRE";"2022-07-30";"30";"0";"2";"0";"0";"0";"2"
"2022";"Dengue";"FORTALEZA";"04ª REGIÃO BATURITÉ";"MULUNGU";"2022-06-25";"25";"0";"5";"0";"0";"0";"4"
"2022";"Dengue";"SOBRAL";"16ª REGIÃO CAMOCIM";"BARROQUINHA";"2022-09-03";"35";"0";"0";"0";"0";"0";"0"
"2022";"Dengue";"SOBRAL";"11ª REGIÃO SOBRAL";"RERIUTABA";"2022-12-17";"50";"0";"1";"0";"0";"0";"0"
"2022";"Dengue";"FORTALEZA";"01ª REGIÃO FORTALEZA";"FORTALEZA";"2022-10-22";"42";"0";"171";"0";"0";"12";"49"
"2022";"Dengue";"FORTALEZA";"22ª REGIÃO CASCAVEL";"CHOROZINHO";"2022-06-04";"22";"0";"2";"0";"0";"1";"0"
"2022";"Dengue";"LITORAL LESTE/JAGUARIBE";"09ª REGIÃO RUSSAS";"JAGUARETAMA";"2022-07-02";"26";"0";"4";"0";"0";"1";"0"
"2022";"Dengue";"LITORAL LESTE/JAGUARIBE";"10ª REGIÃO LIMOEIRO DO NORTE";"ALTO SANTO";"2022-09-17";"37";"0";"0";"0";"0";"0";"0"
"2022";"Dengue";"SERTÃO CENTRAL";"08ª REGIÃO QUIXADÁ";"SENADOR POMPEU";"2022-10-01";"39";"0";"0";"0";"0";"0";"0"
"2022";"Dengue";"FORTALEZA";"02ª REGIÃO CAUCAIA";"PENTECOSTE";"2022-09-17";"37";"0";"0";"0";"0";"0";"0"
"2022";"Dengue";"CARIRI";"18ª REGIÃO IGUATU";"SABOEIRO";"2022-04-30";"17";"0";"0";"0";"0";"0";"0"
"2022";"Dengue";"FORTALEZA";"04ª REGIÃO BATURITÉ";"CAPISTRANO";"2022-05-14";"19";"0";"4";"0";"0";"2";"0"
"2022";"Dengue";"LITORAL LESTE/JAGUARIBE";"09ª REGIÃO RUSSAS";"MORADA NOVA";"2022-07-02";"26";"0";"150";"0";"0";"11";"32"
"2022";"Dengue";"LITORAL LESTE/JAGUARIBE";"07ª REGIÃO ARACATI";"ARACATI";"2022-03-12";"10";"0";"3";"0";"0";"0";"2"
"2022";"Dengue";"SOBRAL";"15ª REGIÃO CRATEÚS";"TAMBORIL";"2022-08-13";"32";"0";"2";"0";"0";"0";"0"
"2022";"Dengue";"SOBRAL";"13ª REGIÃO TIANGUÁ";"VICOSA DO CEARA";"2022-03-05";"9";"0";"6";"0";"0";"2";"0"
"2022";"Dengue";"CARIRI";"18ª REGIÃO IGUATU";"CATARINA";"2022-09-17";"37";"0";"0";"0";"0";"0";"0"
"2022";"Dengue";"SERTÃO CENTRAL";"08ª REGIÃO QUIXADÁ";"QUIXERAMOBIM";"2022-09-24";"38";"0";"4";"0";"0";"0";"1"
"2022";"Dengue";"SERTÃO CENTRAL";"08ª REGIÃO QUIXADÁ";"CHORO";"2022-01-08";"1";"0";"0";"0";"0";"0";"0"
"2022";"Dengue";"FORTALEZA";"22ª REGIÃO CASCAVEL";"HORIZONTE";"2022-06-11";"23";"0";"2";"0";"0";"0";"1"
"2022";"Dengue";"SOBRAL";"15ª REGIÃO CRATEÚS";"MONSENHOR TABOSA";"2022-07-16";"28";"0";"9";"0";"0";"1";"4"
"2022";"Dengue";"SOBRAL";"12ª REGIÃO ACARAÚ";"JIJOCA DE JERICOACOARA";"2022-11-19";"46";"0";"1";"0";"0";"0";"0"
"2022";"Dengue";"LITORAL LESTE/JAGUARIBE";"10ª REGIÃO LIMOEIRO DO NORTE";"ERERE";"2022-10-15";"41";"0";"0";"0";"0";"0";"0"
"2022";"Dengue";"CARIRI";"18ª REGIÃO IGUATU";"CARIUS";"2022-10-01";"39";"0";"0";"0";"0";"0";"0"
"2022";"Dengue";"LITORAL LESTE/JAGUARIBE";"10ª REGIÃO LIMOEIRO DO NORTE";"SAO JOAO DO JAGUARIBE";"2022-07-30";"30";"0";"0";"0";"0";"0";"0"
"2022";"Dengue";"FORTALEZA";"22ª REGIÃO CASCAVEL";"OCARA";"2022-08-27";"34";"0";"6";"0";"0";"0";"0"
"2022";"Dengue";"CARIRI";"19ª REGIÃO BREJO SANTO";"BREJO SANTO";"2022-03-05";"9";"0";"40";"0";"0";"2";"13"
"2022";"Dengue";"SOBRAL";"16ª REGIÃO CAMOCIM";"BARROQUINHA";"2022-05-07";"18";"0";"0";"0";"0";"0";"0"
"2022";"Dengue";"SOBRAL";"13ª REGIÃO TIANGUÁ";"CROATA";"2022-09-17";"37";"0";"1";"0";"0";"0";"0"
"2022";"Dengue";"CARIRI";"19ª REGIÃO BREJO SANTO";"MILAGRES";"2022-01-22";"3";"0";"2";"0";"0";"0";"0"
"2022";"Dengue";"CARIRI";"19ª REGIÃO BREJO SANTO";"MAURITI";"2022-01-15";"2";"0";"1";"0";"0";"0";"1"
"2022";"Dengue";"CARIRI";"17ª REGIÃO ICÓ";"ICO";"2022-04-30";"17";"0";"9";"0";"0";"0";"1"
"2022";"Dengue";"SOBRAL";"12ª REGIÃO ACARAÚ";"MORRINHOS";"2022-04-23";"16";"0";"1";"0";"0";"0";"1"
"2022";"Dengue";"SOBRAL";"11ª REGIÃO SOBRAL";"MORAUJO";"2022-04-30";"17";"0";"2";"0";"0";"0";"0"
"2022";"Dengue";"SOBRAL";"16ª REGIÃO CAMOCIM";"MARTINOPOLE";"2022-06-25";"25";"0";"5";"0";"0";"0";"0"
"2022";"Dengue";"SERTÃO CENTRAL";"08ª REGIÃO QUIXADÁ";"CHORO";"2022-04-16";"15";"0";"10";"0";"0";"0";"1"
"2022";"Dengue";"CARIRI";"21ª REGIÃO JUAZEIRO DO NORTE";"BARBALHA";"2022-06-18";"24";"0";"2";"0";"0";"0";"0"
"2022";"Dengue";"SOBRAL";"11ª REGIÃO SOBRAL";"VARJOTA";"2022-03-12";"10";"0";"0";"0";"0";"0";"0"
"2022";"Dengue";"LITORAL LESTE/JAGUARIBE";"10ª REGIÃO LIMOEIRO DO NORTE";"JAGUARIBARA";"2022-12-17";"50";"0";"0";"0";"0";"0";"0"
"2022";"Dengue";"SOBRAL";"11ª REGIÃO SOBRAL";"SENADOR SA";"2022-12-31";"52";"0";"0";"0";"0";"0";"0"
"2022";"Dengue";"SOBRAL";"12ª REGIÃO ACARAÚ";"CRUZ";"2022-12-31";"52";"0";"0";"0";"0";"0";"0"
"2022";"Dengue";"LITORAL LESTE/JAGUARIBE";"10ª REGIÃO LIMOEIRO DO NORTE";"SAO JOAO DO JAGUARIBE";"2022-09-24";"38";"0";"0";"0";"0";"0";"0"
"2022";"Dengue";"FORTALEZA";"03ª REGIÃO MARACANAÚ";"PALMACIA";"2022-07-16";"28";"0";"27";"0";"0";"2";"0"
"2022";"Dengue";"FORTALEZA";"04ª REGIÃO BATURITÉ";"GUARAMIRANGA";"2022-05-21";"20";"0";"3";"0";"0";"0";"0"
"2022";"Dengue";"FORTALEZA";"04ª REGIÃO BATURITÉ";"BATURITE";"2022-02-12";"6";"0";"0";"0";"0";"0";"0"
"2022";"Dengue";"FORTALEZA";"02ª REGIÃO CAUCAIA";"TEJUCUOCA";"2022-05-14";"19";"0";"1";"0";"0";"0";"0"
"2022";"Dengue";"SOBRAL";"11ª REGIÃO SOBRAL";"MORAUJO";"2022-09-10";"36";"0";"0";"0";"0";"0";"0"
"2022";"Dengue";"LITORAL LESTE/JAGUARIBE";"09ª REGIÃO RUSSAS";"RUSSAS";"2022-04-09";"14";"0";"12";"0";"0";"1";"0"
"2022";"Dengue";"SOBRAL";"13ª REGIÃO TIANGUÁ";"CARNAUBAL";"2022-05-07";"18";"0";"0";"0";"0";"0";"0"
"2022";"Dengue";"FORTALEZA";"04ª REGIÃO BATURITÉ";"PACOTI";"2022-02-12";"6";"0";"20";"0";"0";"2";"0"
"2022";"Dengue";"SOBRAL";"15ª REGIÃO CRATEÚS";"NOVA RUSSAS";"2022-07-30";"30";"0";"3";"0";"0";"1";"1"
"2022";"Dengue";"SERTÃO CENTRAL";"05ª REGIÃO DE CANINDÉ";"BOA VIAGEM";"2022-02-26";"8";"0";"3";"0";"0";"0";"2"
"2022";"Dengue";"SOBRAL";"12ª REGIÃO ACARAÚ";"CRUZ";"2022-09-10";"36";"0";"2";"0";"0";"0";"0"
"2022";"Dengue";"SERTÃO CENTRAL";"05ª REGIÃO DE CANINDÉ";"CARIDADE";"2022-11-05";"44";"0";"0";"0";"0";"0";"0"
"2022";"Dengue";"SERTÃO CENTRAL";"14ª REGIÃO TAUÁ";"TAUA";"2022-08-13";"32";"0";"64";"0";"0";"20";"1"
"2022";"Dengue";"LITORAL LESTE/JAGUARIBE";"10ª REGIÃO LIMOEIRO DO NORTE";"JAGUARIBARA";"2022-02-12";"6";"0";"0";"0";"0";"0";"0"
"2022";"Dengue";"FORTALEZA";"04ª REGIÃO BATURITÉ";"ARACOIABA";"2022-07-09";"27";"0";"5";"0";"0";"0";"0"
"2022";"Dengue";"SOBRAL";"13ª REGIÃO TIANGUÁ";"SAO BENEDITO";"2022-11-05";"44";"0";"2";"0";"0";"0";"0"
"2022";"Dengue";"CARIRI";"19ª REGIÃO BREJO SANTO";"AURORA";"2022-12-03";"48";"0";"0";"0";"0";"0";"0"
"2022";"Dengue";"SOBRAL";"13ª REGIÃO TIANGUÁ";"UBAJARA";"2022-05-14";"19";"0";"3";"0";"0";"2";"1"
"2022";"Dengue";"SERTÃO CENTRAL";"08ª REGIÃO QUIXADÁ";"IBICUITINGA";"2022-11-26";"47";"0";"0";"0";"0";"0";"0"
"2022";"Dengue";"FORTALEZA";"03ª REGIÃO MARACANAÚ";"BARREIRA";"2022-04-02";"13";"0";"0";"0";"0";"0";"0"
"2022";"Dengue";"SOBRAL";"15ª REGIÃO CRATEÚS";"INDEPENDENCIA";"2022-06-04";"22";"0";"11";"0";"0";"0";"0"
"2022";"Dengue";"FORTALEZA";"04ª REGIÃO BATURITÉ";"ARACOIABA";"2022-08-27";"34";"0";"1";"0";"0";"0";"0"
"2022";"Dengue";"LITORAL LESTE/JAGUARIBE";"10ª REGIÃO LIMOEIRO DO NORTE";"QUIXERE";"2022-08-27";"34";"0";"19";"0";"0";"1";"4"
"2022";"Dengue";"FORTALEZA";"01ª REGIÃO FORTALEZA";"ITAITINGA";"2022-03-19";"11";"0";"0";"0";"0";"0";"0"
"2022";"Dengue";"LITORAL LESTE/JAGUARIBE";"07ª REGIÃO ARACATI";"ICAPUI";"2022-04-23";"16";"0";"87";"0";"0";"3";"13"
"2022";"Dengue";"LITORAL LESTE/JAGUARIBE";"10ª REGIÃO LIMOEIRO DO NORTE";"QUIXERE";"2022-03-12";"10";"0";"0";"0";"0";"0";"0"
"2022";"Dengue";"SOBRAL";"16ª REGIÃO CAMOCIM";"GRANJA";"2022-02-19";"7";"0";"1";"0";"0";"0";"0"
"2022";"Dengue";"SERTÃO CENTRAL";"08ª REGIÃO QUIXADÁ";"CHORO";"2022-10-15";"41";"0";"0";"0";"0";"0";"0"
"2022";"Dengue";"SOBRAL";"11ª REGIÃO SOBRAL";"CARIRE";"2022-08-13";"32";"0";"0";"0";"0";"0";"0"
"2022";"Dengue";"SOBRAL";"11ª REGIÃO SOBRAL";"SANTA QUITERIA";"2022-10-08";"40";"0";"0";"0";"0";"0";"0"
"2022";"Dengue";"FORTALEZA";"22ª REGIÃO CASCAVEL";"OCARA";"2022-04-09";"14";"0";"4";"0";"0";"1";"0"
"2022";"Dengue";"FORTALEZA";"04ª REGIÃO BATURITÉ";"PACOTI";"2022-07-02";"26";"0";"0";"0";"0";"0";"0"
"2022";"Dengue";"CARIRI";"18ª REGIÃO IGUATU";"ACOPIARA";"2022-04-23";"16";"0";"4";"0";"0";"0";"0"
"2022";"Dengue";"SOBRAL";"16ª REGIÃO CAMOCIM";"BARROQUINHA";"2022-04-16";"15";"0";"0";"0";"0";"0";"0"
"2022";"Dengue";"FORTALEZA";"02ª REGIÃO CAUCAIA";"APUIARES";"2022-07-16";"28";"0";"1";"0";"0";"0";"0"
"2022";"Dengue";"SOBRAL";"11ª REGIÃO SOBRAL";"SANTA QUITERIA";"2022-01-22";"3";"0";"0";"0";"0";"0";"0"
"2022";"Dengue";"SERTÃO CENTRAL";"05ª REGIÃO DE CANINDÉ";"CANINDE";"2022-05-21";"20";"0";"22";"0";"0";"3";"1"
"2022";"Dengue";"CARIRI";"19ª REGIÃO BREJO SANTO";"ABAIARA";"2022-04-16";"15";"0";"1";"0";"0";"0";"0"
"2022";"Dengue";"LITORAL LESTE/JAGUARIBE";"10ª REGIÃO LIMOEIRO DO NORTE";"TABULEIRO DO NORTE";"2022-09-17";"37";"0";"25";"0";"0";"10";"10"
"2022";"Dengue";"SOBRAL";"11ª REGIÃO SOBRAL";"PACUJA";"2022-12-31";"52";"0";"0";"0";"0";"0";"0"
"2022";"Dengue";"CARIRI";"21ª REGIÃO JUAZEIRO DO NORTE";"BARBALHA";"2022-09-17";"37";"0";"1";"0";"0";"0";"0"
"2022";"Dengue";"FORTALEZA";"04ª REGIÃO BATURITÉ";"PACOTI";"2022-09-03";"35";"0";"0";"0";"0";"0";"0"
"2022";"Dengue";"FORTALEZA";"04ª REGIÃO BATURITÉ";"ARACOIABA";"2022-06-18";"24";"0";"3";"0";"0";"0";"0"
"2022";"Dengue";"SOBRAL";"11ª REGIÃO SOBRAL";"VARJOTA";"2022-11-26";"47";"0";"0";"0";"0";"0";"0"
"2022";"Dengue";"CARIRI";"20ª REGIÃO CRATO";"CRATO";"2022-08-06";"31";"0";"4";"0";"0";"0";"4"
"2022";"Dengue";"FORTALEZA";"01ª REGIÃO FORTALEZA";"AQUIRAZ";"2022-02-19";"7";"0";"0";"0";"0";"0";"0"
"2022";"Dengue";"SERTÃO CENTRAL";"08ª REGIÃO QUIXADÁ";"SOLONOPOLE";"2022-09-03";"35";"0";"0";"0";"0";"0";"0"
"2022";"Dengue";"SERTÃO CENTRAL";"08ª REGIÃO QUIXADÁ";"QUIXADA";"2022-05-28";"21";"0";"47";"0";"0";"22";"17"
"2022";"Dengue";"SOBRAL";"11ª REGIÃO SOBRAL";"HIDROLANDIA";"2022-06-04";"22";"0";"0";"0";"0";"0";"0"
"2022";"Dengue";"SOBRAL";"11ª REGIÃO SOBRAL";"IPU";"2022-11-19";"46";"0";"0";"0";"0";"0";"0"
"2022";"Dengue";"SERTÃO CENTRAL";"08ª REGIÃO QUIXADÁ";"PEDRA BRANCA";"2022-07-30";"30";"0";"1";"0";"0";"0";"1"
"2022";"Dengue";"LITORAL LESTE/JAGUARIBE";"10ª REGIÃO LIMOEIRO DO NORTE";"SAO JOAO DO JAGUARIBE";"2022-09-03";"35";"0";"0";"0";"0";"0";"0"
"2022";"Dengue";"FORTALEZA";"02ª REGIÃO CAUCAIA";"SAO GONCALO DO AMARANTE";"2022-10-29";"43";"0";"0";"0";"0";"0";"0"
"2022";"Dengue";"SERTÃO CENTRAL";"14ª REGIÃO TAUÁ";"PARAMBU";"2022-08-20";"33";"0";"6";"0";"0";"0";"0"
"2022";"Dengue";"SOBRAL";"15ª REGIÃO CRATEÚS";"NOVO ORIENTE";"2022-07-30";"30";"0";"13";"0";"0";"0";"0"
"2022";"Dengue";"SOBRAL";"15ª REGIÃO CRATEÚS";"MONSENHOR TABOSA";"2022-11-26";"47";"0";"1";"0";"0";"0";"0"
"2022";"Dengue";"CARIRI";"17ª REGIÃO ICÓ";"BAIXIO";"2022-05-14";"19";"0";"1";"0";"0";"0";"0"
"2022";"Dengue";"SERTÃO CENTRAL";"05ª REGIÃO DE CANINDÉ";"BOA VIAGEM";"2022-01-15";"2";"0";"0";"0";"0";"0";"0"
"2022";"Dengue";"CARIRI";"18ª REGIÃO IGUATU";"JUCAS";"2022-04-23";"16";"0";"1";"0";"0";"0";"0"
"2022";"Dengue";"CARIRI";"20ª REGIÃO CRATO";"ALTANEIRA";"2022-07-09";"27";"0";"0";"0";"0";"0";"0"
"2022";"Dengue";"SOBRAL";"11ª REGIÃO SOBRAL";"MORAUJO";"2022-05-14";"19";"0";"4";"0";"0";"0";"1"
"2022";"Dengue";"SOBRAL";"13ª REGIÃO TIANGUÁ";"IBIAPINA";"2022-01-08";"1";"0";"0";"0";"0";"0";"0"
"2022";"Dengue";"CARIRI";"19ª REGIÃO BREJO SANTO";"PENAFORTE";"2022-12-10";"49";"0";"0";"0";"0";"0";"0"
"2022";"Dengue";"SOBRAL";"15ª REGIÃO CRATEÚS";"IPAPORANGA";"2022-03-05";"9";"0";"0";"0";"0";"0";"0"
"2022";"Dengue";"FORTALEZA";"02ª REGIÃO CAUCAIA";"PARACURU";"2022-11-05";"44";"0";"0";"0";"0";"0";"0"
"2022";"Dengue";"CARIRI";"18ª REGIÃO IGUATU";"MOMBACA";"2022-04-09";"14";"0";"0";"0";"0";"0";"0"
"2022";"Dengue";"SOBRAL";"13ª REGIÃO TIANGUÁ";"IBIAPINA";"2022-01-29";"4";"0";"0";"0";"0";"0";"0"
"2022";"Dengue";"FORTALEZA";"06ª REGIÃO DE ITAPIPOCA";"TURURU";"2022-10-08";"40";"0";"0";"0";"0";"0";"0"
"2022";"Dengue";"CARIRI";"17ª REGIÃO ICÓ";"CEDRO";"2022-11-05";"44";"0";"0";"0";"0";"0";"0"
"2022";"Dengue";"LITORAL LESTE/JAGUARIBE";"10ª REGIÃO LIMOEIRO DO NORTE";"POTIRETAMA";"2022-03-12";"10";"0";"0";"0";"0";"0";"0"
"2022";"Dengue";"CARIRI";"17ª REGIÃO ICÓ";"CEDRO";"2022-11-26";"47";"0";"1";"0";"0";"1";"0"
"2022";"Dengue";"FORTALEZA";"06ª REGIÃO DE ITAPIPOCA";"TURURU";"2022-01-22";"3";"0";"1";"0";"0";"0";"0"
"2022";"Dengue";"FORTALEZA";"02ª REGIÃO CAUCAIA";"CAUCAIA";"2022-11-26";"47";"0";"8";"0";"0";"0";"6"
"2022";"Dengue";"FORTALEZA";"03ª REGIÃO MARACANAÚ";"MARACANAU";"2022-04-09";"14";"0";"66";"0";"0";"2";"4"
"2022";"Dengue";"SOBRAL";"15ª REGIÃO CRATEÚS";"INDEPENDENCIA";"2022-08-27";"34";"0";"1";"0";"0";"0";"0"
"2022";"Dengue";"SOBRAL";"16ª REGIÃO CAMOCIM";"BARROQUINHA";"2022-02-12";"6";"0";"0";"0";"0";"0";"0"
"2022";"Dengue";"SERTÃO CENTRAL";"08ª REGIÃO QUIXADÁ";"QUIXADA";"2022-07-30";"30";"0";"29";"0";"0";"2";"15"
"2022";"Dengue";"CARIRI";"21ª REGIÃO JUAZEIRO DO NORTE";"GRANJEIRO";"2022-10-08";"40";"0";"0";"0";"0";"0";"0"
"2022";"Dengue";"FORTALEZA";"02ª REGIÃO CAUCAIA";"APUIARES";"2022-05-21";"20";"1";"3";"1";"0";"1";"0"
"2022";"Dengue";"SOBRAL";"15ª REGIÃO CRATEÚS";"IPAPORANGA";"2022-03-19";"11";"0";"1";"0";"0";"0";"0"
"2022";"Dengue";"LITORAL LESTE/JAGUARIBE";"07ª REGIÃO ARACATI";"ICAPUI";"2022-11-12";"45";"0";"0";"0";"0";"0";"0"
"2022";"Dengue";"CARIRI";"20ª REGIÃO CRATO";"POTENGI";"2022-04-30";"17";"0";"0";"0";"0";"0";"0"
"2022";"Dengue";"SOBRAL";"16ª REGIÃO CAMOCIM";"GRANJA";"2022-11-12";"45";"0";"0";"0";"0";"0";"0"
"2022";"Dengue";"SOBRAL";"13ª REGIÃO TIANGUÁ";"IBIAPINA";"2022-06-18";"24";"0";"1";"0";"0";"0";"0"
"2022";"Dengue";"FORTALEZA";"01ª REGIÃO FORTALEZA";"AQUIRAZ";"2022-08-06";"31";"0";"0";"0";"0";"0";"0"
"2022";"Dengue";"SOBRAL";"15ª REGIÃO CRATEÚS";"NOVA RUSSAS";"2022-03-12";"10";"0";"0";"0";"0";"0";"0"
"2022";"Dengue";"FORTALEZA";"03ª REGIÃO MARACANAÚ";"MARACANAU";"2022-09-17";"37";"0";"7";"0";"0";"0";"6"
"2022";"Dengue";"SERTÃO CENTRAL";"05ª REGIÃO DE CANINDÉ";"CANINDE";"2022-04-23";"16";"0";"18";"0";"0";"0";"0"
"2022";"Dengue";"SERTÃO CENTRAL";"14ª REGIÃO TAUÁ";"AIUABA";"2022-07-02";"26";"0";"14";"0";"0";"2";"6"
"2022";"Dengue";"FORTALEZA";"01ª REGIÃO FORTALEZA";"ITAITINGA";"2022-02-26";"8";"0";"2";"0";"0";"0";"1"
"2022";"Dengue";"SOBRAL";"12ª REGIÃO ACARAÚ";"JIJOCA DE JERICOACOARA";"2022-08-20";"33";"0";"10";"0";"0";"1";"0"
"2022";"Dengue";"FORTALEZA";"02ª REGIÃO CAUCAIA";"PENTECOSTE";"2022-11-26";"47";"0";"0";"0";"0";"0";"0"
"2022";"Dengue";"FORTALEZA";"04ª REGIÃO BATURITÉ";"BATURITE";"2022-10-01";"39";"0";"1";"0";"0";"0";"1"
"2022";"Dengue";"CARIRI";"20ª REGIÃO CRATO";"FARIAS BRITO";"2022-07-23";"29";"0";"0";"0";"0";"0";"0"
"2022";"Dengue";"FORTALEZA";"03ª REGIÃO MARACANAÚ";"BARREIRA";"2022-06-04";"22";"0";"1";"0";"0";"0";"0"
"2022";"Dengue";"CARIRI";"20ª REGIÃO CRATO";"FARIAS BRITO";"2022-11-19";"46";"0";"2";"0";"0";"0";"0"
"2022";"Dengue";"LITORAL LESTE/JAGUARIBE";"10ª REGIÃO LIMOEIRO DO NORTE";"PEREIRO";"2022-12-03";"48";"0";"2";"0";"0";"1";"0"
"2022";"Dengue";"FORTALEZA";"03ª REGIÃO MARACANAÚ";"PACATUBA";"2022-05-28";"21";"0";"34";"0";"0";"12";"1"
"2022";"Dengue";"SOBRAL";"15ª REGIÃO CRATEÚS";"MONSENHOR TABOSA";"2022-08-13";"32";"0";"4";"0";"0";"1";"3"
"2022";"Dengue";"SERTÃO CENTRAL";"08ª REGIÃO QUIXADÁ";"BANABUIU";"2022-10-22";"42";"0";"0";"0";"0";"0";"0"
"2022";"Dengue";"SOBRAL";"15ª REGIÃO CRATEÚS";"IPAPORANGA";"2022-07-23";"29";"0";"2";"0";"0";"0";"0"
"2022";"Dengue";"SOBRAL";"16ª REGIÃO CAMOCIM";"GRANJA";"2022-10-15";"41";"0";"0";"0";"0";"0";"0"
"2022";"Dengue";"SERTÃO CENTRAL";"08ª REGIÃO QUIXADÁ";"SENADOR POMPEU";"2022-08-13";"32";"0";"3";"0";"0";"0";"0"
"2022";"Dengue";"SOBRAL";"13ª REGIÃO TIANGUÁ";"VICOSA DO CEARA";"2022-01-22";"3";"0";"5";"0";"0";"3";"0"
"2022";"Dengue";"SOBRAL";"11ª REGIÃO SOBRAL";"PACUJA";"2022-08-06";"31";"0";"0";"0";"0";"0";"0"
"2022";"Dengue";"FORTALEZA";"01ª REGIÃO FORTALEZA";"EUSEBIO";"2022-11-26";"47";"0";"2";"0";"0";"1";"0"
"2022";"Dengue";"LITORAL LESTE/JAGUARIBE";"10ª REGIÃO LIMOEIRO DO NORTE";"IRACEMA";"2022-09-10";"36";"0";"5";"0";"0";"0";"0"
"2022";"Dengue";"FORTALEZA";"01ª REGIÃO FORTALEZA";"AQUIRAZ";"2022-07-30";"30";"0";"0";"0";"0";"0";"0"
"2022";"Dengue";"SOBRAL";"11ª REGIÃO SOBRAL";"URUOCA";"2022-08-20";"33";"0";"0";"0";"0";"0";"0"
"2022";"Dengue";"SOBRAL";"13ª REGIÃO TIANGUÁ";"UBAJARA";"2022-04-02";"13";"0";"0";"0";"0";"0";"0"
"2022";"Dengue";"SERTÃO CENTRAL";"08ª REGIÃO QUIXADÁ";"PEDRA BRANCA";"2022-03-05";"9";"0";"45";"0";"0";"0";"39"
"2022";"Dengue";"SOBRAL";"15ª REGIÃO CRATEÚS";"CRATEUS";"2022-08-13";"32";"0";"4";"0";"0";"1";"0"
"2022";"Dengue";"CARIRI";"17ª REGIÃO ICÓ";"OROS";"2022-08-20";"33";"0";"4";"0";"0";"0";"0"
"2022";"Dengue";"SOBRAL";"11ª REGIÃO SOBRAL";"IPU";"2022-04-23";"16";"0";"10";"0";"0";"7";"2"
"2022";"Dengue";"FORTALEZA";"22ª REGIÃO CASCAVEL";"PINDORETAMA";"2022-10-01";"39";"0";"0";"0";"0";"0";"0"
"2022";"Dengue";"FORTALEZA";"02ª REGIÃO CAUCAIA";"PARAIPABA";"2022-07-30";"30";"0";"1";"0";"0";"0";"0"
"2022";"Dengue";"CARIRI";"18ª REGIÃO IGUATU";"DEPUTADO IRAPUAN PINHEIRO";"2022-09-03";"35";"0";"0";"0";"0";"0";"0"
"2022";"Dengue";"FORTALEZA";"04ª REGIÃO BATURITÉ";"PACOTI";"2022-07-16";"28";"0";"0";"0";"0";"0";"0"
"2022";"Dengue";"SOBRAL";"12ª REGIÃO ACARAÚ";"JIJOCA DE JERICOACOARA";"2022-07-02";"26";"0";"23";"0";"0";"0";"1"
"2022";"Dengue";"SOBRAL";"11ª REGIÃO SOBRAL";"SOBRAL";"2022-05-14";"19";"0";"142";"0";"0";"46";"1"
"2022";"Dengue";"FORTALEZA";"02ª REGIÃO CAUCAIA";"SAO LUIS DO CURU";"2022-02-12";"6";"0";"0";"0";"0";"0";"0"
"2022";"Dengue";"FORTALEZA";"02ª REGIÃO CAUCAIA";"APUIARES";"2022-07-02";"26";"0";"3";"0";"0";"0";"0"
"2022";"Dengue";"SOBRAL";"12ª REGIÃO ACARAÚ";"MARCO";"2022-12-10";"49";"0";"1";"0";"0";"0";"0"
"2022";"Dengue";"CARIRI";"18ª REGIÃO IGUATU";"IGUATU";"2022-12-17";"50";"0";"0";"0";"0";"0";"0"
"2022";"Dengue";"FORTALEZA";"04ª REGIÃO BATURITÉ";"MULUNGU";"2022-04-16";"15";"0";"39";"0";"0";"8";"14"
"2022";"Dengue";"SOBRAL";"11ª REGIÃO SOBRAL";"CATUNDA";"2022-09-24";"38";"0";"1";"0";"0";"0";"0"
"2022";"Dengue";"SOBRAL";"11ª REGIÃO SOBRAL";"CARIRE";"2022-07-23";"29";"0";"1";"0";"0";"0";"1"
"2022";"Dengue";"FORTALEZA";"06ª REGIÃO DE ITAPIPOCA";"TURURU";"2022-08-20";"33";"0";"0";"0";"0";"0";"0"
"2022";"Dengue";"CARIRI";"18ª REGIÃO IGUATU";"QUIXELO";"2022-07-30";"30";"0";"4";"0";"0";"4";"0"
"2022";"Dengue";"LITORAL LESTE/JAGUARIBE";"10ª REGIÃO LIMOEIRO DO NORTE";"POTIRETAMA";"2022-08-27";"34";"0";"0";"0";"0";"0";"0"
"2022";"Dengue";"FORTALEZA";"04ª REGIÃO BATURITÉ";"BATURITE";"2022-08-27";"34";"0";"1";"0";"0";"0";"0"
"2022";"Dengue";"FORTALEZA";"02ª REGIÃO CAUCAIA";"PARAIPABA";"2022-06-11";"23";"0";"3";"0";"0";"0";"0"
"2022";"Dengue";"SERTÃO CENTRAL";"08ª REGIÃO QUIXADÁ";"MILHA";"2022-03-19";"11";"0";"0";"0";"0";"0";"0"
"2022";"Dengue";"LITORAL LESTE/JAGUARIBE";"10ª REGIÃO LIMOEIRO DO NORTE";"QUIXERE";"2022-04-09";"14";"0";"3";"0";"0";"0";"0"
"2022";"Dengue";"SERTÃO CENTRAL";"08ª REGIÃO QUIXADÁ";"PEDRA BRANCA";"2022-01-08";"1";"0";"29";"0";"0";"0";"10"
"2022";"Dengue";"LITORAL LESTE/JAGUARIBE";"07ª REGIÃO ARACATI";"ICAPUI";"2022-10-29";"43";"0";"0";"0";"0";"0";"0"
"2022";"Dengue";"FORTALEZA";"02ª REGIÃO CAUCAIA";"SAO GONCALO DO AMARANTE";"2022-10-01";"39";"0";"3";"0";"0";"0";"0"
"2022";"Dengue";"SOBRAL";"11ª REGIÃO SOBRAL";"GROAIRAS";"2022-10-22";"42";"0";"12";"0";"0";"10";"0"
"2022";"Dengue";"SOBRAL";"13ª REGIÃO TIANGUÁ";"SAO BENEDITO";"2022-12-17";"50";"0";"2";"0";"0";"0";"0"
"2022";"Dengue";"SOBRAL";"11ª REGIÃO SOBRAL";"CARIRE";"2022-09-10";"36";"0";"0";"0";"0";"0";"0"
"2022";"Dengue";"SERTÃO CENTRAL";"14ª REGIÃO TAUÁ";"ARNEIROZ";"2022-10-22";"42";"0";"0";"0";"0";"0";"0"
"2022";"Dengue";"FORTALEZA";"22ª REGIÃO CASCAVEL";"PACAJUS";"2022-09-17";"37";"0";"0";"0";"0";"0";"0"
"2022";"Dengue";"SOBRAL";"11ª REGIÃO SOBRAL";"MUCAMBO";"2022-05-14";"19";"0";"1";"0";"0";"0";"0"
"2022";"Dengue";"FORTALEZA";"03ª REGIÃO MARACANAÚ";"GUAIUBA";"2022-03-05";"9";"0";"1";"0";"0";"0";"0"
"2022";"Dengue";"FORTALEZA";"01ª REGIÃO FORTALEZA";"FORTALEZA";"2022-08-13";"32";"0";"700";"0";"0";"57";"296"
"2022";"Dengue";"SOBRAL";"15ª REGIÃO CRATEÚS";"NOVO ORIENTE";"2022-11-05";"44";"0";"0";"0";"0";"0";"0"
"2022";"Dengue";"CARIRI";"18ª REGIÃO IGUATU";"MOMBACA";"2022-09-03";"35";"0";"1";"0";"0";"0";"0"
"2022";"Dengue";"FORTALEZA";"02ª REGIÃO CAUCAIA";"SAO LUIS DO CURU";"2022-12-24";"51";"0";"0";"0";"0";"0";"0"
"2022";"Dengue";"CARIRI";"21ª REGIÃO JUAZEIRO DO NORTE";"MISSAO VELHA";"2022-02-12";"6";"0";"1";"0";"0";"0";"0"
"2022";"Dengue";"SOBRAL";"11ª REGIÃO SOBRAL";"FORQUILHA";"2022-11-05";"44";"0";"1";"0";"0";"0";"0"
"2022";"Dengue";"FORTALEZA";"02ª REGIÃO CAUCAIA";"ITAPAJE";"2022-07-16";"28";"0";"0";"0";"0";"0";"0"
"2022";"Dengue";"SOBRAL";"11ª REGIÃO SOBRAL";"SANTA QUITERIA";"2022-06-11";"23";"0";"0";"0";"0";"0";"0"
"2022";"Dengue";"CARIRI";"21ª REGIÃO JUAZEIRO DO NORTE";"MISSAO VELHA";"2022-03-12";"10";"0";"26";"0";"0";"2";"1"
"2022";"Dengue";"FORTALEZA";"03ª REGIÃO MARACANAÚ";"ACARAPE";"2022-10-01";"39";"0";"0";"0";"0";"0";"0"
"2022";"Dengue";"CARIRI";"17ª REGIÃO ICÓ";"LAVRAS DA MANGABEIRA";"2022-05-14";"19";"0";"37";"0";"0";"10";"6"
"2022";"Dengue";"SOBRAL";"13ª REGIÃO TIANGUÁ";"CARNAUBAL";"2022-07-30";"30";"0";"5";"0";"0";"2";"0"
"2022";"Dengue";"SOBRAL";"15ª REGIÃO CRATEÚS";"PORANGA";"2022-06-04";"22";"0";"3";"0";"0";"0";"2"
"2022";"Dengue";"SOBRAL";"11ª REGIÃO SOBRAL";"CARIRE";"2022-08-27";"34";"0";"1";"0";"0";"0";"1"
"2022";"Dengue";"SERTÃO CENTRAL";"08ª REGIÃO QUIXADÁ";"PEDRA BRANCA";"2022-08-27";"34";"0";"1";"0";"0";"0";"1"
"2022";"Dengue";"FORTALEZA";"02ª REGIÃO CAUCAIA";"PARACURU";"2022-06-04";"22";"0";"25";"0";"0";"1";"24"
"2022";"Dengue";"FORTALEZA";"03ª REGIÃO MARACANAÚ";"GUAIUBA";"2022-07-30";"30";"0";"0";"0";"0";"0";"0"
"2022";"Dengue";"LITORAL LESTE/JAGUARIBE";"10ª REGIÃO LIMOEIRO DO NORTE";"PEREIRO";"2022-04-02";"13";"0";"4";"0";"0";"3";"0"
"2022";"Dengue";"SOBRAL";"11ª REGIÃO SOBRAL";"MERUOCA";"2022-10-15";"41";"0";"6";"0";"0";"0";"0"
"2022";"Dengue";"CARIRI";"20ª REGIÃO CRATO";"ANTONINA DO NORTE";"2022-01-15";"2";"0";"0";"0";"0";"0";"0"
"2022";"Dengue";"CARIRI";"21ª REGIÃO JUAZEIRO DO NORTE";"BARBALHA";"2022-05-14";"19";"0";"10";"0";"0";"1";"0"
"2022";"Dengue";"FORTALEZA";"03ª REGIÃO MARACANAÚ";"MARANGUAPE";"2022-03-19";"11";"0";"19";"0";"0";"10";"3"
"2022";"Dengue";"CARIRI";"20ª REGIÃO CRATO";"TARRAFAS";"2022-04-09";"14";"0";"0";"0";"0";"0";"0"
"2022";"Dengue";"FORTALEZA";"02ª REGIÃO CAUCAIA";"PARAIPABA";"2022-05-21";"20";"0";"4";"0";"0";"3";"0"
"2022";"Dengue";"CARIRI";"18ª REGIÃO IGUATU";"CATARINA";"2022-04-30";"17";"0";"0";"0";"0";"0";"0"
"2022";"Dengue";"SOBRAL";"11ª REGIÃO SOBRAL";"VARJOTA";"2022-04-02";"13";"0";"0";"0";"0";"0";"0"
"2022";"Dengue";"FORTALEZA";"06ª REGIÃO DE ITAPIPOCA";"TURURU";"2022-11-12";"45";"0";"0";"0";"0";"0";"0"
"2022";"Dengue";"SOBRAL";"13ª REGIÃO TIANGUÁ";"CARNAUBAL";"2022-08-20";"33";"0";"2";"0";"0";"1";"0"
"2022";"Dengue";"SOBRAL";"11ª REGIÃO SOBRAL";"FRECHEIRINHA";"2022-10-15";"41";"0";"0";"0";"0";"0";"0"
"2022";"Dengue";"SOBRAL";"11ª REGIÃO SOBRAL";"SOBRAL";"2022-02-26";"8";"0";"5";"0";"0";"2";"0"
"2022";"Dengue";"SOBRAL";"11ª REGIÃO SOBRAL";"PIRES FERREIRA";"2022-01-15";"2";"0";"0";"0";"0";"0";"0"
"2022";"Dengue";"SERTÃO CENTRAL";"05ª REGIÃO DE CANINDÉ";"CARIDADE";"2022-06-25";"25";"0";"15";"0";"0";"0";"0"
"2022";"Dengue";"FORTALEZA";"04ª REGIÃO BATURITÉ";"ARATUBA";"2022-04-23";"16";"0";"20";"0";"0";"11";"8"
"2022";"Dengue";"SERTÃO CENTRAL";"08ª REGIÃO QUIXADÁ";"IBARETAMA";"2022-10-22";"42";"0";"0";"0";"0";"0";"0"
"2022";"Dengue";"CARIRI";"19ª REGIÃO BREJO SANTO";"AURORA";"2022-07-30";"30";"0";"0";"0";"0";"0";"0"
"2022";"Dengue";"SERTÃO CENTRAL";"05ª REGIÃO DE CANINDÉ";"CARIDADE";"2022-02-19";"7";"0";"0";"0";"0";"0";"0"
"2022";"Dengue";"CARIRI";"20ª REGIÃO CRATO";"ALTANEIRA";"2022-02-26";"8";"0";"0";"0";"0";"0";"0"
"2022";"Dengue";"SOBRAL";"12ª REGIÃO ACARAÚ";"JIJOCA DE JERICOACOARA";"2022-11-12";"45";"0";"3";"0";"0";"0";"0"
"2022";"Dengue";"CARIRI";"17ª REGIÃO ICÓ";"BAIXIO";"2022-04-09";"14";"0";"3";"0";"0";"0";"1"
"2022";"Dengue";"CARIRI";"19ª REGIÃO BREJO SANTO";"JATI";"2022-07-16";"28";"0";"0";"0";"0";"0";"0"
"2022";"Dengue";"SOBRAL";"11ª REGIÃO SOBRAL";"SANTANA DO ACARAU";"2022-09-10";"36";"0";"0";"0";"0";"0";"0"
"2022";"Dengue";"SERTÃO CENTRAL";"14ª REGIÃO TAUÁ";"ARNEIROZ";"2022-12-03";"48";"0";"0";"0";"0";"0";"0"
"2022";"Dengue";"FORTALEZA";"01ª REGIÃO FORTALEZA";"AQUIRAZ";"2022-05-14";"19";"0";"6";"0";"0";"3";"2"
"2022";"Dengue";"SERTÃO CENTRAL";"05ª REGIÃO DE CANINDÉ";"PARAMOTI";"2022-11-19";"46";"0";"0";"0";"0";"0";"0"
"2022";"Dengue";"SOBRAL";"12ª REGIÃO ACARAÚ";"ACARAU";"2022-04-16";"15";"0";"4";"0";"0";"0";"0"
"2022";"Dengue";"CARIRI";"19ª REGIÃO BREJO SANTO";"AURORA";"2022-12-31";"52";"0";"0";"0";"0";"0";"0"
"2022";"Dengue";"FORTALEZA";"02ª REGIÃO CAUCAIA";"PARACURU";"2022-06-18";"24";"0";"3";"0";"0";"0";"3"
"2022";"Dengue";"SOBRAL";"11ª REGIÃO SOBRAL";"MERUOCA";"2022-07-09";"27";"0";"3";"0";"0";"3";"0"
"2022";"Dengue";"SOBRAL";"11ª REGIÃO SOBRAL";"SENADOR SA";"2022-12-24";"51";"0";"0";"0";"0";"0";"0"
"2022";"Dengue";"FORTALEZA";"06ª REGIÃO DE ITAPIPOCA";"ITAPIPOCA";"2022-04-23";"16";"1";"152";"1";"0";"41";"31"
"2022";"Dengue";"SERTÃO CENTRAL";"05ª REGIÃO DE CANINDÉ";"CANINDE";"2022-08-20";"33";"0";"4";"0";"0";"0";"0"
"2022";"Dengue";"FORTALEZA";"04ª REGIÃO BATURITÉ";"ARACOIABA";"2022-04-09";"14";"0";"0";"0";"0";"0";"0"
"2022";"Dengue";"SERTÃO CENTRAL";"14ª REGIÃO TAUÁ";"TAUA";"2022-07-02";"26";"0";"47";"0";"0";"13";"4"
"2022";"Dengue";"CARIRI";"18ª REGIÃO IGUATU";"PIQUET CARNEIRO";"2022-09-17";"37";"0";"1";"0";"0";"0";"0"
"2022";"Dengue";"SERTÃO CENTRAL";"05ª REGIÃO DE CANINDÉ";"BOA VIAGEM";"2022-10-29";"43";"0";"0";"0";"0";"0";"0"
"2022";"Dengue";"SOBRAL";"11ª REGIÃO SOBRAL";"ALCANTARAS";"2022-04-23";"16";"0";"1";"0";"0";"0";"0"
"2022";"Dengue";"SOBRAL";"12ª REGIÃO ACARAÚ";"JIJOCA DE JERICOACOARA";"2022-09-17";"37";"0";"3";"0";"0";"0";"0"
"2022";"Dengue";"SOBRAL";"11ª REGIÃO SOBRAL";"FRECHEIRINHA";"2022-02-05";"5";"0";"0";"0";"0";"0";"0"
"2022";"Dengue";"CARIRI";"20ª REGIÃO CRATO";"TARRAFAS";"2022-10-15";"41";"0";"0";"0";"0";"0";"0"
"2022";"Dengue";"SOBRAL";"11ª REGIÃO SOBRAL";"SANTANA DO ACARAU";"2022-07-30";"30";"0";"3";"0";"0";"3";"0"
"2022";"Dengue";"CARIRI";"19ª REGIÃO BREJO SANTO";"MAURITI";"2022-12-03";"48";"0";"0";"0";"0";"0";"0"
"2022";"Dengue";"CARIRI";"19ª REGIÃO BREJO SANTO";"AURORA";"2022-05-21";"20";"0";"4";"0";"0";"0";"0"
"2022";"Dengue";"CARIRI";"20ª REGIÃO CRATO";"CAMPOS SALES";"2022-08-27";"34";"0";"0";"0";"0";"0";"0"
"2022";"Dengue";"CARIRI";"20ª REGIÃO CRATO";"VARZEA ALEGRE";"2022-04-02";"13";"0";"19";"0";"0";"1";"0"
"2022";"Dengue";"FORTALEZA";"06ª REGIÃO DE ITAPIPOCA";"TURURU";"2022-03-26";"12";"0";"25";"0";"0";"6";"6"
"2022";"Dengue";"SOBRAL";"15ª REGIÃO CRATEÚS";"INDEPENDENCIA";"2022-05-07";"18";"0";"2";"0";"0";"0";"0"
"2022";"Dengue";"FORTALEZA";"22ª REGIÃO CASCAVEL";"HORIZONTE";"2022-07-23";"29";"0";"2";"0";"0";"0";"0"
"2022";"Dengue";"CARIRI";"21ª REGIÃO JUAZEIRO DO NORTE";"BARBALHA";"2022-07-09";"27";"0";"1";"0";"0";"0";"0"
"2022";"Dengue";"SERTÃO CENTRAL";"14ª REGIÃO TAUÁ";"AIUABA";"2022-12-03";"48";"0";"2";"0";"0";"0";"0"
"2022";"Dengue";"SOBRAL";"11ª REGIÃO SOBRAL";"PACUJA";"2022-02-19";"7";"0";"0";"0";"0";"0";"0"
"2022";"Dengue";"SOBRAL";"11ª REGIÃO SOBRAL";"FRECHEIRINHA";"2022-02-26";"8";"0";"0";"0";"0";"0";"0"
"2022";"Dengue";"FORTALEZA";"22ª REGIÃO CASCAVEL";"BEBERIBE";"2022-09-10";"36";"0";"1";"0";"0";"0";"0"
"2022";"Dengue";"FORTALEZA";"02ª REGIÃO CAUCAIA";"PARACURU";"2022-10-29";"43";"0";"0";"0";"0";"0";"0"
"2022";"Dengue";"LITORAL LESTE/JAGUARIBE";"09ª REGIÃO RUSSAS";"RUSSAS";"2022-12-17";"50";"0";"0";"0";"0";"0";"0"
"2022";"Dengue";"CARIRI";"20ª REGIÃO CRATO";"VARZEA ALEGRE";"2022-12-31";"52";"0";"0";"0";"0";"0";"0"
"2022";"Dengue";"FORTALEZA";"06ª REGIÃO DE ITAPIPOCA";"TURURU";"2022-07-16";"28";"0";"0";"0";"0";"0";"0"
"2022";"Dengue";"LITORAL LESTE/JAGUARIBE";"10ª REGIÃO LIMOEIRO DO NORTE";"IRACEMA";"2022-08-20";"33";"0";"1";"0";"0";"0";"0"
"2022";"Dengue";"SERTÃO CENTRAL";"05ª REGIÃO DE CANINDÉ";"CANINDE";"2022-11-19";"46";"0";"1";"0";"0";"0";"0"
"2022";"Dengue";"SERTÃO CENTRAL";"05ª REGIÃO DE CANINDÉ";"ITATIRA";"2022-06-18";"24";"0";"3";"0";"0";"0";"1"
"2022";"Dengue";"FORTALEZA";"22ª REGIÃO CASCAVEL";"BEBERIBE";"2022-12-24";"51";"0";"0";"0";"0";"0";"0"
"2022";"Dengue";"CARIRI";"18ª REGIÃO IGUATU";"ACOPIARA";"2022-02-26";"8";"0";"0";"0";"0";"0";"0"
"2022";"Dengue";"LITORAL LESTE/JAGUARIBE";"07ª REGIÃO ARACATI";"FORTIM";"2022-05-14";"19";"0";"20";"0";"0";"3";"0"
"2022";"Dengue";"LITORAL LESTE/JAGUARIBE";"10ª REGIÃO LIMOEIRO DO NORTE";"LIMOEIRO DO NORTE";"2022-02-05";"5";"0";"1";"0";"0";"0";"1"
"2022";"Dengue";"SERTÃO CENTRAL";"08ª REGIÃO QUIXADÁ";"IBARETAMA";"2022-12-31";"52";"0";"0";"0";"0";"0";"0"
"2022";"Dengue";"LITORAL LESTE/JAGUARIBE";"10ª REGIÃO LIMOEIRO DO NORTE";"ERERE";"2022-10-01";"39";"0";"0";"0";"0";"0";"0"
"2022";"Dengue";"CARIRI";"20ª REGIÃO CRATO";"ANTONINA DO NORTE";"2022-12-10";"49";"0";"0";"0";"0";"0";"0"
"2022";"Dengue";"FORTALEZA";"22ª REGIÃO CASCAVEL";"PACAJUS";"2022-09-03";"35";"0";"1";"0";"0";"0";"0"
"2022";"Dengue";"FORTALEZA";"03ª REGIÃO MARACANAÚ";"BARREIRA";"2022-08-27";"34";"0";"0";"0";"0";"0";"0"
"2022";"Dengue";"SERTÃO CENTRAL";"08ª REGIÃO QUIXADÁ";"PEDRA BRANCA";"2022-05-14";"19";"0";"15";"0";"0";"3";"11"
"2022";"Dengue";"SOBRAL";"11ª REGIÃO SOBRAL";"FORQUILHA";"2022-08-27";"34";"0";"1";"0";"0";"0";"0"
"2022";"Dengue";"CARIRI";"19ª REGIÃO BREJO SANTO";"PENAFORTE";"2022-08-06";"31";"0";"0";"0";"0";"0";"0"
"2022";"Dengue";"SOBRAL";"13ª REGIÃO TIANGUÁ";"CROATA";"2022-10-01";"39";"0";"1";"0";"0";"0";"0"
"2022";"Dengue";"SERTÃO CENTRAL";"05ª REGIÃO DE CANINDÉ";"BOA VIAGEM";"2022-12-17";"50";"0";"2";"0";"0";"0";"0"
"2022";"Dengue";"SOBRAL";"11ª REGIÃO SOBRAL";"VARJOTA";"2022-02-05";"5";"0";"0";"0";"0";"0";"0"
"2022";"Dengue";"SERTÃO CENTRAL";"08ª REGIÃO QUIXADÁ";"QUIXERAMOBIM";"2022-01-15";"2";"0";"2";"0";"0";"0";"0"
"2022";"Dengue";"CARIRI";"17ª REGIÃO ICÓ";"LAVRAS DA MANGABEIRA";"2022-08-13";"32";"0";"6";"0";"0";"0";"5"
"2022";"Dengue";"LITORAL LESTE/JAGUARIBE";"07ª REGIÃO ARACATI";"FORTIM";"2022-08-27";"34";"0";"1";"0";"0";"0";"0"
"2022";"Dengue";"LITORAL LESTE/JAGUARIBE";"10ª REGIÃO LIMOEIRO DO NORTE";"JAGUARIBE";"2022-10-29";"43";"0";"3";"0";"0";"0";"0"
"2022";"Dengue";"SERTÃO CENTRAL";"08ª REGIÃO QUIXADÁ";"BANABUIU";"2022-05-21";"20";"0";"5";"0";"0";"2";"0"
"2022";"Dengue";"LITORAL LESTE/JAGUARIBE";"10ª REGIÃO LIMOEIRO DO NORTE";"SAO JOAO DO JAGUARIBE";"2022-11-05";"44";"0";"3";"0";"0";"0";"0"
"2022";"Dengue";"SERTÃO CENTRAL";"08ª REGIÃO QUIXADÁ";"QUIXADA";"2022-02-19";"7";"0";"6";"0";"0";"3";"0"
"2022";"Dengue";"SOBRAL";"12ª REGIÃO ACARAÚ";"ACARAU";"2022-12-10";"49";"0";"0";"0";"0";"0";"0"
"2022";"Dengue";"FORTALEZA";"06ª REGIÃO DE ITAPIPOCA";"URUBURETAMA";"2022-06-04";"22";"0";"8";"0";"0";"0";"0"
"2022";"Dengue";"FORTALEZA";"01ª REGIÃO FORTALEZA";"AQUIRAZ";"2022-05-28";"21";"0";"10";"0";"0";"2";"4"
"2022";"Dengue";"FORTALEZA";"01ª REGIÃO FORTALEZA";"FORTALEZA";"2022-09-17";"37";"1";"452";"1";"0";"46";"98"
"2022";"Dengue";"SOBRAL";"12ª REGIÃO ACARAÚ";"ITAREMA";"2022-06-18";"24";"0";"6";"0";"0";"0";"1"
"2022";"Dengue";"FORTALEZA";"02ª REGIÃO CAUCAIA";"ITAPAJE";"2022-09-24";"38";"0";"1";"0";"0";"0";"0"
"2022";"Dengue";"SERTÃO CENTRAL";"14ª REGIÃO TAUÁ";"TAUA";"2022-04-16";"15";"0";"8";"0";"0";"2";"1"
"2022";"Dengue";"SOBRAL";"11ª REGIÃO SOBRAL";"COREAU";"2022-05-28";"21";"0";"10";"0";"0";"2";"3"
"2022";"Dengue";"CARIRI";"17ª REGIÃO ICÓ";"BAIXIO";"2022-11-12";"45";"0";"2";"0";"0";"0";"0"
"2022";"Dengue";"SERTÃO CENTRAL";"08ª REGIÃO QUIXADÁ";"SENADOR POMPEU";"2022-08-27";"34";"0";"0";"0";"0";"0";"0"
"2022";"Dengue";"FORTALEZA";"06ª REGIÃO DE ITAPIPOCA";"TRAIRI";"2022-07-09";"27";"0";"4";"0";"0";"0";"0"
"2022";"Dengue";"FORTALEZA";"03ª REGIÃO MARACANAÚ";"MARANGUAPE";"2022-02-05";"5";"0";"6";"0";"0";"4";"0"
"2022";"Dengue";"CARIRI";"18ª REGIÃO IGUATU";"SABOEIRO";"2022-05-28";"21";"0";"1";"0";"0";"1";"0"
"2022";"Dengue";"SERTÃO CENTRAL";"08ª REGIÃO QUIXADÁ";"PEDRA BRANCA";"2022-12-03";"48";"0";"1";"0";"0";"0";"0"
"2022";"Dengue";"SOBRAL";"11ª REGIÃO SOBRAL";"IPU";"2022-05-28";"21";"0";"22";"0";"0";"3";"6"
"2022";"Dengue";"LITORAL LESTE/JAGUARIBE";"07ª REGIÃO ARACATI";"FORTIM";"2022-05-21";"20";"0";"37";"0";"0";"8";"0"
"2022";"Dengue";"SOBRAL";"11ª REGIÃO SOBRAL";"FORQUILHA";"2022-10-22";"42";"0";"0";"0";"0";"0";"0"
"2022";"Dengue";"LITORAL LESTE/JAGUARIBE";"09ª REGIÃO RUSSAS";"JAGUARUANA";"2022-02-12";"6";"0";"1";"0";"0";"0";"0"
"2022";"Dengue";"CARIRI";"18ª REGIÃO IGUATU";"CATARINA";"2022-07-02";"26";"0";"0";"0";"0";"0";"0"
"2022";"Dengue";"SERTÃO CENTRAL";"08ª REGIÃO QUIXADÁ";"IBICUITINGA";"2022-06-04";"22";"0";"30";"0";"0";"25";"0"
"2022";"Dengue";"SERTÃO CENTRAL";"05ª REGIÃO DE CANINDÉ";"BOA VIAGEM";"2022-11-26";"47";"0";"2";"0";"0";"1";"0"
"2022";"Dengue";"SOBRAL";"13ª REGIÃO TIANGUÁ";"UBAJARA";"2022-01-29";"4";"0";"0";"0";"0";"0";"0"
"2022";"Dengue";"SOBRAL";"11ª REGIÃO SOBRAL";"SANTANA DO ACARAU";"2022-02-05";"5";"0";"0";"0";"0";"0";"0"
"2022";"Dengue";"FORTALEZA";"06ª REGIÃO DE ITAPIPOCA";"MIRAIMA";"2022-04-09";"14";"0";"2";"0";"0";"1";"0"
"2022";"Dengue";"SOBRAL";"15ª REGIÃO CRATEÚS";"IPAPORANGA";"2022-02-05";"5";"0";"0";"0";"0";"0";"0"
"2022";"Dengue";"CARIRI";"18ª REGIÃO IGUATU";"CATARINA";"2022-08-20";"33";"0";"1";"0";"0";"1";"0"
"2022";"Dengue";"CARIRI";"18ª REGIÃO IGUATU";"CARIUS";"2022-12-03";"48";"0";"0";"0";"0";"0";"0"
"2022";"Dengue";"FORTALEZA";"06ª REGIÃO DE ITAPIPOCA";"TRAIRI";"2022-11-12";"45";"0";"0";"0";"0";"0";"0"
"2022";"Dengue";"CARIRI";"21ª REGIÃO JUAZEIRO DO NORTE";"JUAZEIRO DO NORTE";"2022-04-16";"15";"0";"211";"0";"0";"6";"1"
"2022";"Dengue";"CARIRI";"17ª REGIÃO ICÓ";"LAVRAS DA MANGABEIRA";"2022-11-26";"47";"0";"0";"0";"0";"0";"0"
"2022";"Dengue";"FORTALEZA";"04ª REGIÃO BATURITÉ";"ITAPIUNA";"2022-02-19";"7";"0";"0";"0";"0";"0";"0"
"2022";"Dengue";"CARIRI";"18ª REGIÃO IGUATU";"PIQUET CARNEIRO";"2022-12-24";"51";"0";"0";"0";"0";"0";"0"
"2022";"Dengue";"FORTALEZA";"02ª REGIÃO CAUCAIA";"PARAIPABA";"2022-06-04";"22";"0";"0";"0";"0";"0";"0"
"2022";"Dengue";"CARIRI";"18ª REGIÃO IGUATU";"QUIXELO";"2022-11-19";"46";"0";"1";"0";"0";"1";"0"
"2022";"Dengue";"CARIRI";"19ª REGIÃO BREJO SANTO";"MAURITI";"2022-07-09";"27";"0";"3";"0";"0";"0";"3"
"2022";"Dengue";"CARIRI";"21ª REGIÃO JUAZEIRO DO NORTE";"GRANJEIRO";"2022-11-05";"44";"0";"0";"0";"0";"0";"0"
"2022";"Dengue";"CARIRI";"20ª REGIÃO CRATO";"SANTANA DO CARIRI";"2022-10-01";"39";"0";"0";"0";"0";"0";"0"
"2022";"Dengue";"SOBRAL";"15ª REGIÃO CRATEÚS";"NOVO ORIENTE";"2022-12-03";"48";"0";"0";"0";"0";"0";"0"
"2022";"Dengue";"LITORAL LESTE/JAGUARIBE";"10ª REGIÃO LIMOEIRO DO NORTE";"TABULEIRO DO NORTE";"2022-11-26";"47";"0";"0";"0";"0";"0";"0"
"2022";"Dengue";"SOBRAL";"11ª REGIÃO SOBRAL";"MERUOCA";"2022-12-17";"50";"0";"3";"0";"0";"1";"0"
"2022";"Dengue";"FORTALEZA";"03ª REGIÃO MARACANAÚ";"ACARAPE";"2022-07-02";"26";"0";"3";"0";"0";"0";"0"
"2022";"Dengue";"FORTALEZA";"22ª REGIÃO CASCAVEL";"BEBERIBE";"2022-04-30";"17";"0";"17";"0";"0";"3";"8"
"2022";"Dengue";"FORTALEZA";"03ª REGIÃO MARACANAÚ";"PALMACIA";"2022-08-06";"31";"0";"5";"0";"0";"1";"0"
"2022";"Dengue";"LITORAL LESTE/JAGUARIBE";"10ª REGIÃO LIMOEIRO DO NORTE";"JAGUARIBARA";"2022-10-08";"40";"0";"15";"0";"0";"8";"0"
"2022";"Dengue";"FORTALEZA";"22ª REGIÃO CASCAVEL";"BEBERIBE";"2022-04-02";"13";"0";"7";"0";"0";"2";"5"
"2022";"Dengue";"CARIRI";"20ª REGIÃO CRATO";"ANTONINA DO NORTE";"2022-01-08";"1";"0";"0";"0";"0";"0";"0"
"2022";"Dengue";"FORTALEZA";"06ª REGIÃO DE ITAPIPOCA";"TRAIRI";"2022-12-10";"49";"0";"0";"0";"0";"0";"0"
"2022";"Dengue";"LITORAL LESTE/JAGUARIBE";"10ª REGIÃO LIMOEIRO DO NORTE";"QUIXERE";"2022-02-12";"6";"0";"1";"0";"0";"0";"1"
"2022";"Dengue";"SOBRAL";"15ª REGIÃO CRATEÚS";"INDEPENDENCIA";"2022-12-03";"48";"0";"0";"0";"0";"0";"0"
"2022";"Dengue";"SERTÃO CENTRAL";"05ª REGIÃO DE CANINDÉ";"PARAMOTI";"2022-11-05";"44";"0";"0";"0";"0";"0";"0"
"2022";"Dengue";"CARIRI";"19ª REGIÃO BREJO SANTO";"PORTEIRAS";"2022-07-02";"26";"0";"6";"0";"0";"0";"4"
"2022";"Dengue";"CARIRI";"19ª REGIÃO BREJO SANTO";"ABAIARA";"2022-02-19";"7";"0";"0";"0";"0";"0";"0"
"2022";"Dengue";"LITORAL LESTE/JAGUARIBE";"10ª REGIÃO LIMOEIRO DO NORTE";"JAGUARIBE";"2022-12-10";"49";"0";"4";"0";"0";"0";"0"
"2022";"Dengue";"SOBRAL";"12ª REGIÃO ACARAÚ";"CRUZ";"2022-08-13";"32";"0";"5";"0";"0";"2";"0"
"2022";"Dengue";"SOBRAL";"15ª REGIÃO CRATEÚS";"PORANGA";"2022-09-24";"38";"0";"0";"0";"0";"0";"0"
"2022";"Dengue";"CARIRI";"18ª REGIÃO IGUATU";"PIQUET CARNEIRO";"2022-10-01";"39";"0";"0";"0";"0";"0";"0"
"2022";"Dengue";"LITORAL LESTE/JAGUARIBE";"07ª REGIÃO ARACATI";"ARACATI";"2022-01-29";"4";"0";"1";"0";"0";"0";"1"
"2022";"Dengue";"SOBRAL";"11ª REGIÃO SOBRAL";"CARIRE";"2022-11-05";"44";"0";"1";"0";"0";"0";"1"
"2022";"Dengue";"FORTALEZA";"03ª REGIÃO MARACANAÚ";"MARACANAU";"2022-08-13";"32";"0";"6";"0";"0";"0";"5"
"2022";"Dengue";"FORTALEZA";"04ª REGIÃO BATURITÉ";"ARATUBA";"2022-01-22";"3";"0";"17";"0";"0";"7";"6"
"2022";"Dengue";"SOBRAL";"11ª REGIÃO SOBRAL";"FRECHEIRINHA";"2022-01-22";"3";"0";"0";"0";"0";"0";"0"
"2022";"Dengue";"FORTALEZA";"06ª REGIÃO DE ITAPIPOCA";"URUBURETAMA";"2022-09-17";"37";"0";"3";"0";"0";"0";"0"
"2022";"Dengue";"FORTALEZA";"06ª REGIÃO DE ITAPIPOCA";"URUBURETAMA";"2022-10-15";"41";"0";"1";"0";"0";"0";"0"
"2022";"Dengue";"SERTÃO CENTRAL";"05ª REGIÃO DE CANINDÉ";"PARAMOTI";"2022-09-24";"38";"0";"1";"0";"0";"0";"1"
"2022";"Dengue";"LITORAL LESTE/JAGUARIBE";"07ª REGIÃO ARACATI";"FORTIM";"2022-03-19";"11";"0";"0";"0";"0";"0";"0"
"2022";"Dengue";"FORTALEZA";"02ª REGIÃO CAUCAIA";"APUIARES";"2022-09-03";"35";"0";"0";"0";"0";"0";"0"
"2022";"Dengue";"SOBRAL";"11ª REGIÃO SOBRAL";"HIDROLANDIA";"2022-07-16";"28";"0";"0";"0";"0";"0";"0"
"2022";"Dengue";"SOBRAL";"11ª REGIÃO SOBRAL";"URUOCA";"2022-09-24";"38";"0";"0";"0";"0";"0";"0"
"2022";"Dengue";"SOBRAL";"12ª REGIÃO ACARAÚ";"CRUZ";"2022-04-16";"15";"0";"0";"0";"0";"0";"0"
"2022";"Dengue";"CARIRI";"18ª REGIÃO IGUATU";"ACOPIARA";"2022-12-10";"49";"0";"2";"0";"0";"0";"0"
"2022";"Dengue";"FORTALEZA";"03ª REGIÃO MARACANAÚ";"PACATUBA";"2022-07-02";"26";"0";"7";"0";"0";"0";"4"
"2022";"Dengue";"LITORAL LESTE/JAGUARIBE";"10ª REGIÃO LIMOEIRO DO NORTE";"ALTO SANTO";"2022-05-07";"18";"0";"0";"0";"0";"0";"0"
"2022";"Dengue";"CARIRI";"18ª REGIÃO IGUATU";"MOMBACA";"2022-11-12";"45";"0";"0";"0";"0";"0";"0"
"2022";"Dengue";"CARIRI";"18ª REGIÃO IGUATU";"MOMBACA";"2022-02-19";"7";"0";"1";"0";"0";"0";"0"
"2022";"Dengue";"SOBRAL";"11ª REGIÃO SOBRAL";"SOBRAL";"2022-05-28";"21";"0";"219";"0";"0";"40";"5"
"2022";"Dengue";"FORTALEZA";"06ª REGIÃO DE ITAPIPOCA";"URUBURETAMA";"2022-03-26";"12";"0";"0";"0";"0";"0";"0"
"2022";"Dengue";"FORTALEZA";"02ª REGIÃO CAUCAIA";"ITAPAJE";"2022-08-27";"34";"0";"0";"0";"0";"0";"0"
"2022";"Dengue";"SOBRAL";"16ª REGIÃO CAMOCIM";"CHAVAL";"2022-02-12";"6";"0";"0";"0";"0";"0";"0"
"2022";"Dengue";"SOBRAL";"12ª REGIÃO ACARAÚ";"JIJOCA DE JERICOACOARA";"2022-01-15";"2";"0";"3";"0";"0";"0";"0"
"2022";"Dengue";"FORTALEZA";"03ª REGIÃO MARACANAÚ";"BARREIRA";"2022-03-26";"12";"0";"0";"0";"0";"0";"0"
"2022";"Dengue";"FORTALEZA";"01ª REGIÃO FORTALEZA";"EUSEBIO";"2022-05-14";"19";"0";"8";"0";"0";"2";"0"
"2022";"Dengue";"CARIRI";"17ª REGIÃO ICÓ";"LAVRAS DA MANGABEIRA";"2022-06-18";"24";"0";"23";"0";"0";"0";"7"
"2022";"Dengue";"CARIRI";"17ª REGIÃO ICÓ";"UMARI";"2022-12-10";"49";"0";"0";"0";"0";"0";"0"
"2022";"Dengue";"FORTALEZA";"03ª REGIÃO MARACANAÚ";"MARANGUAPE";"2022-08-13";"32";"0";"50";"0";"0";"0";"30"
"2022";"Dengue";"LITORAL LESTE/JAGUARIBE";"09ª REGIÃO RUSSAS";"MORADA NOVA";"2022-12-24";"51";"0";"1";"0";"0";"1";"0"
"2022";"Dengue";"SOBRAL";"11ª REGIÃO SOBRAL";"RERIUTABA";"2022-12-24";"51";"0";"0";"0";"0";"0";"0"
"2022";"Dengue";"SERTÃO CENTRAL";"05ª REGIÃO DE CANINDÉ";"CARIDADE";"2022-07-16";"28";"0";"8";"0";"0";"0";"0"
"2022";"Dengue";"FORTALEZA";"04ª REGIÃO BATURITÉ";"ARATUBA";"2022-02-26";"8";"0";"21";"0";"0";"11";"8"
"2022";"Dengue";"CARIRI";"21ª REGIÃO JUAZEIRO DO NORTE";"JARDIM";"2022-03-12";"10";"0";"2";"0";"0";"0";"0"
"2022";"Dengue";"SOBRAL";"11ª REGIÃO SOBRAL";"HIDROLANDIA";"2022-06-11";"23";"0";"1";"0";"0";"0";"0"
"2022";"Dengue";"SERTÃO CENTRAL";"14ª REGIÃO TAUÁ";"ARNEIROZ";"2022-05-14";"19";"0";"0";"0";"0";"0";"0"
"2022";"Dengue";"SOBRAL";"15ª REGIÃO CRATEÚS";"IPUEIRAS";"2022-04-09";"14";"0";"1";"0";"0";"0";"1"
"2022";"Dengue";"CARIRI";"20ª REGIÃO CRATO";"FARIAS BRITO";"2022-11-26";"47";"0";"3";"0";"0";"0";"0"
"2022";"Dengue";"SOBRAL";"11ª REGIÃO SOBRAL";"SANTA QUITERIA";"2022-12-03";"48";"0";"0";"0";"0";"0";"0"
"2022";"Dengue";"SERTÃO CENTRAL";"05ª REGIÃO DE CANINDÉ";"BOA VIAGEM";"2022-05-14";"19";"0";"38";"0";"0";"10";"12"
"2022";"Dengue";"FORTALEZA";"03ª REGIÃO MARACANAÚ";"GUAIUBA";"2022-02-26";"8";"0";"1";"0";"0";"0";"0"
"2022";"Dengue";"SOBRAL";"12ª REGIÃO ACARAÚ";"JIJOCA DE JERICOACOARA";"2022-05-21";"20";"0";"12";"0";"0";"5";"0"
"2022";"Dengue";"FORTALEZA";"04ª REGIÃO BATURITÉ";"CAPISTRANO";"2022-09-10";"36";"0";"0";"0";"0";"0";"0"
"2022";"Dengue";"CARIRI";"20ª REGIÃO CRATO";"ASSARE";"2022-01-15";"2";"0";"0";"0";"0";"0";"0"
"2022";"Dengue";"SOBRAL";"11ª REGIÃO SOBRAL";"SANTANA DO ACARAU";"2022-03-05";"9";"0";"2";"0";"0";"1";"0"
"2022";"Dengue";"CARIRI";"20ª REGIÃO CRATO";"ARARIPE";"2022-11-05";"44";"0";"0";"0";"0";"0";"0"
"2022";"Dengue";"SERTÃO CENTRAL";"08ª REGIÃO QUIXADÁ";"QUIXERAMOBIM";"2022-04-30";"17";"0";"3";"0";"0";"0";"1"
"2022";"Dengue";"SOBRAL";"16ª REGIÃO CAMOCIM";"MARTINOPOLE";"2022-08-20";"33";"0";"0";"0";"0";"0";"0"
"2022";"Dengue";"CARIRI";"19ª REGIÃO BREJO SANTO";"BREJO SANTO";"2022-01-22";"3";"0";"12";"0";"0";"1";"0"
"2022";"Dengue";"SERTÃO CENTRAL";"05ª REGIÃO DE CANINDÉ";"PARAMOTI";"2022-07-30";"30";"0";"0";"0";"0";"0";"0"
"2022";"Dengue";"LITORAL LESTE/JAGUARIBE";"10ª REGIÃO LIMOEIRO DO NORTE";"IRACEMA";"2022-01-15";"2";"0";"0";"0";"0";"0";"0"
"2022";"Dengue";"FORTALEZA";"22ª REGIÃO CASCAVEL";"BEBERIBE";"2022-12-03";"48";"0";"0";"0";"0";"0";"0"
"2022";"Dengue";"SOBRAL";"12ª REGIÃO ACARAÚ";"ACARAU";"2022-05-28";"21";"0";"3";"0";"0";"1";"0"
"2022";"Dengue";"FORTALEZA";"01ª REGIÃO FORTALEZA";"FORTALEZA";"2022-07-16";"28";"0";"779";"0";"0";"97";"305"
"2022";"Dengue";"CARIRI";"17ª REGIÃO ICÓ";"CEDRO";"2022-04-02";"13";"0";"10";"0";"0";"0";"0"
"2022";"Dengue";"SOBRAL";"11ª REGIÃO SOBRAL";"URUOCA";"2022-07-23";"29";"0";"0";"0";"0";"0";"0"
"2022";"Dengue";"SOBRAL";"11ª REGIÃO SOBRAL";"SANTA QUITERIA";"2022-06-18";"24";"0";"2";"0";"0";"0";"1"
"2022";"Dengue";"CARIRI";"19ª REGIÃO BREJO SANTO";"MILAGRES";"2022-02-19";"7";"0";"3";"0";"0";"0";"0"
"2022";"Dengue";"FORTALEZA";"04ª REGIÃO BATURITÉ";"ARACOIABA";"2022-12-17";"50";"1";"1";"0";"0";"0";"1"
"2022";"Dengue";"SOBRAL";"15ª REGIÃO CRATEÚS";"CRATEUS";"2022-05-07";"18";"0";"6";"0";"0";"3";"0"
"2022";"Dengue";"SERTÃO CENTRAL";"14ª REGIÃO TAUÁ";"PARAMBU";"2022-05-07";"18";"0";"8";"0";"0";"0";"0"
"2022";"Dengue";"FORTALEZA";"03ª REGIÃO MARACANAÚ";"ACARAPE";"2022-09-24";"38";"0";"0";"0";"0";"0";"0"
"2022";"Dengue";"FORTALEZA";"03ª REGIÃO MARACANAÚ";"PALMACIA";"2022-10-22";"42";"0";"0";"0";"0";"0";"0"
"2022";"Dengue";"LITORAL LESTE/JAGUARIBE";"10ª REGIÃO LIMOEIRO DO NORTE";"JAGUARIBE";"2022-02-12";"6";"0";"2";"0";"0";"0";"0"
"2022";"Dengue";"LITORAL LESTE/JAGUARIBE";"10ª REGIÃO LIMOEIRO DO NORTE";"ERERE";"2022-04-16";"15";"0";"1";"0";"0";"0";"0"
"2022";"Dengue";"CARIRI";"18ª REGIÃO IGUATU";"PIQUET CARNEIRO";"2022-12-31";"52";"0";"0";"0";"0";"0";"0"
"2022";"Dengue";"LITORAL LESTE/JAGUARIBE";"07ª REGIÃO ARACATI";"ICAPUI";"2022-07-23";"29";"0";"45";"0";"0";"3";"8"
"2022";"Dengue";"CARIRI";"20ª REGIÃO CRATO";"VARZEA ALEGRE";"2022-02-12";"6";"0";"2";"0";"0";"0";"0"
"2022";"Dengue";"CARIRI";"18ª REGIÃO IGUATU";"PIQUET CARNEIRO";"2022-06-18";"24";"0";"4";"0";"0";"0";"0"
"2022";"Dengue";"SOBRAL";"12ª REGIÃO ACARAÚ";"MORRINHOS";"2022-02-26";"8";"0";"0";"0";"0";"0";"0"
"2022";"Dengue";"SERTÃO CENTRAL";"05ª REGIÃO DE CANINDÉ";"BOA VIAGEM";"2022-08-20";"33";"0";"4";"0";"0";"0";"1"
"2022";"Dengue";"FORTALEZA";"06ª REGIÃO DE ITAPIPOCA";"TURURU";"2022-12-10";"49";"0";"0";"0";"0";"0";"0"
"2022";"Dengue";"CARIRI";"21ª REGIÃO JUAZEIRO DO NORTE";"MISSAO VELHA";"2022-09-10";"36";"0";"0";"0";"0";"0";"0"
"2022";"Dengue";"CARIRI";"18ª REGIÃO IGUATU";"ACOPIARA";"2022-09-24";"38";"0";"2";"0";"0";"0";"0"
"2022";"Dengue";"LITORAL LESTE/JAGUARIBE";"09ª REGIÃO RUSSAS";"PALHANO";"2022-12-17";"50";"0";"0";"0";"0";"0";"0"
"2022";"Dengue";"SOBRAL";"11ª REGIÃO SOBRAL";"IRAUCUBA";"2022-01-15";"2";"0";"0";"0";"0";"0";"0"
"2022";"Dengue";"CARIRI";"21ª REGIÃO JUAZEIRO DO NORTE";"CARIRIACU";"2022-02-19";"7";"0";"2";"0";"0";"0";"0"
"2022";"Dengue";"CARIRI";"20ª REGIÃO CRATO";"ARARIPE";"2022-04-23";"16";"0";"22";"0";"0";"0";"0"
"2022";"Dengue";"CARIRI";"18ª REGIÃO IGUATU";"CARIUS";"2022-04-09";"14";"0";"0";"0";"0";"0";"0"
"2022";"Dengue";"LITORAL LESTE/JAGUARIBE";"10ª REGIÃO LIMOEIRO DO NORTE";"SAO JOAO DO JAGUARIBE";"2022-08-13";"32";"0";"2";"0";"0";"0";"0"
"2022";"Dengue";"SERTÃO CENTRAL";"05ª REGIÃO DE CANINDÉ";"MADALENA";"2022-09-10";"36";"0";"0";"0";"0";"0";"0"
"2022";"Dengue";"SERTÃO CENTRAL";"14ª REGIÃO TAUÁ";"PARAMBU";"2022-03-19";"11";"0";"0";"0";"0";"0";"0"
"2022";"Dengue";"FORTALEZA";"02ª REGIÃO CAUCAIA";"PARAIPABA";"2022-12-17";"50";"0";"0";"0";"0";"0";"0"
"2022";"Dengue";"FORTALEZA";"04ª REGIÃO BATURITÉ";"ARATUBA";"2022-08-13";"32";"0";"1";"0";"0";"0";"1"
"2022";"Dengue";"CARIRI";"18ª REGIÃO IGUATU";"QUIXELO";"2022-03-05";"9";"0";"0";"0";"0";"0";"0"
"2022";"Dengue";"SERTÃO CENTRAL";"14ª REGIÃO TAUÁ";"AIUABA";"2022-11-12";"45";"0";"4";"0";"0";"1";"0"
"2022";"Dengue";"FORTALEZA";"04ª REGIÃO BATURITÉ";"GUARAMIRANGA";"2022-09-24";"38";"0";"0";"0";"0";"0";"0"
"2022";"Dengue";"SOBRAL";"11ª REGIÃO SOBRAL";"SENADOR SA";"2022-07-30";"30";"0";"0";"0";"0";"0";"0"
"2022";"Dengue";"LITORAL LESTE/JAGUARIBE";"09ª REGIÃO RUSSAS";"PALHANO";"2022-08-20";"33";"0";"1";"0";"0";"0";"0"
"2022";"Dengue";"FORTALEZA";"04ª REGIÃO BATURITÉ";"PACOTI";"2022-03-19";"11";"0";"19";"0";"0";"5";"0"
"2022";"Dengue";"SERTÃO CENTRAL";"05ª REGIÃO DE CANINDÉ";"BOA VIAGEM";"2022-04-23";"16";"0";"50";"0";"0";"0";"9"
"2022";"Dengue";"FORTALEZA";"04ª REGIÃO BATURITÉ";"ARACOIABA";"2022-09-17";"37";"0";"0";"0";"0";"0";"0"
"2022";"Dengue";"FORTALEZA";"03ª REGIÃO MARACANAÚ";"ACARAPE";"2022-10-22";"42";"0";"0";"0";"0";"0";"0"
"2022";"Dengue";"FORTALEZA";"03ª REGIÃO MARACANAÚ";"GUAIUBA";"2022-11-26";"47";"0";"0";"0";"0";"0";"0"
"2022";"Dengue";"SERTÃO CENTRAL";"08ª REGIÃO QUIXADÁ";"QUIXERAMOBIM";"2022-11-05";"44";"0";"0";"0";"0";"0";"0"
"2022";"Dengue";"CARIRI";"20ª REGIÃO CRATO";"ANTONINA DO NORTE";"2022-08-20";"33";"0";"0";"0";"0";"0";"0"
"2022";"Dengue";"SOBRAL";"16ª REGIÃO CAMOCIM";"MARTINOPOLE";"2022-06-11";"23";"0";"1";"0";"0";"0";"0"
"2022";"Dengue";"FORTALEZA";"22ª REGIÃO CASCAVEL";"PACAJUS";"2022-02-26";"8";"0";"0";"0";"0";"0";"0"
"2022";"Dengue";"CARIRI";"18ª REGIÃO IGUATU";"SABOEIRO";"2022-08-20";"33";"0";"0";"0";"0";"0";"0"
"2022";"Dengue";"SOBRAL";"11ª REGIÃO SOBRAL";"FORQUILHA";"2022-03-12";"10";"0";"1";"0";"0";"0";"0"
"2022";"Dengue";"LITORAL LESTE/JAGUARIBE";"10ª REGIÃO LIMOEIRO DO NORTE";"JAGUARIBARA";"2022-03-05";"9";"0";"1";"0";"0";"1";"0"
"2022";"Dengue";"SOBRAL";"11ª REGIÃO SOBRAL";"IRAUCUBA";"2022-03-12";"10";"0";"0";"0";"0";"0";"0"
"2022";"Dengue";"LITORAL LESTE/JAGUARIBE";"10ª REGIÃO LIMOEIRO DO NORTE";"JAGUARIBE";"2022-04-02";"13";"0";"3";"0";"0";"0";"0"
"2022";"Dengue";"FORTALEZA";"22ª REGIÃO CASCAVEL";"HORIZONTE";"2022-04-02";"13";"0";"2";"0";"0";"0";"1"
"2022";"Dengue";"CARIRI";"21ª REGIÃO JUAZEIRO DO NORTE";"MISSAO VELHA";"2022-06-25";"25";"0";"1";"0";"0";"0";"1"
"2022";"Dengue";"SERTÃO CENTRAL";"08ª REGIÃO QUIXADÁ";"MILHA";"2022-11-19";"46";"0";"0";"0";"0";"0";"0"
"2022";"Dengue";"CARIRI";"20ª REGIÃO CRATO";"POTENGI";"2022-02-12";"6";"0";"0";"0";"0";"0";"0"
"2022";"Dengue";"SERTÃO CENTRAL";"08ª REGIÃO QUIXADÁ";"BANABUIU";"2022-01-08";"1";"0";"2";"0";"0";"0";"0"
"2022";"Dengue";"CARIRI";"17ª REGIÃO ICÓ";"CEDRO";"2022-10-22";"42";"0";"0";"0";"0";"0";"0"
"2022";"Dengue";"LITORAL LESTE/JAGUARIBE";"10ª REGIÃO LIMOEIRO DO NORTE";"ALTO SANTO";"2022-04-16";"15";"0";"0";"0";"0";"0";"0"
"2022";"Dengue";"LITORAL LESTE/JAGUARIBE";"10ª REGIÃO LIMOEIRO DO NORTE";"JAGUARIBARA";"2022-09-17";"37";"0";"11";"0";"0";"6";"0"
"2022";"Dengue";"FORTALEZA";"03ª REGIÃO MARACANAÚ";"PALMACIA";"2022-06-04";"22";"0";"14";"0";"0";"2";"0"
"2022";"Dengue";"FORTALEZA";"06ª REGIÃO DE ITAPIPOCA";"MIRAIMA";"2022-10-29";"43";"0";"4";"0";"0";"1";"0"
"2022";"Dengue";"SOBRAL";"11ª REGIÃO SOBRAL";"SOBRAL";"2022-01-29";"4";"0";"7";"0";"0";"0";"0"
"2022";"Dengue";"SERTÃO CENTRAL";"05ª REGIÃO DE CANINDÉ";"ITATIRA";"2022-04-02";"13";"0";"0";"0";"0";"0";"0"
"2022";"Dengue";"FORTALEZA";"01ª REGIÃO FORTALEZA";"EUSEBIO";"2022-05-28";"21";"0";"6";"0";"0";"2";"0"
"2022";"Dengue";"SOBRAL";"13ª REGIÃO TIANGUÁ";"VICOSA DO CEARA";"2022-06-11";"23";"0";"6";"0";"0";"3";"0"
"2022";"Dengue";"CARIRI";"18ª REGIÃO IGUATU";"IGUATU";"2022-10-22";"42";"0";"0";"0";"0";"0";"0"
"2022";"Dengue";"LITORAL LESTE/JAGUARIBE";"10ª REGIÃO LIMOEIRO DO NORTE";"QUIXERE";"2022-07-23";"29";"0";"16";"0";"0";"0";"2"
"2022";"Dengue";"CARIRI";"21ª REGIÃO JUAZEIRO DO NORTE";"MISSAO VELHA";"2022-12-24";"51";"0";"0";"0";"0";"0";"0"
"2022";"Dengue";"CARIRI";"20ª REGIÃO CRATO";"NOVA OLINDA";"2022-09-24";"38";"0";"0";"0";"0";"0";"0"
"2022";"Dengue";"SOBRAL";"11ª REGIÃO SOBRAL";"MUCAMBO";"2022-02-19";"7";"0";"0";"0";"0";"0";"0"
"2022";"Dengue";"FORTALEZA";"02ª REGIÃO CAUCAIA";"APUIARES";"2022-10-08";"40";"0";"0";"0";"0";"0";"0"
"2022";"Dengue";"SERTÃO CENTRAL";"08ª REGIÃO QUIXADÁ";"IBICUITINGA";"2022-09-24";"38";"0";"0";"0";"0";"0";"0"
"2022";"Dengue";"SOBRAL";"11ª REGIÃO SOBRAL";"PIRES FERREIRA";"2022-04-02";"13";"0";"0";"0";"0";"0";"0"
"2022";"Dengue";"SOBRAL";"12ª REGIÃO ACARAÚ";"CRUZ";"2022-10-08";"40";"0";"0";"0";"0";"0";"0"
"2022";"Dengue";"FORTALEZA";"03ª REGIÃO MARACANAÚ";"ACARAPE";"2022-06-11";"23";"0";"1";"0";"0";"1";"0"
"2022";"Dengue";"CARIRI";"20ª REGIÃO CRATO";"SANTANA DO CARIRI";"2022-07-23";"29";"0";"0";"0";"0";"0";"0"
"2022";"Dengue";"SOBRAL";"11ª REGIÃO SOBRAL";"MUCAMBO";"2022-03-19";"11";"0";"1";"0";"0";"0";"0"
"2022";"Dengue";"CARIRI";"20ª REGIÃO CRATO";"SALITRE";"2022-07-23";"29";"0";"0";"0";"0";"0";"0"
"2022";"Dengue";"SERTÃO CENTRAL";"08ª REGIÃO QUIXADÁ";"IBICUITINGA";"2022-03-12";"10";"0";"0";"0";"0";"0";"0"
"2022";"Dengue";"FORTALEZA";"03ª REGIÃO MARACANAÚ";"MARACANAU";"2022-10-15";"41";"0";"1";"0";"0";"0";"1"
"2022";"Dengue";"SOBRAL";"11ª REGIÃO SOBRAL";"SANTA QUITERIA";"2022-12-17";"50";"0";"0";"0";"0";"0";"0"
"2022";"Dengue";"CARIRI";"21ª REGIÃO JUAZEIRO DO NORTE";"JARDIM";"2022-04-16";"15";"0";"26";"0";"0";"2";"0"
"2022";"Dengue";"SOBRAL";"11ª REGIÃO SOBRAL";"ALCANTARAS";"2022-02-19";"7";"0";"0";"0";"0";"0";"0"
"2022";"Dengue";"SOBRAL";"11ª REGIÃO SOBRAL";"SOBRAL";"2022-06-25";"25";"0";"512";"0";"0";"97";"15"
"2022";"Dengue";"SOBRAL";"16ª REGIÃO CAMOCIM";"CAMOCIM";"2022-02-26";"8";"0";"0";"0";"0";"0";"0"
"2022";"Dengue";"CARIRI";"18ª REGIÃO IGUATU";"MOMBACA";"2022-07-16";"28";"0";"6";"0";"0";"1";"2"
"2022";"Dengue";"FORTALEZA";"02ª REGIÃO CAUCAIA";"GENERAL SAMPAIO";"2022-08-27";"34";"0";"0";"0";"0";"0";"0"
"2022";"Dengue";"FORTALEZA";"03ª REGIÃO MARACANAÚ";"MARACANAU";"2022-10-08";"40";"0";"1";"0";"0";"0";"1"
"2022";"Dengue";"CARIRI";"21ª REGIÃO JUAZEIRO DO NORTE";"JUAZEIRO DO NORTE";"2022-10-29";"43";"0";"2";"0";"0";"0";"0"
"2022";"Dengue";"FORTALEZA";"02ª REGIÃO CAUCAIA";"CAUCAIA";"2022-10-15";"41";"0";"6";"0";"0";"2";"4"
"2022";"Dengue";"CARIRI";"18ª REGIÃO IGUATU";"CARIUS";"2022-06-18";"24";"0";"6";"0";"0";"0";"0"
"2022";"Dengue";"LITORAL LESTE/JAGUARIBE";"10ª REGIÃO LIMOEIRO DO NORTE";"JAGUARIBARA";"2022-07-30";"30";"0";"9";"0";"0";"1";"1"
"2022";"Dengue";"SOBRAL";"15ª REGIÃO CRATEÚS";"ARARENDA";"2022-03-05";"9";"0";"0";"0";"0";"0";"0"
"2022";"Dengue";"FORTALEZA";"06ª REGIÃO DE ITAPIPOCA";"TRAIRI";"2022-01-15";"2";"0";"1";"0";"0";"0";"0"
"2022";"Dengue";"LITORAL LESTE/JAGUARIBE";"10ª REGIÃO LIMOEIRO DO NORTE";"PEREIRO";"2022-03-05";"9";"0";"1";"0";"0";"0";"0"
"2022";"Dengue";"CARIRI";"20ª REGIÃO CRATO";"NOVA OLINDA";"2022-11-12";"45";"0";"0";"0";"0";"0";"0"
"2022";"Dengue";"SOBRAL";"11ª REGIÃO SOBRAL";"SENADOR SA";"2022-06-04";"22";"0";"0";"0";"0";"0";"0"
"2022";"Dengue";"SOBRAL";"11ª REGIÃO SOBRAL";"HIDROLANDIA";"2022-08-13";"32";"0";"2";"0";"0";"0";"0"
"2022";"Dengue";"CARIRI";"20ª REGIÃO CRATO";"CRATO";"2022-06-18";"24";"0";"29";"0";"0";"1";"28"
"2022";"Dengue";"CARIRI";"21ª REGIÃO JUAZEIRO DO NORTE";"MISSAO VELHA";"2022-10-01";"39";"0";"1";"0";"0";"1";"0"
"2022";"Dengue";"CARIRI";"20ª REGIÃO CRATO";"ALTANEIRA";"2022-12-10";"49";"0";"0";"0";"0";"0";"0"
"2022";"Dengue";"SOBRAL";"11ª REGIÃO SOBRAL";"SOBRAL";"2022-04-09";"14";"0";"25";"0";"0";"4";"0"
"2022";"Dengue";"LITORAL LESTE/JAGUARIBE";"10ª REGIÃO LIMOEIRO DO NORTE";"PEREIRO";"2022-03-26";"12";"0";"1";"0";"0";"0";"0"
"2022";"Dengue";"CARIRI";"20ª REGIÃO CRATO";"VARZEA ALEGRE";"2022-01-22";"3";"0";"1";"0";"0";"0";"0"
"2022";"Dengue";"CARIRI";"21ª REGIÃO JUAZEIRO DO NORTE";"BARBALHA";"2022-01-08";"1";"0";"32";"0";"0";"4";"0"
"2022";"Dengue";"CARIRI";"21ª REGIÃO JUAZEIRO DO NORTE";"CARIRIACU";"2022-03-05";"9";"0";"3";"0";"0";"0";"0"
"2022";"Dengue";"FORTALEZA";"06ª REGIÃO DE ITAPIPOCA";"UMIRIM";"2022-10-22";"42";"0";"0";"0";"0";"0";"0"
"2022";"Dengue";"CARIRI";"21ª REGIÃO JUAZEIRO DO NORTE";"JUAZEIRO DO NORTE";"2022-06-25";"25";"0";"26";"0";"0";"2";"0"
"2022";"Dengue";"LITORAL LESTE/JAGUARIBE";"09ª REGIÃO RUSSAS";"JAGUARUANA";"2022-06-11";"23";"0";"51";"0";"0";"11";"26"
"2022";"Dengue";"CARIRI";"18ª REGIÃO IGUATU";"CATARINA";"2022-10-29";"43";"0";"0";"0";"0";"0";"0"
"2022";"Dengue";"SOBRAL";"16ª REGIÃO CAMOCIM";"BARROQUINHA";"2022-07-09";"27";"0";"13";"0";"0";"0";"0"
"2022";"Dengue";"FORTALEZA";"02ª REGIÃO CAUCAIA";"TEJUCUOCA";"2022-01-08";"1";"0";"0";"0";"0";"0";"0"
"2022";"Dengue";"FORTALEZA";"04ª REGIÃO BATURITÉ";"GUARAMIRANGA";"2022-07-02";"26";"0";"0";"0";"0";"0";"0"
"2022";"Dengue";"FORTALEZA";"01ª REGIÃO FORTALEZA";"FORTALEZA";"2022-09-24";"38";"0";"347";"0";"0";"25";"88"
"2022";"Dengue";"SOBRAL";"12ª REGIÃO ACARAÚ";"MORRINHOS";"2022-07-16";"28";"0";"1";"0";"0";"1";"0"
"2022";"Dengue";"CARIRI";"17ª REGIÃO ICÓ";"ICO";"2022-07-30";"30";"0";"15";"0";"0";"0";"2"
"2022";"Dengue";"FORTALEZA";"02ª REGIÃO CAUCAIA";"PARACURU";"2022-04-23";"16";"0";"16";"0";"0";"5";"4"
"2022";"Dengue";"SERTÃO CENTRAL";"08ª REGIÃO QUIXADÁ";"SOLONOPOLE";"2022-10-15";"41";"0";"0";"0";"0";"0";"0"
"2022";"Dengue";"FORTALEZA";"22ª REGIÃO CASCAVEL";"PACAJUS";"2022-05-21";"20";"0";"12";"0";"0";"1";"0"
"2022";"Dengue";"FORTALEZA";"03ª REGIÃO MARACANAÚ";"MARANGUAPE";"2022-11-26";"47";"0";"5";"0";"0";"0";"0"
"2022";"Dengue";"FORTALEZA";"04ª REGIÃO BATURITÉ";"GUARAMIRANGA";"2022-06-04";"22";"0";"3";"0";"0";"0";"1"
"2022";"Dengue";"SOBRAL";"15ª REGIÃO CRATEÚS";"TAMBORIL";"2022-04-23";"16";"0";"0";"0";"0";"0";"0"
"2022";"Dengue";"CARIRI";"20ª REGIÃO CRATO";"ASSARE";"2022-06-25";"25";"0";"4";"0";"0";"1";"2"
"2022";"Dengue";"FORTALEZA";"03ª REGIÃO MARACANAÚ";"MARANGUAPE";"2022-10-08";"40";"0";"5";"0";"0";"0";"0"
"2022";"Dengue";"LITORAL LESTE/JAGUARIBE";"07ª REGIÃO ARACATI";"ICAPUI";"2022-02-26";"8";"0";"4";"0";"0";"0";"0"
"2022";"Dengue";"CARIRI";"18ª REGIÃO IGUATU";"CATARINA";"2022-02-19";"7";"0";"0";"0";"0";"0";"0"
"2022";"Dengue";"FORTALEZA";"02ª REGIÃO CAUCAIA";"TEJUCUOCA";"2022-05-21";"20";"0";"1";"0";"0";"0";"0"
"2022";"Dengue";"LITORAL LESTE/JAGUARIBE";"10ª REGIÃO LIMOEIRO DO NORTE";"PEREIRO";"2022-09-03";"35";"0";"0";"0";"0";"0";"0"
"2022";"Dengue";"SOBRAL";"15ª REGIÃO CRATEÚS";"IPAPORANGA";"2022-09-24";"38";"0";"0";"0";"0";"0";"0"
"2022";"Dengue";"SERTÃO CENTRAL";"05ª REGIÃO DE CANINDÉ";"CARIDADE";"2022-05-07";"18";"0";"1";"0";"0";"0";"1"
"2022";"Dengue";"FORTALEZA";"22ª REGIÃO CASCAVEL";"HORIZONTE";"2022-05-14";"19";"0";"10";"0";"0";"2";"3"
"2022";"Dengue";"SOBRAL";"12ª REGIÃO ACARAÚ";"CRUZ";"2022-03-26";"12";"0";"1";"0";"0";"0";"0"
"2022";"Dengue";"CARIRI";"17ª REGIÃO ICÓ";"ICO";"2022-10-22";"42";"0";"7";"0";"0";"1";"1"
"2022";"Dengue";"FORTALEZA";"22ª REGIÃO CASCAVEL";"PINDORETAMA";"2022-08-13";"32";"0";"0";"0";"0";"0";"0"
"2022";"Dengue";"FORTALEZA";"22ª REGIÃO CASCAVEL";"BEBERIBE";"2022-05-14";"19";"0";"36";"0";"0";"12";"15"
"2022";"Dengue";"SOBRAL";"13ª REGIÃO TIANGUÁ";"UBAJARA";"2022-07-23";"29";"0";"2";"0";"0";"2";"0"
"2022";"Dengue";"CARIRI";"17ª REGIÃO ICÓ";"CEDRO";"2022-10-08";"40";"0";"0";"0";"0";"0";"0"
"2022";"Dengue";"FORTALEZA";"02ª REGIÃO CAUCAIA";"PENTECOSTE";"2022-01-15";"2";"0";"0";"0";"0";"0";"0"
"2022";"Dengue";"SOBRAL";"15ª REGIÃO CRATEÚS";"INDEPENDENCIA";"2022-10-29";"43";"0";"0";"0";"0";"0";"0"
"2022";"Dengue";"SERTÃO CENTRAL";"05ª REGIÃO DE CANINDÉ";"BOA VIAGEM";"2022-10-15";"41";"0";"0";"0";"0";"0";"0"
"2022";"Dengue";"LITORAL LESTE/JAGUARIBE";"09ª REGIÃO RUSSAS";"JAGUARUANA";"2022-10-15";"41";"0";"3";"0";"0";"0";"0"
"2022";"Dengue";"CARIRI";"19ª REGIÃO BREJO SANTO";"PORTEIRAS";"2022-11-05";"44";"0";"0";"0";"0";"0";"0"
"2022";"Dengue";"SOBRAL";"16ª REGIÃO CAMOCIM";"GRANJA";"2022-04-23";"16";"0";"1";"0";"0";"0";"0"
"2022";"Dengue";"SERTÃO CENTRAL";"08ª REGIÃO QUIXADÁ";"QUIXERAMOBIM";"2022-10-15";"41";"0";"0";"0";"0";"0";"0"
"2022";"Dengue";"CARIRI";"19ª REGIÃO BREJO SANTO";"BREJO SANTO";"2022-06-04";"22";"0";"9";"0";"0";"2";"5"
"2022";"Dengue";"LITORAL LESTE/JAGUARIBE";"10ª REGIÃO LIMOEIRO DO NORTE";"QUIXERE";"2022-03-26";"12";"0";"1";"0";"0";"0";"0"
"2022";"Dengue";"FORTALEZA";"22ª REGIÃO CASCAVEL";"OCARA";"2022-02-05";"5";"0";"0";"0";"0";"0";"0"
"2022";"Dengue";"SOBRAL";"15ª REGIÃO CRATEÚS";"INDEPENDENCIA";"2022-10-22";"42";"0";"1";"0";"0";"0";"0"
"2022";"Dengue";"CARIRI";"17ª REGIÃO ICÓ";"IPAUMIRIM";"2022-09-03";"35";"0";"0";"0";"0";"0";"0"
"2022";"Dengue";"SOBRAL";"16ª REGIÃO CAMOCIM";"BARROQUINHA";"2022-10-08";"40";"0";"1";"0";"0";"0";"0"
"2022";"Dengue";"SERTÃO CENTRAL";"14ª REGIÃO TAUÁ";"AIUABA";"2022-09-24";"38";"0";"13";"0";"0";"5";"6"
"2022";"Dengue";"FORTALEZA";"03ª REGIÃO MARACANAÚ";"ACARAPE";"2022-08-06";"31";"0";"0";"0";"0";"0";"0"
"2022";"Dengue";"FORTALEZA";"03ª REGIÃO MARACANAÚ";"PACATUBA";"2022-07-23";"29";"0";"9";"0";"0";"0";"7"
"2022";"Dengue";"SOBRAL";"12ª REGIÃO ACARAÚ";"ITAREMA";"2022-04-02";"13";"0";"0";"0";"0";"0";"0"
"2022";"Dengue";"LITORAL LESTE/JAGUARIBE";"10ª REGIÃO LIMOEIRO DO NORTE";"PEREIRO";"2022-02-12";"6";"0";"0";"0";"0";"0";"0"
"2022";"Dengue";"FORTALEZA";"04ª REGIÃO BATURITÉ";"PACOTI";"2022-09-10";"36";"0";"0";"0";"0";"0";"0"
"2022";"Dengue";"FORTALEZA";"22ª REGIÃO CASCAVEL";"BEBERIBE";"2022-10-22";"42";"0";"1";"0";"0";"0";"1"
"2022";"Dengue";"FORTALEZA";"22ª REGIÃO CASCAVEL";"PACAJUS";"2022-09-10";"36";"0";"0";"0";"0";"0";"0"
"2022";"Dengue";"CARIRI";"17ª REGIÃO ICÓ";"IPAUMIRIM";"2022-02-26";"8";"0";"0";"0";"0";"0";"0"
"2022";"Dengue";"FORTALEZA";"03ª REGIÃO MARACANAÚ";"PACATUBA";"2022-09-24";"38";"0";"3";"0";"0";"0";"1"
"2022";"Dengue";"SOBRAL";"11ª REGIÃO SOBRAL";"URUOCA";"2022-07-09";"27";"0";"0";"0";"0";"0";"0"
"2022";"Dengue";"CARIRI";"18ª REGIÃO IGUATU";"IGUATU";"2022-02-19";"7";"0";"3";"0";"0";"0";"1"
"2022";"Dengue";"CARIRI";"19ª REGIÃO BREJO SANTO";"MAURITI";"2022-02-05";"5";"0";"0";"0";"0";"0";"0"
"2022";"Dengue";"SERTÃO CENTRAL";"05ª REGIÃO DE CANINDÉ";"CARIDADE";"2022-08-20";"33";"0";"1";"0";"0";"0";"0"
"2022";"Dengue";"FORTALEZA";"22ª REGIÃO CASCAVEL";"PINDORETAMA";"2022-12-31";"52";"0";"0";"0";"0";"0";"0"
"2022";"Dengue";"FORTALEZA";"04ª REGIÃO BATURITÉ";"ITAPIUNA";"2022-07-23";"29";"0";"0";"0";"0";"0";"0"
"2022";"Dengue";"FORTALEZA";"22ª REGIÃO CASCAVEL";"OCARA";"2022-06-11";"23";"0";"15";"0";"0";"0";"0"
"2022";"Dengue";"CARIRI";"17ª REGIÃO ICÓ";"ICO";"2022-04-02";"13";"0";"2";"0";"0";"0";"0"
"2022";"Dengue";"SOBRAL";"15ª REGIÃO CRATEÚS";"ARARENDA";"2022-04-30";"17";"0";"0";"0";"0";"0";"0"
"2022";"Dengue";"LITORAL LESTE/JAGUARIBE";"09ª REGIÃO RUSSAS";"JAGUARETAMA";"2022-04-23";"16";"0";"2";"0";"0";"0";"0"
"2022";"Dengue";"CARIRI";"17ª REGIÃO ICÓ";"ICO";"2022-10-08";"40";"0";"9";"0";"0";"0";"0"
"2022";"Dengue";"LITORAL LESTE/JAGUARIBE";"10ª REGIÃO LIMOEIRO DO NORTE";"TABULEIRO DO NORTE";"2022-03-19";"11";"0";"0";"0";"0";"0";"0"
"2022";"Dengue";"LITORAL LESTE/JAGUARIBE";"10ª REGIÃO LIMOEIRO DO NORTE";"IRACEMA";"2022-12-24";"51";"0";"0";"0";"0";"0";"0"
"2022";"Dengue";"SOBRAL";"12ª REGIÃO ACARAÚ";"MORRINHOS";"2022-05-07";"18";"0";"4";"0";"0";"1";"1"
"2022";"Dengue";"SERTÃO CENTRAL";"08ª REGIÃO QUIXADÁ";"SENADOR POMPEU";"2022-07-23";"29";"0";"2";"0";"0";"0";"0"
"2022";"Dengue";"SERTÃO CENTRAL";"14ª REGIÃO TAUÁ";"TAUA";"2022-12-17";"50";"0";"8";"0";"0";"0";"0"
"2022";"Dengue";"LITORAL LESTE/JAGUARIBE";"09ª REGIÃO RUSSAS";"PALHANO";"2022-07-02";"26";"0";"9";"0";"0";"0";"2"
"2022";"Dengue";"SERTÃO CENTRAL";"08ª REGIÃO QUIXADÁ";"IBARETAMA";"2022-07-02";"26";"0";"1";"0";"0";"1";"0"
"2022";"Dengue";"SERTÃO CENTRAL";"14ª REGIÃO TAUÁ";"AIUABA";"2022-04-30";"17";"0";"3";"0";"0";"2";"1"
"2022";"Dengue";"FORTALEZA";"03ª REGIÃO MARACANAÚ";"ACARAPE";"2022-03-12";"10";"0";"0";"0";"0";"0";"0"
"2022";"Dengue";"LITORAL LESTE/JAGUARIBE";"10ª REGIÃO LIMOEIRO DO NORTE";"IRACEMA";"2022-01-29";"4";"0";"1";"0";"0";"0";"0"
"2022";"Dengue";"FORTALEZA";"03ª REGIÃO MARACANAÚ";"PALMACIA";"2022-02-05";"5";"0";"4";"0";"0";"3";"0"
"2022";"Dengue";"CARIRI";"21ª REGIÃO JUAZEIRO DO NORTE";"GRANJEIRO";"2022-11-19";"46";"0";"0";"0";"0";"0";"0"
"2022";"Dengue";"FORTALEZA";"22ª REGIÃO CASCAVEL";"BEBERIBE";"2022-06-18";"24";"0";"18";"0";"0";"7";"5"
"2022";"Dengue";"CARIRI";"19ª REGIÃO BREJO SANTO";"AURORA";"2022-04-09";"14";"0";"7";"0";"0";"0";"0"
"2022";"Dengue";"SOBRAL";"11ª REGIÃO SOBRAL";"ALCANTARAS";"2022-11-19";"46";"0";"1";"0";"0";"0";"1"
"2022";"Dengue";"SERTÃO CENTRAL";"14ª REGIÃO TAUÁ";"AIUABA";"2022-01-29";"4";"0";"0";"0";"0";"0";"0"
"2022";"Dengue";"CARIRI";"19ª REGIÃO BREJO SANTO";"PENAFORTE";"2022-04-30";"17";"0";"0";"0";"0";"0";"0"
"2022";"Dengue";"FORTALEZA";"06ª REGIÃO DE ITAPIPOCA";"TURURU";"2022-03-19";"11";"0";"14";"0";"0";"3";"5"
"2022";"Dengue";"CARIRI";"17ª REGIÃO ICÓ";"LAVRAS DA MANGABEIRA";"2022-12-31";"52";"0";"0";"0";"0";"0";"0"
"2022";"Dengue";"SOBRAL";"11ª REGIÃO SOBRAL";"SANTANA DO ACARAU";"2022-10-08";"40";"0";"0";"0";"0";"0";"0"
"2022";"Dengue";"FORTALEZA";"04ª REGIÃO BATURITÉ";"ARACOIABA";"2022-05-14";"19";"0";"3";"0";"0";"0";"0"
"2022";"Dengue";"SOBRAL";"15ª REGIÃO CRATEÚS";"CRATEUS";"2022-06-25";"25";"0";"11";"0";"0";"1";"3"
"2022";"Dengue";"SOBRAL";"11ª REGIÃO SOBRAL";"CARIRE";"2022-09-24";"38";"0";"0";"0";"0";"0";"0"
"2022";"Dengue";"SOBRAL";"11ª REGIÃO SOBRAL";"PACUJA";"2022-01-29";"4";"0";"0";"0";"0";"0";"0"
"2022";"Dengue";"CARIRI";"21ª REGIÃO JUAZEIRO DO NORTE";"MISSAO VELHA";"2022-07-16";"28";"0";"0";"0";"0";"0";"0"
"2022";"Dengue";"SOBRAL";"13ª REGIÃO TIANGUÁ";"GUARACIABA DO NORTE";"2022-02-19";"7";"0";"0";"0";"0";"0";"0"
"2022";"Dengue";"SOBRAL";"16ª REGIÃO CAMOCIM";"CAMOCIM";"2022-01-22";"3";"0";"1";"0";"0";"0";"0"
"2022";"Dengue";"CARIRI";"20ª REGIÃO CRATO";"ALTANEIRA";"2022-10-01";"39";"0";"0";"0";"0";"0";"0"
"2022";"Dengue";"FORTALEZA";"02ª REGIÃO CAUCAIA";"PARAIPABA";"2022-08-20";"33";"0";"0";"0";"0";"0";"0"
"2022";"Dengue";"FORTALEZA";"04ª REGIÃO BATURITÉ";"ARATUBA";"2022-09-10";"36";"0";"1";"0";"0";"0";"1"
"2022";"Dengue";"SOBRAL";"12ª REGIÃO ACARAÚ";"MARCO";"2022-10-15";"41";"0";"1";"0";"0";"0";"0"
"2022";"Dengue";"SOBRAL";"12ª REGIÃO ACARAÚ";"MORRINHOS";"2022-11-26";"47";"0";"0";"0";"0";"0";"0"
"2022";"Dengue";"SOBRAL";"11ª REGIÃO SOBRAL";"IPU";"2022-04-16";"15";"0";"7";"0";"0";"6";"1"
"2022";"Dengue";"FORTALEZA";"04ª REGIÃO BATURITÉ";"MULUNGU";"2022-10-01";"39";"0";"0";"0";"0";"0";"0"
"2022";"Dengue";"CARIRI";"20ª REGIÃO CRATO";"ANTONINA DO NORTE";"2022-04-02";"13";"0";"0";"0";"0";"0";"0"
"2022";"Dengue";"FORTALEZA";"04ª REGIÃO BATURITÉ";"ARACOIABA";"2022-04-02";"13";"0";"1";"0";"0";"0";"0"
"2022";"Dengue";"FORTALEZA";"04ª REGIÃO BATURITÉ";"BATURITE";"2022-08-13";"32";"0";"0";"0";"0";"0";"0"
"2022";"Dengue";"SOBRAL";"11ª REGIÃO SOBRAL";"FORQUILHA";"2022-03-26";"12";"0";"0";"0";"0";"0";"0"
"2022";"Dengue";"LITORAL LESTE/JAGUARIBE";"10ª REGIÃO LIMOEIRO DO NORTE";"PEREIRO";"2022-08-20";"33";"0";"1";"0";"0";"0";"1"
"2022";"Dengue";"CARIRI";"21ª REGIÃO JUAZEIRO DO NORTE";"GRANJEIRO";"2022-12-31";"52";"0";"0";"0";"0";"0";"0"
"2022";"Dengue";"SOBRAL";"12ª REGIÃO ACARAÚ";"ACARAU";"2022-07-23";"29";"0";"0";"0";"0";"0";"0"
"2022";"Dengue";"CARIRI";"17ª REGIÃO ICÓ";"CEDRO";"2022-01-15";"2";"0";"1";"0";"0";"0";"0"
"2022";"Dengue";"CARIRI";"19ª REGIÃO BREJO SANTO";"BREJO SANTO";"2022-05-21";"20";"0";"58";"0";"0";"12";"11"
"2022";"Dengue";"CARIRI";"19ª REGIÃO BREJO SANTO";"PORTEIRAS";"2022-06-04";"22";"0";"16";"0";"0";"0";"12"
"2022";"Dengue";"FORTALEZA";"03ª REGIÃO MARACANAÚ";"GUAIUBA";"2022-10-08";"40";"0";"0";"0";"0";"0";"0"
"2022";"Dengue";"SOBRAL";"11ª REGIÃO SOBRAL";"GROAIRAS";"2022-04-09";"14";"0";"16";"0";"0";"12";"0"
"2022";"Dengue";"SOBRAL";"11ª REGIÃO SOBRAL";"URUOCA";"2022-02-19";"7";"0";"0";"0";"0";"0";"0"
"2022";"Dengue";"SERTÃO CENTRAL";"14ª REGIÃO TAUÁ";"TAUA";"2022-07-16";"28";"0";"33";"0";"0";"19";"1"
"2022";"Dengue";"CARIRI";"21ª REGIÃO JUAZEIRO DO NORTE";"CARIRIACU";"2022-01-08";"1";"0";"1";"0";"0";"0";"0"
"2022";"Dengue";"CARIRI";"21ª REGIÃO JUAZEIRO DO NORTE";"JUAZEIRO DO NORTE";"2022-01-29";"4";"0";"95";"0";"0";"1";"0"
"2022";"Dengue";"SOBRAL";"11ª REGIÃO SOBRAL";"ALCANTARAS";"2022-01-22";"3";"0";"0";"0";"0";"0";"0"
"2022";"Dengue";"CARIRI";"19ª REGIÃO BREJO SANTO";"BARRO";"2022-06-04";"22";"0";"20";"0";"0";"12";"0"
"2022";"Dengue";"SOBRAL";"11ª REGIÃO SOBRAL";"RERIUTABA";"2022-08-06";"31";"0";"1";"0";"0";"0";"0"
"2022";"Dengue";"SOBRAL";"11ª REGIÃO SOBRAL";"FORQUILHA";"2022-01-15";"2";"0";"0";"0";"0";"0";"0"
"2022";"Dengue";"SOBRAL";"11ª REGIÃO SOBRAL";"GROAIRAS";"2022-03-26";"12";"0";"6";"0";"0";"5";"0"
"2022";"Dengue";"FORTALEZA";"02ª REGIÃO CAUCAIA";"GENERAL SAMPAIO";"2022-06-11";"23";"1";"0";"1";"0";"1";"0"
"2022";"Dengue";"LITORAL LESTE/JAGUARIBE";"10ª REGIÃO LIMOEIRO DO NORTE";"POTIRETAMA";"2022-11-26";"47";"0";"0";"0";"0";"0";"0"
"2022";"Dengue";"FORTALEZA";"22ª REGIÃO CASCAVEL";"CHOROZINHO";"2022-01-29";"4";"0";"0";"0";"0";"0";"0"
"2022";"Dengue";"SOBRAL";"11ª REGIÃO SOBRAL";"PACUJA";"2022-09-10";"36";"0";"1";"0";"0";"1";"0"
"2022";"Dengue";"FORTALEZA";"03ª REGIÃO MARACANAÚ";"REDENCAO";"2022-10-01";"39";"0";"1";"0";"0";"0";"0"
"2022";"Dengue";"SOBRAL";"13ª REGIÃO TIANGUÁ";"TIANGUA";"2022-07-16";"28";"0";"38";"0";"0";"8";"1"
"2022";"Dengue";"SERTÃO CENTRAL";"14ª REGIÃO TAUÁ";"PARAMBU";"2022-01-08";"1";"0";"0";"0";"0";"0";"0"
"2022";"Dengue";"FORTALEZA";"22ª REGIÃO CASCAVEL";"CHOROZINHO";"2022-09-17";"37";"0";"1";"0";"0";"1";"0"
"2022";"Dengue";"SOBRAL";"12ª REGIÃO ACARAÚ";"MORRINHOS";"2022-01-22";"3";"0";"0";"0";"0";"0";"0"
"2022";"Dengue";"LITORAL LESTE/JAGUARIBE";"10ª REGIÃO LIMOEIRO DO NORTE";"JAGUARIBARA";"2022-08-20";"33";"0";"19";"0";"0";"6";"0"
"2022";"Dengue";"SOBRAL";"15ª REGIÃO CRATEÚS";"IPUEIRAS";"2022-12-10";"49";"0";"0";"0";"0";"0";"0"
"2022";"Dengue";"SERTÃO CENTRAL";"08ª REGIÃO QUIXADÁ";"BANABUIU";"2022-04-30";"17";"0";"7";"0";"0";"3";"0"
"2022";"Dengue";"LITORAL LESTE/JAGUARIBE";"10ª REGIÃO LIMOEIRO DO NORTE";"IRACEMA";"2022-10-15";"41";"0";"0";"0";"0";"0";"0"
"2022";"Dengue";"FORTALEZA";"02ª REGIÃO CAUCAIA";"GENERAL SAMPAIO";"2022-02-05";"5";"0";"0";"0";"0";"0";"0"
"2022";"Dengue";"FORTALEZA";"02ª REGIÃO CAUCAIA";"PARACURU";"2022-12-17";"50";"0";"0";"0";"0";"0";"0"
"2022";"Dengue";"SOBRAL";"16ª REGIÃO CAMOCIM";"GRANJA";"2022-07-09";"27";"0";"5";"0";"0";"0";"0"
"2022";"Dengue";"CARIRI";"19ª REGIÃO BREJO SANTO";"BREJO SANTO";"2022-02-12";"6";"0";"9";"0";"0";"0";"1"
"2022";"Dengue";"SOBRAL";"15ª REGIÃO CRATEÚS";"TAMBORIL";"2022-07-30";"30";"0";"1";"0";"0";"0";"0"
"2022";"Dengue";"FORTALEZA";"02ª REGIÃO CAUCAIA";"PENTECOSTE";"2022-09-10";"36";"0";"0";"0";"0";"0";"0"
"2022";"Dengue";"SERTÃO CENTRAL";"08ª REGIÃO QUIXADÁ";"IBARETAMA";"2022-03-05";"9";"0";"0";"0";"0";"0";"0"
"2022";"Dengue";"SOBRAL";"13ª REGIÃO TIANGUÁ";"VICOSA DO CEARA";"2022-04-23";"16";"0";"16";"0";"0";"0";"0"
"2022";"Dengue";"SOBRAL";"15ª REGIÃO CRATEÚS";"NOVA RUSSAS";"2022-10-08";"40";"0";"0";"0";"0";"0";"0"
"2022";"Dengue";"SOBRAL";"11ª REGIÃO SOBRAL";"COREAU";"2022-01-29";"4";"0";"0";"0";"0";"0";"0"
"2022";"Dengue";"SOBRAL";"16ª REGIÃO CAMOCIM";"CAMOCIM";"2022-02-12";"6";"0";"0";"0";"0";"0";"0"
"2022";"Dengue";"SERTÃO CENTRAL";"08ª REGIÃO QUIXADÁ";"QUIXADA";"2022-10-01";"39";"0";"8";"0";"0";"1";"5"
"2022";"Dengue";"SOBRAL";"11ª REGIÃO SOBRAL";"FRECHEIRINHA";"2022-04-16";"15";"0";"0";"0";"0";"0";"0"
"2022";"Dengue";"LITORAL LESTE/JAGUARIBE";"10ª REGIÃO LIMOEIRO DO NORTE";"QUIXERE";"2022-04-23";"16";"0";"1";"0";"0";"0";"0"
"2022";"Dengue";"FORTALEZA";"03ª REGIÃO MARACANAÚ";"BARREIRA";"2022-10-08";"40";"0";"0";"0";"0";"0";"0"
"2022";"Dengue";"LITORAL LESTE/JAGUARIBE";"10ª REGIÃO LIMOEIRO DO NORTE";"JAGUARIBE";"2022-03-05";"9";"0";"0";"0";"0";"0";"0"
"2022";"Dengue";"SOBRAL";"11ª REGIÃO SOBRAL";"VARJOTA";"2022-04-30";"17";"0";"0";"0";"0";"0";"0"
"2022";"Dengue";"FORTALEZA";"06ª REGIÃO DE ITAPIPOCA";"MIRAIMA";"2022-11-05";"44";"0";"0";"0";"0";"0";"0"
"2022";"Dengue";"SOBRAL";"13ª REGIÃO TIANGUÁ";"GUARACIABA DO NORTE";"2022-02-26";"8";"0";"0";"0";"0";"0";"0"
"2022";"Dengue";"SOBRAL";"13ª REGIÃO TIANGUÁ";"CROATA";"2022-07-30";"30";"0";"1";"0";"0";"0";"1"
"2022";"Dengue";"SOBRAL";"13ª REGIÃO TIANGUÁ";"GUARACIABA DO NORTE";"2022-09-24";"38";"0";"0";"0";"0";"0";"0"
"2022";"Dengue";"SOBRAL";"11ª REGIÃO SOBRAL";"VARJOTA";"2022-11-19";"46";"0";"0";"0";"0";"0";"0"
"2022";"Dengue";"CARIRI";"20ª REGIÃO CRATO";"SANTANA DO CARIRI";"2022-01-22";"3";"0";"0";"0";"0";"0";"0"
"2022";"Dengue";"SERTÃO CENTRAL";"08ª REGIÃO QUIXADÁ";"QUIXADA";"2022-12-17";"50";"0";"0";"0";"0";"0";"0"
"2022";"Dengue";"SOBRAL";"16ª REGIÃO CAMOCIM";"MARTINOPOLE";"2022-01-15";"2";"0";"0";"0";"0";"0";"0"
"2022";"Dengue";"FORTALEZA";"03ª REGIÃO MARACANAÚ";"PACATUBA";"2022-02-12";"6";"0";"2";"0";"0";"1";"0"
"2022";"Dengue";"FORTALEZA";"02ª REGIÃO CAUCAIA";"PARAIPABA";"2022-12-03";"48";"0";"1";"0";"0";"0";"0"
"2022";"Dengue";"CARIRI";"20ª REGIÃO CRATO";"FARIAS BRITO";"2022-08-27";"34";"0";"0";"0";"0";"0";"0"
"2022";"Dengue";"FORTALEZA";"04ª REGIÃO BATURITÉ";"CAPISTRANO";"2022-01-29";"4";"0";"0";"0";"0";"0";"0"
"2022";"Dengue";"SERTÃO CENTRAL";"14ª REGIÃO TAUÁ";"ARNEIROZ";"2022-05-07";"18";"0";"0";"0";"0";"0";"0"
"2022";"Dengue";"SOBRAL";"11ª REGIÃO SOBRAL";"IRAUCUBA";"2022-12-17";"50";"0";"0";"0";"0";"0";"0"
"2022";"Dengue";"FORTALEZA";"22ª REGIÃO CASCAVEL";"CASCAVEL";"2022-02-05";"5";"0";"0";"0";"0";"0";"0"
"2022";"Dengue";"SOBRAL";"12ª REGIÃO ACARAÚ";"BELA CRUZ";"2022-12-24";"51";"0";"11";"0";"0";"4";"3"
"2022";"Dengue";"SOBRAL";"11ª REGIÃO SOBRAL";"SOBRAL";"2022-04-30";"17";"0";"76";"0";"0";"10";"2"
"2022";"Dengue";"SOBRAL";"11ª REGIÃO SOBRAL";"SANTANA DO ACARAU";"2022-10-01";"39";"0";"0";"0";"0";"0";"0"
"2022";"Dengue";"CARIRI";"17ª REGIÃO ICÓ";"CEDRO";"2022-12-10";"49";"0";"0";"0";"0";"0";"0"
"2022";"Dengue";"LITORAL LESTE/JAGUARIBE";"07ª REGIÃO ARACATI";"ICAPUI";"2022-05-21";"20";"0";"136";"0";"0";"0";"49"
"2022";"Dengue";"SOBRAL";"13ª REGIÃO TIANGUÁ";"UBAJARA";"2022-08-27";"34";"0";"3";"0";"0";"0";"0"
"2022";"Dengue";"FORTALEZA";"02ª REGIÃO CAUCAIA";"PARACURU";"2022-11-12";"45";"0";"0";"0";"0";"0";"0"
"2022";"Dengue";"CARIRI";"21ª REGIÃO JUAZEIRO DO NORTE";"CARIRIACU";"2022-12-10";"49";"0";"0";"0";"0";"0";"0"
"2022";"Dengue";"SOBRAL";"11ª REGIÃO SOBRAL";"SANTA QUITERIA";"2022-10-01";"39";"0";"0";"0";"0";"0";"0"
"2022";"Dengue";"CARIRI";"19ª REGIÃO BREJO SANTO";"MAURITI";"2022-07-02";"26";"0";"7";"0";"0";"0";"6"
"2022";"Dengue";"SOBRAL";"11ª REGIÃO SOBRAL";"SANTANA DO ACARAU";"2022-07-09";"27";"0";"4";"0";"0";"3";"0"
"2022";"Dengue";"FORTALEZA";"02ª REGIÃO CAUCAIA";"PARACURU";"2022-04-02";"13";"0";"14";"0";"0";"5";"3"
"2022";"Dengue";"SERTÃO CENTRAL";"05ª REGIÃO DE CANINDÉ";"CANINDE";"2022-08-06";"31";"0";"5";"0";"0";"0";"0"
"2022";"Dengue";"LITORAL LESTE/JAGUARIBE";"07ª REGIÃO ARACATI";"FORTIM";"2022-04-09";"14";"0";"2";"0";"0";"1";"0"
"2022";"Dengue";"FORTALEZA";"03ª REGIÃO MARACANAÚ";"REDENCAO";"2022-07-16";"28";"0";"0";"0";"0";"0";"0"
"2022";"Dengue";"FORTALEZA";"02ª REGIÃO CAUCAIA";"PARAIPABA";"2022-07-09";"27";"0";"0";"0";"0";"0";"0"
"2022";"Dengue";"FORTALEZA";"02ª REGIÃO CAUCAIA";"PENTECOSTE";"2022-09-03";"35";"0";"0";"0";"0";"0";"0"
"2022";"Dengue";"SOBRAL";"12ª REGIÃO ACARAÚ";"MARCO";"2022-03-26";"12";"0";"1";"0";"0";"1";"0"
"2022";"Dengue";"FORTALEZA";"01ª REGIÃO FORTALEZA";"FORTALEZA";"2022-01-29";"4";"0";"117";"0";"0";"5";"11"
"2022";"Dengue";"FORTALEZA";"01ª REGIÃO FORTALEZA";"AQUIRAZ";"2022-04-02";"13";"0";"1";"0";"0";"0";"0"
"2022";"Dengue";"CARIRI";"21ª REGIÃO JUAZEIRO DO NORTE";"JUAZEIRO DO NORTE";"2022-02-19";"7";"0";"401";"0";"0";"7";"1"
"2022";"Dengue";"CARIRI";"20ª REGIÃO CRATO";"ASSARE";"2022-11-19";"46";"0";"0";"0";"0";"0";"0"
"2022";"Dengue";"FORTALEZA";"06ª REGIÃO DE ITAPIPOCA";"ITAPIPOCA";"2022-11-12";"45";"0";"2";"0";"0";"0";"0"
"2022";"Dengue";"FORTALEZA";"04ª REGIÃO BATURITÉ";"ITAPIUNA";"2022-05-14";"19";"0";"6";"0";"0";"2";"0"
"2022";"Dengue";"SOBRAL";"11ª REGIÃO SOBRAL";"URUOCA";"2022-06-04";"22";"0";"1";"0";"0";"0";"0"
"2022";"Dengue";"CARIRI";"20ª REGIÃO CRATO";"ANTONINA DO NORTE";"2022-05-28";"21";"0";"8";"0";"0";"0";"0"
"2022";"Dengue";"SOBRAL";"16ª REGIÃO CAMOCIM";"GRANJA";"2022-01-29";"4";"0";"1";"0";"0";"0";"0"
"2022";"Dengue";"CARIRI";"18ª REGIÃO IGUATU";"QUIXELO";"2022-02-05";"5";"0";"0";"0";"0";"0";"0"
"2022";"Dengue";"SERTÃO CENTRAL";"05ª REGIÃO DE CANINDÉ";"BOA VIAGEM";"2022-03-05";"9";"0";"4";"0";"0";"0";"0"
"2022";"Dengue";"SOBRAL";"12ª REGIÃO ACARAÚ";"MORRINHOS";"2022-07-09";"27";"0";"0";"0";"0";"0";"0"
"2022";"Dengue";"SOBRAL";"11ª REGIÃO SOBRAL";"IPU";"2022-09-24";"38";"0";"0";"0";"0";"0";"0"
"2022";"Dengue";"FORTALEZA";"04ª REGIÃO BATURITÉ";"BATURITE";"2022-09-17";"37";"0";"0";"0";"0";"0";"0"
"2022";"Dengue";"FORTALEZA";"02ª REGIÃO CAUCAIA";"GENERAL SAMPAIO";"2022-12-31";"52";"0";"0";"0";"0";"0";"0"
"2022";"Dengue";"SOBRAL";"12ª REGIÃO ACARAÚ";"BELA CRUZ";"2022-11-19";"46";"0";"17";"0";"0";"10";"0"
"2022";"Dengue";"CARIRI";"20ª REGIÃO CRATO";"ARARIPE";"2022-02-19";"7";"0";"1";"0";"0";"0";"0"
"2022";"Dengue";"SERTÃO CENTRAL";"08ª REGIÃO QUIXADÁ";"SENADOR POMPEU";"2022-09-17";"37";"0";"0";"0";"0";"0";"0"
"2022";"Dengue";"CARIRI";"21ª REGIÃO JUAZEIRO DO NORTE";"BARBALHA";"2022-08-06";"31";"0";"2";"0";"0";"0";"0"
"2022";"Dengue";"CARIRI";"19ª REGIÃO BREJO SANTO";"PENAFORTE";"2022-07-16";"28";"0";"0";"0";"0";"0";"0"
"2022";"Dengue";"SOBRAL";"16ª REGIÃO CAMOCIM";"GRANJA";"2022-11-26";"47";"0";"1";"0";"0";"1";"0"
"2022";"Dengue";"CARIRI";"18ª REGIÃO IGUATU";"MOMBACA";"2022-07-09";"27";"0";"7";"0";"0";"0";"3"
"2022";"Dengue";"CARIRI";"18ª REGIÃO IGUATU";"CARIUS";"2022-06-11";"23";"0";"7";"0";"0";"1";"0"
"2022";"Dengue";"LITORAL LESTE/JAGUARIBE";"10ª REGIÃO LIMOEIRO DO NORTE";"SAO JOAO DO JAGUARIBE";"2022-09-17";"37";"0";"2";"0";"0";"0";"0"
"2022";"Dengue";"CARIRI";"21ª REGIÃO JUAZEIRO DO NORTE";"JARDIM";"2022-07-30";"30";"0";"0";"0";"0";"0";"0"
"2022";"Dengue";"FORTALEZA";"02ª REGIÃO CAUCAIA";"PENTECOSTE";"2022-01-29";"4";"0";"0";"0";"0";"0";"0"
"2022";"Dengue";"CARIRI";"17ª REGIÃO ICÓ";"ICO";"2022-02-12";"6";"0";"1";"0";"0";"0";"0"
"2022";"Dengue";"SOBRAL";"12ª REGIÃO ACARAÚ";"BELA CRUZ";"2022-03-26";"12";"0";"1";"0";"0";"0";"1"
"2022";"Dengue";"CARIRI";"20ª REGIÃO CRATO";"SALITRE";"2022-05-21";"20";"0";"30";"0";"0";"2";"0"
"2022";"Dengue";"FORTALEZA";"04ª REGIÃO BATURITÉ";"PACOTI";"2022-11-05";"44";"0";"0";"0";"0";"0";"0"
"2022";"Dengue";"SOBRAL";"15ª REGIÃO CRATEÚS";"NOVA RUSSAS";"2022-11-26";"47";"0";"0";"0";"0";"0";"0"
"2022";"Dengue";"FORTALEZA";"03ª REGIÃO MARACANAÚ";"ACARAPE";"2022-12-31";"52";"0";"0";"0";"0";"0";"0"
"2022";"Dengue";"SERTÃO CENTRAL";"08ª REGIÃO QUIXADÁ";"SENADOR POMPEU";"2022-10-29";"43";"0";"0";"0";"0";"0";"0"
"2022";"Dengue";"FORTALEZA";"04ª REGIÃO BATURITÉ";"ITAPIUNA";"2022-12-03";"48";"0";"0";"0";"0";"0";"0"
"2022";"Dengue";"SOBRAL";"15ª REGIÃO CRATEÚS";"ARARENDA";"2022-12-17";"50";"0";"0";"0";"0";"0";"0"
"2022";"Dengue";"SOBRAL";"15ª REGIÃO CRATEÚS";"ARARENDA";"2022-07-16";"28";"0";"1";"0";"0";"0";"0"
"2022";"Dengue";"FORTALEZA";"01ª REGIÃO FORTALEZA";"AQUIRAZ";"2022-01-22";"3";"0";"2";"0";"0";"0";"0"
"2022";"Dengue";"FORTALEZA";"06ª REGIÃO DE ITAPIPOCA";"AMONTADA";"2022-03-19";"11";"0";"1";"0";"0";"0";"0"
"2022";"Dengue";"SOBRAL";"13ª REGIÃO TIANGUÁ";"TIANGUA";"2022-11-19";"46";"0";"4";"0";"0";"0";"0"
"2022";"Dengue";"LITORAL LESTE/JAGUARIBE";"10ª REGIÃO LIMOEIRO DO NORTE";"JAGUARIBE";"2022-11-26";"47";"0";"4";"0";"0";"0";"0"
"2022";"Dengue";"FORTALEZA";"02ª REGIÃO CAUCAIA";"PARAIPABA";"2022-05-28";"21";"0";"2";"0";"0";"0";"0"
"2022";"Dengue";"SOBRAL";"12ª REGIÃO ACARAÚ";"ACARAU";"2022-10-29";"43";"0";"1";"0";"0";"1";"0"
"2022";"Dengue";"SOBRAL";"11ª REGIÃO SOBRAL";"VARJOTA";"2022-01-29";"4";"0";"0";"0";"0";"0";"0"
"2022";"Dengue";"FORTALEZA";"06ª REGIÃO DE ITAPIPOCA";"URUBURETAMA";"2022-02-26";"8";"0";"0";"0";"0";"0";"0"
"2022";"Dengue";"CARIRI";"20ª REGIÃO CRATO";"POTENGI";"2022-10-01";"39";"0";"0";"0";"0";"0";"0"
"2022";"Dengue";"FORTALEZA";"02ª REGIÃO CAUCAIA";"PARACURU";"2022-02-19";"7";"0";"2";"0";"0";"2";"0"
"2022";"Dengue";"CARIRI";"20ª REGIÃO CRATO";"ARARIPE";"2022-03-12";"10";"0";"7";"0";"0";"0";"0"
"2022";"Dengue";"FORTALEZA";"03ª REGIÃO MARACANAÚ";"GUAIUBA";"2022-06-11";"23";"0";"5";"0";"0";"2";"3"
"2022";"Dengue";"FORTALEZA";"22ª REGIÃO CASCAVEL";"HORIZONTE";"2022-12-17";"50";"0";"0";"0";"0";"0";"0"
"2022";"Dengue";"FORTALEZA";"22ª REGIÃO CASCAVEL";"PINDORETAMA";"2022-02-05";"5";"0";"7";"0";"0";"3";"0"
"2022";"Dengue";"SERTÃO CENTRAL";"08ª REGIÃO QUIXADÁ";"CHORO";"2022-09-03";"35";"0";"3";"0";"0";"1";"1"
"2022";"Dengue";"SERTÃO CENTRAL";"05ª REGIÃO DE CANINDÉ";"CARIDADE";"2022-09-24";"38";"0";"0";"0";"0";"0";"0"
"2022";"Dengue";"FORTALEZA";"03ª REGIÃO MARACANAÚ";"MARANGUAPE";"2022-11-19";"46";"0";"4";"0";"0";"0";"0"
"2022";"Dengue";"FORTALEZA";"03ª REGIÃO MARACANAÚ";"MARACANAU";"2022-06-11";"23";"0";"113";"0";"0";"2";"60"
"2022";"Dengue";"SOBRAL";"11ª REGIÃO SOBRAL";"SENADOR SA";"2022-04-02";"13";"0";"0";"0";"0";"0";"0"
"2022";"Dengue";"SERTÃO CENTRAL";"14ª REGIÃO TAUÁ";"TAUA";"2022-12-24";"51";"0";"1";"0";"0";"0";"0"
"2022";"Dengue";"FORTALEZA";"02ª REGIÃO CAUCAIA";"PARACURU";"2022-05-14";"19";"0";"26";"0";"0";"7";"13"
"2022";"Dengue";"FORTALEZA";"22ª REGIÃO CASCAVEL";"OCARA";"2022-04-16";"15";"0";"3";"0";"0";"0";"0"
"2022";"Dengue";"LITORAL LESTE/JAGUARIBE";"07ª REGIÃO ARACATI";"FORTIM";"2022-12-24";"51";"0";"1";"0";"0";"0";"0"
"2022";"Dengue";"CARIRI";"18ª REGIÃO IGUATU";"CARIUS";"2022-01-22";"3";"0";"0";"0";"0";"0";"0"
"2022";"Dengue";"SOBRAL";"11ª REGIÃO SOBRAL";"MUCAMBO";"2022-08-13";"32";"0";"0";"0";"0";"0";"0"
"2022";"Dengue";"LITORAL LESTE/JAGUARIBE";"10ª REGIÃO LIMOEIRO DO NORTE";"ERERE";"2022-01-15";"2";"0";"0";"0";"0";"0";"0"
"2022";"Dengue";"SOBRAL";"11ª REGIÃO SOBRAL";"MERUOCA";"2022-04-30";"17";"0";"2";"0";"0";"2";"0"
"2022";"Dengue";"LITORAL LESTE/JAGUARIBE";"10ª REGIÃO LIMOEIRO DO NORTE";"LIMOEIRO DO NORTE";"2022-09-10";"36";"0";"71";"0";"0";"12";"57"
"2022";"Dengue";"SOBRAL";"13ª REGIÃO TIANGUÁ";"IBIAPINA";"2022-04-02";"13";"0";"3";"0";"0";"3";"0"
"2022";"Dengue";"CARIRI";"20ª REGIÃO CRATO";"CRATO";"2022-03-26";"12";"0";"48";"0";"0";"12";"25"
"2022";"Dengue";"SERTÃO CENTRAL";"05ª REGIÃO DE CANINDÉ";"BOA VIAGEM";"2022-03-26";"12";"0";"7";"0";"0";"0";"0"
"2022";"Dengue";"SOBRAL";"13ª REGIÃO TIANGUÁ";"TIANGUA";"2022-10-22";"42";"0";"12";"0";"0";"3";"0"
"2022";"Dengue";"FORTALEZA";"02ª REGIÃO CAUCAIA";"GENERAL SAMPAIO";"2022-11-19";"46";"0";"0";"0";"0";"0";"0"
"2022";"Dengue";"FORTALEZA";"03ª REGIÃO MARACANAÚ";"PALMACIA";"2022-05-21";"20";"0";"16";"0";"0";"1";"0"
"2022";"Dengue";"LITORAL LESTE/JAGUARIBE";"07ª REGIÃO ARACATI";"ARACATI";"2022-10-15";"41";"0";"5";"0";"0";"0";"3"
"2022";"Dengue";"SOBRAL";"16ª REGIÃO CAMOCIM";"GRANJA";"2022-08-06";"31";"0";"3";"0";"0";"0";"0"
"2022";"Dengue";"SERTÃO CENTRAL";"14ª REGIÃO TAUÁ";"ARNEIROZ";"2022-04-23";"16";"0";"0";"0";"0";"0";"0"
"2022";"Dengue";"SOBRAL";"11ª REGIÃO SOBRAL";"PACUJA";"2022-10-01";"39";"0";"0";"0";"0";"0";"0"
"2022";"Dengue";"LITORAL LESTE/JAGUARIBE";"09ª REGIÃO RUSSAS";"PALHANO";"2022-09-10";"36";"0";"0";"0";"0";"0";"0"
"2022";"Dengue";"SERTÃO CENTRAL";"05ª REGIÃO DE CANINDÉ";"PARAMOTI";"2022-03-19";"11";"0";"0";"0";"0";"0";"0"
"2022";"Dengue";"SOBRAL";"13ª REGIÃO TIANGUÁ";"VICOSA DO CEARA";"2022-10-29";"43";"0";"0";"0";"0";"0";"0"
"2022";"Dengue";"FORTALEZA";"02ª REGIÃO CAUCAIA";"ITAPAJE";"2022-03-05";"9";"0";"1";"0";"0";"0";"0"
"2022";"Dengue";"SERTÃO CENTRAL";"08ª REGIÃO QUIXADÁ";"IBARETAMA";"2022-09-10";"36";"0";"0";"0";"0";"0";"0"
"2022";"Dengue";"SOBRAL";"13ª REGIÃO TIANGUÁ";"VICOSA DO CEARA";"2022-02-05";"5";"0";"6";"0";"0";"2";"0"
"2022";"Dengue";"SERTÃO CENTRAL";"08ª REGIÃO QUIXADÁ";"PEDRA BRANCA";"2022-12-31";"52";"0";"0";"0";"0";"0";"0"
"2022";"Dengue";"CARIRI";"18ª REGIÃO IGUATU";"SABOEIRO";"2022-03-05";"9";"0";"0";"0";"0";"0";"0"
"2022";"Dengue";"CARIRI";"17ª REGIÃO ICÓ";"LAVRAS DA MANGABEIRA";"2022-07-09";"27";"0";"26";"0";"0";"8";"6"
"2022";"Dengue";"CARIRI";"20ª REGIÃO CRATO";"VARZEA ALEGRE";"2022-11-26";"47";"0";"2";"0";"0";"1";"0"
"2022";"Dengue";"SOBRAL";"13ª REGIÃO TIANGUÁ";"VICOSA DO CEARA";"2022-09-17";"37";"0";"4";"0";"0";"1";"0"
"2022";"Dengue";"FORTALEZA";"04ª REGIÃO BATURITÉ";"MULUNGU";"2022-12-03";"48";"0";"0";"0";"0";"0";"0"
"2022";"Dengue";"CARIRI";"17ª REGIÃO ICÓ";"ICO";"2022-04-23";"16";"0";"3";"0";"0";"0";"0"
"2022";"Dengue";"SOBRAL";"11ª REGIÃO SOBRAL";"HIDROLANDIA";"2022-11-26";"47";"0";"0";"0";"0";"0";"0"
"2022";"Dengue";"LITORAL LESTE/JAGUARIBE";"10ª REGIÃO LIMOEIRO DO NORTE";"ERERE";"2022-04-23";"16";"0";"0";"0";"0";"0";"0"
"2022";"Dengue";"CARIRI";"21ª REGIÃO JUAZEIRO DO NORTE";"JARDIM";"2022-02-19";"7";"0";"0";"0";"0";"0";"0"
"2022";"Dengue";"FORTALEZA";"02ª REGIÃO CAUCAIA";"PENTECOSTE";"2022-06-04";"22";"0";"1";"0";"0";"0";"1"
"2022";"Dengue";"SOBRAL";"11ª REGIÃO SOBRAL";"HIDROLANDIA";"2022-07-30";"30";"0";"2";"0";"0";"1";"0"
"2022";"Dengue";"CARIRI";"17ª REGIÃO ICÓ";"ICO";"2022-03-12";"10";"0";"2";"0";"0";"0";"0"
"2022";"Dengue";"CARIRI";"21ª REGIÃO JUAZEIRO DO NORTE";"BARBALHA";"2022-03-12";"10";"0";"182";"0";"0";"3";"5"
"2022";"Dengue";"LITORAL LESTE/JAGUARIBE";"09ª REGIÃO RUSSAS";"JAGUARETAMA";"2022-07-09";"27";"0";"9";"0";"0";"3";"0"
"2022";"Dengue";"SERTÃO CENTRAL";"08ª REGIÃO QUIXADÁ";"BANABUIU";"2022-06-18";"24";"0";"10";"0";"0";"2";"3"
"2022";"Dengue";"LITORAL LESTE/JAGUARIBE";"09ª REGIÃO RUSSAS";"JAGUARETAMA";"2022-10-08";"40";"0";"8";"0";"0";"5";"0"
"2022";"Dengue";"CARIRI";"17ª REGIÃO ICÓ";"UMARI";"2022-09-24";"38";"0";"0";"0";"0";"0";"0"
"2022";"Dengue";"LITORAL LESTE/JAGUARIBE";"10ª REGIÃO LIMOEIRO DO NORTE";"POTIRETAMA";"2022-04-30";"17";"0";"0";"0";"0";"0";"0"
"2022";"Dengue";"CARIRI";"19ª REGIÃO BREJO SANTO";"BREJO SANTO";"2022-10-08";"40";"0";"3";"0";"0";"1";"2"
"2022";"Dengue";"FORTALEZA";"02ª REGIÃO CAUCAIA";"PENTECOSTE";"2022-10-29";"43";"0";"0";"0";"0";"0";"0"
"2022";"Dengue";"SERTÃO CENTRAL";"08ª REGIÃO QUIXADÁ";"SENADOR POMPEU";"2022-11-19";"46";"0";"0";"0";"0";"0";"0"
"2022";"Dengue";"FORTALEZA";"03ª REGIÃO MARACANAÚ";"PACATUBA";"2022-10-22";"42";"0";"5";"0";"0";"0";"0"
"2022";"Dengue";"SOBRAL";"11ª REGIÃO SOBRAL";"VARJOTA";"2022-10-22";"42";"0";"0";"0";"0";"0";"0"
"2022";"Dengue";"SOBRAL";"13ª REGIÃO TIANGUÁ";"TIANGUA";"2022-04-09";"14";"0";"12";"0";"0";"0";"0"
"2022";"Dengue";"LITORAL LESTE/JAGUARIBE";"10ª REGIÃO LIMOEIRO DO NORTE";"IRACEMA";"2022-04-16";"15";"0";"0";"0";"0";"0";"0"
"2022";"Dengue";"FORTALEZA";"01ª REGIÃO FORTALEZA";"EUSEBIO";"2022-02-12";"6";"0";"0";"0";"0";"0";"0"
"2022";"Dengue";"SERTÃO CENTRAL";"14ª REGIÃO TAUÁ";"ARNEIROZ";"2022-04-02";"13";"0";"0";"0";"0";"0";"0"
"2022";"Dengue";"SERTÃO CENTRAL";"05ª REGIÃO DE CANINDÉ";"ITATIRA";"2022-01-29";"4";"0";"0";"0";"0";"0";"0"
"2022";"Dengue";"SOBRAL";"16ª REGIÃO CAMOCIM";"CHAVAL";"2022-01-29";"4";"0";"0";"0";"0";"0";"0"
"2022";"Dengue";"SOBRAL";"15ª REGIÃO CRATEÚS";"MONSENHOR TABOSA";"2022-04-30";"17";"0";"7";"0";"0";"2";"0"
"2022";"Dengue";"CARIRI";"19ª REGIÃO BREJO SANTO";"ABAIARA";"2022-11-12";"45";"0";"0";"0";"0";"0";"0"
"2022";"Dengue";"LITORAL LESTE/JAGUARIBE";"07ª REGIÃO ARACATI";"ARACATI";"2022-09-03";"35";"0";"5";"0";"0";"1";"1"
"2022";"Dengue";"FORTALEZA";"22ª REGIÃO CASCAVEL";"CHOROZINHO";"2022-04-02";"13";"0";"0";"0";"0";"0";"0"
"2022";"Dengue";"CARIRI";"20ª REGIÃO CRATO";"FARIAS BRITO";"2022-08-13";"32";"0";"0";"0";"0";"0";"0"
"2022";"Dengue";"FORTALEZA";"22ª REGIÃO CASCAVEL";"HORIZONTE";"2022-09-03";"35";"0";"0";"0";"0";"0";"0"
"2022";"Dengue";"LITORAL LESTE/JAGUARIBE";"10ª REGIÃO LIMOEIRO DO NORTE";"ERERE";"2022-09-17";"37";"0";"0";"0";"0";"0";"0"
"2022";"Dengue";"SERTÃO CENTRAL";"05ª REGIÃO DE CANINDÉ";"PARAMOTI";"2022-12-17";"50";"0";"0";"0";"0";"0";"0"
"2022";"Dengue";"CARIRI";"17ª REGIÃO ICÓ";"UMARI";"2022-03-19";"11";"0";"0";"0";"0";"0";"0"
"2022";"Dengue";"SOBRAL";"15ª REGIÃO CRATEÚS";"PORANGA";"2022-09-10";"36";"0";"0";"0";"0";"0";"0"
"2022";"Dengue";"SOBRAL";"15ª REGIÃO CRATEÚS";"IPAPORANGA";"2022-08-13";"32";"0";"1";"0";"0";"0";"0"
"2022";"Dengue";"SOBRAL";"16ª REGIÃO CAMOCIM";"GRANJA";"2022-06-04";"22";"0";"6";"0";"0";"0";"0"
"2022";"Dengue";"LITORAL LESTE/JAGUARIBE";"10ª REGIÃO LIMOEIRO DO NORTE";"IRACEMA";"2022-06-04";"22";"0";"2";"0";"0";"0";"0"
"2022";"Dengue";"CARIRI";"20ª REGIÃO CRATO";"ALTANEIRA";"2022-07-16";"28";"0";"0";"0";"0";"0";"0"
"2022";"Dengue";"LITORAL LESTE/JAGUARIBE";"10ª REGIÃO LIMOEIRO DO NORTE";"ERERE";"2022-07-23";"29";"0";"0";"0";"0";"0";"0"
"2022";"Dengue";"CARIRI";"19ª REGIÃO BREJO SANTO";"ABAIARA";"2022-10-01";"39";"0";"0";"0";"0";"0";"0"
"2022";"Dengue";"LITORAL LESTE/JAGUARIBE";"09ª REGIÃO RUSSAS";"JAGUARUANA";"2022-07-30";"30";"0";"10";"0";"0";"5";"1"
"2022";"Dengue";"FORTALEZA";"06ª REGIÃO DE ITAPIPOCA";"AMONTADA";"2022-02-26";"8";"0";"0";"0";"0";"0";"0"
"2022";"Dengue";"CARIRI";"20ª REGIÃO CRATO";"ARARIPE";"2022-04-09";"14";"0";"29";"0";"0";"0";"0"
"2022";"Dengue";"SOBRAL";"13ª REGIÃO TIANGUÁ";"CARNAUBAL";"2022-02-05";"5";"0";"0";"0";"0";"0";"0"
"2022";"Dengue";"CARIRI";"19ª REGIÃO BREJO SANTO";"MILAGRES";"2022-03-12";"10";"0";"8";"0";"0";"3";"0"
"2022";"Dengue";"SOBRAL";"11ª REGIÃO SOBRAL";"GROAIRAS";"2022-12-03";"48";"0";"3";"0";"0";"2";"0"
"2022";"Dengue";"LITORAL LESTE/JAGUARIBE";"09ª REGIÃO RUSSAS";"JAGUARUANA";"2022-07-02";"26";"0";"142";"0";"0";"17";"34"
"2022";"Dengue";"CARIRI";"18ª REGIÃO IGUATU";"ACOPIARA";"2022-07-09";"27";"0";"13";"0";"0";"0";"0"
"2022";"Dengue";"CARIRI";"20ª REGIÃO CRATO";"SALITRE";"2022-12-24";"51";"0";"0";"0";"0";"0";"0"
"2022";"Dengue";"CARIRI";"20ª REGIÃO CRATO";"VARZEA ALEGRE";"2022-07-23";"29";"0";"6";"0";"0";"0";"0"
"2022";"Dengue";"FORTALEZA";"04ª REGIÃO BATURITÉ";"BATURITE";"2022-04-09";"14";"0";"3";"0";"0";"1";"1"
"2022";"Dengue";"FORTALEZA";"01ª REGIÃO FORTALEZA";"ITAITINGA";"2022-01-08";"1";"0";"0";"0";"0";"0";"0"
"2022";"Dengue";"FORTALEZA";"02ª REGIÃO CAUCAIA";"PENTECOSTE";"2022-08-27";"34";"0";"0";"0";"0";"0";"0"
"2022";"Dengue";"LITORAL LESTE/JAGUARIBE";"10ª REGIÃO LIMOEIRO DO NORTE";"JAGUARIBE";"2022-06-04";"22";"0";"68";"0";"0";"8";"0"
"2022";"Dengue";"SOBRAL";"11ª REGIÃO SOBRAL";"MASSAPE";"2022-07-30";"30";"0";"3";"0";"0";"0";"0"
"2022";"Dengue";"SOBRAL";"12ª REGIÃO ACARAÚ";"MORRINHOS";"2022-05-14";"19";"0";"2";"0";"0";"0";"1"
"2022";"Dengue";"FORTALEZA";"01ª REGIÃO FORTALEZA";"ITAITINGA";"2022-01-29";"4";"0";"2";"0";"0";"0";"0"
"2022";"Dengue";"CARIRI";"18ª REGIÃO IGUATU";"MOMBACA";"2022-05-14";"19";"0";"19";"0";"0";"6";"8"
"2022";"Dengue";"LITORAL LESTE/JAGUARIBE";"07ª REGIÃO ARACATI";"ITAICABA";"2022-03-05";"9";"0";"0";"0";"0";"0";"0"
"2022";"Dengue";"CARIRI";"21ª REGIÃO JUAZEIRO DO NORTE";"MISSAO VELHA";"2022-08-13";"32";"0";"1";"0";"0";"0";"1"
"2022";"Dengue";"SOBRAL";"11ª REGIÃO SOBRAL";"MORAUJO";"2022-06-18";"24";"0";"1";"0";"0";"0";"1"
"2022";"Dengue";"SOBRAL";"16ª REGIÃO CAMOCIM";"CHAVAL";"2022-05-28";"21";"0";"4";"0";"0";"1";"0"
"2022";"Dengue";"FORTALEZA";"02ª REGIÃO CAUCAIA";"APUIARES";"2022-11-26";"47";"0";"0";"0";"0";"0";"0"
"2022";"Dengue";"FORTALEZA";"01ª REGIÃO FORTALEZA";"FORTALEZA";"2022-01-08";"1";"0";"136";"0";"0";"6";"20"
"2022";"Dengue";"SOBRAL";"11ª REGIÃO SOBRAL";"FRECHEIRINHA";"2022-08-27";"34";"0";"0";"0";"0";"0";"0"
"2022";"Dengue";"SOBRAL";"11ª REGIÃO SOBRAL";"SENADOR SA";"2022-10-22";"42";"0";"0";"0";"0";"0";"0"
"2022";"Dengue";"FORTALEZA";"02ª REGIÃO CAUCAIA";"PARAIPABA";"2022-07-23";"29";"0";"0";"0";"0";"0";"0"
"2022";"Dengue";"SOBRAL";"15ª REGIÃO CRATEÚS";"NOVA RUSSAS";"2022-02-26";"8";"0";"0";"0";"0";"0";"0"
"2022";"Dengue";"FORTALEZA";"22ª REGIÃO CASCAVEL";"CASCAVEL";"2022-08-27";"34";"0";"24";"0";"0";"0";"10"
"2022";"Dengue";"FORTALEZA";"04ª REGIÃO BATURITÉ";"GUARAMIRANGA";"2022-10-22";"42";"0";"0";"0";"0";"0";"0"
"2022";"Dengue";"CARIRI";"17ª REGIÃO ICÓ";"IPAUMIRIM";"2022-01-08";"1";"0";"0";"0";"0";"0";"0"
"2022";"Dengue";"CARIRI";"19ª REGIÃO BREJO SANTO";"BREJO SANTO";"2022-06-25";"25";"0";"15";"0";"0";"0";"14"
"2022";"Dengue";"CARIRI";"20ª REGIÃO CRATO";"VARZEA ALEGRE";"2022-02-05";"5";"0";"1";"0";"0";"0";"0"
"2022";"Dengue";"SOBRAL";"15ª REGIÃO CRATEÚS";"NOVO ORIENTE";"2022-03-26";"12";"0";"0";"0";"0";"0";"0"
"2022";"Dengue";"SOBRAL";"15ª REGIÃO CRATEÚS";"IPAPORANGA";"2022-02-12";"6";"0";"0";"0";"0";"0";"0"
"2022";"Dengue";"CARIRI";"18ª REGIÃO IGUATU";"MOMBACA";"2022-02-26";"8";"0";"0";"0";"0";"0";"0"
"2022";"Dengue";"FORTALEZA";"22ª REGIÃO CASCAVEL";"CASCAVEL";"2022-05-28";"21";"0";"127";"0";"0";"7";"44"
"2022";"Dengue";"LITORAL LESTE/JAGUARIBE";"10ª REGIÃO LIMOEIRO DO NORTE";"QUIXERE";"2022-07-02";"26";"0";"24";"0";"0";"2";"6"
"2022";"Dengue";"FORTALEZA";"04ª REGIÃO BATURITÉ";"ARACOIABA";"2022-03-05";"9";"0";"0";"0";"0";"0";"0"
"2022";"Dengue";"LITORAL LESTE/JAGUARIBE";"10ª REGIÃO LIMOEIRO DO NORTE";"JAGUARIBE";"2022-01-08";"1";"0";"4";"0";"0";"0";"0"
"2022";"Dengue";"CARIRI";"20ª REGIÃO CRATO";"CAMPOS SALES";"2022-11-26";"47";"0";"1";"0";"0";"1";"0"
"2022";"Dengue";"SOBRAL";"15ª REGIÃO CRATEÚS";"QUITERIANOPOLIS";"2022-12-24";"51";"0";"0";"0";"0";"0";"0"
"2022";"Dengue";"SERTÃO CENTRAL";"05ª REGIÃO DE CANINDÉ";"MADALENA";"2022-04-30";"17";"0";"12";"0";"0";"0";"6"
"2022";"Dengue";"CARIRI";"21ª REGIÃO JUAZEIRO DO NORTE";"JARDIM";"2022-07-09";"27";"0";"1";"0";"0";"1";"0"
"2022";"Dengue";"FORTALEZA";"03ª REGIÃO MARACANAÚ";"ACARAPE";"2022-09-10";"36";"0";"0";"0";"0";"0";"0"
"2022";"Dengue";"SOBRAL";"15ª REGIÃO CRATEÚS";"IPUEIRAS";"2022-04-23";"16";"0";"0";"0";"0";"0";"0"
"2022";"Dengue";"LITORAL LESTE/JAGUARIBE";"07ª REGIÃO ARACATI";"FORTIM";"2022-10-22";"42";"0";"1";"0";"0";"0";"0"
"2022";"Dengue";"SOBRAL";"11ª REGIÃO SOBRAL";"SANTA QUITERIA";"2022-12-31";"52";"0";"0";"0";"0";"0";"0"
"2022";"Dengue";"FORTALEZA";"03ª REGIÃO MARACANAÚ";"PACATUBA";"2022-12-03";"48";"0";"2";"0";"0";"0";"0"
"2022";"Dengue";"CARIRI";"20ª REGIÃO CRATO";"POTENGI";"2022-09-24";"38";"0";"0";"0";"0";"0";"0"
"2022";"Dengue";"FORTALEZA";"04ª REGIÃO BATURITÉ";"PACOTI";"2022-04-09";"14";"0";"19";"0";"0";"3";"0"
"2022";"Dengue";"LITORAL LESTE/JAGUARIBE";"07ª REGIÃO ARACATI";"ICAPUI";"2022-06-04";"22";"0";"106";"0";"0";"0";"41"
"2022";"Dengue";"CARIRI";"18ª REGIÃO IGUATU";"ACOPIARA";"2022-02-12";"6";"0";"0";"0";"0";"0";"0"
"2022";"Dengue";"CARIRI";"21ª REGIÃO JUAZEIRO DO NORTE";"CARIRIACU";"2022-07-30";"30";"0";"1";"0";"0";"0";"1"
"2022";"Dengue";"CARIRI";"21ª REGIÃO JUAZEIRO DO NORTE";"BARBALHA";"2022-11-05";"44";"0";"1";"0";"0";"0";"0"
"2022";"Dengue";"SOBRAL";"13ª REGIÃO TIANGUÁ";"CARNAUBAL";"2022-10-22";"42";"0";"2";"0";"0";"0";"0"
"2022";"Dengue";"FORTALEZA";"04ª REGIÃO BATURITÉ";"BATURITE";"2022-07-02";"26";"0";"3";"0";"0";"0";"0"
"2022";"Dengue";"SOBRAL";"15ª REGIÃO CRATEÚS";"INDEPENDENCIA";"2022-03-19";"11";"0";"0";"0";"0";"0";"0"
"2022";"Dengue";"SOBRAL";"16ª REGIÃO CAMOCIM";"CAMOCIM";"2022-10-22";"42";"0";"1";"0";"0";"0";"0"
"2022";"Dengue";"FORTALEZA";"03ª REGIÃO MARACANAÚ";"GUAIUBA";"2022-09-24";"38";"0";"1";"0";"0";"0";"0"
"2022";"Dengue";"FORTALEZA";"02ª REGIÃO CAUCAIA";"PARAIPABA";"2022-06-25";"25";"0";"2";"0";"0";"0";"0"
"2022";"Dengue";"CARIRI";"19ª REGIÃO BREJO SANTO";"MILAGRES";"2022-04-23";"16";"0";"45";"0";"0";"3";"25"
"2022";"Dengue";"CARIRI";"17ª REGIÃO ICÓ";"UMARI";"2022-12-24";"51";"0";"0";"0";"0";"0";"0"
"2022";"Dengue";"SOBRAL";"11ª REGIÃO SOBRAL";"GROAIRAS";"2022-05-21";"20";"0";"36";"0";"0";"22";"0"
"2022";"Dengue";"SERTÃO CENTRAL";"05ª REGIÃO DE CANINDÉ";"BOA VIAGEM";"2022-10-08";"40";"0";"1";"0";"0";"0";"0"
"2022";"Dengue";"CARIRI";"20ª REGIÃO CRATO";"CRATO";"2022-08-13";"32";"0";"4";"0";"0";"0";"4"
"2022";"Dengue";"CARIRI";"19ª REGIÃO BREJO SANTO";"AURORA";"2022-09-03";"35";"0";"0";"0";"0";"0";"0"
"2022";"Dengue";"CARIRI";"20ª REGIÃO CRATO";"ANTONINA DO NORTE";"2022-12-17";"50";"0";"0";"0";"0";"0";"0"
"2022";"Dengue";"FORTALEZA";"22ª REGIÃO CASCAVEL";"CHOROZINHO";"2022-01-15";"2";"0";"3";"0";"0";"1";"0"
"2022";"Dengue";"SERTÃO CENTRAL";"14ª REGIÃO TAUÁ";"TAUA";"2022-06-25";"25";"0";"44";"0";"0";"14";"8"
"2022";"Dengue";"SERTÃO CENTRAL";"08ª REGIÃO QUIXADÁ";"SENADOR POMPEU";"2022-01-29";"4";"0";"0";"0";"0";"0";"0"
"2022";"Dengue";"CARIRI";"18ª REGIÃO IGUATU";"CATARINA";"2022-09-24";"38";"0";"0";"0";"0";"0";"0"
"2022";"Dengue";"FORTALEZA";"06ª REGIÃO DE ITAPIPOCA";"AMONTADA";"2022-04-30";"17";"0";"5";"0";"0";"0";"0"
"2022";"Dengue";"CARIRI";"20ª REGIÃO CRATO";"SANTANA DO CARIRI";"2022-01-08";"1";"0";"1";"0";"0";"1";"0"
"2022";"Dengue";"CARIRI";"18ª REGIÃO IGUATU";"SABOEIRO";"2022-12-17";"50";"0";"0";"0";"0";"0";"0"
"2022";"Dengue";"FORTALEZA";"03ª REGIÃO MARACANAÚ";"PACATUBA";"2022-09-17";"37";"0";"10";"0";"0";"0";"7"
"2022";"Dengue";"SOBRAL";"13ª REGIÃO TIANGUÁ";"CROATA";"2022-04-02";"13";"0";"12";"0";"0";"7";"5"
"2022";"Dengue";"SOBRAL";"12ª REGIÃO ACARAÚ";"JIJOCA DE JERICOACOARA";"2022-07-09";"27";"0";"25";"0";"0";"3";"2"
"2022";"Dengue";"CARIRI";"19ª REGIÃO BREJO SANTO";"JATI";"2022-03-19";"11";"0";"16";"0";"0";"0";"0"
"2022";"Dengue";"SOBRAL";"11ª REGIÃO SOBRAL";"SANTANA DO ACARAU";"2022-09-17";"37";"0";"1";"0";"0";"0";"0"
"2022";"Dengue";"SOBRAL";"11ª REGIÃO SOBRAL";"IRAUCUBA";"2022-09-03";"35";"0";"8";"0";"0";"0";"0"
"2022";"Dengue";"LITORAL LESTE/JAGUARIBE";"10ª REGIÃO LIMOEIRO DO NORTE";"LIMOEIRO DO NORTE";"2022-04-30";"17";"0";"6";"0";"0";"1";"5"
"2022";"Dengue";"CARIRI";"20ª REGIÃO CRATO";"ASSARE";"2022-11-26";"47";"0";"0";"0";"0";"0";"0"
"2022";"Dengue";"SOBRAL";"16ª REGIÃO CAMOCIM";"CAMOCIM";"2022-06-04";"22";"0";"92";"0";"0";"6";"0"
"2022";"Dengue";"FORTALEZA";"03ª REGIÃO MARACANAÚ";"BARREIRA";"2022-06-25";"25";"0";"3";"0";"0";"1";"0"
"2022";"Dengue";"SERTÃO CENTRAL";"08ª REGIÃO QUIXADÁ";"IBICUITINGA";"2022-01-08";"1";"0";"0";"0";"0";"0";"0"
"2022";"Dengue";"FORTALEZA";"04ª REGIÃO BATURITÉ";"ITAPIUNA";"2022-04-02";"13";"0";"1";"0";"0";"1";"0"
"2022";"Dengue";"SERTÃO CENTRAL";"08ª REGIÃO QUIXADÁ";"QUIXERAMOBIM";"2022-03-26";"12";"0";"0";"0";"0";"0";"0"
"2022";"Dengue";"SOBRAL";"12ª REGIÃO ACARAÚ";"MARCO";"2022-08-06";"31";"0";"6";"0";"0";"3";"0"
"2022";"Dengue";"SERTÃO CENTRAL";"08ª REGIÃO QUIXADÁ";"QUIXADA";"2022-02-26";"8";"0";"1";"0";"0";"0";"0"
"2022";"Dengue";"LITORAL LESTE/JAGUARIBE";"10ª REGIÃO LIMOEIRO DO NORTE";"QUIXERE";"2022-04-16";"15";"0";"1";"0";"0";"0";"0"
"2022";"Dengue";"FORTALEZA";"03ª REGIÃO MARACANAÚ";"MARANGUAPE";"2022-06-18";"24";"0";"71";"0";"0";"1";"35"
"2022";"Dengue";"FORTALEZA";"02ª REGIÃO CAUCAIA";"SAO LUIS DO CURU";"2022-07-30";"30";"0";"0";"0";"0";"0";"0"
"2022";"Dengue";"LITORAL LESTE/JAGUARIBE";"10ª REGIÃO LIMOEIRO DO NORTE";"SAO JOAO DO JAGUARIBE";"2022-02-26";"8";"0";"1";"0";"0";"0";"0"
"2022";"Dengue";"SOBRAL";"12ª REGIÃO ACARAÚ";"ACARAU";"2022-12-03";"48";"0";"3";"0";"0";"0";"0"
"2022";"Dengue";"FORTALEZA";"22ª REGIÃO CASCAVEL";"HORIZONTE";"2022-05-28";"21";"0";"3";"0";"0";"0";"3"
"2022";"Dengue";"CARIRI";"17ª REGIÃO ICÓ";"OROS";"2022-09-17";"37";"0";"5";"0";"0";"0";"2"
"2022";"Dengue";"LITORAL LESTE/JAGUARIBE";"09ª REGIÃO RUSSAS";"RUSSAS";"2022-03-19";"11";"0";"2";"0";"0";"0";"0"
"2022";"Dengue";"SERTÃO CENTRAL";"05ª REGIÃO DE CANINDÉ";"ITATIRA";"2022-10-01";"39";"0";"0";"0";"0";"0";"0"
"2022";"Dengue";"SERTÃO CENTRAL";"05ª REGIÃO DE CANINDÉ";"PARAMOTI";"2022-06-11";"23";"0";"6";"0";"0";"0";"1"
"2022";"Dengue";"LITORAL LESTE/JAGUARIBE";"09ª REGIÃO RUSSAS";"RUSSAS";"2022-06-11";"23";"0";"43";"0";"0";"0";"19"
"2022";"Dengue";"SOBRAL";"11ª REGIÃO SOBRAL";"SOBRAL";"2022-07-23";"29";"0";"358";"0";"0";"64";"19"
"2022";"Dengue";"SERTÃO CENTRAL";"08ª REGIÃO QUIXADÁ";"PEDRA BRANCA";"2022-11-12";"45";"0";"0";"0";"0";"0";"0"
"2022";"Dengue";"SOBRAL";"15ª REGIÃO CRATEÚS";"IPAPORANGA";"2022-04-02";"13";"0";"2";"0";"0";"0";"0"
"2022";"Dengue";"CARIRI";"19ª REGIÃO BREJO SANTO";"PENAFORTE";"2022-02-26";"8";"0";"32";"0";"0";"1";"11"
"2022";"Dengue";"SERTÃO CENTRAL";"14ª REGIÃO TAUÁ";"ARNEIROZ";"2022-07-09";"27";"0";"0";"0";"0";"0";"0"
"2022";"Dengue";"SOBRAL";"15ª REGIÃO CRATEÚS";"NOVO ORIENTE";"2022-03-12";"10";"0";"0";"0";"0";"0";"0"
"2022";"Dengue";"SOBRAL";"11ª REGIÃO SOBRAL";"GROAIRAS";"2022-10-01";"39";"0";"2";"0";"0";"0";"0"
"2022";"Dengue";"SERTÃO CENTRAL";"05ª REGIÃO DE CANINDÉ";"ITATIRA";"2022-02-19";"7";"0";"0";"0";"0";"0";"0"
"2022";"Dengue";"CARIRI";"17ª REGIÃO ICÓ";"LAVRAS DA MANGABEIRA";"2022-02-12";"6";"0";"2";"0";"0";"0";"0"
"2022";"Dengue";"FORTALEZA";"03ª REGIÃO MARACANAÚ";"MARANGUAPE";"2022-01-29";"4";"0";"10";"0";"0";"3";"2"
"2022";"Dengue";"CARIRI";"19ª REGIÃO BREJO SANTO";"BREJO SANTO";"2022-01-15";"2";"0";"8";"0";"0";"1";"0"
"2022";"Dengue";"SOBRAL";"15ª REGIÃO CRATEÚS";"NOVO ORIENTE";"2022-07-16";"28";"0";"10";"0";"0";"1";"0"
"2022";"Dengue";"CARIRI";"18ª REGIÃO IGUATU";"IGUATU";"2022-11-05";"44";"0";"0";"0";"0";"0";"0"
"2022";"Dengue";"LITORAL LESTE/JAGUARIBE";"07ª REGIÃO ARACATI";"FORTIM";"2022-03-26";"12";"0";"1";"0";"0";"1";"0"
"2022";"Dengue";"FORTALEZA";"02ª REGIÃO CAUCAIA";"CAUCAIA";"2022-06-25";"25";"0";"48";"0";"0";"0";"39"
"2022";"Dengue";"LITORAL LESTE/JAGUARIBE";"09ª REGIÃO RUSSAS";"MORADA NOVA";"2022-01-15";"2";"0";"1";"0";"0";"0";"0"
"2022";"Dengue";"CARIRI";"20ª REGIÃO CRATO";"TARRAFAS";"2022-01-08";"1";"0";"0";"0";"0";"0";"0"
"2022";"Dengue";"SOBRAL";"12ª REGIÃO ACARAÚ";"BELA CRUZ";"2022-10-22";"42";"0";"26";"0";"0";"14";"7"
"2022";"Dengue";"FORTALEZA";"02ª REGIÃO CAUCAIA";"PENTECOSTE";"2022-12-03";"48";"0";"0";"0";"0";"0";"0"
"2022";"Dengue";"FORTALEZA";"03ª REGIÃO MARACANAÚ";"GUAIUBA";"2022-07-02";"26";"0";"0";"0";"0";"0";"0"
"2022";"Dengue";"SOBRAL";"11ª REGIÃO SOBRAL";"HIDROLANDIA";"2022-01-22";"3";"0";"1";"0";"0";"0";"0"
"2022";"Dengue";"CARIRI";"18ª REGIÃO IGUATU";"CARIUS";"2022-11-26";"47";"0";"0";"0";"0";"0";"0"
"2022";"Dengue";"CARIRI";"17ª REGIÃO ICÓ";"OROS";"2022-10-22";"42";"0";"0";"0";"0";"0";"0"
"2022";"Dengue";"CARIRI";"18ª REGIÃO IGUATU";"QUIXELO";"2022-04-09";"14";"0";"0";"0";"0";"0";"0"
"2022";"Dengue";"CARIRI";"19ª REGIÃO BREJO SANTO";"JATI";"2022-12-10";"49";"0";"0";"0";"0";"0";"0"
"2022";"Dengue";"SOBRAL";"11ª REGIÃO SOBRAL";"IPU";"2022-12-10";"49";"0";"0";"0";"0";"0";"0"
"2022";"Dengue";"LITORAL LESTE/JAGUARIBE";"07ª REGIÃO ARACATI";"ICAPUI";"2022-10-22";"42";"0";"0";"0";"0";"0";"0"
"2022";"Dengue";"LITORAL LESTE/JAGUARIBE";"07ª REGIÃO ARACATI";"ARACATI";"2022-01-08";"1";"0";"6";"0";"0";"0";"2"
"2022";"Dengue";"SERTÃO CENTRAL";"05ª REGIÃO DE CANINDÉ";"CANINDE";"2022-07-23";"29";"0";"2";"0";"0";"0";"0"
"2022";"Dengue";"LITORAL LESTE/JAGUARIBE";"10ª REGIÃO LIMOEIRO DO NORTE";"PEREIRO";"2022-09-10";"36";"0";"0";"0";"0";"0";"0"
"2022";"Dengue";"FORTALEZA";"22ª REGIÃO CASCAVEL";"CASCAVEL";"2022-02-26";"8";"0";"2";"0";"0";"1";"0"
"2022";"Dengue";"FORTALEZA";"01ª REGIÃO FORTALEZA";"AQUIRAZ";"2022-04-23";"16";"0";"9";"0";"0";"1";"0"
"2022";"Dengue";"SOBRAL";"11ª REGIÃO SOBRAL";"FRECHEIRINHA";"2022-06-04";"22";"0";"0";"0";"0";"0";"0"
"2022";"Dengue";"CARIRI";"20ª REGIÃO CRATO";"ARARIPE";"2022-09-24";"38";"0";"0";"0";"0";"0";"0"
"2022";"Dengue";"FORTALEZA";"02ª REGIÃO CAUCAIA";"SAO LUIS DO CURU";"2022-06-04";"22";"0";"1";"0";"0";"0";"0"
"2022";"Dengue";"SOBRAL";"11ª REGIÃO SOBRAL";"CATUNDA";"2022-06-18";"24";"0";"1";"0";"0";"0";"0"
"2022";"Dengue";"SOBRAL";"11ª REGIÃO SOBRAL";"FORQUILHA";"2022-09-24";"38";"0";"0";"0";"0";"0";"0"
"2022";"Dengue";"SERTÃO CENTRAL";"08ª REGIÃO QUIXADÁ";"QUIXERAMOBIM";"2022-12-10";"49";"0";"0";"0";"0";"0";"0"
"2022";"Dengue";"CARIRI";"18ª REGIÃO IGUATU";"IGUATU";"2022-02-05";"5";"0";"0";"0";"0";"0";"0"
"2022";"Dengue";"FORTALEZA";"04ª REGIÃO BATURITÉ";"ARACOIABA";"2022-07-30";"30";"0";"2";"0";"0";"1";"0"
"2022";"Dengue";"SOBRAL";"11ª REGIÃO SOBRAL";"GROAIRAS";"2022-03-12";"10";"0";"4";"0";"0";"3";"0"
"2022";"Dengue";"CARIRI";"17ª REGIÃO ICÓ";"UMARI";"2022-09-03";"35";"0";"0";"0";"0";"0";"0"
"2022";"Dengue";"CARIRI";"20ª REGIÃO CRATO";"POTENGI";"2022-07-02";"26";"0";"0";"0";"0";"0";"0"
"2022";"Dengue";"FORTALEZA";"03ª REGIÃO MARACANAÚ";"GUAIUBA";"2022-02-19";"7";"0";"3";"0";"0";"0";"1"
"2022";"Dengue";"CARIRI";"21ª REGIÃO JUAZEIRO DO NORTE";"JUAZEIRO DO NORTE";"2022-01-15";"2";"0";"30";"0";"0";"0";"0"
"2022";"Dengue";"FORTALEZA";"04ª REGIÃO BATURITÉ";"ARACOIABA";"2022-07-16";"28";"0";"5";"0";"0";"0";"0"
"2022";"Dengue";"SOBRAL";"11ª REGIÃO SOBRAL";"RERIUTABA";"2022-11-05";"44";"0";"1";"0";"0";"0";"0"
"2022";"Dengue";"LITORAL LESTE/JAGUARIBE";"07ª REGIÃO ARACATI";"ITAICABA";"2022-06-25";"25";"0";"7";"0";"0";"0";"0"
"2022";"Dengue";"SOBRAL";"11ª REGIÃO SOBRAL";"IPU";"2022-03-19";"11";"0";"10";"0";"0";"10";"1"
"2022";"Dengue";"SERTÃO CENTRAL";"08ª REGIÃO QUIXADÁ";"BANABUIU";"2022-04-09";"14";"0";"5";"0";"0";"0";"0"
"2022";"Dengue";"LITORAL LESTE/JAGUARIBE";"07ª REGIÃO ARACATI";"ITAICABA";"2022-07-30";"30";"0";"1";"0";"0";"0";"0"
"2022";"Dengue";"SERTÃO CENTRAL";"08ª REGIÃO QUIXADÁ";"QUIXERAMOBIM";"2022-11-12";"45";"0";"1";"0";"0";"0";"0"
"2022";"Dengue";"FORTALEZA";"03ª REGIÃO MARACANAÚ";"BARREIRA";"2022-09-03";"35";"0";"0";"0";"0";"0";"0"
"2022";"Dengue";"SERTÃO CENTRAL";"08ª REGIÃO QUIXADÁ";"SENADOR POMPEU";"2022-10-22";"42";"0";"0";"0";"0";"0";"0"
"2022";"Dengue";"SOBRAL";"11ª REGIÃO SOBRAL";"FRECHEIRINHA";"2022-07-30";"30";"0";"0";"0";"0";"0";"0"
"2022";"Dengue";"FORTALEZA";"22ª REGIÃO CASCAVEL";"PINDORETAMA";"2022-09-17";"37";"0";"0";"0";"0";"0";"0"
"2022";"Dengue";"CARIRI";"21ª REGIÃO JUAZEIRO DO NORTE";"GRANJEIRO";"2022-12-17";"50";"0";"0";"0";"0";"0";"0"
"2022";"Dengue";"SERTÃO CENTRAL";"08ª REGIÃO QUIXADÁ";"IBICUITINGA";"2022-09-17";"37";"0";"0";"0";"0";"0";"0"
"2022";"Dengue";"SOBRAL";"15ª REGIÃO CRATEÚS";"PORANGA";"2022-05-07";"18";"0";"11";"0";"0";"1";"10"
"2022";"Dengue";"CARIRI";"17ª REGIÃO ICÓ";"ICO";"2022-08-06";"31";"0";"53";"0";"0";"0";"34"
"2022";"Dengue";"FORTALEZA";"02ª REGIÃO CAUCAIA";"PENTECOSTE";"2022-02-05";"5";"0";"0";"0";"0";"0";"0"
"2022";"Dengue";"LITORAL LESTE/JAGUARIBE";"10ª REGIÃO LIMOEIRO DO NORTE";"QUIXERE";"2022-02-26";"8";"0";"2";"0";"0";"0";"0"
"2022";"Dengue";"SOBRAL";"15ª REGIÃO CRATEÚS";"ARARENDA";"2022-07-30";"30";"0";"1";"0";"0";"0";"0"
"2022";"Dengue";"SOBRAL";"12ª REGIÃO ACARAÚ";"JIJOCA DE JERICOACOARA";"2022-06-18";"24";"0";"32";"0";"0";"3";"0"
"2022";"Dengue";"SOBRAL";"13ª REGIÃO TIANGUÁ";"TIANGUA";"2022-12-24";"51";"0";"8";"0";"0";"1";"0"
"2022";"Dengue";"CARIRI";"21ª REGIÃO JUAZEIRO DO NORTE";"GRANJEIRO";"2022-03-05";"9";"0";"1";"0";"0";"0";"0"
"2022";"Dengue";"CARIRI";"20ª REGIÃO CRATO";"SANTANA DO CARIRI";"2022-10-15";"41";"0";"1";"0";"0";"1";"0"
"2022";"Dengue";"SOBRAL";"11ª REGIÃO SOBRAL";"ALCANTARAS";"2022-11-05";"44";"0";"2";"0";"0";"0";"1"
"2022";"Dengue";"CARIRI";"18ª REGIÃO IGUATU";"DEPUTADO IRAPUAN PINHEIRO";"2022-03-05";"9";"0";"0";"0";"0";"0";"0"
"2022";"Dengue";"CARIRI";"18ª REGIÃO IGUATU";"DEPUTADO IRAPUAN PINHEIRO";"2022-08-20";"33";"0";"0";"0";"0";"0";"0"
"2022";"Dengue";"FORTALEZA";"04ª REGIÃO BATURITÉ";"ARATUBA";"2022-02-19";"7";"0";"27";"0";"0";"12";"8"
"2022";"Dengue";"FORTALEZA";"22ª REGIÃO CASCAVEL";"OCARA";"2022-02-26";"8";"0";"2";"0";"0";"0";"0"
"2022";"Dengue";"SERTÃO CENTRAL";"08ª REGIÃO QUIXADÁ";"QUIXERAMOBIM";"2022-06-25";"25";"0";"29";"0";"0";"1";"9"
"2022";"Dengue";"CARIRI";"20ª REGIÃO CRATO";"NOVA OLINDA";"2022-07-23";"29";"0";"0";"0";"0";"0";"0"
"2022";"Dengue";"SOBRAL";"11ª REGIÃO SOBRAL";"IRAUCUBA";"2022-07-23";"29";"0";"16";"0";"0";"0";"0"
"2022";"Dengue";"CARIRI";"20ª REGIÃO CRATO";"SANTANA DO CARIRI";"2022-04-02";"13";"0";"61";"0";"0";"6";"9"
"2022";"Dengue";"SERTÃO CENTRAL";"08ª REGIÃO QUIXADÁ";"QUIXADA";"2022-03-12";"10";"0";"5";"0";"0";"0";"0"
"2022";"Dengue";"SOBRAL";"13ª REGIÃO TIANGUÁ";"CROATA";"2022-05-28";"21";"0";"54";"0";"0";"15";"24"
"2022";"Dengue";"CARIRI";"19ª REGIÃO BREJO SANTO";"PORTEIRAS";"2022-06-18";"24";"0";"12";"0";"0";"0";"8"
"2022";"Dengue";"CARIRI";"17ª REGIÃO ICÓ";"UMARI";"2022-11-12";"45";"0";"0";"0";"0";"0";"0"
"2022";"Dengue";"CARIRI";"20ª REGIÃO CRATO";"SANTANA DO CARIRI";"2022-12-17";"50";"0";"0";"0";"0";"0";"0"
"2022";"Dengue";"SOBRAL";"13ª REGIÃO TIANGUÁ";"CARNAUBAL";"2022-03-05";"9";"0";"0";"0";"0";"0";"0"
"2022";"Dengue";"CARIRI";"18ª REGIÃO IGUATU";"MOMBACA";"2022-12-17";"50";"0";"0";"0";"0";"0";"0"
"2022";"Dengue";"LITORAL LESTE/JAGUARIBE";"09ª REGIÃO RUSSAS";"MORADA NOVA";"2022-09-24";"38";"0";"37";"0";"0";"16";"11"
"2022";"Dengue";"SERTÃO CENTRAL";"08ª REGIÃO QUIXADÁ";"SOLONOPOLE";"2022-11-26";"47";"0";"0";"0";"0";"0";"0"
"2022";"Dengue";"CARIRI";"18ª REGIÃO IGUATU";"QUIXELO";"2022-03-26";"12";"0";"0";"0";"0";"0";"0"
"2022";"Dengue";"SOBRAL";"13ª REGIÃO TIANGUÁ";"VICOSA DO CEARA";"2022-09-10";"36";"0";"0";"0";"0";"0";"0"
"2022";"Dengue";"FORTALEZA";"03ª REGIÃO MARACANAÚ";"ACARAPE";"2022-01-29";"4";"0";"1";"0";"0";"0";"0"
"2022";"Dengue";"CARIRI";"20ª REGIÃO CRATO";"ALTANEIRA";"2022-04-16";"15";"0";"2";"0";"0";"0";"0"
"2022";"Dengue";"CARIRI";"19ª REGIÃO BREJO SANTO";"JATI";"2022-09-10";"36";"0";"1";"0";"0";"0";"0"
"2022";"Dengue";"SOBRAL";"11ª REGIÃO SOBRAL";"SOBRAL";"2022-10-29";"43";"0";"8";"0";"0";"0";"0"
"2022";"Dengue";"LITORAL LESTE/JAGUARIBE";"07ª REGIÃO ARACATI";"ARACATI";"2022-08-13";"32";"0";"12";"0";"0";"1";"1"
"2022";"Dengue";"SERTÃO CENTRAL";"05ª REGIÃO DE CANINDÉ";"ITATIRA";"2022-04-16";"15";"0";"3";"0";"0";"0";"2"
"2022";"Dengue";"SOBRAL";"13ª REGIÃO TIANGUÁ";"GUARACIABA DO NORTE";"2022-04-16";"15";"0";"1";"0";"0";"1";"0"
"2022";"Dengue";"FORTALEZA";"03ª REGIÃO MARACANAÚ";"PALMACIA";"2022-03-12";"10";"0";"9";"0";"0";"5";"0"
"2022";"Dengue";"SERTÃO CENTRAL";"08ª REGIÃO QUIXADÁ";"CHORO";"2022-01-22";"3";"0";"1";"0";"0";"0";"0"
"2022";"Dengue";"LITORAL LESTE/JAGUARIBE";"07ª REGIÃO ARACATI";"FORTIM";"2022-07-02";"26";"0";"2";"0";"0";"0";"0"
"2022";"Dengue";"FORTALEZA";"03ª REGIÃO MARACANAÚ";"PALMACIA";"2022-05-28";"21";"0";"11";"0";"0";"4";"0"
"2022";"Dengue";"LITORAL LESTE/JAGUARIBE";"10ª REGIÃO LIMOEIRO DO NORTE";"ERERE";"2022-03-12";"10";"0";"0";"0";"0";"0";"0"
"2022";"Dengue";"FORTALEZA";"22ª REGIÃO CASCAVEL";"CHOROZINHO";"2022-07-16";"28";"0";"0";"0";"0";"0";"0"
"2022";"Dengue";"SERTÃO CENTRAL";"05ª REGIÃO DE CANINDÉ";"MADALENA";"2022-02-12";"6";"0";"0";"0";"0";"0";"0"
"2022";"Dengue";"LITORAL LESTE/JAGUARIBE";"10ª REGIÃO LIMOEIRO DO NORTE";"IRACEMA";"2022-09-03";"35";"0";"1";"0";"0";"0";"0"
"2022";"Dengue";"SOBRAL";"11ª REGIÃO SOBRAL";"FRECHEIRINHA";"2022-01-15";"2";"0";"0";"0";"0";"0";"0"
"2022";"Dengue";"SERTÃO CENTRAL";"05ª REGIÃO DE CANINDÉ";"BOA VIAGEM";"2022-05-28";"21";"0";"54";"0";"0";"3";"23"
"2022";"Dengue";"SERTÃO CENTRAL";"08ª REGIÃO QUIXADÁ";"PEDRA BRANCA";"2022-02-26";"8";"0";"29";"0";"0";"0";"25"
"2022";"Dengue";"FORTALEZA";"06ª REGIÃO DE ITAPIPOCA";"UMIRIM";"2022-10-08";"40";"0";"0";"0";"0";"0";"0"
"2022";"Dengue";"FORTALEZA";"01ª REGIÃO FORTALEZA";"ITAITINGA";"2022-04-09";"14";"0";"3";"0";"0";"0";"0"
"2022";"Dengue";"CARIRI";"19ª REGIÃO BREJO SANTO";"BREJO SANTO";"2022-09-03";"35";"0";"14";"0";"0";"3";"9"
"2022";"Dengue";"LITORAL LESTE/JAGUARIBE";"10ª REGIÃO LIMOEIRO DO NORTE";"QUIXERE";"2022-02-05";"5";"0";"0";"0";"0";"0";"0"
"2022";"Dengue";"FORTALEZA";"02ª REGIÃO CAUCAIA";"SAO GONCALO DO AMARANTE";"2022-01-29";"4";"0";"0";"0";"0";"0";"0"
"2022";"Dengue";"SOBRAL";"11ª REGIÃO SOBRAL";"IPU";"2022-09-10";"36";"0";"0";"0";"0";"0";"0"
"2022";"Dengue";"CARIRI";"19ª REGIÃO BREJO SANTO";"MAURITI";"2022-10-15";"41";"0";"0";"0";"0";"0";"0"
"2022";"Dengue";"SERTÃO CENTRAL";"08ª REGIÃO QUIXADÁ";"SOLONOPOLE";"2022-08-13";"32";"0";"0";"0";"0";"0";"0"
"2022";"Dengue";"SOBRAL";"11ª REGIÃO SOBRAL";"FRECHEIRINHA";"2022-04-23";"16";"0";"1";"0";"0";"0";"0"
"2022";"Dengue";"SOBRAL";"11ª REGIÃO SOBRAL";"SANTA QUITERIA";"2022-07-09";"27";"0";"3";"0";"0";"3";"0"
"2022";"Dengue";"SOBRAL";"12ª REGIÃO ACARAÚ";"MORRINHOS";"2022-08-13";"32";"0";"0";"0";"0";"0";"0"
"2022";"Dengue";"SOBRAL";"15ª REGIÃO CRATEÚS";"MONSENHOR TABOSA";"2022-09-03";"35";"0";"3";"0";"0";"0";"2"
"2022";"Dengue";"FORTALEZA";"02ª REGIÃO CAUCAIA";"ITAPAJE";"2022-10-08";"40";"0";"0";"0";"0";"0";"0"
"2022";"Dengue";"CARIRI";"21ª REGIÃO JUAZEIRO DO NORTE";"MISSAO VELHA";"2022-11-26";"47";"0";"0";"0";"0";"0";"0"
"2022";"Dengue";"CARIRI";"19ª REGIÃO BREJO SANTO";"PORTEIRAS";"2022-01-22";"3";"0";"0";"0";"0";"0";"0"
"2022";"Dengue";"SERTÃO CENTRAL";"08ª REGIÃO QUIXADÁ";"QUIXADA";"2022-09-24";"38";"0";"7";"0";"0";"1";"1"
"2022";"Dengue";"LITORAL LESTE/JAGUARIBE";"10ª REGIÃO LIMOEIRO DO NORTE";"JAGUARIBE";"2022-10-22";"42";"0";"10";"0";"0";"0";"0"
"2022";"Dengue";"SOBRAL";"16ª REGIÃO CAMOCIM";"BARROQUINHA";"2022-03-19";"11";"0";"0";"0";"0";"0";"0"
"2022";"Dengue";"LITORAL LESTE/JAGUARIBE";"09ª REGIÃO RUSSAS";"JAGUARETAMA";"2022-09-03";"35";"0";"41";"0";"0";"3";"0"
"2022";"Dengue";"LITORAL LESTE/JAGUARIBE";"10ª REGIÃO LIMOEIRO DO NORTE";"TABULEIRO DO NORTE";"2022-12-24";"51";"0";"2";"0";"0";"1";"0"
"2022";"Dengue";"SOBRAL";"11ª REGIÃO SOBRAL";"HIDROLANDIA";"2022-01-15";"2";"0";"0";"0";"0";"0";"0"
"2022";"Dengue";"CARIRI";"19ª REGIÃO BREJO SANTO";"ABAIARA";"2022-12-17";"50";"0";"0";"0";"0";"0";"0"
"2022";"Dengue";"SOBRAL";"11ª REGIÃO SOBRAL";"COREAU";"2022-02-05";"5";"0";"0";"0";"0";"0";"0"
"2022";"Dengue";"FORTALEZA";"02ª REGIÃO CAUCAIA";"CAUCAIA";"2022-04-23";"16";"0";"20";"0";"0";"1";"13"
"2022";"Dengue";"FORTALEZA";"22ª REGIÃO CASCAVEL";"CHOROZINHO";"2022-03-12";"10";"0";"0";"0";"0";"0";"0"
"2022";"Dengue";"SOBRAL";"16ª REGIÃO CAMOCIM";"MARTINOPOLE";"2022-11-19";"46";"0";"0";"0";"0";"0";"0"
"2022";"Dengue";"SOBRAL";"11ª REGIÃO SOBRAL";"FRECHEIRINHA";"2022-02-19";"7";"0";"0";"0";"0";"0";"0"
"2022";"Dengue";"CARIRI";"19ª REGIÃO BREJO SANTO";"PORTEIRAS";"2022-05-21";"20";"0";"41";"0";"0";"1";"11"
"2022";"Dengue";"SOBRAL";"11ª REGIÃO SOBRAL";"HIDROLANDIA";"2022-09-24";"38";"0";"0";"0";"0";"0";"0"
"2022";"Dengue";"SOBRAL";"11ª REGIÃO SOBRAL";"ALCANTARAS";"2022-10-15";"41";"0";"2";"0";"0";"1";"0"
"2022";"Dengue";"FORTALEZA";"06ª REGIÃO DE ITAPIPOCA";"TRAIRI";"2022-06-04";"22";"0";"3";"0";"0";"0";"0"
"2022";"Dengue";"CARIRI";"17ª REGIÃO ICÓ";"UMARI";"2022-11-05";"44";"0";"0";"0";"0";"0";"0"
"2022";"Dengue";"CARIRI";"18ª REGIÃO IGUATU";"JUCAS";"2022-11-26";"47";"0";"0";"0";"0";"0";"0"
"2022";"Dengue";"SOBRAL";"11ª REGIÃO SOBRAL";"SOBRAL";"2022-07-16";"28";"0";"409";"0";"0";"74";"19"
"2022";"Dengue";"SOBRAL";"15ª REGIÃO CRATEÚS";"NOVA RUSSAS";"2022-04-30";"17";"0";"2";"0";"0";"0";"0"
"2022";"Dengue";"SERTÃO CENTRAL";"14ª REGIÃO TAUÁ";"PARAMBU";"2022-12-17";"50";"0";"1";"0";"0";"0";"0"
"2022";"Dengue";"LITORAL LESTE/JAGUARIBE";"07ª REGIÃO ARACATI";"ARACATI";"2022-01-22";"3";"0";"2";"0";"0";"0";"0"
"2022";"Dengue";"SOBRAL";"16ª REGIÃO CAMOCIM";"GRANJA";"2022-12-03";"48";"0";"1";"0";"0";"0";"0"
"2022";"Dengue";"FORTALEZA";"01ª REGIÃO FORTALEZA";"FORTALEZA";"2022-10-15";"41";"0";"236";"0";"0";"20";"63"
"2022";"Dengue";"CARIRI";"18ª REGIÃO IGUATU";"PIQUET CARNEIRO";"2022-10-22";"42";"0";"0";"0";"0";"0";"0"
"2022";"Dengue";"FORTALEZA";"22ª REGIÃO CASCAVEL";"HORIZONTE";"2022-05-21";"20";"0";"7";"0";"0";"0";"4"
"2022";"Dengue";"FORTALEZA";"01ª REGIÃO FORTALEZA";"ITAITINGA";"2022-12-03";"48";"0";"0";"0";"0";"0";"0"
"2022";"Dengue";"SOBRAL";"11ª REGIÃO SOBRAL";"MORAUJO";"2022-10-15";"41";"0";"0";"0";"0";"0";"0"
"2022";"Dengue";"LITORAL LESTE/JAGUARIBE";"10ª REGIÃO LIMOEIRO DO NORTE";"IRACEMA";"2022-03-05";"9";"0";"0";"0";"0";"0";"0"
"2022";"Dengue";"CARIRI";"18ª REGIÃO IGUATU";"DEPUTADO IRAPUAN PINHEIRO";"2022-06-18";"24";"0";"0";"0";"0";"0";"0"
"2022";"Dengue";"SOBRAL";"11ª REGIÃO SOBRAL";"MUCAMBO";"2022-10-15";"41";"0";"0";"0";"0";"0";"0"
"2022";"Dengue";"SOBRAL";"11ª REGIÃO SOBRAL";"PACUJA";"2022-07-16";"28";"0";"0";"0";"0";"0";"0"
"2022";"Dengue";"FORTALEZA";"04ª REGIÃO BATURITÉ";"ARATUBA";"2022-02-05";"5";"0";"25";"0";"0";"6";"11"
"2022";"Dengue";"SERTÃO CENTRAL";"08ª REGIÃO QUIXADÁ";"SOLONOPOLE";"2022-03-12";"10";"0";"1";"0";"0";"0";"0"
"2022";"Dengue";"FORTALEZA";"04ª REGIÃO BATURITÉ";"CAPISTRANO";"2022-03-19";"11";"0";"0";"0";"0";"0";"0"
"2022";"Dengue";"CARIRI";"21ª REGIÃO JUAZEIRO DO NORTE";"GRANJEIRO";"2022-02-12";"6";"0";"0";"0";"0";"0";"0"
"2022";"Dengue";"SOBRAL";"11ª REGIÃO SOBRAL";"MORAUJO";"2022-08-27";"34";"0";"0";"0";"0";"0";"0"
"2022";"Dengue";"FORTALEZA";"06ª REGIÃO DE ITAPIPOCA";"AMONTADA";"2022-12-03";"48";"0";"1";"0";"0";"0";"0"
"2022";"Dengue";"CARIRI";"20ª REGIÃO CRATO";"SALITRE";"2022-04-16";"15";"0";"6";"0";"0";"0";"0"
"2022";"Dengue";"CARIRI";"21ª REGIÃO JUAZEIRO DO NORTE";"BARBALHA";"2022-06-11";"23";"0";"3";"0";"0";"0";"0"
"2022";"Dengue";"SERTÃO CENTRAL";"05ª REGIÃO DE CANINDÉ";"ITATIRA";"2022-09-03";"35";"0";"0";"0";"0";"0";"0"
"2022";"Dengue";"LITORAL LESTE/JAGUARIBE";"09ª REGIÃO RUSSAS";"MORADA NOVA";"2022-08-27";"34";"0";"56";"0";"0";"21";"9"
"2022";"Dengue";"SERTÃO CENTRAL";"08ª REGIÃO QUIXADÁ";"MILHA";"2022-01-29";"4";"0";"0";"0";"0";"0";"0"
"2022";"Dengue";"SOBRAL";"13ª REGIÃO TIANGUÁ";"CARNAUBAL";"2022-10-29";"43";"0";"0";"0";"0";"0";"0"
"2022";"Dengue";"SOBRAL";"15ª REGIÃO CRATEÚS";"ARARENDA";"2022-02-05";"5";"0";"1";"0";"0";"0";"1"
"2022";"Dengue";"CARIRI";"17ª REGIÃO ICÓ";"OROS";"2022-06-04";"22";"0";"7";"0";"0";"2";"0"
"2022";"Dengue";"FORTALEZA";"03ª REGIÃO MARACANAÚ";"BARREIRA";"2022-07-30";"30";"0";"0";"0";"0";"0";"0"
"2022";"Dengue";"FORTALEZA";"06ª REGIÃO DE ITAPIPOCA";"TURURU";"2022-06-18";"24";"0";"3";"0";"0";"0";"2"
"2022";"Dengue";"SOBRAL";"13ª REGIÃO TIANGUÁ";"GUARACIABA DO NORTE";"2022-08-13";"32";"0";"0";"0";"0";"0";"0"
"2022";"Dengue";"SOBRAL";"13ª REGIÃO TIANGUÁ";"UBAJARA";"2022-04-23";"16";"0";"3";"0";"0";"3";"0"
"2022";"Dengue";"FORTALEZA";"02ª REGIÃO CAUCAIA";"PARACURU";"2022-02-26";"8";"0";"4";"0";"0";"4";"0"
"2022";"Dengue";"CARIRI";"21ª REGIÃO JUAZEIRO DO NORTE";"JARDIM";"2022-03-19";"11";"0";"3";"0";"0";"0";"0"
"2022";"Dengue";"SOBRAL";"15ª REGIÃO CRATEÚS";"MONSENHOR TABOSA";"2022-11-19";"46";"0";"5";"0";"0";"0";"0"
"2022";"Dengue";"SOBRAL";"11ª REGIÃO SOBRAL";"RERIUTABA";"2022-09-24";"38";"0";"1";"0";"0";"0";"0"
"2022";"Dengue";"LITORAL LESTE/JAGUARIBE";"07ª REGIÃO ARACATI";"ICAPUI";"2022-11-05";"44";"0";"0";"0";"0";"0";"0"
"2022";"Dengue";"CARIRI";"19ª REGIÃO BREJO SANTO";"BARRO";"2022-09-17";"37";"0";"0";"0";"0";"0";"0"
"2022";"Dengue";"SOBRAL";"13ª REGIÃO TIANGUÁ";"GUARACIABA DO NORTE";"2022-04-02";"13";"0";"0";"0";"0";"0";"0"
"2022";"Dengue";"SERTÃO CENTRAL";"08ª REGIÃO QUIXADÁ";"PEDRA BRANCA";"2022-09-17";"37";"0";"0";"0";"0";"0";"0"
"2022";"Dengue";"FORTALEZA";"22ª REGIÃO CASCAVEL";"PINDORETAMA";"2022-02-12";"6";"0";"12";"0";"0";"5";"0"
"2022";"Dengue";"CARIRI";"20ª REGIÃO CRATO";"TARRAFAS";"2022-07-30";"30";"0";"0";"0";"0";"0";"0"
"2022";"Dengue";"FORTALEZA";"03ª REGIÃO MARACANAÚ";"BARREIRA";"2022-03-12";"10";"0";"0";"0";"0";"0";"0"
"2022";"Dengue";"LITORAL LESTE/JAGUARIBE";"10ª REGIÃO LIMOEIRO DO NORTE";"ALTO SANTO";"2022-04-02";"13";"0";"1";"0";"0";"0";"1"
"2022";"Dengue";"SERTÃO CENTRAL";"05ª REGIÃO DE CANINDÉ";"ITATIRA";"2022-10-22";"42";"0";"0";"0";"0";"0";"0"
"2022";"Dengue";"CARIRI";"20ª REGIÃO CRATO";"TARRAFAS";"2022-10-08";"40";"0";"0";"0";"0";"0";"0"
"2022";"Dengue";"FORTALEZA";"04ª REGIÃO BATURITÉ";"CAPISTRANO";"2022-06-18";"24";"0";"4";"0";"0";"0";"0"
"2022";"Dengue";"SERTÃO CENTRAL";"08ª REGIÃO QUIXADÁ";"SOLONOPOLE";"2022-11-12";"45";"0";"0";"0";"0";"0";"0"
"2022";"Dengue";"SOBRAL";"15ª REGIÃO CRATEÚS";"IPAPORANGA";"2022-12-31";"52";"0";"0";"0";"0";"0";"0"
"2022";"Dengue";"CARIRI";"18ª REGIÃO IGUATU";"MOMBACA";"2022-10-29";"43";"0";"0";"0";"0";"0";"0"
"2022";"Dengue";"CARIRI";"21ª REGIÃO JUAZEIRO DO NORTE";"JUAZEIRO DO NORTE";"2022-10-22";"42";"0";"5";"0";"0";"0";"0"
"2022";"Dengue";"FORTALEZA";"01ª REGIÃO FORTALEZA";"FORTALEZA";"2022-09-10";"36";"0";"396";"0";"0";"38";"121"
"2022";"Dengue";"CARIRI";"21ª REGIÃO JUAZEIRO DO NORTE";"JARDIM";"2022-08-27";"34";"0";"0";"0";"0";"0";"0"
"2022";"Dengue";"SOBRAL";"13ª REGIÃO TIANGUÁ";"CROATA";"2022-01-15";"2";"0";"0";"0";"0";"0";"0"
"2022";"Dengue";"CARIRI";"19ª REGIÃO BREJO SANTO";"ABAIARA";"2022-12-03";"48";"0";"0";"0";"0";"0";"0"
"2022";"Dengue";"FORTALEZA";"02ª REGIÃO CAUCAIA";"PARACURU";"2022-08-06";"31";"0";"4";"0";"0";"0";"4"
"2022";"Dengue";"FORTALEZA";"01ª REGIÃO FORTALEZA";"ITAITINGA";"2022-10-15";"41";"0";"1";"0";"0";"0";"0"
"2022";"Dengue";"FORTALEZA";"06ª REGIÃO DE ITAPIPOCA";"TURURU";"2022-11-26";"47";"0";"0";"0";"0";"0";"0"
"2022";"Dengue";"SERTÃO CENTRAL";"14ª REGIÃO TAUÁ";"AIUABA";"2022-03-12";"10";"0";"1";"0";"0";"0";"0"
"2022";"Dengue";"SOBRAL";"11ª REGIÃO SOBRAL";"MORAUJO";"2022-05-28";"21";"0";"2";"0";"0";"1";"0"
"2022";"Dengue";"CARIRI";"19ª REGIÃO BREJO SANTO";"ABAIARA";"2022-06-25";"25";"0";"0";"0";"0";"0";"0"
"2022";"Dengue";"SERTÃO CENTRAL";"05ª REGIÃO DE CANINDÉ";"ITATIRA";"2022-11-05";"44";"0";"0";"0";"0";"0";"0"
"2022";"Dengue";"CARIRI";"21ª REGIÃO JUAZEIRO DO NORTE";"GRANJEIRO";"2022-12-24";"51";"0";"0";"0";"0";"0";"0"
"2022";"Dengue";"LITORAL LESTE/JAGUARIBE";"10ª REGIÃO LIMOEIRO DO NORTE";"SAO JOAO DO JAGUARIBE";"2022-06-18";"24";"0";"3";"0";"0";"0";"0"
"2022";"Dengue";"LITORAL LESTE/JAGUARIBE";"10ª REGIÃO LIMOEIRO DO NORTE";"QUIXERE";"2022-04-02";"13";"0";"1";"0";"0";"1";"0"
"2022";"Dengue";"CARIRI";"18ª REGIÃO IGUATU";"CARIUS";"2022-07-30";"30";"0";"0";"0";"0";"0";"0"
"2022";"Dengue";"SOBRAL";"16ª REGIÃO CAMOCIM";"MARTINOPOLE";"2022-09-10";"36";"0";"0";"0";"0";"0";"0"
"2022";"Dengue";"FORTALEZA";"03ª REGIÃO MARACANAÚ";"ACARAPE";"2022-09-03";"35";"0";"0";"0";"0";"0";"0"
"2022";"Dengue";"CARIRI";"17ª REGIÃO ICÓ";"LAVRAS DA MANGABEIRA";"2022-06-04";"22";"0";"47";"0";"0";"16";"2"
"2022";"Dengue";"SERTÃO CENTRAL";"14ª REGIÃO TAUÁ";"PARAMBU";"2022-10-08";"40";"0";"1";"0";"0";"0";"0"
"2022";"Dengue";"FORTALEZA";"06ª REGIÃO DE ITAPIPOCA";"UMIRIM";"2022-01-22";"3";"0";"0";"0";"0";"0";"0"
"2022";"Dengue";"FORTALEZA";"04ª REGIÃO BATURITÉ";"GUARAMIRANGA";"2022-10-15";"41";"0";"0";"0";"0";"0";"0"
"2022";"Dengue";"SOBRAL";"11ª REGIÃO SOBRAL";"SANTANA DO ACARAU";"2022-07-02";"26";"0";"3";"0";"0";"1";"0"
"2022";"Dengue";"FORTALEZA";"22ª REGIÃO CASCAVEL";"PACAJUS";"2022-07-09";"27";"0";"1";"0";"0";"0";"0"
"2022";"Dengue";"SERTÃO CENTRAL";"08ª REGIÃO QUIXADÁ";"SENADOR POMPEU";"2022-05-14";"19";"0";"3";"0";"0";"0";"0"
"2022";"Dengue";"SOBRAL";"11ª REGIÃO SOBRAL";"MERUOCA";"2022-12-10";"49";"0";"2";"0";"0";"0";"0"
"2022";"Dengue";"SOBRAL";"13ª REGIÃO TIANGUÁ";"IBIAPINA";"2022-11-26";"47";"0";"0";"0";"0";"0";"0"
"2022";"Dengue";"SOBRAL";"12ª REGIÃO ACARAÚ";"CRUZ";"2022-12-10";"49";"0";"1";"0";"0";"0";"0"
"2022";"Dengue";"FORTALEZA";"03ª REGIÃO MARACANAÚ";"PACATUBA";"2022-09-10";"36";"0";"3";"0";"0";"0";"0"
"2022";"Dengue";"LITORAL LESTE/JAGUARIBE";"09ª REGIÃO RUSSAS";"MORADA NOVA";"2022-03-05";"9";"0";"0";"0";"0";"0";"0"
"2022";"Dengue";"FORTALEZA";"03ª REGIÃO MARACANAÚ";"MARANGUAPE";"2022-10-15";"41";"0";"3";"0";"0";"0";"0"
"2022";"Dengue";"LITORAL LESTE/JAGUARIBE";"10ª REGIÃO LIMOEIRO DO NORTE";"QUIXERE";"2022-02-19";"7";"0";"0";"0";"0";"0";"0"
"2022";"Dengue";"SOBRAL";"16ª REGIÃO CAMOCIM";"CHAVAL";"2022-09-03";"35";"0";"0";"0";"0";"0";"0"
"2022";"Dengue";"SERTÃO CENTRAL";"08ª REGIÃO QUIXADÁ";"PEDRA BRANCA";"2022-10-08";"40";"0";"1";"0";"0";"1";"0"
"2022";"Dengue";"LITORAL LESTE/JAGUARIBE";"10ª REGIÃO LIMOEIRO DO NORTE";"TABULEIRO DO NORTE";"2022-02-19";"7";"0";"1";"0";"0";"0";"0"
"2022";"Dengue";"SOBRAL";"11ª REGIÃO SOBRAL";"CATUNDA";"2022-03-26";"12";"0";"0";"0";"0";"0";"0"
"2022";"Dengue";"SOBRAL";"11ª REGIÃO SOBRAL";"SANTA QUITERIA";"2022-10-22";"42";"0";"0";"0";"0";"0";"0"
"2022";"Dengue";"FORTALEZA";"02ª REGIÃO CAUCAIA";"SAO LUIS DO CURU";"2022-01-22";"3";"0";"0";"0";"0";"0";"0"
"2022";"Dengue";"SOBRAL";"11ª REGIÃO SOBRAL";"HIDROLANDIA";"2022-03-26";"12";"0";"0";"0";"0";"0";"0"
"2022";"Dengue";"FORTALEZA";"04ª REGIÃO BATURITÉ";"BATURITE";"2022-12-03";"48";"0";"2";"0";"0";"0";"0"
"2022";"Dengue";"LITORAL LESTE/JAGUARIBE";"09ª REGIÃO RUSSAS";"RUSSAS";"2022-04-02";"13";"0";"15";"0";"0";"0";"0"
"2022";"Dengue";"SOBRAL";"11ª REGIÃO SOBRAL";"RERIUTABA";"2022-05-21";"20";"0";"4";"0";"0";"2";"0"
"2022";"Dengue";"SERTÃO CENTRAL";"08ª REGIÃO QUIXADÁ";"MILHA";"2022-06-11";"23";"0";"0";"0";"0";"0";"0"
"2022";"Dengue";"FORTALEZA";"04ª REGIÃO BATURITÉ";"ARATUBA";"2022-12-03";"48";"0";"0";"0";"0";"0";"0"
"2022";"Dengue";"SOBRAL";"11ª REGIÃO SOBRAL";"MORAUJO";"2022-01-22";"3";"0";"0";"0";"0";"0";"0"
"2022";"Dengue";"CARIRI";"19ª REGIÃO BREJO SANTO";"JATI";"2022-02-05";"5";"0";"0";"0";"0";"0";"0"
"2022";"Dengue";"FORTALEZA";"22ª REGIÃO CASCAVEL";"OCARA";"2022-09-03";"35";"0";"5";"0";"0";"0";"0"
"2022";"Dengue";"CARIRI";"20ª REGIÃO CRATO";"POTENGI";"2022-08-13";"32";"0";"0";"0";"0";"0";"0"
"2022";"Dengue";"CARIRI";"20ª REGIÃO CRATO";"VARZEA ALEGRE";"2022-03-26";"12";"0";"12";"0";"0";"1";"0"
"2022";"Dengue";"CARIRI";"18ª REGIÃO IGUATU";"PIQUET CARNEIRO";"2022-05-28";"21";"0";"4";"0";"0";"0";"0"
"2022";"Dengue";"SERTÃO CENTRAL";"08ª REGIÃO QUIXADÁ";"CHORO";"2022-02-12";"6";"0";"1";"0";"0";"0";"0"
"2022";"Dengue";"SERTÃO CENTRAL";"05ª REGIÃO DE CANINDÉ";"CARIDADE";"2022-04-16";"15";"0";"0";"0";"0";"0";"0"
"2022";"Dengue";"CARIRI";"18ª REGIÃO IGUATU";"MOMBACA";"2022-11-19";"46";"0";"1";"0";"0";"0";"1"
"2022";"Dengue";"SOBRAL";"16ª REGIÃO CAMOCIM";"CAMOCIM";"2022-07-23";"29";"0";"39";"0";"0";"2";"0"
"2022";"Dengue";"LITORAL LESTE/JAGUARIBE";"10ª REGIÃO LIMOEIRO DO NORTE";"ERERE";"2022-06-18";"24";"0";"0";"0";"0";"0";"0"
"2022";"Dengue";"SERTÃO CENTRAL";"05ª REGIÃO DE CANINDÉ";"CANINDE";"2022-09-03";"35";"0";"1";"0";"0";"0";"0"
"2022";"Dengue";"SOBRAL";"11ª REGIÃO SOBRAL";"CATUNDA";"2022-07-16";"28";"0";"0";"0";"0";"0";"0"
"2022";"Dengue";"CARIRI";"19ª REGIÃO BREJO SANTO";"MILAGRES";"2022-02-05";"5";"0";"0";"0";"0";"0";"0"
"2022";"Dengue";"CARIRI";"20ª REGIÃO CRATO";"FARIAS BRITO";"2022-05-07";"18";"0";"21";"0";"0";"1";"0"
"2022";"Dengue";"FORTALEZA";"03ª REGIÃO MARACANAÚ";"REDENCAO";"2022-01-08";"1";"0";"0";"0";"0";"0";"0"
"2022";"Dengue";"FORTALEZA";"22ª REGIÃO CASCAVEL";"PINDORETAMA";"2022-07-16";"28";"0";"2";"0";"0";"1";"0"
"2022";"Dengue";"CARIRI";"20ª REGIÃO CRATO";"CRATO";"2022-07-16";"28";"0";"17";"0";"0";"0";"17"
"2022";"Dengue";"FORTALEZA";"04ª REGIÃO BATURITÉ";"ARACOIABA";"2022-03-26";"12";"0";"1";"0";"0";"0";"0"
"2022";"Dengue";"FORTALEZA";"03ª REGIÃO MARACANAÚ";"BARREIRA";"2022-12-24";"51";"0";"0";"0";"0";"0";"0"
"2022";"Dengue";"SOBRAL";"15ª REGIÃO CRATEÚS";"NOVA RUSSAS";"2022-04-16";"15";"0";"0";"0";"0";"0";"0"
"2022";"Dengue";"CARIRI";"21ª REGIÃO JUAZEIRO DO NORTE";"JUAZEIRO DO NORTE";"2022-10-01";"39";"0";"6";"0";"0";"0";"1"
"2022";"Dengue";"CARIRI";"19ª REGIÃO BREJO SANTO";"ABAIARA";"2022-08-27";"34";"0";"0";"0";"0";"0";"0"
"2022";"Dengue";"CARIRI";"20ª REGIÃO CRATO";"TARRAFAS";"2022-02-05";"5";"0";"0";"0";"0";"0";"0"
"2022";"Dengue";"FORTALEZA";"01ª REGIÃO FORTALEZA";"EUSEBIO";"2022-04-23";"16";"0";"4";"0";"0";"1";"0"
"2022";"Dengue";"CARIRI";"18ª REGIÃO IGUATU";"CATARINA";"2022-11-12";"45";"0";"0";"0";"0";"0";"0"
"2022";"Dengue";"LITORAL LESTE/JAGUARIBE";"07ª REGIÃO ARACATI";"FORTIM";"2022-08-20";"33";"0";"3";"0";"0";"2";"0"
"2022";"Dengue";"SOBRAL";"11ª REGIÃO SOBRAL";"FORQUILHA";"2022-11-12";"45";"0";"3";"0";"0";"0";"0"
"2022";"Dengue";"LITORAL LESTE/JAGUARIBE";"10ª REGIÃO LIMOEIRO DO NORTE";"ALTO SANTO";"2022-01-08";"1";"0";"0";"0";"0";"0";"0"
"2022";"Dengue";"CARIRI";"20ª REGIÃO CRATO";"ANTONINA DO NORTE";"2022-02-19";"7";"0";"0";"0";"0";"0";"0"
"2022";"Dengue";"SOBRAL";"16ª REGIÃO CAMOCIM";"CAMOCIM";"2022-11-05";"44";"0";"0";"0";"0";"0";"0"
"2022";"Dengue";"FORTALEZA";"04ª REGIÃO BATURITÉ";"CAPISTRANO";"2022-04-02";"13";"0";"2";"0";"0";"2";"0"
"2022";"Dengue";"FORTALEZA";"06ª REGIÃO DE ITAPIPOCA";"MIRAIMA";"2022-03-26";"12";"0";"2";"0";"0";"0";"0"
"2022";"Dengue";"SOBRAL";"12ª REGIÃO ACARAÚ";"MORRINHOS";"2022-06-18";"24";"0";"3";"0";"0";"0";"0"
"2022";"Dengue";"SOBRAL";"11ª REGIÃO SOBRAL";"FRECHEIRINHA";"2022-10-01";"39";"0";"0";"0";"0";"0";"0"
"2022";"Dengue";"SOBRAL";"13ª REGIÃO TIANGUÁ";"GUARACIABA DO NORTE";"2022-04-23";"16";"0";"3";"0";"0";"2";"0"
"2022";"Dengue";"LITORAL LESTE/JAGUARIBE";"10ª REGIÃO LIMOEIRO DO NORTE";"QUIXERE";"2022-04-30";"17";"0";"2";"0";"0";"1";"1"
"2022";"Dengue";"LITORAL LESTE/JAGUARIBE";"10ª REGIÃO LIMOEIRO DO NORTE";"SAO JOAO DO JAGUARIBE";"2022-04-09";"14";"0";"0";"0";"0";"0";"0"
"2022";"Dengue";"FORTALEZA";"04ª REGIÃO BATURITÉ";"ITAPIUNA";"2022-04-30";"17";"0";"6";"0";"0";"1";"0"
"2022";"Dengue";"SOBRAL";"16ª REGIÃO CAMOCIM";"CAMOCIM";"2022-02-05";"5";"0";"0";"0";"0";"0";"0"
"2022";"Dengue";"SOBRAL";"15ª REGIÃO CRATEÚS";"PORANGA";"2022-04-23";"16";"0";"0";"0";"0";"0";"0"
"2022";"Dengue";"LITORAL LESTE/JAGUARIBE";"10ª REGIÃO LIMOEIRO DO NORTE";"TABULEIRO DO NORTE";"2022-08-13";"32";"0";"51";"0";"0";"30";"18"
"2022";"Dengue";"SERTÃO CENTRAL";"08ª REGIÃO QUIXADÁ";"IBICUITINGA";"2022-09-03";"35";"0";"0";"0";"0";"0";"0"
"2022";"Dengue";"SOBRAL";"11ª REGIÃO SOBRAL";"MUCAMBO";"2022-10-01";"39";"0";"0";"0";"0";"0";"0"
"2022";"Dengue";"LITORAL LESTE/JAGUARIBE";"10ª REGIÃO LIMOEIRO DO NORTE";"TABULEIRO DO NORTE";"2022-10-29";"43";"0";"1";"0";"0";"1";"0"
"2022";"Dengue";"LITORAL LESTE/JAGUARIBE";"09ª REGIÃO RUSSAS";"PALHANO";"2022-03-26";"12";"0";"0";"0";"0";"0";"0"
"2022";"Dengue";"SOBRAL";"11ª REGIÃO SOBRAL";"COREAU";"2022-08-27";"34";"0";"4";"0";"0";"0";"0"
"2022";"Dengue";"SOBRAL";"15ª REGIÃO CRATEÚS";"ARARENDA";"2022-12-31";"52";"0";"0";"0";"0";"0";"0"
"2022";"Dengue";"CARIRI";"21ª REGIÃO JUAZEIRO DO NORTE";"MISSAO VELHA";"2022-12-17";"50";"0";"0";"0";"0";"0";"0"
"2022";"Dengue";"CARIRI";"19ª REGIÃO BREJO SANTO";"AURORA";"2022-12-10";"49";"0";"0";"0";"0";"0";"0"
"2022";"Dengue";"SOBRAL";"12ª REGIÃO ACARAÚ";"MORRINHOS";"2022-09-24";"38";"0";"0";"0";"0";"0";"0"
"2022";"Dengue";"FORTALEZA";"01ª REGIÃO FORTALEZA";"ITAITINGA";"2022-09-17";"37";"0";"0";"0";"0";"0";"0"
"2022";"Dengue";"CARIRI";"18ª REGIÃO IGUATU";"JUCAS";"2022-04-02";"13";"0";"1";"0";"0";"0";"1"
"2022";"Dengue";"FORTALEZA";"04ª REGIÃO BATURITÉ";"ARACOIABA";"2022-08-06";"31";"0";"1";"0";"0";"0";"0"
"2022";"Dengue";"CARIRI";"20ª REGIÃO CRATO";"SALITRE";"2022-11-12";"45";"0";"2";"0";"0";"0";"0"
"2022";"Dengue";"CARIRI";"17ª REGIÃO ICÓ";"BAIXIO";"2022-09-24";"38";"0";"0";"0";"0";"0";"0"
"2022";"Dengue";"FORTALEZA";"22ª REGIÃO CASCAVEL";"PINDORETAMA";"2022-12-24";"51";"0";"0";"0";"0";"0";"0"
"2022";"Dengue";"FORTALEZA";"22ª REGIÃO CASCAVEL";"PINDORETAMA";"2022-09-03";"35";"0";"0";"0";"0";"0";"0"
"2022";"Dengue";"SERTÃO CENTRAL";"14ª REGIÃO TAUÁ";"TAUA";"2022-06-04";"22";"0";"47";"0";"0";"23";"5"
"2022";"Dengue";"SERTÃO CENTRAL";"08ª REGIÃO QUIXADÁ";"QUIXERAMOBIM";"2022-01-22";"3";"0";"0";"0";"0";"0";"0"
"2022";"Dengue";"LITORAL LESTE/JAGUARIBE";"10ª REGIÃO LIMOEIRO DO NORTE";"LIMOEIRO DO NORTE";"2022-03-26";"12";"0";"0";"0";"0";"0";"0"
"2022";"Dengue";"CARIRI";"18ª REGIÃO IGUATU";"SABOEIRO";"2022-10-15";"41";"0";"0";"0";"0";"0";"0"
"2022";"Dengue";"CARIRI";"18ª REGIÃO IGUATU";"MOMBACA";"2022-07-23";"29";"0";"2";"0";"0";"0";"1"
"2022";"Dengue";"SERTÃO CENTRAL";"08ª REGIÃO QUIXADÁ";"MILHA";"2022-09-03";"35";"0";"0";"0";"0";"0";"0"
"2022";"Dengue";"CARIRI";"20ª REGIÃO CRATO";"ALTANEIRA";"2022-05-21";"20";"0";"0";"0";"0";"0";"0"
"2022";"Dengue";"LITORAL LESTE/JAGUARIBE";"09ª REGIÃO RUSSAS";"RUSSAS";"2022-11-19";"46";"0";"5";"0";"0";"0";"2"
"2022";"Dengue";"LITORAL LESTE/JAGUARIBE";"07ª REGIÃO ARACATI";"ARACATI";"2022-05-21";"20";"0";"48";"0";"0";"11";"15"
"2022";"Dengue";"SOBRAL";"15ª REGIÃO CRATEÚS";"MONSENHOR TABOSA";"2022-05-28";"21";"0";"24";"0";"0";"7";"6"
"2022";"Dengue";"LITORAL LESTE/JAGUARIBE";"09ª REGIÃO RUSSAS";"RUSSAS";"2022-12-24";"51";"0";"2";"0";"0";"0";"0"
"2022";"Dengue";"CARIRI";"17ª REGIÃO ICÓ";"OROS";"2022-11-05";"44";"0";"3";"0";"0";"0";"0"
"2022";"Dengue";"FORTALEZA";"02ª REGIÃO CAUCAIA";"PENTECOSTE";"2022-08-20";"33";"0";"0";"0";"0";"0";"0"
"2022";"Dengue";"CARIRI";"20ª REGIÃO CRATO";"FARIAS BRITO";"2022-09-10";"36";"0";"0";"0";"0";"0";"0"
"2022";"Dengue";"FORTALEZA";"02ª REGIÃO CAUCAIA";"TEJUCUOCA";"2022-05-28";"21";"0";"3";"0";"0";"0";"0"
"2022";"Dengue";"SOBRAL";"12ª REGIÃO ACARAÚ";"MARCO";"2022-02-12";"6";"0";"0";"0";"0";"0";"0"
"2022";"Dengue";"CARIRI";"17ª REGIÃO ICÓ";"IPAUMIRIM";"2022-03-19";"11";"0";"0";"0";"0";"0";"0"
"2022";"Dengue";"SOBRAL";"13ª REGIÃO TIANGUÁ";"SAO BENEDITO";"2022-01-29";"4";"0";"0";"0";"0";"0";"0"
"2022";"Dengue";"FORTALEZA";"04ª REGIÃO BATURITÉ";"GUARAMIRANGA";"2022-08-06";"31";"0";"0";"0";"0";"0";"0"
"2022";"Dengue";"SOBRAL";"11ª REGIÃO SOBRAL";"MORAUJO";"2022-06-11";"23";"0";"0";"0";"0";"0";"0"
"2022";"Dengue";"CARIRI";"19ª REGIÃO BREJO SANTO";"AURORA";"2022-01-15";"2";"0";"0";"0";"0";"0";"0"
"2022";"Dengue";"CARIRI";"20ª REGIÃO CRATO";"SALITRE";"2022-10-22";"42";"0";"1";"0";"0";"1";"0"
"2022";"Dengue";"FORTALEZA";"02ª REGIÃO CAUCAIA";"GENERAL SAMPAIO";"2022-10-29";"43";"0";"0";"0";"0";"0";"0"
"2022";"Dengue";"FORTALEZA";"06ª REGIÃO DE ITAPIPOCA";"ITAPIPOCA";"2022-02-05";"5";"0";"7";"0";"0";"3";"0"
"2022";"Dengue";"SOBRAL";"16ª REGIÃO CAMOCIM";"BARROQUINHA";"2022-04-02";"13";"0";"0";"0";"0";"0";"0"
"2022";"Dengue";"SERTÃO CENTRAL";"14ª REGIÃO TAUÁ";"TAUA";"2022-06-18";"24";"0";"44";"0";"0";"20";"6"
"2022";"Dengue";"FORTALEZA";"22ª REGIÃO CASCAVEL";"PACAJUS";"2022-12-24";"51";"0";"0";"0";"0";"0";"0"
"2022";"Dengue";"FORTALEZA";"22ª REGIÃO CASCAVEL";"CHOROZINHO";"2022-10-15";"41";"0";"0";"0";"0";"0";"0"
"2022";"Dengue";"SERTÃO CENTRAL";"08ª REGIÃO QUIXADÁ";"QUIXERAMOBIM";"2022-02-26";"8";"0";"3";"0";"0";"0";"0"
"2022";"Dengue";"CARIRI";"20ª REGIÃO CRATO";"ANTONINA DO NORTE";"2022-09-03";"35";"0";"0";"0";"0";"0";"0"
"2022";"Dengue";"SERTÃO CENTRAL";"08ª REGIÃO QUIXADÁ";"BANABUIU";"2022-01-29";"4";"0";"3";"0";"0";"0";"0"
"2022";"Dengue";"CARIRI";"18ª REGIÃO IGUATU";"ACOPIARA";"2022-10-22";"42";"1";"0";"1";"0";"1";"0"
"2022";"Dengue";"FORTALEZA";"06ª REGIÃO DE ITAPIPOCA";"TRAIRI";"2022-02-05";"5";"0";"1";"0";"0";"1";"0"
"2022";"Dengue";"LITORAL LESTE/JAGUARIBE";"10ª REGIÃO LIMOEIRO DO NORTE";"LIMOEIRO DO NORTE";"2022-10-29";"43";"0";"5";"0";"0";"0";"0"
"2022";"Dengue";"SOBRAL";"13ª REGIÃO TIANGUÁ";"VICOSA DO CEARA";"2022-05-28";"21";"0";"6";"0";"0";"1";"0"
"2022";"Dengue";"SOBRAL";"16ª REGIÃO CAMOCIM";"MARTINOPOLE";"2022-06-04";"22";"0";"3";"0";"0";"0";"0"
"2022";"Dengue";"FORTALEZA";"06ª REGIÃO DE ITAPIPOCA";"TURURU";"2022-07-09";"27";"0";"3";"0";"0";"0";"3"
"2022";"Dengue";"FORTALEZA";"02ª REGIÃO CAUCAIA";"PARAIPABA";"2022-02-05";"5";"0";"0";"0";"0";"0";"0"
"2022";"Dengue";"FORTALEZA";"22ª REGIÃO CASCAVEL";"CHOROZINHO";"2022-08-27";"34";"0";"0";"0";"0";"0";"0"
"2022";"Dengue";"LITORAL LESTE/JAGUARIBE";"09ª REGIÃO RUSSAS";"JAGUARETAMA";"2022-06-18";"24";"0";"0";"0";"0";"0";"0"
"2022";"Dengue";"CARIRI";"19ª REGIÃO BREJO SANTO";"MAURITI";"2022-12-24";"51";"0";"0";"0";"0";"0";"0"
"2022";"Dengue";"FORTALEZA";"04ª REGIÃO BATURITÉ";"ARACOIABA";"2022-10-22";"42";"0";"0";"0";"0";"0";"0"
"2022";"Dengue";"FORTALEZA";"02ª REGIÃO CAUCAIA";"ITAPAJE";"2022-12-17";"50";"0";"1";"0";"0";"0";"0"
"2022";"Dengue";"SOBRAL";"15ª REGIÃO CRATEÚS";"QUITERIANOPOLIS";"2022-03-05";"9";"0";"0";"0";"0";"0";"0"
"2022";"Dengue";"CARIRI";"18ª REGIÃO IGUATU";"PIQUET CARNEIRO";"2022-03-12";"10";"0";"0";"0";"0";"0";"0"
"2022";"Dengue";"SOBRAL";"11ª REGIÃO SOBRAL";"MASSAPE";"2022-07-09";"27";"0";"13";"0";"0";"1";"0"
"2022";"Dengue";"LITORAL LESTE/JAGUARIBE";"07ª REGIÃO ARACATI";"FORTIM";"2022-03-05";"9";"0";"0";"0";"0";"0";"0"
"2022";"Dengue";"SOBRAL";"13ª REGIÃO TIANGUÁ";"CROATA";"2022-10-29";"43";"0";"1";"0";"0";"0";"0"
"2022";"Dengue";"SOBRAL";"16ª REGIÃO CAMOCIM";"CAMOCIM";"2022-10-29";"43";"0";"2";"0";"0";"1";"0"
"2022";"Dengue";"CARIRI";"18ª REGIÃO IGUATU";"SABOEIRO";"2022-01-08";"1";"0";"0";"0";"0";"0";"0"
"2022";"Dengue";"LITORAL LESTE/JAGUARIBE";"07ª REGIÃO ARACATI";"FORTIM";"2022-04-30";"17";"0";"8";"0";"0";"0";"0"
"2022";"Dengue";"SERTÃO CENTRAL";"08ª REGIÃO QUIXADÁ";"SOLONOPOLE";"2022-02-12";"6";"0";"0";"0";"0";"0";"0"
"2022";"Dengue";"SERTÃO CENTRAL";"08ª REGIÃO QUIXADÁ";"QUIXADA";"2022-06-18";"24";"0";"41";"0";"0";"15";"24"
"2022";"Dengue";"CARIRI";"20ª REGIÃO CRATO";"SANTANA DO CARIRI";"2022-12-31";"52";"0";"1";"0";"0";"0";"0"
"2022";"Dengue";"CARIRI";"19ª REGIÃO BREJO SANTO";"PORTEIRAS";"2022-12-17";"50";"0";"2";"0";"0";"0";"1"
"2022";"Dengue";"FORTALEZA";"02ª REGIÃO CAUCAIA";"CAUCAIA";"2022-04-16";"15";"0";"29";"0";"0";"1";"17"
"2022";"Dengue";"SOBRAL";"12ª REGIÃO ACARAÚ";"JIJOCA DE JERICOACOARA";"2022-12-03";"48";"0";"2";"0";"0";"0";"0"
"2022";"Dengue";"SOBRAL";"11ª REGIÃO SOBRAL";"FRECHEIRINHA";"2022-07-23";"29";"0";"0";"0";"0";"0";"0"
"2022";"Dengue";"CARIRI";"18ª REGIÃO IGUATU";"SABOEIRO";"2022-10-29";"43";"0";"0";"0";"0";"0";"0"
"2022";"Dengue";"LITORAL LESTE/JAGUARIBE";"10ª REGIÃO LIMOEIRO DO NORTE";"ERERE";"2022-05-21";"20";"0";"2";"0";"0";"0";"0"
"2022";"Dengue";"SERTÃO CENTRAL";"14ª REGIÃO TAUÁ";"PARAMBU";"2022-06-04";"22";"0";"4";"0";"0";"0";"0"
"2022";"Dengue";"FORTALEZA";"06ª REGIÃO DE ITAPIPOCA";"UMIRIM";"2022-07-16";"28";"0";"1";"0";"0";"0";"0"
"2022";"Dengue";"SOBRAL";"13ª REGIÃO TIANGUÁ";"TIANGUA";"2022-07-23";"29";"0";"26";"0";"0";"5";"0"
"2022";"Dengue";"SOBRAL";"11ª REGIÃO SOBRAL";"MORAUJO";"2022-01-15";"2";"0";"0";"0";"0";"0";"0"
"2022";"Dengue";"FORTALEZA";"02ª REGIÃO CAUCAIA";"PENTECOSTE";"2022-05-07";"18";"0";"3";"0";"0";"1";"1"
"2022";"Dengue";"SERTÃO CENTRAL";"05ª REGIÃO DE CANINDÉ";"MADALENA";"2022-07-02";"26";"0";"0";"0";"0";"0";"0"
"2022";"Dengue";"FORTALEZA";"02ª REGIÃO CAUCAIA";"GENERAL SAMPAIO";"2022-09-10";"36";"0";"1";"0";"0";"0";"0"
"2022";"Dengue";"CARIRI";"20ª REGIÃO CRATO";"ANTONINA DO NORTE";"2022-06-25";"25";"0";"1";"0";"0";"0";"0"
"2022";"Dengue";"CARIRI";"18ª REGIÃO IGUATU";"CARIUS";"2022-04-30";"17";"0";"0";"0";"0";"0";"0"
"2022";"Dengue";"FORTALEZA";"04ª REGIÃO BATURITÉ";"CAPISTRANO";"2022-10-01";"39";"0";"0";"0";"0";"0";"0"
"2022";"Dengue";"FORTALEZA";"04ª REGIÃO BATURITÉ";"GUARAMIRANGA";"2022-04-16";"15";"0";"6";"0";"0";"1";"0"
"2022";"Dengue";"CARIRI";"18ª REGIÃO IGUATU";"IGUATU";"2022-02-12";"6";"0";"2";"0";"0";"1";"0"
"2022";"Dengue";"CARIRI";"20ª REGIÃO CRATO";"POTENGI";"2022-05-28";"21";"0";"0";"0";"0";"0";"0"
"2022";"Dengue";"CARIRI";"20ª REGIÃO CRATO";"ARARIPE";"2022-12-31";"52";"0";"0";"0";"0";"0";"0"
"2022";"Dengue";"FORTALEZA";"06ª REGIÃO DE ITAPIPOCA";"UMIRIM";"2022-10-29";"43";"0";"0";"0";"0";"0";"0"
"2022";"Dengue";"SOBRAL";"13ª REGIÃO TIANGUÁ";"SAO BENEDITO";"2022-10-29";"43";"0";"0";"0";"0";"0";"0"
"2022";"Dengue";"CARIRI";"20ª REGIÃO CRATO";"SALITRE";"2022-08-27";"34";"0";"0";"0";"0";"0";"0"
"2022";"Dengue";"SOBRAL";"15ª REGIÃO CRATEÚS";"PORANGA";"2022-11-05";"44";"0";"0";"0";"0";"0";"0"
"2022";"Dengue";"SOBRAL";"15ª REGIÃO CRATEÚS";"NOVO ORIENTE";"2022-11-26";"47";"0";"1";"0";"0";"0";"0"
"2022";"Dengue";"FORTALEZA";"06ª REGIÃO DE ITAPIPOCA";"ITAPIPOCA";"2022-01-08";"1";"0";"2";"0";"0";"0";"0"
"2022";"Dengue";"LITORAL LESTE/JAGUARIBE";"09ª REGIÃO RUSSAS";"RUSSAS";"2022-05-21";"20";"0";"34";"0";"0";"7";"5"
"2022";"Dengue";"SERTÃO CENTRAL";"08ª REGIÃO QUIXADÁ";"CHORO";"2022-09-10";"36";"0";"3";"0";"0";"1";"0"
"2022";"Dengue";"LITORAL LESTE/JAGUARIBE";"10ª REGIÃO LIMOEIRO DO NORTE";"IRACEMA";"2022-05-28";"21";"0";"2";"0";"0";"0";"0"
"2022";"Dengue";"CARIRI";"20ª REGIÃO CRATO";"ASSARE";"2022-04-16";"15";"0";"12";"0";"0";"2";"0"
"2022";"Dengue";"SOBRAL";"15ª REGIÃO CRATEÚS";"MONSENHOR TABOSA";"2022-10-15";"41";"0";"1";"0";"0";"0";"0"
"2022";"Dengue";"LITORAL LESTE/JAGUARIBE";"07ª REGIÃO ARACATI";"ICAPUI";"2022-10-15";"41";"0";"1";"0";"0";"0";"0"
"2022";"Dengue";"SERTÃO CENTRAL";"14ª REGIÃO TAUÁ";"AIUABA";"2022-12-24";"51";"0";"0";"0";"0";"0";"0"
"2022";"Dengue";"SOBRAL";"15ª REGIÃO CRATEÚS";"INDEPENDENCIA";"2022-08-20";"33";"0";"0";"0";"0";"0";"0"
"2022";"Dengue";"FORTALEZA";"03ª REGIÃO MARACANAÚ";"ACARAPE";"2022-11-12";"45";"0";"1";"0";"0";"0";"0"
"2022";"Dengue";"SERTÃO CENTRAL";"08ª REGIÃO QUIXADÁ";"IBICUITINGA";"2022-02-05";"5";"0";"0";"0";"0";"0";"0"
"2022";"Dengue";"LITORAL LESTE/JAGUARIBE";"10ª REGIÃO LIMOEIRO DO NORTE";"LIMOEIRO DO NORTE";"2022-08-20";"33";"0";"104";"0";"0";"13";"88"
"2022";"Dengue";"SERTÃO CENTRAL";"05ª REGIÃO DE CANINDÉ";"ITATIRA";"2022-12-03";"48";"0";"0";"0";"0";"0";"0"
"2022";"Dengue";"FORTALEZA";"02ª REGIÃO CAUCAIA";"SAO GONCALO DO AMARANTE";"2022-09-03";"35";"0";"0";"0";"0";"0";"0"
"2022";"Dengue";"CARIRI";"20ª REGIÃO CRATO";"ASSARE";"2022-07-30";"30";"0";"0";"0";"0";"0";"0"
"2022";"Dengue";"FORTALEZA";"06ª REGIÃO DE ITAPIPOCA";"TRAIRI";"2022-06-25";"25";"0";"5";"0";"0";"0";"0"
"2022";"Dengue";"LITORAL LESTE/JAGUARIBE";"10ª REGIÃO LIMOEIRO DO NORTE";"PEREIRO";"2022-06-18";"24";"0";"10";"0";"0";"0";"2"
"2022";"Dengue";"SOBRAL";"13ª REGIÃO TIANGUÁ";"CARNAUBAL";"2022-12-24";"51";"0";"0";"0";"0";"0";"0"
"2022";"Dengue";"SOBRAL";"12ª REGIÃO ACARAÚ";"ITAREMA";"2022-12-10";"49";"0";"0";"0";"0";"0";"0"
"2022";"Dengue";"CARIRI";"21ª REGIÃO JUAZEIRO DO NORTE";"BARBALHA";"2022-09-10";"36";"0";"2";"0";"0";"1";"0"
"2022";"Dengue";"SOBRAL";"13ª REGIÃO TIANGUÁ";"SAO BENEDITO";"2022-10-08";"40";"0";"1";"0";"0";"1";"0"
"2022";"Dengue";"CARIRI";"20ª REGIÃO CRATO";"CRATO";"2022-06-25";"25";"0";"23";"0";"0";"0";"23"
"2022";"Dengue";"LITORAL LESTE/JAGUARIBE";"10ª REGIÃO LIMOEIRO DO NORTE";"LIMOEIRO DO NORTE";"2022-06-11";"23";"0";"46";"0";"0";"9";"32"
"2022";"Dengue";"SOBRAL";"11ª REGIÃO SOBRAL";"SENADOR SA";"2022-10-15";"41";"0";"0";"0";"0";"0";"0"
"2022";"Dengue";"SOBRAL";"11ª REGIÃO SOBRAL";"VARJOTA";"2022-07-16";"28";"0";"1";"0";"0";"0";"0"
"2022";"Dengue";"SOBRAL";"11ª REGIÃO SOBRAL";"CATUNDA";"2022-06-11";"23";"0";"3";"0";"0";"1";"0"
"2022";"Dengue";"CARIRI";"20ª REGIÃO CRATO";"ASSARE";"2022-09-24";"38";"0";"0";"0";"0";"0";"0"
"2022";"Dengue";"CARIRI";"20ª REGIÃO CRATO";"CRATO";"2022-01-22";"3";"0";"9";"0";"0";"1";"3"
"2022";"Dengue";"SOBRAL";"11ª REGIÃO SOBRAL";"CARIRE";"2022-02-12";"6";"0";"0";"0";"0";"0";"0"
"2022";"Dengue";"CARIRI";"20ª REGIÃO CRATO";"NOVA OLINDA";"2022-09-10";"36";"0";"0";"0";"0";"0";"0"
"2022";"Dengue";"LITORAL LESTE/JAGUARIBE";"09ª REGIÃO RUSSAS";"RUSSAS";"2022-07-02";"26";"0";"51";"0";"0";"0";"31"
"2022";"Dengue";"LITORAL LESTE/JAGUARIBE";"09ª REGIÃO RUSSAS";"JAGUARUANA";"2022-10-22";"42";"0";"0";"0";"0";"0";"0"
"2022";"Dengue";"SERTÃO CENTRAL";"05ª REGIÃO DE CANINDÉ";"PARAMOTI";"2022-03-26";"12";"0";"0";"0";"0";"0";"0"
"2022";"Dengue";"FORTALEZA";"22ª REGIÃO CASCAVEL";"OCARA";"2022-05-21";"20";"0";"6";"0";"0";"0";"0"
"2022";"Dengue";"CARIRI";"20ª REGIÃO CRATO";"CAMPOS SALES";"2022-01-22";"3";"0";"1";"0";"0";"0";"0"
"2022";"Dengue";"FORTALEZA";"02ª REGIÃO CAUCAIA";"PARAIPABA";"2022-02-12";"6";"0";"0";"0";"0";"0";"0"
"2022";"Dengue";"CARIRI";"19ª REGIÃO BREJO SANTO";"BARRO";"2022-08-13";"32";"0";"0";"0";"0";"0";"0"
"2022";"Dengue";"FORTALEZA";"06ª REGIÃO DE ITAPIPOCA";"URUBURETAMA";"2022-05-21";"20";"0";"18";"0";"0";"0";"0"
"2022";"Dengue";"SOBRAL";"13ª REGIÃO TIANGUÁ";"VICOSA DO CEARA";"2022-03-12";"10";"0";"7";"0";"0";"1";"0"
"2022";"Dengue";"SOBRAL";"15ª REGIÃO CRATEÚS";"NOVO ORIENTE";"2022-04-23";"16";"0";"3";"0";"0";"1";"1"
"2022";"Dengue";"CARIRI";"20ª REGIÃO CRATO";"FARIAS BRITO";"2022-09-24";"38";"0";"0";"0";"0";"0";"0"
"2022";"Dengue";"FORTALEZA";"04ª REGIÃO BATURITÉ";"ARACOIABA";"2022-11-19";"46";"0";"0";"0";"0";"0";"0"
"2022";"Dengue";"CARIRI";"20ª REGIÃO CRATO";"ALTANEIRA";"2022-03-26";"12";"0";"4";"0";"0";"0";"0"
"2022";"Dengue";"SOBRAL";"11ª REGIÃO SOBRAL";"SANTANA DO ACARAU";"2022-03-26";"12";"0";"6";"0";"0";"2";"1"
"2022";"Dengue";"CARIRI";"18ª REGIÃO IGUATU";"QUIXELO";"2022-05-14";"19";"0";"1";"0";"0";"0";"0"
"2022";"Dengue";"FORTALEZA";"06ª REGIÃO DE ITAPIPOCA";"AMONTADA";"2022-11-12";"45";"0";"0";"0";"0";"0";"0"
"2022";"Dengue";"SOBRAL";"11ª REGIÃO SOBRAL";"GROAIRAS";"2022-04-30";"17";"0";"27";"0";"0";"17";"0"
"2022";"Dengue";"FORTALEZA";"06ª REGIÃO DE ITAPIPOCA";"TURURU";"2022-11-05";"44";"0";"1";"0";"0";"1";"0"
"2022";"Dengue";"SOBRAL";"11ª REGIÃO SOBRAL";"MASSAPE";"2022-11-19";"46";"0";"2";"0";"0";"0";"0"
"2022";"Dengue";"SERTÃO CENTRAL";"05ª REGIÃO DE CANINDÉ";"MADALENA";"2022-03-26";"12";"0";"1";"0";"0";"0";"0"
"2022";"Dengue";"SOBRAL";"13ª REGIÃO TIANGUÁ";"IBIAPINA";"2022-08-20";"33";"0";"0";"0";"0";"0";"0"
"2022";"Dengue";"SERTÃO CENTRAL";"08ª REGIÃO QUIXADÁ";"QUIXADA";"2022-07-02";"26";"0";"31";"0";"0";"10";"16"
"2022";"Dengue";"CARIRI";"19ª REGIÃO BREJO SANTO";"MILAGRES";"2022-04-09";"14";"0";"36";"0";"0";"0";"0"
"2022";"Dengue";"CARIRI";"18ª REGIÃO IGUATU";"JUCAS";"2022-11-05";"44";"0";"0";"0";"0";"0";"0"
"2022";"Dengue";"CARIRI";"18ª REGIÃO IGUATU";"IGUATU";"2022-03-19";"11";"0";"8";"0";"0";"2";"6"
"2022";"Dengue";"CARIRI";"19ª REGIÃO BREJO SANTO";"PORTEIRAS";"2022-12-24";"51";"0";"1";"0";"0";"0";"0"
"2022";"Dengue";"FORTALEZA";"04ª REGIÃO BATURITÉ";"MULUNGU";"2022-04-23";"16";"0";"31";"0";"0";"6";"13"
"2022";"Dengue";"LITORAL LESTE/JAGUARIBE";"10ª REGIÃO LIMOEIRO DO NORTE";"ALTO SANTO";"2022-01-22";"3";"0";"1";"0";"0";"0";"1"
"2022";"Dengue";"CARIRI";"20ª REGIÃO CRATO";"NOVA OLINDA";"2022-07-16";"28";"0";"0";"0";"0";"0";"0"
"2022";"Dengue";"SOBRAL";"12ª REGIÃO ACARAÚ";"BELA CRUZ";"2022-03-12";"10";"0";"1";"0";"0";"0";"1"
"2022";"Dengue";"SERTÃO CENTRAL";"05ª REGIÃO DE CANINDÉ";"PARAMOTI";"2022-02-19";"7";"0";"1";"0";"0";"0";"0"
"2022";"Dengue";"SOBRAL";"11ª REGIÃO SOBRAL";"RERIUTABA";"2022-01-22";"3";"0";"3";"0";"0";"0";"0"
"2022";"Dengue";"SOBRAL";"13ª REGIÃO TIANGUÁ";"IBIAPINA";"2022-03-26";"12";"0";"0";"0";"0";"0";"0"
"2022";"Dengue";"CARIRI";"18ª REGIÃO IGUATU";"CARIUS";"2022-08-20";"33";"0";"1";"0";"0";"1";"0"
"2022";"Dengue";"FORTALEZA";"04ª REGIÃO BATURITÉ";"ITAPIUNA";"2022-02-12";"6";"0";"0";"0";"0";"0";"0"
"2022";"Dengue";"SOBRAL";"15ª REGIÃO CRATEÚS";"CRATEUS";"2022-12-31";"52";"0";"0";"0";"0";"0";"0"
"2022";"Dengue";"LITORAL LESTE/JAGUARIBE";"10ª REGIÃO LIMOEIRO DO NORTE";"PEREIRO";"2022-06-25";"25";"0";"18";"0";"0";"2";"2"
"2022";"Dengue";"CARIRI";"20ª REGIÃO CRATO";"SANTANA DO CARIRI";"2022-07-30";"30";"0";"0";"0";"0";"0";"0"
"2022";"Dengue";"FORTALEZA";"02ª REGIÃO CAUCAIA";"PARACURU";"2022-09-17";"37";"0";"1";"0";"0";"0";"1"
"2022";"Dengue";"SOBRAL";"11ª REGIÃO SOBRAL";"PIRES FERREIRA";"2022-02-12";"6";"0";"0";"0";"0";"0";"0"
"2022";"Dengue";"CARIRI";"18ª REGIÃO IGUATU";"CARIUS";"2022-04-02";"13";"0";"1";"0";"0";"0";"0"
"2022";"Dengue";"LITORAL LESTE/JAGUARIBE";"10ª REGIÃO LIMOEIRO DO NORTE";"IRACEMA";"2022-11-12";"45";"0";"0";"0";"0";"0";"0"
"2022";"Dengue";"SOBRAL";"13ª REGIÃO TIANGUÁ";"IBIAPINA";"2022-08-27";"34";"0";"1";"0";"0";"0";"0"
"2022";"Dengue";"SOBRAL";"15ª REGIÃO CRATEÚS";"MONSENHOR TABOSA";"2022-09-17";"37";"0";"5";"0";"0";"0";"2"
"2022";"Dengue";"SOBRAL";"12ª REGIÃO ACARAÚ";"JIJOCA DE JERICOACOARA";"2022-04-09";"14";"0";"3";"0";"0";"0";"0"
"2022";"Dengue";"CARIRI";"21ª REGIÃO JUAZEIRO DO NORTE";"GRANJEIRO";"2022-05-21";"20";"0";"5";"0";"0";"1";"1"
"2022";"Dengue";"LITORAL LESTE/JAGUARIBE";"10ª REGIÃO LIMOEIRO DO NORTE";"POTIRETAMA";"2022-05-21";"20";"0";"0";"0";"0";"0";"0"
"2022";"Dengue";"CARIRI";"17ª REGIÃO ICÓ";"IPAUMIRIM";"2022-05-07";"18";"0";"2";"0";"0";"1";"0"
"2022";"Dengue";"FORTALEZA";"02ª REGIÃO CAUCAIA";"SAO LUIS DO CURU";"2022-08-06";"31";"0";"1";"0";"0";"0";"0"
"2022";"Dengue";"CARIRI";"20ª REGIÃO CRATO";"FARIAS BRITO";"2022-12-03";"48";"0";"0";"0";"0";"0";"0"
"2022";"Dengue";"LITORAL LESTE/JAGUARIBE";"09ª REGIÃO RUSSAS";"JAGUARETAMA";"2022-09-10";"36";"0";"12";"0";"0";"1";"0"
"2022";"Dengue";"SOBRAL";"11ª REGIÃO SOBRAL";"SENADOR SA";"2022-05-07";"18";"0";"0";"0";"0";"0";"0"
"2022";"Dengue";"FORTALEZA";"22ª REGIÃO CASCAVEL";"OCARA";"2022-12-03";"48";"0";"4";"0";"0";"0";"0"
"2022";"Dengue";"CARIRI";"20ª REGIÃO CRATO";"ALTANEIRA";"2022-09-03";"35";"0";"0";"0";"0";"0";"0"
"2022";"Dengue";"LITORAL LESTE/JAGUARIBE";"07ª REGIÃO ARACATI";"FORTIM";"2022-12-10";"49";"0";"4";"0";"0";"0";"0"
"2022";"Dengue";"LITORAL LESTE/JAGUARIBE";"07ª REGIÃO ARACATI";"FORTIM";"2022-04-16";"15";"0";"4";"0";"0";"0";"0"
"2022";"Dengue";"SOBRAL";"13ª REGIÃO TIANGUÁ";"CROATA";"2022-10-15";"41";"0";"0";"0";"0";"0";"0"
"2022";"Dengue";"FORTALEZA";"02ª REGIÃO CAUCAIA";"APUIARES";"2022-08-20";"33";"0";"0";"0";"0";"0";"0"
"2022";"Dengue";"LITORAL LESTE/JAGUARIBE";"10ª REGIÃO LIMOEIRO DO NORTE";"TABULEIRO DO NORTE";"2022-02-26";"8";"0";"0";"0";"0";"0";"0"
"2022";"Dengue";"FORTALEZA";"03ª REGIÃO MARACANAÚ";"PALMACIA";"2022-09-10";"36";"0";"0";"0";"0";"0";"0"
"2022";"Dengue";"CARIRI";"21ª REGIÃO JUAZEIRO DO NORTE";"MISSAO VELHA";"2022-07-09";"27";"0";"0";"0";"0";"0";"0"
"2022";"Dengue";"CARIRI";"17ª REGIÃO ICÓ";"BAIXIO";"2022-10-29";"43";"0";"1";"0";"0";"0";"0"
"2022";"Dengue";"CARIRI";"17ª REGIÃO ICÓ";"OROS";"2022-08-13";"32";"0";"15";"0";"0";"0";"5"
"2022";"Dengue";"CARIRI";"17ª REGIÃO ICÓ";"BAIXIO";"2022-12-31";"52";"0";"0";"0";"0";"0";"0"
"2022";"Dengue";"LITORAL LESTE/JAGUARIBE";"10ª REGIÃO LIMOEIRO DO NORTE";"SAO JOAO DO JAGUARIBE";"2022-01-29";"4";"0";"0";"0";"0";"0";"0"
"2022";"Dengue";"FORTALEZA";"22ª REGIÃO CASCAVEL";"CHOROZINHO";"2022-12-10";"49";"0";"0";"0";"0";"0";"0"
"2022";"Dengue";"LITORAL LESTE/JAGUARIBE";"07ª REGIÃO ARACATI";"ARACATI";"2022-03-05";"9";"0";"4";"0";"0";"0";"1"
"2022";"Dengue";"SOBRAL";"13ª REGIÃO TIANGUÁ";"CARNAUBAL";"2022-01-22";"3";"0";"0";"0";"0";"0";"0"
"2022";"Dengue";"FORTALEZA";"06ª REGIÃO DE ITAPIPOCA";"UMIRIM";"2022-08-13";"32";"0";"0";"0";"0";"0";"0"
"2022";"Dengue";"CARIRI";"20ª REGIÃO CRATO";"SANTANA DO CARIRI";"2022-11-05";"44";"0";"0";"0";"0";"0";"0"
"2022";"Dengue";"SOBRAL";"12ª REGIÃO ACARAÚ";"ITAREMA";"2022-12-17";"50";"0";"0";"0";"0";"0";"0"
"2022";"Dengue";"CARIRI";"19ª REGIÃO BREJO SANTO";"BREJO SANTO";"2022-09-10";"36";"0";"3";"0";"0";"2";"0"
"2022";"Dengue";"FORTALEZA";"03ª REGIÃO MARACANAÚ";"MARANGUAPE";"2022-12-10";"49";"0";"2";"0";"0";"0";"0"
"2022";"Dengue";"SOBRAL";"11ª REGIÃO SOBRAL";"FORQUILHA";"2022-02-26";"8";"0";"1";"0";"0";"0";"0"
"2022";"Dengue";"FORTALEZA";"02ª REGIÃO CAUCAIA";"APUIARES";"2022-12-03";"48";"0";"0";"0";"0";"0";"0"
"2022";"Dengue";"CARIRI";"18ª REGIÃO IGUATU";"SABOEIRO";"2022-08-06";"31";"0";"0";"0";"0";"0";"0"
"2022";"Dengue";"SOBRAL";"15ª REGIÃO CRATEÚS";"MONSENHOR TABOSA";"2022-06-04";"22";"0";"15";"0";"0";"6";"6"
"2022";"Dengue";"SERTÃO CENTRAL";"14ª REGIÃO TAUÁ";"AIUABA";"2022-08-27";"34";"0";"10";"0";"0";"0";"3"
"2022";"Dengue";"CARIRI";"17ª REGIÃO ICÓ";"OROS";"2022-12-17";"50";"0";"0";"0";"0";"0";"0"
"2022";"Dengue";"SOBRAL";"11ª REGIÃO SOBRAL";"SOBRAL";"2022-03-05";"9";"0";"9";"0";"0";"1";"0"
"2022";"Dengue";"FORTALEZA";"02ª REGIÃO CAUCAIA";"PARACURU";"2022-07-23";"29";"0";"1";"0";"0";"0";"1"
"2022";"Dengue";"SERTÃO CENTRAL";"05ª REGIÃO DE CANINDÉ";"BOA VIAGEM";"2022-08-06";"31";"0";"3";"0";"0";"1";"0"
"2022";"Dengue";"SOBRAL";"15ª REGIÃO CRATEÚS";"QUITERIANOPOLIS";"2022-02-05";"5";"0";"2";"0";"0";"0";"0"
"2022";"Dengue";"LITORAL LESTE/JAGUARIBE";"09ª REGIÃO RUSSAS";"JAGUARETAMA";"2022-11-05";"44";"0";"0";"0";"0";"0";"0"
"2022";"Dengue";"FORTALEZA";"02ª REGIÃO CAUCAIA";"PARACURU";"2022-11-26";"47";"0";"1";"0";"0";"0";"1"
"2022";"Dengue";"SOBRAL";"11ª REGIÃO SOBRAL";"SENADOR SA";"2022-01-15";"2";"0";"0";"0";"0";"0";"0"
"2022";"Dengue";"FORTALEZA";"04ª REGIÃO BATURITÉ";"ITAPIUNA";"2022-09-03";"35";"0";"2";"0";"0";"0";"2"
"2022";"Dengue";"SOBRAL";"13ª REGIÃO TIANGUÁ";"GUARACIABA DO NORTE";"2022-03-05";"9";"0";"0";"0";"0";"0";"0"
"2022";"Dengue";"FORTALEZA";"02ª REGIÃO CAUCAIA";"ITAPAJE";"2022-09-10";"36";"0";"0";"0";"0";"0";"0"
"2022";"Dengue";"FORTALEZA";"03ª REGIÃO MARACANAÚ";"REDENCAO";"2022-05-28";"21";"0";"2";"0";"0";"1";"0"
"2022";"Dengue";"SOBRAL";"11ª REGIÃO SOBRAL";"GROAIRAS";"2022-06-25";"25";"0";"24";"0";"0";"12";"13"
"2022";"Dengue";"FORTALEZA";"01ª REGIÃO FORTALEZA";"FORTALEZA";"2022-03-19";"11";"0";"584";"0";"0";"36";"67"
"2022";"Dengue";"FORTALEZA";"02ª REGIÃO CAUCAIA";"PARACURU";"2022-03-12";"10";"0";"10";"0";"0";"5";"1"
"2022";"Dengue";"SOBRAL";"11ª REGIÃO SOBRAL";"GROAIRAS";"2022-05-28";"21";"0";"37";"0";"0";"27";"4"
"2022";"Dengue";"CARIRI";"18ª REGIÃO IGUATU";"JUCAS";"2022-08-20";"33";"0";"0";"0";"0";"0";"0"
"2022";"Dengue";"SOBRAL";"11ª REGIÃO SOBRAL";"CATUNDA";"2022-07-23";"29";"0";"1";"0";"0";"0";"0"
"2022";"Dengue";"FORTALEZA";"01ª REGIÃO FORTALEZA";"EUSEBIO";"2022-12-03";"48";"0";"1";"0";"0";"1";"0"
"2022";"Dengue";"FORTALEZA";"22ª REGIÃO CASCAVEL";"CHOROZINHO";"2022-09-03";"35";"0";"1";"0";"0";"1";"0"
"2022";"Dengue";"FORTALEZA";"22ª REGIÃO CASCAVEL";"HORIZONTE";"2022-04-23";"16";"0";"1";"0";"0";"0";"0"
"2022";"Dengue";"SERTÃO CENTRAL";"08ª REGIÃO QUIXADÁ";"BANABUIU";"2022-08-13";"32";"0";"1";"0";"0";"0";"0"
"2022";"Dengue";"SERTÃO CENTRAL";"14ª REGIÃO TAUÁ";"TAUA";"2022-08-20";"33";"0";"66";"0";"0";"8";"3"
"2022";"Dengue";"CARIRI";"20ª REGIÃO CRATO";"ANTONINA DO NORTE";"2022-02-05";"5";"0";"0";"0";"0";"0";"0"
"2022";"Dengue";"FORTALEZA";"02ª REGIÃO CAUCAIA";"PARAIPABA";"2022-10-22";"42";"0";"1";"0";"0";"0";"0"
"2022";"Dengue";"SOBRAL";"15ª REGIÃO CRATEÚS";"QUITERIANOPOLIS";"2022-05-28";"21";"0";"47";"0";"0";"8";"0"
"2022";"Dengue";"SOBRAL";"11ª REGIÃO SOBRAL";"PIRES FERREIRA";"2022-01-22";"3";"0";"1";"0";"0";"0";"0"
"2022";"Dengue";"SOBRAL";"11ª REGIÃO SOBRAL";"PACUJA";"2022-06-25";"25";"0";"0";"0";"0";"0";"0"
"2022";"Dengue";"SOBRAL";"11ª REGIÃO SOBRAL";"HIDROLANDIA";"2022-06-18";"24";"0";"2";"0";"0";"0";"0"
"2022";"Dengue";"CARIRI";"20ª REGIÃO CRATO";"NOVA OLINDA";"2022-04-16";"15";"0";"11";"0";"0";"0";"0"
"2022";"Dengue";"FORTALEZA";"06ª REGIÃO DE ITAPIPOCA";"MIRAIMA";"2022-12-17";"50";"0";"0";"0";"0";"0";"0"
"2022";"Dengue";"LITORAL LESTE/JAGUARIBE";"10ª REGIÃO LIMOEIRO DO NORTE";"TABULEIRO DO NORTE";"2022-09-10";"36";"0";"18";"0";"0";"5";"12"
"2022";"Dengue";"CARIRI";"17ª REGIÃO ICÓ";"CEDRO";"2022-09-10";"36";"0";"0";"0";"0";"0";"0"
"2022";"Dengue";"FORTALEZA";"22ª REGIÃO CASCAVEL";"PACAJUS";"2022-01-08";"1";"0";"2";"0";"0";"0";"0"
"2022";"Dengue";"SOBRAL";"12ª REGIÃO ACARAÚ";"ACARAU";"2022-01-29";"4";"0";"2";"0";"0";"0";"0"
"2022";"Dengue";"FORTALEZA";"04ª REGIÃO BATURITÉ";"ITAPIUNA";"2022-10-15";"41";"0";"0";"0";"0";"0";"0"
"2022";"Dengue";"CARIRI";"19ª REGIÃO BREJO SANTO";"MILAGRES";"2022-10-29";"43";"0";"0";"0";"0";"0";"0"
"2022";"Dengue";"SOBRAL";"13ª REGIÃO TIANGUÁ";"GUARACIABA DO NORTE";"2022-09-03";"35";"0";"2";"0";"0";"1";"0"
"2022";"Dengue";"CARIRI";"19ª REGIÃO BREJO SANTO";"MILAGRES";"2022-12-17";"50";"0";"0";"0";"0";"0";"0"
"2022";"Dengue";"FORTALEZA";"02ª REGIÃO CAUCAIA";"TEJUCUOCA";"2022-07-09";"27";"0";"0";"0";"0";"0";"0"
"2022";"Dengue";"CARIRI";"17ª REGIÃO ICÓ";"LAVRAS DA MANGABEIRA";"2022-01-29";"4";"0";"0";"0";"0";"0";"0"
"2022";"Dengue";"SOBRAL";"13ª REGIÃO TIANGUÁ";"TIANGUA";"2022-09-24";"38";"0";"18";"0";"0";"4";"0"
"2022";"Dengue";"SERTÃO CENTRAL";"05ª REGIÃO DE CANINDÉ";"PARAMOTI";"2022-05-07";"18";"0";"2";"0";"0";"1";"1"
"2022";"Dengue";"SERTÃO CENTRAL";"08ª REGIÃO QUIXADÁ";"PEDRA BRANCA";"2022-07-09";"27";"0";"3";"0";"0";"0";"3"
"2022";"Dengue";"CARIRI";"17ª REGIÃO ICÓ";"OROS";"2022-12-03";"48";"0";"0";"0";"0";"0";"0"
"2022";"Dengue";"SERTÃO CENTRAL";"08ª REGIÃO QUIXADÁ";"QUIXADA";"2022-03-05";"9";"0";"0";"0";"0";"0";"0"
"2022";"Dengue";"FORTALEZA";"04ª REGIÃO BATURITÉ";"ARACOIABA";"2022-09-10";"36";"0";"0";"0";"0";"0";"0"
"2022";"Dengue";"CARIRI";"18ª REGIÃO IGUATU";"QUIXELO";"2022-01-22";"3";"0";"0";"0";"0";"0";"0"
"2022";"Dengue";"SERTÃO CENTRAL";"14ª REGIÃO TAUÁ";"PARAMBU";"2022-03-26";"12";"0";"2";"0";"0";"1";"0"
"2022";"Dengue";"SOBRAL";"15ª REGIÃO CRATEÚS";"INDEPENDENCIA";"2022-12-24";"51";"0";"0";"0";"0";"0";"0"
"2022";"Dengue";"SERTÃO CENTRAL";"14ª REGIÃO TAUÁ";"ARNEIROZ";"2022-12-17";"50";"0";"0";"0";"0";"0";"0"
"2022";"Dengue";"SOBRAL";"15ª REGIÃO CRATEÚS";"IPUEIRAS";"2022-12-31";"52";"0";"0";"0";"0";"0";"0"
"2022";"Dengue";"CARIRI";"19ª REGIÃO BREJO SANTO";"PORTEIRAS";"2022-09-24";"38";"0";"0";"0";"0";"0";"0"
"2022";"Dengue";"SOBRAL";"11ª REGIÃO SOBRAL";"ALCANTARAS";"2022-02-05";"5";"0";"0";"0";"0";"0";"0"
"2022";"Dengue";"SOBRAL";"11ª REGIÃO SOBRAL";"MORAUJO";"2022-12-10";"49";"0";"0";"0";"0";"0";"0"
"2022";"Dengue";"SERTÃO CENTRAL";"05ª REGIÃO DE CANINDÉ";"ITATIRA";"2022-03-19";"11";"0";"0";"0";"0";"0";"0"
"2022";"Dengue";"SOBRAL";"11ª REGIÃO SOBRAL";"VARJOTA";"2022-06-04";"22";"0";"2";"0";"0";"2";"0"
"2022";"Dengue";"CARIRI";"18ª REGIÃO IGUATU";"ACOPIARA";"2022-09-17";"37";"0";"0";"0";"0";"0";"0"
"2022";"Dengue";"FORTALEZA";"04ª REGIÃO BATURITÉ";"GUARAMIRANGA";"2022-06-25";"25";"0";"5";"0";"0";"0";"2"
"2022";"Dengue";"FORTALEZA";"04ª REGIÃO BATURITÉ";"ITAPIUNA";"2022-11-05";"44";"0";"0";"0";"0";"0";"0"
"2022";"Dengue";"SOBRAL";"15ª REGIÃO CRATEÚS";"IPAPORANGA";"2022-04-23";"16";"0";"0";"0";"0";"0";"0"
"2022";"Dengue";"CARIRI";"20ª REGIÃO CRATO";"ALTANEIRA";"2022-07-30";"30";"0";"0";"0";"0";"0";"0"
"2022";"Dengue";"CARIRI";"18ª REGIÃO IGUATU";"PIQUET CARNEIRO";"2022-04-30";"17";"0";"1";"0";"0";"0";"0"
"2022";"Dengue";"SOBRAL";"12ª REGIÃO ACARAÚ";"ACARAU";"2022-04-23";"16";"0";"0";"0";"0";"0";"0"
"2022";"Dengue";"CARIRI";"21ª REGIÃO JUAZEIRO DO NORTE";"BARBALHA";"2022-05-28";"21";"0";"6";"0";"0";"0";"0"
"2022";"Dengue";"CARIRI";"18ª REGIÃO IGUATU";"PIQUET CARNEIRO";"2022-05-14";"19";"0";"0";"0";"0";"0";"0"
"2022";"Dengue";"CARIRI";"17ª REGIÃO ICÓ";"LAVRAS DA MANGABEIRA";"2022-03-26";"12";"0";"5";"0";"0";"3";"0"
"2022";"Dengue";"CARIRI";"19ª REGIÃO BREJO SANTO";"PORTEIRAS";"2022-10-08";"40";"0";"1";"0";"0";"0";"1"
"2022";"Dengue";"SERTÃO CENTRAL";"08ª REGIÃO QUIXADÁ";"BANABUIU";"2022-01-22";"3";"0";"2";"0";"0";"0";"0"
"2022";"Dengue";"CARIRI";"19ª REGIÃO BREJO SANTO";"ABAIARA";"2022-11-05";"44";"0";"1";"0";"0";"0";"0"
"2022";"Dengue";"FORTALEZA";"02ª REGIÃO CAUCAIA";"CAUCAIA";"2022-01-29";"4";"0";"12";"0";"0";"0";"5"
"2022";"Dengue";"CARIRI";"21ª REGIÃO JUAZEIRO DO NORTE";"CARIRIACU";"2022-07-16";"28";"0";"1";"0";"0";"0";"1"
"2022";"Dengue";"SERTÃO CENTRAL";"08ª REGIÃO QUIXADÁ";"CHORO";"2022-12-10";"49";"0";"1";"0";"0";"0";"0"
"2022";"Dengue";"CARIRI";"21ª REGIÃO JUAZEIRO DO NORTE";"BARBALHA";"2022-02-05";"5";"0";"187";"0";"0";"7";"1"
"2022";"Dengue";"SOBRAL";"13ª REGIÃO TIANGUÁ";"TIANGUA";"2022-04-23";"16";"0";"26";"0";"0";"5";"0"
"2022";"Dengue";"FORTALEZA";"02ª REGIÃO CAUCAIA";"GENERAL SAMPAIO";"2022-10-08";"40";"0";"0";"0";"0";"0";"0"
"2022";"Dengue";"SOBRAL";"11ª REGIÃO SOBRAL";"SOBRAL";"2022-07-30";"30";"1";"307";"1";"0";"71";"24"
"2022";"Dengue";"SOBRAL";"12ª REGIÃO ACARAÚ";"MARCO";"2022-07-09";"27";"0";"8";"0";"0";"0";"0"
"2022";"Dengue";"FORTALEZA";"03ª REGIÃO MARACANAÚ";"MARACANAU";"2022-06-18";"24";"0";"87";"0";"0";"0";"61"
"2022";"Dengue";"CARIRI";"17ª REGIÃO ICÓ";"LAVRAS DA MANGABEIRA";"2022-10-08";"40";"0";"0";"0";"0";"0";"0"
"2022";"Dengue";"SOBRAL";"15ª REGIÃO CRATEÚS";"IPUEIRAS";"2022-07-23";"29";"0";"0";"0";"0";"0";"0"
"2022";"Dengue";"FORTALEZA";"22ª REGIÃO CASCAVEL";"CHOROZINHO";"2022-08-20";"33";"0";"0";"0";"0";"0";"0"
"2022";"Dengue";"SOBRAL";"11ª REGIÃO SOBRAL";"FORQUILHA";"2022-02-05";"5";"0";"0";"0";"0";"0";"0"
"2022";"Dengue";"SERTÃO CENTRAL";"08ª REGIÃO QUIXADÁ";"PEDRA BRANCA";"2022-10-22";"42";"0";"1";"0";"0";"0";"0"
"2022";"Dengue";"SOBRAL";"11ª REGIÃO SOBRAL";"FRECHEIRINHA";"2022-05-07";"18";"0";"0";"0";"0";"0";"0"
"2022";"Dengue";"FORTALEZA";"22ª REGIÃO CASCAVEL";"CHOROZINHO";"2022-02-12";"6";"0";"0";"0";"0";"0";"0"
"2022";"Dengue";"FORTALEZA";"22ª REGIÃO CASCAVEL";"BEBERIBE";"2022-08-13";"32";"0";"3";"0";"0";"3";"0"
"2022";"Dengue";"CARIRI";"17ª REGIÃO ICÓ";"LAVRAS DA MANGABEIRA";"2022-04-02";"13";"0";"4";"0";"0";"2";"0"
"2022";"Dengue";"CARIRI";"18ª REGIÃO IGUATU";"CATARINA";"2022-08-06";"31";"0";"1";"0";"0";"0";"0"
"2022";"Dengue";"FORTALEZA";"02ª REGIÃO CAUCAIA";"ITAPAJE";"2022-04-09";"14";"0";"2";"0";"0";"2";"0"
"2022";"Dengue";"LITORAL LESTE/JAGUARIBE";"09ª REGIÃO RUSSAS";"PALHANO";"2022-12-31";"52";"0";"0";"0";"0";"0";"0"
"2022";"Dengue";"SERTÃO CENTRAL";"05ª REGIÃO DE CANINDÉ";"MADALENA";"2022-01-22";"3";"0";"1";"0";"0";"1";"0"
"2022";"Dengue";"SERTÃO CENTRAL";"14ª REGIÃO TAUÁ";"PARAMBU";"2022-07-16";"28";"0";"3";"0";"0";"0";"0"
"2022";"Dengue";"FORTALEZA";"02ª REGIÃO CAUCAIA";"PARACURU";"2022-10-15";"41";"0";"0";"0";"0";"0";"0"
"2022";"Dengue";"SOBRAL";"13ª REGIÃO TIANGUÁ";"UBAJARA";"2022-02-12";"6";"0";"0";"0";"0";"0";"0"
"2022";"Dengue";"CARIRI";"18ª REGIÃO IGUATU";"MOMBACA";"2022-06-18";"24";"0";"13";"0";"0";"1";"8"
"2022";"Dengue";"LITORAL LESTE/JAGUARIBE";"09ª REGIÃO RUSSAS";"JAGUARUANA";"2022-09-24";"38";"0";"2";"0";"0";"1";"0"
"2022";"Dengue";"FORTALEZA";"06ª REGIÃO DE ITAPIPOCA";"ITAPIPOCA";"2022-01-15";"2";"0";"5";"0";"0";"0";"0"
"2022";"Dengue";"CARIRI";"17ª REGIÃO ICÓ";"BAIXIO";"2022-01-08";"1";"0";"0";"0";"0";"0";"0"
"2022";"Dengue";"SOBRAL";"15ª REGIÃO CRATEÚS";"NOVO ORIENTE";"2022-09-24";"38";"0";"2";"0";"0";"1";"0"
"2022";"Dengue";"SOBRAL";"15ª REGIÃO CRATEÚS";"INDEPENDENCIA";"2022-04-16";"15";"0";"0";"0";"0";"0";"0"
"2022";"Dengue";"CARIRI";"20ª REGIÃO CRATO";"NOVA OLINDA";"2022-10-22";"42";"0";"0";"0";"0";"0";"0"
"2022";"Dengue";"LITORAL LESTE/JAGUARIBE";"09ª REGIÃO RUSSAS";"RUSSAS";"2022-03-26";"12";"0";"6";"0";"0";"0";"0"
"2022";"Dengue";"SOBRAL";"13ª REGIÃO TIANGUÁ";"CARNAUBAL";"2022-04-23";"16";"0";"0";"0";"0";"0";"0"
"2022";"Dengue";"CARIRI";"19ª REGIÃO BREJO SANTO";"BARRO";"2022-10-22";"42";"0";"0";"0";"0";"0";"0"
"2022";"Dengue";"FORTALEZA";"02ª REGIÃO CAUCAIA";"SAO GONCALO DO AMARANTE";"2022-08-20";"33";"0";"2";"0";"0";"0";"0"
"2022";"Dengue";"SOBRAL";"15ª REGIÃO CRATEÚS";"MONSENHOR TABOSA";"2022-08-20";"33";"0";"2";"0";"0";"0";"1"
"2022";"Dengue";"FORTALEZA";"22ª REGIÃO CASCAVEL";"BEBERIBE";"2022-02-19";"7";"0";"1";"0";"0";"0";"0"
"2022";"Dengue";"SOBRAL";"11ª REGIÃO SOBRAL";"VARJOTA";"2022-01-22";"3";"0";"0";"0";"0";"0";"0"
"2022";"Dengue";"CARIRI";"20ª REGIÃO CRATO";"CRATO";"2022-05-28";"21";"0";"38";"0";"0";"0";"38"
"2022";"Dengue";"CARIRI";"20ª REGIÃO CRATO";"POTENGI";"2022-10-22";"42";"0";"0";"0";"0";"0";"0"
"2022";"Dengue";"FORTALEZA";"22ª REGIÃO CASCAVEL";"BEBERIBE";"2022-05-07";"18";"0";"28";"0";"0";"12";"1"
"2022";"Dengue";"FORTALEZA";"02ª REGIÃO CAUCAIA";"CAUCAIA";"2022-01-15";"2";"0";"7";"0";"0";"1";"0"
"2022";"Dengue";"SOBRAL";"13ª REGIÃO TIANGUÁ";"UBAJARA";"2022-12-17";"50";"0";"0";"0";"0";"0";"0"
"2022";"Dengue";"LITORAL LESTE/JAGUARIBE";"10ª REGIÃO LIMOEIRO DO NORTE";"QUIXERE";"2022-11-05";"44";"0";"0";"0";"0";"0";"0"
"2022";"Dengue";"FORTALEZA";"06ª REGIÃO DE ITAPIPOCA";"AMONTADA";"2022-04-02";"13";"0";"0";"0";"0";"0";"0"
"2022";"Dengue";"FORTALEZA";"22ª REGIÃO CASCAVEL";"CASCAVEL";"2022-12-31";"52";"0";"0";"0";"0";"0";"0"
"2022";"Dengue";"CARIRI";"20ª REGIÃO CRATO";"SANTANA DO CARIRI";"2022-06-18";"24";"0";"1";"0";"0";"0";"0"
"2022";"Dengue";"FORTALEZA";"04ª REGIÃO BATURITÉ";"PACOTI";"2022-06-18";"24";"0";"0";"0";"0";"0";"0"
"2022";"Dengue";"SOBRAL";"12ª REGIÃO ACARAÚ";"JIJOCA DE JERICOACOARA";"2022-08-13";"32";"0";"7";"0";"0";"1";"0"
"2022";"Dengue";"SERTÃO CENTRAL";"05ª REGIÃO DE CANINDÉ";"MADALENA";"2022-01-08";"1";"0";"0";"0";"0";"0";"0"
"2022";"Dengue";"LITORAL LESTE/JAGUARIBE";"07ª REGIÃO ARACATI";"FORTIM";"2022-09-24";"38";"0";"2";"0";"0";"0";"0"
"2022";"Dengue";"CARIRI";"17ª REGIÃO ICÓ";"IPAUMIRIM";"2022-02-12";"6";"0";"1";"0";"0";"1";"0"
"2022";"Dengue";"CARIRI";"18ª REGIÃO IGUATU";"MOMBACA";"2022-12-10";"49";"0";"0";"0";"0";"0";"0"
"2022";"Dengue";"SOBRAL";"11ª REGIÃO SOBRAL";"MUCAMBO";"2022-01-15";"2";"0";"0";"0";"0";"0";"0"
"2022";"Dengue";"LITORAL LESTE/JAGUARIBE";"10ª REGIÃO LIMOEIRO DO NORTE";"QUIXERE";"2022-03-19";"11";"0";"1";"0";"0";"0";"0"
"2022";"Dengue";"SOBRAL";"12ª REGIÃO ACARAÚ";"CRUZ";"2022-05-28";"21";"0";"5";"0";"0";"1";"0"
"2022";"Dengue";"SOBRAL";"15ª REGIÃO CRATEÚS";"INDEPENDENCIA";"2022-03-26";"12";"0";"1";"0";"0";"0";"0"
"2022";"Dengue";"SERTÃO CENTRAL";"08ª REGIÃO QUIXADÁ";"SENADOR POMPEU";"2022-02-05";"5";"0";"1";"0";"0";"0";"0"
"2022";"Dengue";"LITORAL LESTE/JAGUARIBE";"07ª REGIÃO ARACATI";"ITAICABA";"2022-03-19";"11";"0";"1";"0";"0";"0";"0"
"2022";"Dengue";"FORTALEZA";"04ª REGIÃO BATURITÉ";"MULUNGU";"2022-12-31";"52";"0";"0";"0";"0";"0";"0"
"2022";"Dengue";"SOBRAL";"15ª REGIÃO CRATEÚS";"NOVO ORIENTE";"2022-07-02";"26";"0";"24";"0";"0";"2";"0"
"2022";"Dengue";"SERTÃO CENTRAL";"08ª REGIÃO QUIXADÁ";"CHORO";"2022-01-29";"4";"0";"2";"0";"0";"0";"0"
"2022";"Dengue";"FORTALEZA";"02ª REGIÃO CAUCAIA";"ITAPAJE";"2022-02-19";"7";"0";"0";"0";"0";"0";"0"
"2022";"Dengue";"FORTALEZA";"06ª REGIÃO DE ITAPIPOCA";"MIRAIMA";"2022-04-23";"16";"0";"9";"0";"0";"4";"3"
"2022";"Dengue";"SOBRAL";"11ª REGIÃO SOBRAL";"FORQUILHA";"2022-12-17";"50";"0";"1";"0";"0";"0";"0"
"2022";"Dengue";"SOBRAL";"11ª REGIÃO SOBRAL";"IRAUCUBA";"2022-05-14";"19";"0";"1";"0";"0";"0";"0"
"2022";"Dengue";"CARIRI";"20ª REGIÃO CRATO";"POTENGI";"2022-07-30";"30";"0";"0";"0";"0";"0";"0"
"2022";"Dengue";"SOBRAL";"11ª REGIÃO SOBRAL";"COREAU";"2022-07-02";"26";"0";"5";"0";"0";"1";"2"
"2022";"Dengue";"SOBRAL";"16ª REGIÃO CAMOCIM";"CAMOCIM";"2022-12-03";"48";"0";"0";"0";"0";"0";"0"
"2022";"Dengue";"SERTÃO CENTRAL";"14ª REGIÃO TAUÁ";"AIUABA";"2022-11-26";"47";"0";"1";"0";"0";"0";"0"
"2022";"Dengue";"SOBRAL";"13ª REGIÃO TIANGUÁ";"VICOSA DO CEARA";"2022-07-23";"29";"0";"12";"0";"0";"0";"0"
"2022";"Dengue";"FORTALEZA";"22ª REGIÃO CASCAVEL";"CHOROZINHO";"2022-12-24";"51";"0";"0";"0";"0";"0";"0"
"2022";"Dengue";"SOBRAL";"16ª REGIÃO CAMOCIM";"BARROQUINHA";"2022-05-28";"21";"0";"1";"0";"0";"0";"0"
"2022";"Dengue";"CARIRI";"19ª REGIÃO BREJO SANTO";"AURORA";"2022-11-19";"46";"0";"1";"0";"0";"0";"0"
"2022";"Dengue";"LITORAL LESTE/JAGUARIBE";"09ª REGIÃO RUSSAS";"JAGUARUANA";"2022-11-19";"46";"0";"3";"0";"0";"0";"0"
"2022";"Dengue";"SOBRAL";"11ª REGIÃO SOBRAL";"SANTA QUITERIA";"2022-05-21";"20";"0";"11";"0";"0";"7";"1"
"2022";"Dengue";"FORTALEZA";"03ª REGIÃO MARACANAÚ";"GUAIUBA";"2022-07-09";"27";"0";"1";"0";"0";"0";"0"
"2022";"Dengue";"SERTÃO CENTRAL";"05ª REGIÃO DE CANINDÉ";"CANINDE";"2022-04-09";"14";"0";"12";"0";"0";"2";"0"
"2022";"Dengue";"CARIRI";"19ª REGIÃO BREJO SANTO";"BARRO";"2022-04-30";"17";"0";"14";"0";"0";"7";"6"
"2022";"Dengue";"FORTALEZA";"06ª REGIÃO DE ITAPIPOCA";"AMONTADA";"2022-01-15";"2";"0";"0";"0";"0";"0";"0"
"2022";"Dengue";"SERTÃO CENTRAL";"05ª REGIÃO DE CANINDÉ";"PARAMOTI";"2022-08-06";"31";"0";"3";"0";"0";"0";"1"
"2022";"Dengue";"FORTALEZA";"22ª REGIÃO CASCAVEL";"HORIZONTE";"2022-11-19";"46";"0";"1";"0";"0";"0";"0"
"2022";"Dengue";"SOBRAL";"11ª REGIÃO SOBRAL";"GROAIRAS";"2022-11-12";"45";"0";"5";"0";"0";"3";"0"
"2022";"Dengue";"SOBRAL";"11ª REGIÃO SOBRAL";"MERUOCA";"2022-05-21";"20";"0";"3";"0";"0";"3";"0"
"2022";"Dengue";"SOBRAL";"11ª REGIÃO SOBRAL";"CARIRE";"2022-04-23";"16";"0";"0";"0";"0";"0";"0"
"2022";"Dengue";"FORTALEZA";"06ª REGIÃO DE ITAPIPOCA";"TRAIRI";"2022-08-20";"33";"0";"0";"0";"0";"0";"0"
"2022";"Dengue";"SOBRAL";"11ª REGIÃO SOBRAL";"SANTA QUITERIA";"2022-03-05";"9";"0";"0";"0";"0";"0";"0"
"2022";"Dengue";"SOBRAL";"16ª REGIÃO CAMOCIM";"CAMOCIM";"2022-10-08";"40";"0";"1";"0";"0";"0";"0"
"2022";"Dengue";"FORTALEZA";"03ª REGIÃO MARACANAÚ";"ACARAPE";"2022-03-05";"9";"0";"1";"0";"0";"0";"0"
"2022";"Dengue";"LITORAL LESTE/JAGUARIBE";"09ª REGIÃO RUSSAS";"MORADA NOVA";"2022-12-17";"50";"0";"0";"0";"0";"0";"0"
"2022";"Dengue";"CARIRI";"20ª REGIÃO CRATO";"ANTONINA DO NORTE";"2022-07-30";"30";"0";"0";"0";"0";"0";"0"
"2022";"Dengue";"SOBRAL";"16ª REGIÃO CAMOCIM";"BARROQUINHA";"2022-10-01";"39";"0";"1";"0";"0";"0";"0"
"2022";"Dengue";"SOBRAL";"11ª REGIÃO SOBRAL";"ALCANTARAS";"2022-04-02";"13";"0";"0";"0";"0";"0";"0"
"2022";"Dengue";"SOBRAL";"11ª REGIÃO SOBRAL";"CARIRE";"2022-01-29";"4";"0";"0";"0";"0";"0";"0"
"2022";"Dengue";"SOBRAL";"16ª REGIÃO CAMOCIM";"CAMOCIM";"2022-12-10";"49";"0";"1";"0";"0";"0";"0"
"2022";"Dengue";"SERTÃO CENTRAL";"08ª REGIÃO QUIXADÁ";"QUIXERAMOBIM";"2022-02-19";"7";"0";"1";"0";"0";"0";"1"
"2022";"Dengue";"SOBRAL";"11ª REGIÃO SOBRAL";"URUOCA";"2022-02-26";"8";"0";"0";"0";"0";"0";"0"
"2022";"Dengue";"CARIRI";"20ª REGIÃO CRATO";"POTENGI";"2022-03-05";"9";"0";"0";"0";"0";"0";"0"
"2022";"Dengue";"SERTÃO CENTRAL";"05ª REGIÃO DE CANINDÉ";"CARIDADE";"2022-09-17";"37";"0";"0";"0";"0";"0";"0"
"2022";"Dengue";"FORTALEZA";"22ª REGIÃO CASCAVEL";"PACAJUS";"2022-10-15";"41";"0";"0";"0";"0";"0";"0"
"2022";"Dengue";"CARIRI";"21ª REGIÃO JUAZEIRO DO NORTE";"GRANJEIRO";"2022-07-09";"27";"0";"1";"0";"0";"0";"0"
"2022";"Dengue";"LITORAL LESTE/JAGUARIBE";"09ª REGIÃO RUSSAS";"PALHANO";"2022-11-19";"46";"0";"0";"0";"0";"0";"0"
"2022";"Dengue";"FORTALEZA";"02ª REGIÃO CAUCAIA";"ITAPAJE";"2022-07-23";"29";"0";"0";"0";"0";"0";"0"
"2022";"Dengue";"SOBRAL";"11ª REGIÃO SOBRAL";"HIDROLANDIA";"2022-10-29";"43";"0";"0";"0";"0";"0";"0"
"2022";"Dengue";"FORTALEZA";"22ª REGIÃO CASCAVEL";"CHOROZINHO";"2022-12-31";"52";"0";"1";"0";"0";"0";"0"
"2022";"Dengue";"LITORAL LESTE/JAGUARIBE";"07ª REGIÃO ARACATI";"ITAICABA";"2022-09-17";"37";"0";"1";"0";"0";"0";"0"
"2022";"Dengue";"LITORAL LESTE/JAGUARIBE";"07ª REGIÃO ARACATI";"FORTIM";"2022-06-11";"23";"0";"0";"0";"0";"0";"0"
"2022";"Dengue";"CARIRI";"19ª REGIÃO BREJO SANTO";"AURORA";"2022-08-20";"33";"0";"0";"0";"0";"0";"0"
"2022";"Dengue";"CARIRI";"18ª REGIÃO IGUATU";"IGUATU";"2022-05-21";"20";"0";"18";"0";"0";"1";"9"
"2022";"Dengue";"SOBRAL";"15ª REGIÃO CRATEÚS";"IPUEIRAS";"2022-12-03";"48";"0";"0";"0";"0";"0";"0"
"2022";"Dengue";"FORTALEZA";"06ª REGIÃO DE ITAPIPOCA";"TURURU";"2022-06-25";"25";"0";"3";"0";"0";"0";"4"
"2022";"Dengue";"SOBRAL";"11ª REGIÃO SOBRAL";"PIRES FERREIRA";"2022-09-17";"37";"0";"0";"0";"0";"0";"0"
"2022";"Dengue";"SOBRAL";"16ª REGIÃO CAMOCIM";"GRANJA";"2022-10-22";"42";"0";"0";"0";"0";"0";"0"
"2022";"Dengue";"FORTALEZA";"02ª REGIÃO CAUCAIA";"ITAPAJE";"2022-06-11";"23";"0";"1";"0";"0";"0";"0"
"2022";"Dengue";"LITORAL LESTE/JAGUARIBE";"07ª REGIÃO ARACATI";"ARACATI";"2022-08-27";"34";"0";"8";"0";"0";"0";"1"
"2022";"Dengue";"FORTALEZA";"03ª REGIÃO MARACANAÚ";"ACARAPE";"2022-08-27";"34";"0";"0";"0";"0";"0";"0"
"2022";"Dengue";"CARIRI";"21ª REGIÃO JUAZEIRO DO NORTE";"MISSAO VELHA";"2022-06-04";"22";"0";"1";"0";"0";"0";"0"
"2022";"Dengue";"FORTALEZA";"06ª REGIÃO DE ITAPIPOCA";"UMIRIM";"2022-06-11";"23";"0";"0";"0";"0";"0";"0"
"2022";"Dengue";"FORTALEZA";"22ª REGIÃO CASCAVEL";"BEBERIBE";"2022-03-26";"12";"0";"8";"0";"0";"4";"2"
"2022";"Dengue";"CARIRI";"20ª REGIÃO CRATO";"SALITRE";"2022-03-05";"9";"0";"2";"0";"0";"0";"0"
"2022";"Dengue";"CARIRI";"21ª REGIÃO JUAZEIRO DO NORTE";"MISSAO VELHA";"2022-04-23";"16";"0";"13";"0";"0";"0";"1"
"2022";"Dengue";"SERTÃO CENTRAL";"08ª REGIÃO QUIXADÁ";"IBARETAMA";"2022-11-12";"45";"0";"0";"0";"0";"0";"0"
"2022";"Dengue";"SERTÃO CENTRAL";"14ª REGIÃO TAUÁ";"PARAMBU";"2022-12-24";"51";"0";"0";"0";"0";"0";"0"
"2022";"Dengue";"FORTALEZA";"02ª REGIÃO CAUCAIA";"GENERAL SAMPAIO";"2022-11-26";"47";"0";"0";"0";"0";"0";"0"
"2022";"Dengue";"FORTALEZA";"02ª REGIÃO CAUCAIA";"PENTECOSTE";"2022-05-28";"21";"0";"3";"0";"0";"0";"3"
"2022";"Dengue";"FORTALEZA";"02ª REGIÃO CAUCAIA";"TEJUCUOCA";"2022-01-29";"4";"0";"1";"0";"0";"0";"0"
"2022";"Dengue";"LITORAL LESTE/JAGUARIBE";"10ª REGIÃO LIMOEIRO DO NORTE";"JAGUARIBE";"2022-03-26";"12";"0";"7";"0";"0";"0";"0"
"2022";"Dengue";"SOBRAL";"16ª REGIÃO CAMOCIM";"CAMOCIM";"2022-12-31";"52";"0";"3";"0";"0";"1";"0"
"2022";"Dengue";"FORTALEZA";"06ª REGIÃO DE ITAPIPOCA";"AMONTADA";"2022-04-09";"14";"0";"3";"0";"0";"0";"0"
"2022";"Dengue";"SOBRAL";"12ª REGIÃO ACARAÚ";"BELA CRUZ";"2022-06-18";"24";"0";"8";"0";"0";"2";"4"
"2022";"Dengue";"CARIRI";"20ª REGIÃO CRATO";"ARARIPE";"2022-03-26";"12";"0";"5";"0";"0";"0";"0"
"2022";"Dengue";"FORTALEZA";"02ª REGIÃO CAUCAIA";"PARAIPABA";"2022-04-16";"15";"0";"1";"0";"0";"1";"0"
"2022";"Dengue";"FORTALEZA";"01ª REGIÃO FORTALEZA";"AQUIRAZ";"2022-01-15";"2";"0";"0";"0";"0";"0";"0"
"2022";"Dengue";"SOBRAL";"16ª REGIÃO CAMOCIM";"BARROQUINHA";"2022-12-24";"51";"0";"0";"0";"0";"0";"0"
"2022";"Dengue";"FORTALEZA";"01ª REGIÃO FORTALEZA";"AQUIRAZ";"2022-11-05";"44";"0";"0";"0";"0";"0";"0"
"2022";"Dengue";"LITORAL LESTE/JAGUARIBE";"10ª REGIÃO LIMOEIRO DO NORTE";"ERERE";"2022-06-25";"25";"0";"0";"0";"0";"0";"0"
"2022";"Dengue";"CARIRI";"18ª REGIÃO IGUATU";"IGUATU";"2022-07-16";"28";"0";"3";"0";"0";"1";"2"
"2022";"Dengue";"CARIRI";"20ª REGIÃO CRATO";"ARARIPE";"2022-09-03";"35";"0";"0";"0";"0";"0";"0"
"2022";"Dengue";"SOBRAL";"12ª REGIÃO ACARAÚ";"BELA CRUZ";"2022-01-22";"3";"0";"1";"0";"0";"0";"0"
"2022";"Dengue";"CARIRI";"18ª REGIÃO IGUATU";"JUCAS";"2022-07-30";"30";"0";"2";"0";"0";"0";"0"
"2022";"Dengue";"CARIRI";"21ª REGIÃO JUAZEIRO DO NORTE";"GRANJEIRO";"2022-05-14";"19";"0";"1";"0";"0";"0";"0"
"2022";"Dengue";"CARIRI";"20ª REGIÃO CRATO";"VARZEA ALEGRE";"2022-12-24";"51";"0";"1";"0";"0";"0";"0"
"2022";"Dengue";"SOBRAL";"11ª REGIÃO SOBRAL";"PACUJA";"2022-02-05";"5";"0";"0";"0";"0";"0";"0"
"2022";"Dengue";"CARIRI";"20ª REGIÃO CRATO";"NOVA OLINDA";"2022-11-05";"44";"0";"0";"0";"0";"0";"0"
"2022";"Dengue";"FORTALEZA";"22ª REGIÃO CASCAVEL";"CASCAVEL";"2022-05-21";"20";"0";"142";"0";"0";"23";"22"
"2022";"Dengue";"SERTÃO CENTRAL";"08ª REGIÃO QUIXADÁ";"MILHA";"2022-10-08";"40";"0";"1";"0";"0";"0";"0"
"2022";"Dengue";"SOBRAL";"15ª REGIÃO CRATEÚS";"IPUEIRAS";"2022-02-12";"6";"0";"0";"0";"0";"0";"0"
"2022";"Dengue";"FORTALEZA";"02ª REGIÃO CAUCAIA";"PENTECOSTE";"2022-05-14";"19";"0";"4";"0";"0";"0";"1"
"2022";"Dengue";"SOBRAL";"12ª REGIÃO ACARAÚ";"ITAREMA";"2022-12-24";"51";"0";"0";"0";"0";"0";"0"
"2022";"Dengue";"SOBRAL";"15ª REGIÃO CRATEÚS";"NOVO ORIENTE";"2022-12-17";"50";"0";"0";"0";"0";"0";"0"
"2022";"Dengue";"SOBRAL";"11ª REGIÃO SOBRAL";"CATUNDA";"2022-11-19";"46";"0";"0";"0";"0";"0";"0"
"2022";"Dengue";"SOBRAL";"11ª REGIÃO SOBRAL";"PIRES FERREIRA";"2022-02-05";"5";"0";"0";"0";"0";"0";"0"
"2022";"Dengue";"CARIRI";"17ª REGIÃO ICÓ";"BAIXIO";"2022-03-19";"11";"0";"0";"0";"0";"0";"0"
"2022";"Dengue";"LITORAL LESTE/JAGUARIBE";"09ª REGIÃO RUSSAS";"RUSSAS";"2022-08-20";"33";"0";"22";"0";"0";"0";"5"
"2022";"Dengue";"SOBRAL";"11ª REGIÃO SOBRAL";"SANTANA DO ACARAU";"2022-06-11";"23";"0";"5";"0";"0";"2";"1"
"2022";"Dengue";"LITORAL LESTE/JAGUARIBE";"07ª REGIÃO ARACATI";"FORTIM";"2022-11-19";"46";"0";"0";"0";"0";"0";"0"
"2022";"Dengue";"SOBRAL";"11ª REGIÃO SOBRAL";"SANTANA DO ACARAU";"2022-07-16";"28";"0";"7";"0";"0";"5";"0"
"2022";"Dengue";"SERTÃO CENTRAL";"14ª REGIÃO TAUÁ";"ARNEIROZ";"2022-06-11";"23";"0";"1";"0";"0";"0";"0"
"2022";"Dengue";"FORTALEZA";"02ª REGIÃO CAUCAIA";"APUIARES";"2022-06-25";"25";"0";"6";"0";"0";"0";"0"
"2022";"Dengue";"FORTALEZA";"01ª REGIÃO FORTALEZA";"ITAITINGA";"2022-01-15";"2";"0";"0";"0";"0";"0";"0"
"2022";"Dengue";"FORTALEZA";"01ª REGIÃO FORTALEZA";"AQUIRAZ";"2022-11-19";"46";"0";"0";"0";"0";"0";"0"
"2022";"Dengue";"CARIRI";"18ª REGIÃO IGUATU";"DEPUTADO IRAPUAN PINHEIRO";"2022-10-15";"41";"0";"0";"0";"0";"0";"0"
"2022";"Dengue";"SOBRAL";"13ª REGIÃO TIANGUÁ";"SAO BENEDITO";"2022-11-26";"47";"0";"2";"0";"0";"0";"0"
"2022";"Dengue";"SOBRAL";"11ª REGIÃO SOBRAL";"ALCANTARAS";"2022-01-08";"1";"0";"0";"0";"0";"0";"0"
"2022";"Dengue";"SOBRAL";"13ª REGIÃO TIANGUÁ";"CARNAUBAL";"2022-06-11";"23";"0";"3";"0";"0";"0";"0"
"2022";"Dengue";"CARIRI";"20ª REGIÃO CRATO";"FARIAS BRITO";"2022-03-05";"9";"0";"10";"0";"0";"0";"0"
"2022";"Dengue";"CARIRI";"20ª REGIÃO CRATO";"FARIAS BRITO";"2022-12-17";"50";"0";"0";"0";"0";"0";"0"
"2022";"Dengue";"CARIRI";"17ª REGIÃO ICÓ";"IPAUMIRIM";"2022-08-27";"34";"0";"0";"0";"0";"0";"0"
"2022";"Dengue";"SOBRAL";"13ª REGIÃO TIANGUÁ";"CROATA";"2022-09-03";"35";"0";"1";"0";"0";"0";"0"
"2022";"Dengue";"SOBRAL";"16ª REGIÃO CAMOCIM";"BARROQUINHA";"2022-04-09";"14";"0";"0";"0";"0";"0";"0"
"2022";"Dengue";"CARIRI";"19ª REGIÃO BREJO SANTO";"MILAGRES";"2022-01-29";"4";"0";"0";"0";"0";"0";"0"
"2022";"Dengue";"FORTALEZA";"06ª REGIÃO DE ITAPIPOCA";"AMONTADA";"2022-06-25";"25";"0";"5";"0";"0";"1";"0"
"2022";"Dengue";"SOBRAL";"11ª REGIÃO SOBRAL";"CATUNDA";"2022-07-02";"26";"0";"3";"0";"0";"0";"0"
"2022";"Dengue";"SOBRAL";"12ª REGIÃO ACARAÚ";"ACARAU";"2022-11-26";"47";"0";"9";"0";"0";"2";"0"
"2022";"Dengue";"SERTÃO CENTRAL";"05ª REGIÃO DE CANINDÉ";"MADALENA";"2022-11-12";"45";"0";"0";"0";"0";"0";"0"
"2022";"Dengue";"LITORAL LESTE/JAGUARIBE";"10ª REGIÃO LIMOEIRO DO NORTE";"JAGUARIBE";"2022-12-24";"51";"0";"9";"0";"0";"0";"0"
"2022";"Dengue";"SERTÃO CENTRAL";"08ª REGIÃO QUIXADÁ";"BANABUIU";"2022-08-06";"31";"0";"5";"0";"0";"1";"0"
"2022";"Dengue";"CARIRI";"18ª REGIÃO IGUATU";"MOMBACA";"2022-10-15";"41";"0";"0";"0";"0";"0";"0"
"2022";"Dengue";"CARIRI";"18ª REGIÃO IGUATU";"ACOPIARA";"2022-06-04";"22";"0";"5";"0";"0";"1";"0"
"2022";"Dengue";"SOBRAL";"16ª REGIÃO CAMOCIM";"BARROQUINHA";"2022-03-12";"10";"0";"0";"0";"0";"0";"0"
"2022";"Dengue";"SOBRAL";"15ª REGIÃO CRATEÚS";"CRATEUS";"2022-10-22";"42";"0";"0";"0";"0";"0";"0"
"2022";"Dengue";"SOBRAL";"15ª REGIÃO CRATEÚS";"IPAPORANGA";"2022-06-18";"24";"0";"3";"0";"0";"0";"0"
"2022";"Dengue";"SERTÃO CENTRAL";"05ª REGIÃO DE CANINDÉ";"CANINDE";"2022-02-05";"5";"0";"3";"0";"0";"0";"0"
"2022";"Dengue";"CARIRI";"18ª REGIÃO IGUATU";"PIQUET CARNEIRO";"2022-07-23";"29";"0";"1";"0";"0";"0";"0"
"2022";"Dengue";"FORTALEZA";"04ª REGIÃO BATURITÉ";"ARATUBA";"2022-08-27";"34";"0";"0";"0";"0";"0";"0"
"2022";"Dengue";"SOBRAL";"12ª REGIÃO ACARAÚ";"MORRINHOS";"2022-03-05";"9";"0";"0";"0";"0";"0";"0"
"2022";"Dengue";"FORTALEZA";"02ª REGIÃO CAUCAIA";"ITAPAJE";"2022-05-14";"19";"0";"5";"0";"0";"0";"0"
"2022";"Dengue";"CARIRI";"21ª REGIÃO JUAZEIRO DO NORTE";"CARIRIACU";"2022-02-26";"8";"0";"5";"0";"0";"0";"0"
"2022";"Dengue";"CARIRI";"19ª REGIÃO BREJO SANTO";"PORTEIRAS";"2022-08-13";"32";"0";"1";"0";"0";"0";"1"
"2022";"Dengue";"LITORAL LESTE/JAGUARIBE";"09ª REGIÃO RUSSAS";"PALHANO";"2022-02-26";"8";"0";"0";"0";"0";"0";"0"
"2022";"Dengue";"SOBRAL";"13ª REGIÃO TIANGUÁ";"CROATA";"2022-02-12";"6";"0";"0";"0";"0";"0";"0"
"2022";"Dengue";"FORTALEZA";"22ª REGIÃO CASCAVEL";"PINDORETAMA";"2022-01-08";"1";"0";"0";"0";"0";"0";"0"
"2022";"Dengue";"SERTÃO CENTRAL";"14ª REGIÃO TAUÁ";"ARNEIROZ";"2022-10-15";"41";"0";"0";"0";"0";"0";"0"
"2022";"Dengue";"CARIRI";"17ª REGIÃO ICÓ";"IPAUMIRIM";"2022-04-09";"14";"0";"3";"0";"0";"0";"0"
"2022";"Dengue";"SERTÃO CENTRAL";"05ª REGIÃO DE CANINDÉ";"PARAMOTI";"2022-07-16";"28";"0";"5";"0";"0";"0";"0"
"2022";"Dengue";"FORTALEZA";"01ª REGIÃO FORTALEZA";"ITAITINGA";"2022-04-16";"15";"0";"0";"0";"0";"0";"0"
"2022";"Dengue";"CARIRI";"19ª REGIÃO BREJO SANTO";"BREJO SANTO";"2022-07-23";"29";"0";"15";"0";"0";"1";"14"
"2022";"Dengue";"CARIRI";"20ª REGIÃO CRATO";"ASSARE";"2022-09-10";"36";"0";"0";"0";"0";"0";"0"
"2022";"Dengue";"CARIRI";"18ª REGIÃO IGUATU";"ACOPIARA";"2022-03-12";"10";"0";"0";"0";"0";"0";"0"
"2022";"Dengue";"SOBRAL";"11ª REGIÃO SOBRAL";"SENADOR SA";"2022-02-05";"5";"0";"0";"0";"0";"0";"0"
"2022";"Dengue";"LITORAL LESTE/JAGUARIBE";"07ª REGIÃO ARACATI";"FORTIM";"2022-07-30";"30";"0";"6";"0";"0";"1";"0"
"2022";"Dengue";"CARIRI";"20ª REGIÃO CRATO";"VARZEA ALEGRE";"2022-04-23";"16";"0";"44";"0";"0";"2";"0"
"2022";"Dengue";"FORTALEZA";"06ª REGIÃO DE ITAPIPOCA";"TURURU";"2022-03-12";"10";"0";"2";"0";"0";"1";"0"
"2022";"Dengue";"CARIRI";"21ª REGIÃO JUAZEIRO DO NORTE";"CARIRIACU";"2022-07-02";"26";"0";"0";"0";"0";"0";"0"
"2022";"Dengue";"CARIRI";"20ª REGIÃO CRATO";"ANTONINA DO NORTE";"2022-11-12";"45";"0";"0";"0";"0";"0";"0"
"2022";"Dengue";"FORTALEZA";"06ª REGIÃO DE ITAPIPOCA";"AMONTADA";"2022-01-22";"3";"0";"0";"0";"0";"0";"0"
"2022";"Dengue";"CARIRI";"17ª REGIÃO ICÓ";"LAVRAS DA MANGABEIRA";"2022-10-29";"43";"0";"0";"0";"0";"0";"0"
"2022";"Dengue";"FORTALEZA";"04ª REGIÃO BATURITÉ";"PACOTI";"2022-05-28";"21";"0";"0";"0";"0";"0";"0"
"2022";"Dengue";"CARIRI";"21ª REGIÃO JUAZEIRO DO NORTE";"JUAZEIRO DO NORTE";"2022-09-03";"35";"0";"10";"0";"0";"0";"0"
"2022";"Dengue";"LITORAL LESTE/JAGUARIBE";"07ª REGIÃO ARACATI";"ARACATI";"2022-11-26";"47";"0";"1";"0";"0";"0";"0"
"2022";"Dengue";"FORTALEZA";"04ª REGIÃO BATURITÉ";"ARATUBA";"2022-12-31";"52";"0";"0";"0";"0";"0";"0"
"2022";"Dengue";"CARIRI";"17ª REGIÃO ICÓ";"IPAUMIRIM";"2022-06-18";"24";"0";"0";"0";"0";"0";"0"
"2022";"Dengue";"SOBRAL";"12ª REGIÃO ACARAÚ";"ACARAU";"2022-02-05";"5";"0";"3";"0";"0";"0";"0"
"2022";"Dengue";"LITORAL LESTE/JAGUARIBE";"10ª REGIÃO LIMOEIRO DO NORTE";"TABULEIRO DO NORTE";"2022-05-14";"19";"0";"2";"0";"0";"1";"0"
"2022";"Dengue";"CARIRI";"21ª REGIÃO JUAZEIRO DO NORTE";"MISSAO VELHA";"2022-01-08";"1";"0";"0";"0";"0";"0";"0"
"2022";"Dengue";"SOBRAL";"11ª REGIÃO SOBRAL";"IRAUCUBA";"2022-04-23";"16";"0";"0";"0";"0";"0";"0"
"2022";"Dengue";"FORTALEZA";"03ª REGIÃO MARACANAÚ";"GUAIUBA";"2022-08-27";"34";"0";"2";"0";"0";"0";"0"
"2022";"Dengue";"CARIRI";"18ª REGIÃO IGUATU";"PIQUET CARNEIRO";"2022-01-15";"2";"0";"0";"0";"0";"0";"0"
"2022";"Dengue";"CARIRI";"19ª REGIÃO BREJO SANTO";"MAURITI";"2022-10-08";"40";"0";"0";"0";"0";"0";"0"
"2022";"Dengue";"FORTALEZA";"03ª REGIÃO MARACANAÚ";"PACATUBA";"2022-12-31";"52";"0";"1";"0";"0";"0";"0"
"2022";"Dengue";"CARIRI";"18ª REGIÃO IGUATU";"MOMBACA";"2022-11-05";"44";"0";"0";"0";"0";"0";"0"
"2022";"Dengue";"SOBRAL";"12ª REGIÃO ACARAÚ";"BELA CRUZ";"2022-07-30";"30";"0";"11";"0";"0";"8";"2"
"2022";"Dengue";"FORTALEZA";"22ª REGIÃO CASCAVEL";"OCARA";"2022-03-19";"11";"0";"1";"0";"0";"0";"0"
"2022";"Dengue";"CARIRI";"18ª REGIÃO IGUATU";"CATARINA";"2022-02-26";"8";"0";"1";"0";"0";"0";"0"
"2022";"Dengue";"SERTÃO CENTRAL";"05ª REGIÃO DE CANINDÉ";"MADALENA";"2022-02-26";"8";"0";"0";"0";"0";"0";"0"
"2022";"Dengue";"LITORAL LESTE/JAGUARIBE";"07ª REGIÃO ARACATI";"ICAPUI";"2022-09-03";"35";"0";"4";"0";"0";"1";"0"
"2022";"Dengue";"SOBRAL";"16ª REGIÃO CAMOCIM";"CHAVAL";"2022-06-11";"23";"0";"0";"0";"0";"0";"0"
"2022";"Dengue";"SOBRAL";"11ª REGIÃO SOBRAL";"PIRES FERREIRA";"2022-07-23";"29";"0";"0";"0";"0";"0";"0"
"2022";"Dengue";"SOBRAL";"15ª REGIÃO CRATEÚS";"PORANGA";"2022-11-19";"46";"0";"0";"0";"0";"0";"0"
"2022";"Dengue";"CARIRI";"17ª REGIÃO ICÓ";"CEDRO";"2022-02-26";"8";"0";"0";"0";"0";"0";"0"
"2022";"Dengue";"SERTÃO CENTRAL";"08ª REGIÃO QUIXADÁ";"MILHA";"2022-02-19";"7";"0";"0";"0";"0";"0";"0"
"2022";"Dengue";"SERTÃO CENTRAL";"08ª REGIÃO QUIXADÁ";"QUIXERAMOBIM";"2022-09-17";"37";"0";"1";"0";"0";"1";"0"
"2022";"Dengue";"FORTALEZA";"04ª REGIÃO BATURITÉ";"ITAPIUNA";"2022-03-19";"11";"0";"0";"0";"0";"0";"0"
"2022";"Dengue";"SOBRAL";"11ª REGIÃO SOBRAL";"VARJOTA";"2022-02-12";"6";"0";"0";"0";"0";"0";"0"
"2022";"Dengue";"SERTÃO CENTRAL";"14ª REGIÃO TAUÁ";"AIUABA";"2022-05-07";"18";"0";"9";"0";"0";"4";"4"
"2022";"Dengue";"CARIRI";"20ª REGIÃO CRATO";"CRATO";"2022-11-12";"45";"0";"0";"0";"0";"0";"0"
"2022";"Dengue";"FORTALEZA";"03ª REGIÃO MARACANAÚ";"ACARAPE";"2022-05-07";"18";"0";"1";"0";"0";"0";"0"
"2022";"Dengue";"CARIRI";"18ª REGIÃO IGUATU";"ACOPIARA";"2022-06-18";"24";"0";"8";"0";"0";"4";"0"
"2022";"Dengue";"SERTÃO CENTRAL";"05ª REGIÃO DE CANINDÉ";"BOA VIAGEM";"2022-07-02";"26";"0";"14";"0";"0";"0";"5"
"2022";"Dengue";"CARIRI";"18ª REGIÃO IGUATU";"IGUATU";"2022-04-30";"17";"0";"9";"0";"0";"6";"2"
"2022";"Dengue";"FORTALEZA";"04ª REGIÃO BATURITÉ";"ITAPIUNA";"2022-10-29";"43";"0";"0";"0";"0";"0";"0"
"2022";"Dengue";"SERTÃO CENTRAL";"08ª REGIÃO QUIXADÁ";"MILHA";"2022-11-05";"44";"0";"1";"0";"0";"0";"0"
"2022";"Dengue";"FORTALEZA";"02ª REGIÃO CAUCAIA";"PENTECOSTE";"2022-04-02";"13";"0";"0";"0";"0";"0";"0"
"2022";"Dengue";"SOBRAL";"11ª REGIÃO SOBRAL";"COREAU";"2022-02-12";"6";"0";"0";"0";"0";"0";"0"
"2022";"Dengue";"FORTALEZA";"03ª REGIÃO MARACANAÚ";"BARREIRA";"2022-07-16";"28";"0";"1";"0";"0";"0";"0"
"2022";"Dengue";"LITORAL LESTE/JAGUARIBE";"10ª REGIÃO LIMOEIRO DO NORTE";"ALTO SANTO";"2022-04-30";"17";"0";"0";"0";"0";"0";"0"
"2022";"Dengue";"CARIRI";"19ª REGIÃO BREJO SANTO";"PORTEIRAS";"2022-08-06";"31";"0";"1";"0";"0";"0";"0"
"2022";"Dengue";"SOBRAL";"11ª REGIÃO SOBRAL";"PIRES FERREIRA";"2022-10-29";"43";"0";"0";"0";"0";"0";"0"
"2022";"Dengue";"SOBRAL";"16ª REGIÃO CAMOCIM";"GRANJA";"2022-02-26";"8";"0";"0";"0";"0";"0";"0"
"2022";"Dengue";"FORTALEZA";"03ª REGIÃO MARACANAÚ";"BARREIRA";"2022-10-01";"39";"0";"0";"0";"0";"0";"0"
"2022";"Dengue";"SERTÃO CENTRAL";"08ª REGIÃO QUIXADÁ";"BANABUIU";"2022-07-02";"26";"0";"4";"0";"0";"1";"0"
"2022";"Dengue";"FORTALEZA";"04ª REGIÃO BATURITÉ";"MULUNGU";"2022-02-05";"5";"0";"2";"0";"0";"0";"2"
"2022";"Dengue";"FORTALEZA";"02ª REGIÃO CAUCAIA";"SAO LUIS DO CURU";"2022-01-29";"4";"0";"0";"0";"0";"0";"0"
"2022";"Dengue";"SOBRAL";"15ª REGIÃO CRATEÚS";"MONSENHOR TABOSA";"2022-07-09";"27";"0";"3";"0";"0";"1";"0"
"2022";"Dengue";"SERTÃO CENTRAL";"05ª REGIÃO DE CANINDÉ";"CANINDE";"2022-10-29";"43";"0";"1";"0";"0";"0";"0"
"2022";"Dengue";"CARIRI";"19ª REGIÃO BREJO SANTO";"AURORA";"2022-04-23";"16";"0";"4";"0";"0";"0";"0"
"2022";"Dengue";"SOBRAL";"15ª REGIÃO CRATEÚS";"IPUEIRAS";"2022-12-24";"51";"0";"0";"0";"0";"0";"0"
"2022";"Dengue";"CARIRI";"18ª REGIÃO IGUATU";"DEPUTADO IRAPUAN PINHEIRO";"2022-11-19";"46";"0";"0";"0";"0";"0";"0"
"2022";"Dengue";"LITORAL LESTE/JAGUARIBE";"10ª REGIÃO LIMOEIRO DO NORTE";"PEREIRO";"2022-11-26";"47";"0";"0";"0";"0";"0";"0"
"2022";"Dengue";"FORTALEZA";"22ª REGIÃO CASCAVEL";"OCARA";"2022-05-07";"18";"0";"6";"0";"0";"0";"0"
"2022";"Dengue";"CARIRI";"18ª REGIÃO IGUATU";"PIQUET CARNEIRO";"2022-01-08";"1";"0";"0";"0";"0";"0";"0"
"2022";"Dengue";"CARIRI";"20ª REGIÃO CRATO";"SANTANA DO CARIRI";"2022-10-22";"42";"0";"0";"0";"0";"0";"0"
"2022";"Dengue";"CARIRI";"18ª REGIÃO IGUATU";"QUIXELO";"2022-02-12";"6";"0";"0";"0";"0";"0";"0"
"2022";"Dengue";"SERTÃO CENTRAL";"08ª REGIÃO QUIXADÁ";"QUIXERAMOBIM";"2022-07-09";"27";"0";"11";"0";"0";"1";"1"
"2022";"Dengue";"SOBRAL";"11ª REGIÃO SOBRAL";"HIDROLANDIA";"2022-05-28";"21";"0";"2";"0";"0";"0";"0"
"2022";"Dengue";"CARIRI";"18ª REGIÃO IGUATU";"PIQUET CARNEIRO";"2022-11-19";"46";"0";"1";"0";"0";"0";"0"
"2022";"Dengue";"FORTALEZA";"03ª REGIÃO MARACANAÚ";"ACARAPE";"2022-10-29";"43";"0";"0";"0";"0";"0";"0"
"2022";"Dengue";"LITORAL LESTE/JAGUARIBE";"10ª REGIÃO LIMOEIRO DO NORTE";"IRACEMA";"2022-02-19";"7";"0";"2";"0";"0";"2";"0"
"2022";"Dengue";"SOBRAL";"16ª REGIÃO CAMOCIM";"CHAVAL";"2022-12-17";"50";"0";"0";"0";"0";"0";"0"
"2022";"Dengue";"SERTÃO CENTRAL";"08ª REGIÃO QUIXADÁ";"QUIXERAMOBIM";"2022-12-31";"52";"0";"1";"0";"0";"1";"0"
"2022";"Dengue";"SOBRAL";"11ª REGIÃO SOBRAL";"RERIUTABA";"2022-12-31";"52";"0";"0";"0";"0";"0";"0"
"2022";"Dengue";"FORTALEZA";"03ª REGIÃO MARACANAÚ";"REDENCAO";"2022-06-04";"22";"0";"1";"0";"0";"0";"0"
"2022";"Dengue";"SERTÃO CENTRAL";"08ª REGIÃO QUIXADÁ";"PEDRA BRANCA";"2022-01-22";"3";"0";"14";"0";"0";"0";"9"
"2022";"Dengue";"FORTALEZA";"03ª REGIÃO MARACANAÚ";"MARACANAU";"2022-08-06";"31";"0";"11";"0";"0";"0";"6"
"2022";"Dengue";"SOBRAL";"15ª REGIÃO CRATEÚS";"IPUEIRAS";"2022-10-22";"42";"0";"0";"0";"0";"0";"0"
"2022";"Dengue";"FORTALEZA";"04ª REGIÃO BATURITÉ";"CAPISTRANO";"2022-03-26";"12";"0";"1";"0";"0";"0";"0"
"2022";"Dengue";"SOBRAL";"15ª REGIÃO CRATEÚS";"TAMBORIL";"2022-07-09";"27";"0";"8";"0";"0";"2";"0"
"2022";"Dengue";"FORTALEZA";"01ª REGIÃO FORTALEZA";"FORTALEZA";"2022-04-23";"16";"0";"1639";"0";"0";"75";"639"
"2022";"Dengue";"SOBRAL";"12ª REGIÃO ACARAÚ";"ITAREMA";"2022-09-03";"35";"0";"2";"0";"0";"2";"0"
"2022";"Dengue";"SOBRAL";"11ª REGIÃO SOBRAL";"CATUNDA";"2022-08-27";"34";"0";"6";"0";"0";"1";"0"
"2022";"Dengue";"SERTÃO CENTRAL";"05ª REGIÃO DE CANINDÉ";"PARAMOTI";"2022-08-27";"34";"0";"1";"0";"0";"0";"0"
"2022";"Dengue";"FORTALEZA";"01ª REGIÃO FORTALEZA";"ITAITINGA";"2022-07-02";"26";"0";"1";"0";"0";"1";"0"
"2022";"Dengue";"FORTALEZA";"03ª REGIÃO MARACANAÚ";"GUAIUBA";"2022-01-29";"4";"0";"3";"0";"0";"0";"2"
"2022";"Dengue";"LITORAL LESTE/JAGUARIBE";"10ª REGIÃO LIMOEIRO DO NORTE";"ALTO SANTO";"2022-06-11";"23";"0";"1";"0";"0";"0";"0"
"2022";"Dengue";"LITORAL LESTE/JAGUARIBE";"10ª REGIÃO LIMOEIRO DO NORTE";"SAO JOAO DO JAGUARIBE";"2022-09-10";"36";"0";"3";"0";"0";"2";"0"
"2022";"Dengue";"FORTALEZA";"22ª REGIÃO CASCAVEL";"PACAJUS";"2022-12-31";"52";"0";"0";"0";"0";"0";"0"
"2022";"Dengue";"LITORAL LESTE/JAGUARIBE";"10ª REGIÃO LIMOEIRO DO NORTE";"JAGUARIBARA";"2022-05-28";"21";"0";"13";"0";"0";"1";"0"
"2022";"Dengue";"CARIRI";"20ª REGIÃO CRATO";"TARRAFAS";"2022-08-27";"34";"0";"0";"0";"0";"0";"0"
"2022";"Dengue";"LITORAL LESTE/JAGUARIBE";"09ª REGIÃO RUSSAS";"JAGUARETAMA";"2022-02-05";"5";"0";"2";"0";"0";"0";"0"
"2022";"Dengue";"CARIRI";"20ª REGIÃO CRATO";"ALTANEIRA";"2022-01-29";"4";"0";"0";"0";"0";"0";"0"
"2022";"Dengue";"SOBRAL";"11ª REGIÃO SOBRAL";"IPU";"2022-04-02";"13";"0";"18";"0";"0";"12";"1"
"2022";"Dengue";"CARIRI";"20ª REGIÃO CRATO";"CRATO";"2022-05-21";"20";"0";"23";"0";"0";"2";"21"
"2022";"Dengue";"CARIRI";"21ª REGIÃO JUAZEIRO DO NORTE";"JUAZEIRO DO NORTE";"2022-02-26";"8";"0";"453";"0";"0";"1";"0"
"2022";"Dengue";"SERTÃO CENTRAL";"05ª REGIÃO DE CANINDÉ";"MADALENA";"2022-09-24";"38";"0";"0";"0";"0";"0";"0"
"2022";"Dengue";"SERTÃO CENTRAL";"05ª REGIÃO DE CANINDÉ";"BOA VIAGEM";"2022-02-19";"7";"0";"1";"0";"0";"1";"0"
"2022";"Dengue";"LITORAL LESTE/JAGUARIBE";"10ª REGIÃO LIMOEIRO DO NORTE";"PEREIRO";"2022-04-23";"16";"0";"2";"0";"0";"1";"0"
"2022";"Dengue";"SERTÃO CENTRAL";"14ª REGIÃO TAUÁ";"PARAMBU";"2022-08-27";"34";"0";"2";"0";"0";"0";"0"
"2022";"Dengue";"SOBRAL";"11ª REGIÃO SOBRAL";"CARIRE";"2022-03-26";"12";"0";"3";"0";"0";"0";"0"
"2022";"Dengue";"CARIRI";"20ª REGIÃO CRATO";"NOVA OLINDA";"2022-05-14";"19";"0";"2";"0";"0";"0";"0"
"2022";"Dengue";"CARIRI";"17ª REGIÃO ICÓ";"CEDRO";"2022-01-08";"1";"0";"0";"0";"0";"0";"0"
"2022";"Dengue";"SOBRAL";"11ª REGIÃO SOBRAL";"MORAUJO";"2022-03-26";"12";"0";"0";"0";"0";"0";"0"
"2022";"Dengue";"SERTÃO CENTRAL";"08ª REGIÃO QUIXADÁ";"CHORO";"2022-07-02";"26";"0";"14";"0";"0";"3";"8"
"2022";"Dengue";"SOBRAL";"15ª REGIÃO CRATEÚS";"CRATEUS";"2022-06-04";"22";"0";"13";"0";"0";"1";"2"
"2022";"Dengue";"CARIRI";"21ª REGIÃO JUAZEIRO DO NORTE";"JUAZEIRO DO NORTE";"2022-09-17";"37";"0";"13";"0";"0";"0";"0"
"2022";"Dengue";"SOBRAL";"11ª REGIÃO SOBRAL";"GROAIRAS";"2022-04-16";"15";"0";"17";"0";"0";"11";"0"
"2022";"Dengue";"CARIRI";"19ª REGIÃO BREJO SANTO";"ABAIARA";"2022-03-05";"9";"0";"0";"0";"0";"0";"0"
"2022";"Dengue";"SOBRAL";"15ª REGIÃO CRATEÚS";"NOVO ORIENTE";"2022-08-13";"32";"0";"13";"0";"0";"0";"0"
"2022";"Dengue";"FORTALEZA";"04ª REGIÃO BATURITÉ";"ITAPIUNA";"2022-01-29";"4";"0";"0";"0";"0";"0";"0"
"2022";"Dengue";"SOBRAL";"13ª REGIÃO TIANGUÁ";"UBAJARA";"2022-12-10";"49";"0";"0";"0";"0";"0";"0"
"2022";"Dengue";"SOBRAL";"11ª REGIÃO SOBRAL";"MASSAPE";"2022-08-27";"34";"0";"3";"0";"0";"1";"0"
"2022";"Dengue";"CARIRI";"19ª REGIÃO BREJO SANTO";"PENAFORTE";"2022-01-15";"2";"0";"0";"0";"0";"0";"0"
"2022";"Dengue";"FORTALEZA";"02ª REGIÃO CAUCAIA";"SAO GONCALO DO AMARANTE";"2022-04-02";"13";"0";"1";"0";"0";"0";"1"
"2022";"Dengue";"FORTALEZA";"02ª REGIÃO CAUCAIA";"ITAPAJE";"2022-07-02";"26";"0";"1";"0";"0";"0";"0"
"2022";"Dengue";"FORTALEZA";"22ª REGIÃO CASCAVEL";"HORIZONTE";"2022-05-07";"18";"0";"3";"0";"0";"0";"2"
"2022";"Dengue";"FORTALEZA";"03ª REGIÃO MARACANAÚ";"GUAIUBA";"2022-10-29";"43";"0";"0";"0";"0";"0";"0"
"2022";"Dengue";"SOBRAL";"15ª REGIÃO CRATEÚS";"NOVA RUSSAS";"2022-07-23";"29";"0";"1";"0";"0";"1";"0"
"2022";"Dengue";"SERTÃO CENTRAL";"08ª REGIÃO QUIXADÁ";"MILHA";"2022-09-10";"36";"0";"1";"0";"0";"0";"0"
"2022";"Dengue";"CARIRI";"20ª REGIÃO CRATO";"CAMPOS SALES";"2022-09-17";"37";"0";"0";"0";"0";"0";"0"
"2022";"Dengue";"FORTALEZA";"04ª REGIÃO BATURITÉ";"ITAPIUNA";"2022-11-12";"45";"0";"0";"0";"0";"0";"0"
"2022";"Dengue";"FORTALEZA";"22ª REGIÃO CASCAVEL";"HORIZONTE";"2022-02-05";"5";"0";"4";"0";"0";"0";"1"
"2022";"Dengue";"CARIRI";"18ª REGIÃO IGUATU";"ACOPIARA";"2022-08-13";"32";"0";"4";"0";"0";"0";"0"
"2022";"Dengue";"CARIRI";"20ª REGIÃO CRATO";"TARRAFAS";"2022-12-24";"51";"0";"0";"0";"0";"0";"0"
"2022";"Dengue";"SOBRAL";"11ª REGIÃO SOBRAL";"MASSAPE";"2022-12-24";"51";"0";"2";"0";"0";"0";"0"
"2022";"Dengue";"FORTALEZA";"01ª REGIÃO FORTALEZA";"EUSEBIO";"2022-10-29";"43";"0";"0";"0";"0";"0";"0"
"2022";"Dengue";"LITORAL LESTE/JAGUARIBE";"10ª REGIÃO LIMOEIRO DO NORTE";"LIMOEIRO DO NORTE";"2022-01-29";"4";"0";"3";"0";"0";"0";"0"
"2022";"Dengue";"CARIRI";"20ª REGIÃO CRATO";"ARARIPE";"2022-12-10";"49";"0";"0";"0";"0";"0";"0"
"2022";"Dengue";"CARIRI";"19ª REGIÃO BREJO SANTO";"ABAIARA";"2022-08-13";"32";"0";"0";"0";"0";"0";"0"
"2022";"Dengue";"LITORAL LESTE/JAGUARIBE";"10ª REGIÃO LIMOEIRO DO NORTE";"ALTO SANTO";"2022-10-08";"40";"0";"0";"0";"0";"0";"0"
"2022";"Dengue";"CARIRI";"20ª REGIÃO CRATO";"ALTANEIRA";"2022-06-11";"23";"0";"0";"0";"0";"0";"0"
"2022";"Dengue";"FORTALEZA";"06ª REGIÃO DE ITAPIPOCA";"UMIRIM";"2022-08-20";"33";"0";"0";"0";"0";"0";"0"
"2022";"Dengue";"CARIRI";"18ª REGIÃO IGUATU";"JUCAS";"2022-03-19";"11";"0";"0";"0";"0";"0";"0"
"2022";"Dengue";"LITORAL LESTE/JAGUARIBE";"07ª REGIÃO ARACATI";"ICAPUI";"2022-07-09";"27";"0";"93";"0";"0";"0";"29"
"2022";"Dengue";"SOBRAL";"11ª REGIÃO SOBRAL";"SANTANA DO ACARAU";"2022-04-02";"13";"0";"5";"0";"0";"3";"1"
"2022";"Dengue";"SERTÃO CENTRAL";"08ª REGIÃO QUIXADÁ";"PEDRA BRANCA";"2022-12-10";"49";"0";"1";"0";"0";"0";"0"
"2022";"Dengue";"CARIRI";"18ª REGIÃO IGUATU";"JUCAS";"2022-01-08";"1";"0";"0";"0";"0";"0";"0"
"2022";"Dengue";"FORTALEZA";"01ª REGIÃO FORTALEZA";"EUSEBIO";"2022-07-23";"29";"0";"1";"0";"0";"0";"0"
"2022";"Dengue";"CARIRI";"17ª REGIÃO ICÓ";"BAIXIO";"2022-06-25";"25";"0";"1";"0";"0";"0";"0"
"2022";"Dengue";"CARIRI";"18ª REGIÃO IGUATU";"MOMBACA";"2022-03-12";"10";"0";"0";"0";"0";"0";"0"
"2022";"Dengue";"CARIRI";"18ª REGIÃO IGUATU";"IGUATU";"2022-08-06";"31";"0";"0";"0";"0";"0";"0"
"2022";"Dengue";"SOBRAL";"13ª REGIÃO TIANGUÁ";"CARNAUBAL";"2022-09-17";"37";"0";"2";"0";"0";"0";"0"
"2022";"Dengue";"FORTALEZA";"04ª REGIÃO BATURITÉ";"ARACOIABA";"2022-11-12";"45";"0";"0";"0";"0";"0";"0"
"2022";"Dengue";"SERTÃO CENTRAL";"08ª REGIÃO QUIXADÁ";"MILHA";"2022-05-28";"21";"0";"0";"0";"0";"0";"0"
"2022";"Dengue";"SOBRAL";"11ª REGIÃO SOBRAL";"RERIUTABA";"2022-04-23";"16";"0";"5";"0";"0";"0";"0"
"2022";"Dengue";"LITORAL LESTE/JAGUARIBE";"09ª REGIÃO RUSSAS";"JAGUARUANA";"2022-03-19";"11";"0";"0";"0";"0";"0";"0"
"2022";"Dengue";"CARIRI";"20ª REGIÃO CRATO";"CRATO";"2022-03-12";"10";"0";"45";"0";"0";"10";"29"
"2022";"Dengue";"FORTALEZA";"04ª REGIÃO BATURITÉ";"ARACOIABA";"2022-05-07";"18";"0";"8";"0";"0";"0";"0"
"2022";"Dengue";"SOBRAL";"15ª REGIÃO CRATEÚS";"NOVO ORIENTE";"2022-12-31";"52";"0";"0";"0";"0";"0";"0"
"2022";"Dengue";"CARIRI";"20ª REGIÃO CRATO";"CAMPOS SALES";"2022-12-24";"51";"0";"0";"0";"0";"0";"0"
"2022";"Dengue";"SOBRAL";"11ª REGIÃO SOBRAL";"MASSAPE";"2022-11-12";"45";"0";"0";"0";"0";"0";"0"
"2022";"Dengue";"SOBRAL";"11ª REGIÃO SOBRAL";"HIDROLANDIA";"2022-04-16";"15";"0";"1";"0";"0";"0";"0"
"2022";"Dengue";"SERTÃO CENTRAL";"05ª REGIÃO DE CANINDÉ";"CANINDE";"2022-06-18";"24";"0";"12";"0";"0";"1";"0"
"2022";"Dengue";"CARIRI";"17ª REGIÃO ICÓ";"OROS";"2022-10-01";"39";"0";"11";"0";"0";"0";"4"
"2022";"Dengue";"FORTALEZA";"22ª REGIÃO CASCAVEL";"OCARA";"2022-12-24";"51";"0";"1";"0";"0";"0";"0"
"2022";"Dengue";"SOBRAL";"12ª REGIÃO ACARAÚ";"CRUZ";"2022-03-19";"11";"0";"2";"0";"0";"0";"0"
"2022";"Dengue";"SOBRAL";"12ª REGIÃO ACARAÚ";"ITAREMA";"2022-02-19";"7";"0";"2";"0";"0";"0";"0"
"2022";"Dengue";"SOBRAL";"11ª REGIÃO SOBRAL";"MORAUJO";"2022-11-05";"44";"0";"0";"0";"0";"0";"0"
"2022";"Dengue";"SOBRAL";"11ª REGIÃO SOBRAL";"COREAU";"2022-09-17";"37";"0";"1";"0";"0";"0";"0"
"2022";"Dengue";"SERTÃO CENTRAL";"08ª REGIÃO QUIXADÁ";"QUIXADA";"2022-03-26";"12";"0";"11";"0";"0";"1";"0"
"2022";"Dengue";"SOBRAL";"12ª REGIÃO ACARAÚ";"ITAREMA";"2022-03-05";"9";"0";"0";"0";"0";"0";"0"
"2022";"Dengue";"LITORAL LESTE/JAGUARIBE";"09ª REGIÃO RUSSAS";"JAGUARUANA";"2022-04-02";"13";"0";"1";"0";"0";"0";"0"
"2022";"Dengue";"FORTALEZA";"06ª REGIÃO DE ITAPIPOCA";"ITAPIPOCA";"2022-07-30";"30";"0";"18";"0";"0";"0";"6"
"2022";"Dengue";"SERTÃO CENTRAL";"08ª REGIÃO QUIXADÁ";"SENADOR POMPEU";"2022-12-17";"50";"0";"0";"0";"0";"0";"0"
"2022";"Dengue";"SOBRAL";"11ª REGIÃO SOBRAL";"URUOCA";"2022-01-29";"4";"0";"0";"0";"0";"0";"0"
"2022";"Dengue";"FORTALEZA";"02ª REGIÃO CAUCAIA";"SAO GONCALO DO AMARANTE";"2022-03-12";"10";"0";"3";"0";"0";"1";"0"
"2022";"Dengue";"LITORAL LESTE/JAGUARIBE";"07ª REGIÃO ARACATI";"ITAICABA";"2022-04-09";"14";"0";"0";"0";"0";"0";"0"
"2022";"Dengue";"FORTALEZA";"02ª REGIÃO CAUCAIA";"GENERAL SAMPAIO";"2022-10-22";"42";"0";"0";"0";"0";"0";"0"
"2022";"Dengue";"LITORAL LESTE/JAGUARIBE";"09ª REGIÃO RUSSAS";"JAGUARETAMA";"2022-02-26";"8";"0";"0";"0";"0";"0";"0"
"2022";"Dengue";"CARIRI";"18ª REGIÃO IGUATU";"IGUATU";"2022-08-13";"32";"0";"3";"0";"0";"0";"2"
"2022";"Dengue";"CARIRI";"18ª REGIÃO IGUATU";"CARIUS";"2022-10-29";"43";"0";"0";"0";"0";"0";"0"
"2022";"Dengue";"SOBRAL";"11ª REGIÃO SOBRAL";"COREAU";"2022-08-13";"32";"0";"9";"0";"0";"0";"4"
"2022";"Dengue";"FORTALEZA";"02ª REGIÃO CAUCAIA";"PENTECOSTE";"2022-04-30";"17";"0";"3";"0";"0";"1";"0"
"2022";"Dengue";"CARIRI";"20ª REGIÃO CRATO";"NOVA OLINDA";"2022-03-05";"9";"0";"3";"0";"0";"2";"0"
"2022";"Dengue";"SOBRAL";"15ª REGIÃO CRATEÚS";"IPUEIRAS";"2022-06-25";"25";"0";"18";"0";"0";"6";"11"
"2022";"Dengue";"CARIRI";"17ª REGIÃO ICÓ";"ICO";"2022-02-19";"7";"0";"0";"0";"0";"0";"0"
"2022";"Dengue";"LITORAL LESTE/JAGUARIBE";"09ª REGIÃO RUSSAS";"JAGUARETAMA";"2022-05-21";"20";"0";"4";"0";"0";"1";"0"
"2022";"Dengue";"SOBRAL";"12ª REGIÃO ACARAÚ";"ITAREMA";"2022-10-15";"41";"0";"1";"0";"0";"0";"0"
"2022";"Dengue";"FORTALEZA";"03ª REGIÃO MARACANAÚ";"MARANGUAPE";"2022-08-06";"31";"0";"28";"0";"0";"2";"16"
"2022";"Dengue";"CARIRI";"20ª REGIÃO CRATO";"VARZEA ALEGRE";"2022-07-16";"28";"0";"9";"0";"0";"1";"0"
"2022";"Dengue";"SOBRAL";"11ª REGIÃO SOBRAL";"VARJOTA";"2022-09-17";"37";"0";"0";"0";"0";"0";"0"
"2022";"Dengue";"CARIRI";"21ª REGIÃO JUAZEIRO DO NORTE";"GRANJEIRO";"2022-10-01";"39";"0";"0";"0";"0";"0";"0"
"2022";"Dengue";"FORTALEZA";"03ª REGIÃO MARACANAÚ";"BARREIRA";"2022-08-06";"31";"0";"1";"0";"0";"0";"0"
"2022";"Dengue";"SOBRAL";"11ª REGIÃO SOBRAL";"FRECHEIRINHA";"2022-09-03";"35";"0";"0";"0";"0";"0";"0"
"2022";"Dengue";"CARIRI";"18ª REGIÃO IGUATU";"MOMBACA";"2022-06-04";"22";"0";"16";"0";"0";"7";"5"
"2022";"Dengue";"SERTÃO CENTRAL";"08ª REGIÃO QUIXADÁ";"SOLONOPOLE";"2022-03-26";"12";"0";"1";"0";"0";"0";"0"
"2022";"Dengue";"LITORAL LESTE/JAGUARIBE";"09ª REGIÃO RUSSAS";"PALHANO";"2022-04-09";"14";"0";"3";"0";"0";"0";"0"
"2022";"Dengue";"SERTÃO CENTRAL";"08ª REGIÃO QUIXADÁ";"IBARETAMA";"2022-12-24";"51";"0";"0";"0";"0";"0";"0"
"2022";"Dengue";"CARIRI";"20ª REGIÃO CRATO";"ANTONINA DO NORTE";"2022-05-21";"20";"0";"5";"0";"0";"0";"0"
"2022";"Dengue";"SOBRAL";"11ª REGIÃO SOBRAL";"COREAU";"2022-12-10";"49";"0";"0";"0";"0";"0";"0"
"2022";"Dengue";"CARIRI";"19ª REGIÃO BREJO SANTO";"PENAFORTE";"2022-04-23";"16";"0";"20";"0";"0";"2";"0"
"2022";"Dengue";"LITORAL LESTE/JAGUARIBE";"09ª REGIÃO RUSSAS";"MORADA NOVA";"2022-10-15";"41";"0";"16";"0";"0";"4";"4"
"2022";"Dengue";"SOBRAL";"15ª REGIÃO CRATEÚS";"IPUEIRAS";"2022-02-26";"8";"0";"0";"0";"0";"0";"0"
"2022";"Dengue";"SOBRAL";"13ª REGIÃO TIANGUÁ";"CARNAUBAL";"2022-08-13";"32";"0";"1";"0";"0";"1";"0"
"2022";"Dengue";"SERTÃO CENTRAL";"05ª REGIÃO DE CANINDÉ";"PARAMOTI";"2022-02-26";"8";"0";"1";"0";"0";"0";"1"
"2022";"Dengue";"SOBRAL";"11ª REGIÃO SOBRAL";"RERIUTABA";"2022-08-27";"34";"0";"3";"0";"0";"0";"0"
"2022";"Dengue";"SERTÃO CENTRAL";"08ª REGIÃO QUIXADÁ";"SOLONOPOLE";"2022-06-18";"24";"0";"1";"0";"0";"1";"0"
"2022";"Dengue";"SOBRAL";"11ª REGIÃO SOBRAL";"PIRES FERREIRA";"2022-07-16";"28";"0";"0";"0";"0";"0";"0"
"2022";"Dengue";"SOBRAL";"11ª REGIÃO SOBRAL";"CARIRE";"2022-05-07";"18";"0";"3";"0";"0";"0";"2"
"2022";"Dengue";"SERTÃO CENTRAL";"14ª REGIÃO TAUÁ";"ARNEIROZ";"2022-11-12";"45";"0";"1";"0";"0";"0";"0"
"2022";"Dengue";"SOBRAL";"13ª REGIÃO TIANGUÁ";"SAO BENEDITO";"2022-08-27";"34";"0";"0";"0";"0";"0";"0"
"2022";"Dengue";"LITORAL LESTE/JAGUARIBE";"10ª REGIÃO LIMOEIRO DO NORTE";"POTIRETAMA";"2022-11-05";"44";"0";"0";"0";"0";"0";"0"
"2022";"Dengue";"CARIRI";"19ª REGIÃO BREJO SANTO";"PENAFORTE";"2022-11-26";"47";"0";"0";"0";"0";"0";"0"
"2022";"Dengue";"SERTÃO CENTRAL";"05ª REGIÃO DE CANINDÉ";"PARAMOTI";"2022-10-29";"43";"0";"1";"0";"0";"0";"1"
"2022";"Dengue";"SOBRAL";"15ª REGIÃO CRATEÚS";"IPUEIRAS";"2022-10-15";"41";"0";"0";"0";"0";"0";"0"
"2022";"Dengue";"SOBRAL";"13ª REGIÃO TIANGUÁ";"TIANGUA";"2022-06-11";"23";"0";"45";"0";"0";"8";"0"
"2022";"Dengue";"CARIRI";"17ª REGIÃO ICÓ";"BAIXIO";"2022-05-07";"18";"0";"1";"0";"0";"1";"0"
"2022";"Dengue";"SOBRAL";"13ª REGIÃO TIANGUÁ";"GUARACIABA DO NORTE";"2022-07-30";"30";"0";"1";"0";"0";"0";"1"
"2022";"Dengue";"FORTALEZA";"22ª REGIÃO CASCAVEL";"CHOROZINHO";"2022-10-01";"39";"0";"0";"0";"0";"0";"0"
"2022";"Dengue";"SOBRAL";"11ª REGIÃO SOBRAL";"URUOCA";"2022-05-21";"20";"0";"0";"0";"0";"0";"0"
"2022";"Dengue";"FORTALEZA";"03ª REGIÃO MARACANAÚ";"REDENCAO";"2022-07-02";"26";"0";"0";"0";"0";"0";"0"
"2022";"Dengue";"FORTALEZA";"03ª REGIÃO MARACANAÚ";"GUAIUBA";"2022-08-13";"32";"0";"1";"0";"0";"0";"1"
"2022";"Dengue";"CARIRI";"17ª REGIÃO ICÓ";"CEDRO";"2022-08-20";"33";"0";"0";"0";"0";"0";"0"
"2022";"Dengue";"FORTALEZA";"22ª REGIÃO CASCAVEL";"PINDORETAMA";"2022-09-10";"36";"0";"0";"0";"0";"0";"0"
"2022";"Dengue";"FORTALEZA";"02ª REGIÃO CAUCAIA";"PARACURU";"2022-06-25";"25";"0";"14";"0";"0";"0";"14"
"2022";"Dengue";"CARIRI";"17ª REGIÃO ICÓ";"LAVRAS DA MANGABEIRA";"2022-05-07";"18";"0";"44";"0";"0";"18";"4"
"2022";"Dengue";"CARIRI";"19ª REGIÃO BREJO SANTO";"BARRO";"2022-05-28";"21";"0";"25";"0";"0";"11";"7"
"2022";"Dengue";"SOBRAL";"12ª REGIÃO ACARAÚ";"MARCO";"2022-03-19";"11";"0";"2";"0";"0";"0";"0"
"2022";"Dengue";"FORTALEZA";"06ª REGIÃO DE ITAPIPOCA";"ITAPIPOCA";"2022-12-31";"52";"0";"0";"0";"0";"0";"0"
"2022";"Dengue";"SERTÃO CENTRAL";"08ª REGIÃO QUIXADÁ";"IBARETAMA";"2022-07-23";"29";"0";"0";"0";"0";"0";"0"
"2022";"Dengue";"SERTÃO CENTRAL";"08ª REGIÃO QUIXADÁ";"QUIXADA";"2022-05-07";"18";"0";"41";"0";"0";"15";"14"
"2022";"Dengue";"CARIRI";"18ª REGIÃO IGUATU";"PIQUET CARNEIRO";"2022-10-15";"41";"0";"0";"0";"0";"0";"0"
"2022";"Dengue";"SERTÃO CENTRAL";"08ª REGIÃO QUIXADÁ";"IBICUITINGA";"2022-07-02";"26";"0";"0";"0";"0";"0";"0"
"2022";"Dengue";"FORTALEZA";"02ª REGIÃO CAUCAIA";"GENERAL SAMPAIO";"2022-07-09";"27";"0";"0";"0";"0";"0";"0"
"2022";"Dengue";"FORTALEZA";"03ª REGIÃO MARACANAÚ";"GUAIUBA";"2022-12-10";"49";"0";"0";"0";"0";"0";"0"
"2022";"Dengue";"LITORAL LESTE/JAGUARIBE";"09ª REGIÃO RUSSAS";"JAGUARETAMA";"2022-06-11";"23";"0";"0";"0";"0";"0";"0"
"2022";"Dengue";"SOBRAL";"11ª REGIÃO SOBRAL";"RERIUTABA";"2022-10-15";"41";"0";"2";"0";"0";"0";"0"
"2022";"Dengue";"FORTALEZA";"04ª REGIÃO BATURITÉ";"BATURITE";"2022-08-06";"31";"0";"1";"0";"0";"0";"0"
"2022";"Dengue";"FORTALEZA";"04ª REGIÃO BATURITÉ";"ITAPIUNA";"2022-09-17";"37";"0";"0";"0";"0";"0";"0"
"2022";"Dengue";"SOBRAL";"11ª REGIÃO SOBRAL";"IRAUCUBA";"2022-06-25";"25";"0";"7";"0";"0";"0";"0"
"2022";"Dengue";"SOBRAL";"12ª REGIÃO ACARAÚ";"BELA CRUZ";"2022-04-30";"17";"0";"4";"0";"0";"0";"1"
"2022";"Dengue";"FORTALEZA";"03ª REGIÃO MARACANAÚ";"PACATUBA";"2022-06-11";"23";"0";"43";"0";"0";"1";"40"
"2022";"Dengue";"SOBRAL";"11ª REGIÃO SOBRAL";"IRAUCUBA";"2022-07-09";"27";"0";"14";"0";"0";"0";"0"
"2022";"Dengue";"CARIRI";"19ª REGIÃO BREJO SANTO";"AURORA";"2022-08-13";"32";"0";"0";"0";"0";"0";"0"
"2022";"Dengue";"CARIRI";"18ª REGIÃO IGUATU";"DEPUTADO IRAPUAN PINHEIRO";"2022-07-16";"28";"0";"0";"0";"0";"0";"0"
"2022";"Dengue";"SOBRAL";"13ª REGIÃO TIANGUÁ";"SAO BENEDITO";"2022-04-16";"15";"0";"2";"0";"0";"0";"0"
"2022";"Dengue";"SOBRAL";"12ª REGIÃO ACARAÚ";"ITAREMA";"2022-05-07";"18";"0";"16";"0";"0";"6";"8"
"2022";"Dengue";"FORTALEZA";"02ª REGIÃO CAUCAIA";"CAUCAIA";"2022-08-27";"34";"0";"21";"0";"0";"0";"10"
"2022";"Dengue";"SOBRAL";"11ª REGIÃO SOBRAL";"FORQUILHA";"2022-06-11";"23";"0";"17";"0";"0";"2";"3"
"2022";"Dengue";"LITORAL LESTE/JAGUARIBE";"10ª REGIÃO LIMOEIRO DO NORTE";"POTIRETAMA";"2022-05-14";"19";"0";"0";"0";"0";"0";"0"
"2022";"Dengue";"SOBRAL";"15ª REGIÃO CRATEÚS";"NOVA RUSSAS";"2022-05-07";"18";"0";"3";"0";"0";"1";"1"
"2022";"Dengue";"CARIRI";"18ª REGIÃO IGUATU";"IGUATU";"2022-10-29";"43";"0";"0";"0";"0";"0";"0"
"2022";"Dengue";"FORTALEZA";"06ª REGIÃO DE ITAPIPOCA";"TRAIRI";"2022-11-26";"47";"0";"0";"0";"0";"0";"0"
"2022";"Dengue";"SOBRAL";"11ª REGIÃO SOBRAL";"MASSAPE";"2022-12-10";"49";"0";"1";"0";"0";"0";"0"
"2022";"Dengue";"CARIRI";"18ª REGIÃO IGUATU";"JUCAS";"2022-06-25";"25";"0";"3";"0";"0";"0";"1"
"2022";"Dengue";"SOBRAL";"11ª REGIÃO SOBRAL";"MUCAMBO";"2022-06-04";"22";"0";"6";"0";"0";"3";"0"
"2022";"Dengue";"FORTALEZA";"03ª REGIÃO MARACANAÚ";"GUAIUBA";"2022-06-25";"25";"0";"6";"0";"0";"0";"2"
"2022";"Dengue";"CARIRI";"18ª REGIÃO IGUATU";"CATARINA";"2022-02-12";"6";"0";"2";"0";"0";"0";"0"
"2022";"Dengue";"CARIRI";"19ª REGIÃO BREJO SANTO";"MAURITI";"2022-05-07";"18";"0";"116";"0";"0";"24";"60"
"2022";"Dengue";"FORTALEZA";"06ª REGIÃO DE ITAPIPOCA";"TURURU";"2022-10-22";"42";"0";"0";"0";"0";"0";"0"
"2022";"Dengue";"CARIRI";"20ª REGIÃO CRATO";"SANTANA DO CARIRI";"2022-01-15";"2";"0";"1";"0";"0";"0";"0"
"2022";"Dengue";"SOBRAL";"13ª REGIÃO TIANGUÁ";"CARNAUBAL";"2022-07-09";"27";"0";"6";"0";"0";"1";"0"
"2022";"Dengue";"SERTÃO CENTRAL";"08ª REGIÃO QUIXADÁ";"CHORO";"2022-11-12";"45";"0";"1";"0";"0";"0";"0"
"2022";"Dengue";"FORTALEZA";"06ª REGIÃO DE ITAPIPOCA";"TURURU";"2022-02-05";"5";"0";"0";"0";"0";"0";"0"
"2022";"Dengue";"SERTÃO CENTRAL";"05ª REGIÃO DE CANINDÉ";"PARAMOTI";"2022-02-12";"6";"0";"1";"0";"0";"1";"0"
"2022";"Dengue";"LITORAL LESTE/JAGUARIBE";"10ª REGIÃO LIMOEIRO DO NORTE";"SAO JOAO DO JAGUARIBE";"2022-12-31";"52";"0";"0";"0";"0";"0";"0"
"2022";"Dengue";"SOBRAL";"16ª REGIÃO CAMOCIM";"CAMOCIM";"2022-04-16";"15";"0";"2";"0";"0";"0";"0"
"2022";"Dengue";"SERTÃO CENTRAL";"14ª REGIÃO TAUÁ";"AIUABA";"2022-10-08";"40";"0";"12";"0";"0";"2";"9"
"2022";"Dengue";"SOBRAL";"11ª REGIÃO SOBRAL";"IRAUCUBA";"2022-11-19";"46";"0";"0";"0";"0";"0";"0"
"2022";"Dengue";"LITORAL LESTE/JAGUARIBE";"10ª REGIÃO LIMOEIRO DO NORTE";"ERERE";"2022-03-26";"12";"0";"0";"0";"0";"0";"0"
"2022";"Dengue";"FORTALEZA";"03ª REGIÃO MARACANAÚ";"MARACANAU";"2022-02-12";"6";"0";"2";"0";"0";"0";"0"
"2022";"Dengue";"FORTALEZA";"02ª REGIÃO CAUCAIA";"SAO LUIS DO CURU";"2022-01-08";"1";"0";"0";"0";"0";"0";"0"
"2022";"Dengue";"SOBRAL";"13ª REGIÃO TIANGUÁ";"TIANGUA";"2022-01-22";"3";"0";"9";"0";"0";"0";"0"
"2022";"Dengue";"SOBRAL";"11ª REGIÃO SOBRAL";"IRAUCUBA";"2022-08-27";"34";"0";"10";"0";"0";"0";"0"
"2022";"Dengue";"LITORAL LESTE/JAGUARIBE";"10ª REGIÃO LIMOEIRO DO NORTE";"TABULEIRO DO NORTE";"2022-12-10";"49";"0";"1";"0";"0";"0";"1"
"2022";"Dengue";"FORTALEZA";"02ª REGIÃO CAUCAIA";"SAO GONCALO DO AMARANTE";"2022-11-12";"45";"0";"1";"0";"0";"0";"0"
"2022";"Dengue";"LITORAL LESTE/JAGUARIBE";"10ª REGIÃO LIMOEIRO DO NORTE";"ERERE";"2022-12-03";"48";"0";"0";"0";"0";"0";"0"
"2022";"Dengue";"SOBRAL";"15ª REGIÃO CRATEÚS";"IPUEIRAS";"2022-07-30";"30";"0";"0";"0";"0";"0";"0"
"2022";"Dengue";"CARIRI";"17ª REGIÃO ICÓ";"OROS";"2022-07-09";"27";"0";"8";"0";"0";"0";"5"
"2022";"Dengue";"CARIRI";"20ª REGIÃO CRATO";"ARARIPE";"2022-02-05";"5";"0";"0";"0";"0";"0";"0"
"2022";"Dengue";"CARIRI";"19ª REGIÃO BREJO SANTO";"MAURITI";"2022-04-09";"14";"0";"80";"0";"0";"16";"48"
"2022";"Dengue";"CARIRI";"19ª REGIÃO BREJO SANTO";"JATI";"2022-05-14";"19";"0";"20";"0";"0";"1";"0"
"2022";"Dengue";"CARIRI";"19ª REGIÃO BREJO SANTO";"JATI";"2022-08-13";"32";"0";"0";"0";"0";"0";"0"
"2022";"Dengue";"SERTÃO CENTRAL";"14ª REGIÃO TAUÁ";"PARAMBU";"2022-06-18";"24";"0";"2";"0";"0";"0";"0"
"2022";"Dengue";"FORTALEZA";"02ª REGIÃO CAUCAIA";"CAUCAIA";"2022-09-10";"36";"0";"9";"0";"0";"3";"3"
"2022";"Dengue";"FORTALEZA";"06ª REGIÃO DE ITAPIPOCA";"TURURU";"2022-10-01";"39";"0";"0";"0";"0";"0";"0"
"2022";"Dengue";"CARIRI";"20ª REGIÃO CRATO";"ARARIPE";"2022-03-19";"11";"0";"4";"0";"0";"0";"0"
"2022";"Dengue";"SERTÃO CENTRAL";"14ª REGIÃO TAUÁ";"TAUA";"2022-09-17";"37";"0";"52";"0";"0";"2";"3"
"2022";"Dengue";"CARIRI";"20ª REGIÃO CRATO";"SANTANA DO CARIRI";"2022-12-03";"48";"0";"0";"0";"0";"0";"0"
"2022";"Dengue";"FORTALEZA";"04ª REGIÃO BATURITÉ";"PACOTI";"2022-12-17";"50";"0";"0";"0";"0";"0";"0"
"2022";"Dengue";"FORTALEZA";"06ª REGIÃO DE ITAPIPOCA";"UMIRIM";"2022-12-17";"50";"0";"0";"0";"0";"0";"0"
"2022";"Dengue";"SOBRAL";"15ª REGIÃO CRATEÚS";"NOVA RUSSAS";"2022-02-12";"6";"0";"0";"0";"0";"0";"0"
"2022";"Dengue";"CARIRI";"17ª REGIÃO ICÓ";"LAVRAS DA MANGABEIRA";"2022-10-15";"41";"0";"0";"0";"0";"0";"0"
"2022";"Dengue";"SOBRAL";"12ª REGIÃO ACARAÚ";"JIJOCA DE JERICOACOARA";"2022-09-03";"35";"0";"6";"0";"0";"2";"0"
"2022";"Dengue";"SOBRAL";"15ª REGIÃO CRATEÚS";"TAMBORIL";"2022-04-09";"14";"0";"0";"0";"0";"0";"0"
"2022";"Dengue";"SERTÃO CENTRAL";"14ª REGIÃO TAUÁ";"AIUABA";"2022-11-19";"46";"0";"3";"0";"0";"1";"0"
"2022";"Dengue";"FORTALEZA";"03ª REGIÃO MARACANAÚ";"PACATUBA";"2022-06-04";"22";"0";"49";"0";"0";"4";"23"
"2022";"Dengue";"FORTALEZA";"06ª REGIÃO DE ITAPIPOCA";"URUBURETAMA";"2022-08-13";"32";"0";"3";"0";"0";"0";"0"
"2022";"Dengue";"FORTALEZA";"01ª REGIÃO FORTALEZA";"AQUIRAZ";"2022-03-05";"9";"0";"0";"0";"0";"0";"0"
"2022";"Dengue";"LITORAL LESTE/JAGUARIBE";"10ª REGIÃO LIMOEIRO DO NORTE";"QUIXERE";"2022-07-09";"27";"0";"15";"0";"0";"1";"10"
"2022";"Dengue";"CARIRI";"20ª REGIÃO CRATO";"FARIAS BRITO";"2022-03-19";"11";"0";"12";"0";"0";"1";"0"
"2022";"Dengue";"SOBRAL";"16ª REGIÃO CAMOCIM";"CAMOCIM";"2022-04-09";"14";"0";"0";"0";"0";"0";"0"
"2022";"Dengue";"SOBRAL";"15ª REGIÃO CRATEÚS";"QUITERIANOPOLIS";"2022-05-07";"18";"0";"45";"0";"0";"8";"1"
"2022";"Dengue";"LITORAL LESTE/JAGUARIBE";"10ª REGIÃO LIMOEIRO DO NORTE";"ERERE";"2022-02-26";"8";"0";"0";"0";"0";"0";"0"
"2022";"Dengue";"FORTALEZA";"22ª REGIÃO CASCAVEL";"CASCAVEL";"2022-03-05";"9";"0";"3";"0";"0";"2";"0"
"2022";"Dengue";"CARIRI";"19ª REGIÃO BREJO SANTO";"PENAFORTE";"2022-11-05";"44";"0";"1";"0";"0";"0";"0"
"2022";"Dengue";"SERTÃO CENTRAL";"08ª REGIÃO QUIXADÁ";"MILHA";"2022-04-23";"16";"0";"0";"0";"0";"0";"0"
"2022";"Dengue";"SOBRAL";"15ª REGIÃO CRATEÚS";"CRATEUS";"2022-10-29";"43";"0";"0";"0";"0";"0";"0"
"2022";"Dengue";"SOBRAL";"16ª REGIÃO CAMOCIM";"CHAVAL";"2022-11-05";"44";"0";"0";"0";"0";"0";"0"
"2022";"Dengue";"FORTALEZA";"04ª REGIÃO BATURITÉ";"ARATUBA";"2022-11-12";"45";"0";"1";"0";"0";"0";"2"
"2022";"Dengue";"LITORAL LESTE/JAGUARIBE";"10ª REGIÃO LIMOEIRO DO NORTE";"LIMOEIRO DO NORTE";"2022-04-09";"14";"0";"6";"0";"0";"2";"3"
"2022";"Dengue";"CARIRI";"19ª REGIÃO BREJO SANTO";"MAURITI";"2022-02-19";"7";"0";"4";"0";"0";"2";"0"
"2022";"Dengue";"FORTALEZA";"22ª REGIÃO CASCAVEL";"OCARA";"2022-08-20";"33";"0";"5";"0";"0";"0";"0"
"2022";"Dengue";"SOBRAL";"11ª REGIÃO SOBRAL";"IRAUCUBA";"2022-07-02";"26";"0";"14";"0";"0";"0";"0"
"2022";"Dengue";"SERTÃO CENTRAL";"08ª REGIÃO QUIXADÁ";"IBICUITINGA";"2022-08-20";"33";"0";"0";"0";"0";"0";"0"
"2022";"Dengue";"FORTALEZA";"02ª REGIÃO CAUCAIA";"SAO GONCALO DO AMARANTE";"2022-12-03";"48";"0";"1";"0";"0";"0";"0"
"2022";"Dengue";"SOBRAL";"11ª REGIÃO SOBRAL";"MASSAPE";"2022-12-31";"52";"0";"0";"0";"0";"0";"0"
"2022";"Dengue";"SERTÃO CENTRAL";"08ª REGIÃO QUIXADÁ";"BANABUIU";"2022-03-19";"11";"0";"2";"0";"0";"0";"0"
"2022";"Dengue";"SERTÃO CENTRAL";"08ª REGIÃO QUIXADÁ";"QUIXERAMOBIM";"2022-10-29";"43";"0";"0";"0";"0";"0";"0"
"2022";"Dengue";"CARIRI";"19ª REGIÃO BREJO SANTO";"AURORA";"2022-08-06";"31";"0";"0";"0";"0";"0";"0"
"2022";"Dengue";"CARIRI";"19ª REGIÃO BREJO SANTO";"MILAGRES";"2022-08-06";"31";"0";"1";"0";"0";"0";"1"
"2022";"Dengue";"LITORAL LESTE/JAGUARIBE";"10ª REGIÃO LIMOEIRO DO NORTE";"LIMOEIRO DO NORTE";"2022-07-16";"28";"0";"68";"0";"0";"16";"50"
"2022";"Dengue";"SOBRAL";"12ª REGIÃO ACARAÚ";"CRUZ";"2022-11-05";"44";"0";"1";"0";"0";"1";"0"
"2022";"Dengue";"CARIRI";"18ª REGIÃO IGUATU";"SABOEIRO";"2022-06-11";"23";"0";"11";"0";"0";"0";"0"
"2022";"Dengue";"SOBRAL";"11ª REGIÃO SOBRAL";"VARJOTA";"2022-03-05";"9";"0";"0";"0";"0";"0";"0"
"2022";"Dengue";"CARIRI";"20ª REGIÃO CRATO";"SALITRE";"2022-03-12";"10";"0";"14";"0";"0";"2";"0"
"2022";"Dengue";"CARIRI";"19ª REGIÃO BREJO SANTO";"PORTEIRAS";"2022-11-26";"47";"0";"0";"0";"0";"0";"0"
"2022";"Dengue";"CARIRI";"19ª REGIÃO BREJO SANTO";"MAURITI";"2022-07-30";"30";"0";"2";"0";"0";"1";"0"
"2022";"Dengue";"LITORAL LESTE/JAGUARIBE";"07ª REGIÃO ARACATI";"ICAPUI";"2022-12-17";"50";"0";"1";"0";"0";"0";"0"
"2022";"Dengue";"SOBRAL";"13ª REGIÃO TIANGUÁ";"IBIAPINA";"2022-10-01";"39";"0";"1";"0";"0";"0";"0"
"2022";"Dengue";"FORTALEZA";"01ª REGIÃO FORTALEZA";"AQUIRAZ";"2022-09-24";"38";"0";"1";"0";"0";"0";"0"
"2022";"Dengue";"SOBRAL";"11ª REGIÃO SOBRAL";"HIDROLANDIA";"2022-05-21";"20";"0";"1";"0";"0";"0";"0"
"2022";"Dengue";"FORTALEZA";"02ª REGIÃO CAUCAIA";"PARACURU";"2022-07-30";"30";"0";"0";"0";"0";"0";"0"
"2022";"Dengue";"SOBRAL";"15ª REGIÃO CRATEÚS";"IPAPORANGA";"2022-10-08";"40";"0";"0";"0";"0";"0";"0"
"2022";"Dengue";"FORTALEZA";"04ª REGIÃO BATURITÉ";"MULUNGU";"2022-03-12";"10";"0";"33";"0";"0";"13";"12"
"2022";"Dengue";"SOBRAL";"15ª REGIÃO CRATEÚS";"CRATEUS";"2022-11-05";"44";"0";"0";"0";"0";"0";"0"
"2022";"Dengue";"LITORAL LESTE/JAGUARIBE";"07ª REGIÃO ARACATI";"ICAPUI";"2022-02-05";"5";"0";"1";"0";"0";"0";"0"
"2022";"Dengue";"SOBRAL";"13ª REGIÃO TIANGUÁ";"UBAJARA";"2022-08-06";"31";"0";"0";"0";"0";"0";"0"
"2022";"Dengue";"SOBRAL";"13ª REGIÃO TIANGUÁ";"SAO BENEDITO";"2022-03-19";"11";"0";"1";"0";"0";"0";"0"
"2022";"Dengue";"LITORAL LESTE/JAGUARIBE";"07ª REGIÃO ARACATI";"ITAICABA";"2022-04-16";"15";"0";"4";"0";"0";"0";"0"
"2022";"Dengue";"CARIRI";"17ª REGIÃO ICÓ";"BAIXIO";"2022-07-30";"30";"0";"1";"0";"0";"0";"1"
"2022";"Dengue";"LITORAL LESTE/JAGUARIBE";"10ª REGIÃO LIMOEIRO DO NORTE";"ALTO SANTO";"2022-02-05";"5";"0";"1";"0";"0";"0";"0"
"2022";"Dengue";"LITORAL LESTE/JAGUARIBE";"07ª REGIÃO ARACATI";"FORTIM";"2022-05-07";"18";"0";"21";"0";"0";"4";"0"
"2022";"Dengue";"CARIRI";"21ª REGIÃO JUAZEIRO DO NORTE";"GRANJEIRO";"2022-12-10";"49";"0";"0";"0";"0";"0";"0"
"2022";"Dengue";"SOBRAL";"13ª REGIÃO TIANGUÁ";"CARNAUBAL";"2022-03-26";"12";"0";"0";"0";"0";"0";"0"
"2022";"Dengue";"CARIRI";"20ª REGIÃO CRATO";"SALITRE";"2022-06-25";"25";"0";"0";"0";"0";"0";"0"
"2022";"Dengue";"FORTALEZA";"02ª REGIÃO CAUCAIA";"APUIARES";"2022-09-24";"38";"0";"0";"0";"0";"0";"0"
"2022";"Dengue";"CARIRI";"20ª REGIÃO CRATO";"NOVA OLINDA";"2022-12-10";"49";"0";"0";"0";"0";"0";"0"
"2022";"Dengue";"FORTALEZA";"22ª REGIÃO CASCAVEL";"PACAJUS";"2022-11-26";"47";"0";"0";"0";"0";"0";"0"
"2022";"Dengue";"LITORAL LESTE/JAGUARIBE";"10ª REGIÃO LIMOEIRO DO NORTE";"SAO JOAO DO JAGUARIBE";"2022-05-07";"18";"0";"0";"0";"0";"0";"0"
"2022";"Dengue";"FORTALEZA";"03ª REGIÃO MARACANAÚ";"PALMACIA";"2022-06-18";"24";"0";"11";"0";"0";"0";"0"
"2022";"Dengue";"CARIRI";"18ª REGIÃO IGUATU";"PIQUET CARNEIRO";"2022-09-03";"35";"0";"0";"0";"0";"0";"0"
"2022";"Dengue";"CARIRI";"20ª REGIÃO CRATO";"TARRAFAS";"2022-08-06";"31";"0";"0";"0";"0";"0";"0"
"2022";"Dengue";"LITORAL LESTE/JAGUARIBE";"10ª REGIÃO LIMOEIRO DO NORTE";"IRACEMA";"2022-08-13";"32";"0";"6";"0";"0";"0";"0"
"2022";"Dengue";"SOBRAL";"12ª REGIÃO ACARAÚ";"BELA CRUZ";"2022-12-17";"50";"0";"38";"0";"0";"13";"8"
"2022";"Dengue";"LITORAL LESTE/JAGUARIBE";"09ª REGIÃO RUSSAS";"JAGUARUANA";"2022-10-29";"43";"0";"0";"0";"0";"0";"0"
"2022";"Dengue";"CARIRI";"20ª REGIÃO CRATO";"FARIAS BRITO";"2022-01-29";"4";"0";"0";"0";"0";"0";"0"
"2022";"Dengue";"SOBRAL";"11ª REGIÃO SOBRAL";"SENADOR SA";"2022-05-14";"19";"0";"0";"0";"0";"0";"0"
"2022";"Dengue";"CARIRI";"19ª REGIÃO BREJO SANTO";"MAURITI";"2022-10-01";"39";"0";"0";"0";"0";"0";"0"
"2022";"Dengue";"SOBRAL";"13ª REGIÃO TIANGUÁ";"IBIAPINA";"2022-10-29";"43";"0";"0";"0";"0";"0";"0"
"2022";"Dengue";"SOBRAL";"11ª REGIÃO SOBRAL";"VARJOTA";"2022-11-12";"45";"0";"0";"0";"0";"0";"0"
"2022";"Dengue";"FORTALEZA";"02ª REGIÃO CAUCAIA";"SAO LUIS DO CURU";"2022-03-12";"10";"0";"0";"0";"0";"0";"0"
"2022";"Dengue";"FORTALEZA";"22ª REGIÃO CASCAVEL";"OCARA";"2022-06-04";"22";"0";"10";"0";"0";"0";"0"
"2022";"Dengue";"SERTÃO CENTRAL";"08ª REGIÃO QUIXADÁ";"BANABUIU";"2022-11-26";"47";"0";"0";"0";"0";"0";"0"
"2022";"Dengue";"FORTALEZA";"04ª REGIÃO BATURITÉ";"MULUNGU";"2022-10-15";"41";"0";"0";"0";"0";"0";"0"
"2022";"Dengue";"CARIRI";"17ª REGIÃO ICÓ";"BAIXIO";"2022-04-23";"16";"0";"0";"0";"0";"0";"0"
"2022";"Dengue";"CARIRI";"18ª REGIÃO IGUATU";"MOMBACA";"2022-03-19";"11";"0";"1";"0";"0";"0";"0"
"2022";"Dengue";"CARIRI";"21ª REGIÃO JUAZEIRO DO NORTE";"BARBALHA";"2022-01-29";"4";"0";"42";"0";"0";"3";"0"
"2022";"Dengue";"SOBRAL";"15ª REGIÃO CRATEÚS";"NOVA RUSSAS";"2022-10-01";"39";"0";"0";"0";"0";"0";"0"
"2022";"Dengue";"LITORAL LESTE/JAGUARIBE";"10ª REGIÃO LIMOEIRO DO NORTE";"LIMOEIRO DO NORTE";"2022-09-03";"35";"0";"81";"0";"0";"10";"68"
"2022";"Dengue";"SOBRAL";"15ª REGIÃO CRATEÚS";"PORANGA";"2022-06-11";"23";"0";"1";"0";"0";"1";"0"
"2022";"Dengue";"FORTALEZA";"22ª REGIÃO CASCAVEL";"HORIZONTE";"2022-03-26";"12";"0";"5";"0";"0";"1";"1"
"2022";"Dengue";"FORTALEZA";"02ª REGIÃO CAUCAIA";"PARACURU";"2022-03-26";"12";"0";"1";"0";"0";"0";"0"
"2022";"Dengue";"SOBRAL";"13ª REGIÃO TIANGUÁ";"CARNAUBAL";"2022-10-08";"40";"0";"1";"0";"0";"0";"0"
"2022";"Dengue";"LITORAL LESTE/JAGUARIBE";"07ª REGIÃO ARACATI";"ITAICABA";"2022-11-12";"45";"0";"2";"0";"0";"0";"0"
"2022";"Dengue";"LITORAL LESTE/JAGUARIBE";"07ª REGIÃO ARACATI";"ICAPUI";"2022-05-28";"21";"0";"125";"0";"0";"1";"39"
"2022";"Dengue";"CARIRI";"17ª REGIÃO ICÓ";"IPAUMIRIM";"2022-10-29";"43";"0";"0";"0";"0";"0";"0"
"2022";"Dengue";"FORTALEZA";"06ª REGIÃO DE ITAPIPOCA";"TRAIRI";"2022-12-24";"51";"0";"0";"0";"0";"0";"0"
"2022";"Dengue";"SOBRAL";"11ª REGIÃO SOBRAL";"ALCANTARAS";"2022-05-21";"20";"0";"0";"0";"0";"0";"0"
"2022";"Dengue";"SOBRAL";"11ª REGIÃO SOBRAL";"PIRES FERREIRA";"2022-12-24";"51";"0";"0";"0";"0";"0";"0"
"2022";"Dengue";"FORTALEZA";"02ª REGIÃO CAUCAIA";"ITAPAJE";"2022-03-26";"12";"0";"0";"0";"0";"0";"0"
"2022";"Dengue";"CARIRI";"20ª REGIÃO CRATO";"FARIAS BRITO";"2022-04-16";"15";"0";"24";"0";"0";"1";"4"
"2022";"Dengue";"SERTÃO CENTRAL";"14ª REGIÃO TAUÁ";"PARAMBU";"2022-05-21";"20";"0";"6";"0";"0";"1";"0"
"2022";"Dengue";"SOBRAL";"15ª REGIÃO CRATEÚS";"INDEPENDENCIA";"2022-05-28";"21";"0";"8";"0";"0";"2";"0"
"2022";"Dengue";"SOBRAL";"11ª REGIÃO SOBRAL";"GROAIRAS";"2022-03-19";"11";"0";"2";"0";"0";"2";"0"
"2022";"Dengue";"FORTALEZA";"03ª REGIÃO MARACANAÚ";"PACATUBA";"2022-04-09";"14";"0";"11";"0";"0";"5";"0"
"2022";"Dengue";"FORTALEZA";"02ª REGIÃO CAUCAIA";"GENERAL SAMPAIO";"2022-06-25";"25";"0";"0";"0";"0";"0";"0"
"2022";"Dengue";"FORTALEZA";"22ª REGIÃO CASCAVEL";"CHOROZINHO";"2022-08-13";"32";"0";"1";"0";"0";"1";"0"
"2022";"Dengue";"FORTALEZA";"22ª REGIÃO CASCAVEL";"HORIZONTE";"2022-06-04";"22";"0";"9";"0";"0";"0";"2"
"2022";"Dengue";"SOBRAL";"13ª REGIÃO TIANGUÁ";"GUARACIABA DO NORTE";"2022-01-08";"1";"0";"0";"0";"0";"0";"0"
"2022";"Dengue";"SOBRAL";"15ª REGIÃO CRATEÚS";"NOVO ORIENTE";"2022-05-28";"21";"0";"59";"0";"0";"11";"0"
"2022";"Dengue";"CARIRI";"18ª REGIÃO IGUATU";"JUCAS";"2022-05-07";"18";"0";"1";"0";"0";"0";"0"
"2022";"Dengue";"CARIRI";"17ª REGIÃO ICÓ";"UMARI";"2022-02-12";"6";"0";"0";"0";"0";"0";"0"
"2022";"Dengue";"CARIRI";"18ª REGIÃO IGUATU";"PIQUET CARNEIRO";"2022-01-22";"3";"0";"0";"0";"0";"0";"0"
"2022";"Dengue";"FORTALEZA";"02ª REGIÃO CAUCAIA";"PARAIPABA";"2022-09-24";"38";"0";"0";"0";"0";"0";"0"
"2022";"Dengue";"CARIRI";"20ª REGIÃO CRATO";"SANTANA DO CARIRI";"2022-11-12";"45";"0";"2";"0";"0";"0";"0"
"2022";"Dengue";"LITORAL LESTE/JAGUARIBE";"09ª REGIÃO RUSSAS";"MORADA NOVA";"2022-04-02";"13";"0";"2";"0";"0";"0";"0"
"2022";"Dengue";"SOBRAL";"15ª REGIÃO CRATEÚS";"ARARENDA";"2022-01-29";"4";"0";"0";"0";"0";"0";"0"
"2022";"Dengue";"FORTALEZA";"02ª REGIÃO CAUCAIA";"ITAPAJE";"2022-01-29";"4";"0";"0";"0";"0";"0";"0"
"2022";"Dengue";"LITORAL LESTE/JAGUARIBE";"10ª REGIÃO LIMOEIRO DO NORTE";"ERERE";"2022-05-14";"19";"0";"0";"0";"0";"0";"0"
"2022";"Dengue";"FORTALEZA";"03ª REGIÃO MARACANAÚ";"BARREIRA";"2022-10-15";"41";"0";"0";"0";"0";"0";"0"
"2022";"Dengue";"FORTALEZA";"03ª REGIÃO MARACANAÚ";"ACARAPE";"2022-05-21";"20";"0";"1";"0";"0";"1";"0"
"2022";"Dengue";"FORTALEZA";"22ª REGIÃO CASCAVEL";"PACAJUS";"2022-06-04";"22";"0";"8";"0";"0";"0";"2"
"2022";"Dengue";"SOBRAL";"11ª REGIÃO SOBRAL";"URUOCA";"2022-03-26";"12";"0";"1";"0";"0";"0";"0"
"2022";"Dengue";"LITORAL LESTE/JAGUARIBE";"10ª REGIÃO LIMOEIRO DO NORTE";"IRACEMA";"2022-07-16";"28";"0";"6";"0";"0";"1";"0"
"2022";"Dengue";"FORTALEZA";"02ª REGIÃO CAUCAIA";"TEJUCUOCA";"2022-10-08";"40";"0";"0";"0";"0";"0";"0"
"2022";"Dengue";"SOBRAL";"11ª REGIÃO SOBRAL";"ALCANTARAS";"2022-03-19";"11";"0";"0";"0";"0";"0";"0"
"2022";"Dengue";"SERTÃO CENTRAL";"14ª REGIÃO TAUÁ";"AIUABA";"2022-12-31";"52";"0";"0";"0";"0";"0";"0"
"2022";"Dengue";"SOBRAL";"12ª REGIÃO ACARAÚ";"BELA CRUZ";"2022-09-17";"37";"0";"30";"0";"0";"16";"9"
"2022";"Dengue";"SOBRAL";"11ª REGIÃO SOBRAL";"MERUOCA";"2022-09-10";"36";"0";"3";"0";"0";"0";"3"
"2022";"Dengue";"FORTALEZA";"02ª REGIÃO CAUCAIA";"PENTECOSTE";"2022-07-30";"30";"0";"0";"0";"0";"0";"0"
"2022";"Dengue";"FORTALEZA";"04ª REGIÃO BATURITÉ";"CAPISTRANO";"2022-07-30";"30";"0";"2";"0";"0";"0";"0"
"2022";"Dengue";"CARIRI";"17ª REGIÃO ICÓ";"UMARI";"2022-10-01";"39";"0";"0";"0";"0";"0";"0"
"2022";"Dengue";"CARIRI";"17ª REGIÃO ICÓ";"OROS";"2022-10-15";"41";"0";"2";"0";"0";"0";"1"
"2022";"Dengue";"FORTALEZA";"02ª REGIÃO CAUCAIA";"ITAPAJE";"2022-04-02";"13";"0";"1";"0";"0";"0";"0"
"2022";"Dengue";"SERTÃO CENTRAL";"08ª REGIÃO QUIXADÁ";"BANABUIU";"2022-12-24";"51";"0";"1";"0";"0";"0";"0"
"2022";"Dengue";"CARIRI";"19ª REGIÃO BREJO SANTO";"BARRO";"2022-04-02";"13";"0";"5";"0";"0";"2";"2"
"2022";"Dengue";"SERTÃO CENTRAL";"08ª REGIÃO QUIXADÁ";"PEDRA BRANCA";"2022-03-19";"11";"0";"42";"0";"0";"0";"35"
"2022";"Dengue";"CARIRI";"21ª REGIÃO JUAZEIRO DO NORTE";"GRANJEIRO";"2022-07-16";"28";"0";"0";"0";"0";"0";"0"
"2022";"Dengue";"SOBRAL";"15ª REGIÃO CRATEÚS";"NOVO ORIENTE";"2022-10-29";"43";"0";"1";"0";"0";"0";"0"
"2022";"Dengue";"CARIRI";"21ª REGIÃO JUAZEIRO DO NORTE";"JARDIM";"2022-05-21";"20";"0";"0";"0";"0";"0";"0"
"2022";"Dengue";"LITORAL LESTE/JAGUARIBE";"10ª REGIÃO LIMOEIRO DO NORTE";"PEREIRO";"2022-09-24";"38";"0";"0";"0";"0";"0";"0"
"2022";"Dengue";"SERTÃO CENTRAL";"08ª REGIÃO QUIXADÁ";"PEDRA BRANCA";"2022-11-19";"46";"0";"0";"0";"0";"0";"0"
"2022";"Dengue";"CARIRI";"20ª REGIÃO CRATO";"POTENGI";"2022-05-07";"18";"0";"0";"0";"0";"0";"0"
"2022";"Dengue";"SOBRAL";"13ª REGIÃO TIANGUÁ";"SAO BENEDITO";"2022-05-28";"21";"0";"2";"0";"0";"1";"0"
"2022";"Dengue";"SOBRAL";"11ª REGIÃO SOBRAL";"CATUNDA";"2022-10-22";"42";"0";"0";"0";"0";"0";"0"
"2022";"Dengue";"SOBRAL";"11ª REGIÃO SOBRAL";"URUOCA";"2022-01-08";"1";"0";"0";"0";"0";"0";"0"
"2022";"Dengue";"FORTALEZA";"01ª REGIÃO FORTALEZA";"FORTALEZA";"2022-05-07";"18";"0";"2083";"0";"0";"101";"792"
"2022";"Dengue";"CARIRI";"19ª REGIÃO BREJO SANTO";"PENAFORTE";"2022-03-26";"12";"0";"7";"0";"0";"1";"0"
"2022";"Dengue";"CARIRI";"20ª REGIÃO CRATO";"SALITRE";"2022-01-29";"4";"0";"2";"0";"0";"0";"0"
"2022";"Dengue";"LITORAL LESTE/JAGUARIBE";"09ª REGIÃO RUSSAS";"RUSSAS";"2022-08-06";"31";"0";"29";"0";"0";"0";"13"
"2022";"Dengue";"SERTÃO CENTRAL";"08ª REGIÃO QUIXADÁ";"QUIXERAMOBIM";"2022-06-04";"22";"0";"169";"0";"0";"11";"83"
"2022";"Dengue";"CARIRI";"18ª REGIÃO IGUATU";"IGUATU";"2022-03-12";"10";"0";"4";"0";"0";"0";"4"
"2022";"Dengue";"FORTALEZA";"02ª REGIÃO CAUCAIA";"APUIARES";"2022-08-27";"34";"0";"0";"0";"0";"0";"0"
"2022";"Dengue";"SERTÃO CENTRAL";"05ª REGIÃO DE CANINDÉ";"CANINDE";"2022-05-07";"18";"0";"8";"0";"0";"2";"0"
"2022";"Dengue";"SOBRAL";"12ª REGIÃO ACARAÚ";"BELA CRUZ";"2022-10-08";"40";"0";"12";"0";"0";"5";"3"
"2022";"Dengue";"CARIRI";"19ª REGIÃO BREJO SANTO";"MAURITI";"2022-02-26";"8";"0";"4";"0";"0";"3";"0"
"2022";"Dengue";"FORTALEZA";"02ª REGIÃO CAUCAIA";"PARACURU";"2022-07-16";"28";"0";"2";"0";"0";"0";"2"
"2022";"Dengue";"SOBRAL";"16ª REGIÃO CAMOCIM";"BARROQUINHA";"2022-05-14";"19";"0";"1";"0";"0";"0";"0"
"2022";"Dengue";"FORTALEZA";"06ª REGIÃO DE ITAPIPOCA";"UMIRIM";"2022-11-19";"46";"0";"0";"0";"0";"0";"0"
"2022";"Dengue";"SOBRAL";"16ª REGIÃO CAMOCIM";"CAMOCIM";"2022-01-08";"1";"0";"0";"0";"0";"0";"0"
"2022";"Dengue";"SOBRAL";"11ª REGIÃO SOBRAL";"IPU";"2022-10-22";"42";"0";"0";"0";"0";"0";"0"
"2022";"Dengue";"FORTALEZA";"02ª REGIÃO CAUCAIA";"PENTECOSTE";"2022-04-23";"16";"0";"0";"0";"0";"0";"0"
"2022";"Dengue";"FORTALEZA";"01ª REGIÃO FORTALEZA";"ITAITINGA";"2022-06-04";"22";"0";"3";"0";"0";"1";"1"
"2022";"Dengue";"LITORAL LESTE/JAGUARIBE";"10ª REGIÃO LIMOEIRO DO NORTE";"POTIRETAMA";"2022-05-28";"21";"0";"0";"0";"0";"0";"0"
"2022";"Dengue";"CARIRI";"21ª REGIÃO JUAZEIRO DO NORTE";"JUAZEIRO DO NORTE";"2022-08-06";"31";"0";"10";"0";"0";"1";"0"
"2022";"Dengue";"CARIRI";"21ª REGIÃO JUAZEIRO DO NORTE";"JUAZEIRO DO NORTE";"2022-04-23";"16";"0";"177";"0";"0";"3";"0"
"2022";"Dengue";"SOBRAL";"16ª REGIÃO CAMOCIM";"BARROQUINHA";"2022-12-10";"49";"0";"1";"0";"0";"0";"0"
"2022";"Dengue";"CARIRI";"19ª REGIÃO BREJO SANTO";"MAURITI";"2022-11-19";"46";"0";"0";"0";"0";"0";"0"
"2022";"Dengue";"FORTALEZA";"22ª REGIÃO CASCAVEL";"PINDORETAMA";"2022-11-19";"46";"0";"0";"0";"0";"0";"0"
"2022";"Dengue";"FORTALEZA";"06ª REGIÃO DE ITAPIPOCA";"URUBURETAMA";"2022-12-10";"49";"0";"0";"0";"0";"0";"0"
"2022";"Dengue";"SOBRAL";"12ª REGIÃO ACARAÚ";"BELA CRUZ";"2022-07-02";"26";"0";"9";"0";"0";"4";"4"
"2022";"Dengue";"SOBRAL";"11ª REGIÃO SOBRAL";"SOBRAL";"2022-11-19";"46";"0";"13";"0";"0";"1";"1"
"2022";"Dengue";"FORTALEZA";"03ª REGIÃO MARACANAÚ";"ACARAPE";"2022-10-15";"41";"0";"0";"0";"0";"0";"0"
"2022";"Dengue";"LITORAL LESTE/JAGUARIBE";"09ª REGIÃO RUSSAS";"JAGUARUANA";"2022-11-05";"44";"0";"2";"0";"0";"1";"0"
"2022";"Dengue";"FORTALEZA";"03ª REGIÃO MARACANAÚ";"REDENCAO";"2022-09-10";"36";"0";"0";"0";"0";"0";"0"
"2022";"Dengue";"FORTALEZA";"02ª REGIÃO CAUCAIA";"ITAPAJE";"2022-11-05";"44";"0";"1";"0";"0";"0";"0"
"2022";"Dengue";"SOBRAL";"11ª REGIÃO SOBRAL";"URUOCA";"2022-06-18";"24";"0";"4";"0";"0";"1";"0"
"2022";"Dengue";"SOBRAL";"11ª REGIÃO SOBRAL";"FORQUILHA";"2022-07-16";"28";"0";"8";"0";"0";"3";"1"
"2022";"Dengue";"FORTALEZA";"06ª REGIÃO DE ITAPIPOCA";"MIRAIMA";"2022-07-30";"30";"0";"3";"0";"0";"0";"2"
"2022";"Dengue";"SOBRAL";"13ª REGIÃO TIANGUÁ";"CROATA";"2022-12-24";"51";"0";"1";"0";"0";"0";"0"
"2022";"Dengue";"SERTÃO CENTRAL";"08ª REGIÃO QUIXADÁ";"MILHA";"2022-12-10";"49";"0";"1";"0";"0";"0";"0"
"2022";"Dengue";"FORTALEZA";"02ª REGIÃO CAUCAIA";"ITAPAJE";"2022-03-12";"10";"0";"0";"0";"0";"0";"0"
"2022";"Dengue";"LITORAL LESTE/JAGUARIBE";"10ª REGIÃO LIMOEIRO DO NORTE";"TABULEIRO DO NORTE";"2022-10-15";"41";"0";"10";"0";"0";"8";"2"
"2022";"Dengue";"SOBRAL";"11ª REGIÃO SOBRAL";"RERIUTABA";"2022-04-30";"17";"0";"2";"0";"0";"0";"0"
"2022";"Dengue";"FORTALEZA";"03ª REGIÃO MARACANAÚ";"MARANGUAPE";"2022-05-14";"19";"0";"32";"0";"0";"2";"19"
"2022";"Dengue";"CARIRI";"18ª REGIÃO IGUATU";"IGUATU";"2022-12-24";"51";"0";"1";"0";"0";"0";"0"
"2022";"Dengue";"SOBRAL";"13ª REGIÃO TIANGUÁ";"SAO BENEDITO";"2022-12-31";"52";"0";"0";"0";"0";"0";"0"
"2022";"Dengue";"SERTÃO CENTRAL";"14ª REGIÃO TAUÁ";"TAUA";"2022-04-23";"16";"0";"20";"0";"0";"11";"2"
"2022";"Dengue";"SOBRAL";"11ª REGIÃO SOBRAL";"MORAUJO";"2022-05-21";"20";"0";"1";"0";"0";"0";"1"
"2022";"Dengue";"CARIRI";"21ª REGIÃO JUAZEIRO DO NORTE";"MISSAO VELHA";"2022-04-30";"17";"0";"15";"0";"0";"0";"0"
"2022";"Dengue";"CARIRI";"19ª REGIÃO BREJO SANTO";"BARRO";"2022-11-12";"45";"0";"0";"0";"0";"0";"0"
"2022";"Dengue";"FORTALEZA";"06ª REGIÃO DE ITAPIPOCA";"TRAIRI";"2022-02-26";"8";"0";"2";"0";"0";"1";"0"
"2022";"Dengue";"FORTALEZA";"22ª REGIÃO CASCAVEL";"CASCAVEL";"2022-12-24";"51";"0";"0";"0";"0";"0";"0"
"2022";"Dengue";"CARIRI";"18ª REGIÃO IGUATU";"QUIXELO";"2022-02-26";"8";"0";"0";"0";"0";"0";"0"
"2022";"Dengue";"CARIRI";"20ª REGIÃO CRATO";"TARRAFAS";"2022-11-26";"47";"0";"0";"0";"0";"0";"0"
"2022";"Dengue";"FORTALEZA";"22ª REGIÃO CASCAVEL";"PINDORETAMA";"2022-11-05";"44";"0";"0";"0";"0";"0";"0"
"2022";"Dengue";"SERTÃO CENTRAL";"14ª REGIÃO TAUÁ";"TAUA";"2022-02-05";"5";"0";"1";"0";"0";"0";"0"
"2022";"Dengue";"SOBRAL";"15ª REGIÃO CRATEÚS";"QUITERIANOPOLIS";"2022-12-17";"50";"0";"0";"0";"0";"0";"0"
"2022";"Dengue";"LITORAL LESTE/JAGUARIBE";"10ª REGIÃO LIMOEIRO DO NORTE";"JAGUARIBARA";"2022-04-30";"17";"0";"0";"0";"0";"0";"0"
"2022";"Dengue";"SERTÃO CENTRAL";"14ª REGIÃO TAUÁ";"AIUABA";"2022-06-18";"24";"0";"8";"0";"0";"2";"5"
"2022";"Dengue";"FORTALEZA";"04ª REGIÃO BATURITÉ";"PACOTI";"2022-07-23";"29";"0";"0";"0";"0";"0";"0"
"2022";"Dengue";"SOBRAL";"12ª REGIÃO ACARAÚ";"CRUZ";"2022-01-29";"4";"0";"0";"0";"0";"0";"0"
"2022";"Dengue";"FORTALEZA";"03ª REGIÃO MARACANAÚ";"PACATUBA";"2022-09-03";"35";"0";"5";"0";"0";"0";"4"
"2022";"Dengue";"CARIRI";"19ª REGIÃO BREJO SANTO";"BARRO";"2022-04-09";"14";"0";"14";"0";"0";"3";"4"
"2022";"Dengue";"SERTÃO CENTRAL";"08ª REGIÃO QUIXADÁ";"QUIXADA";"2022-01-15";"2";"0";"10";"0";"0";"2";"0"
"2022";"Dengue";"CARIRI";"18ª REGIÃO IGUATU";"CARIUS";"2022-03-26";"12";"0";"2";"0";"0";"2";"0"
"2022";"Dengue";"SERTÃO CENTRAL";"05ª REGIÃO DE CANINDÉ";"BOA VIAGEM";"2022-10-01";"39";"0";"0";"0";"0";"0";"0"
"2022";"Dengue";"LITORAL LESTE/JAGUARIBE";"09ª REGIÃO RUSSAS";"PALHANO";"2022-05-21";"20";"0";"63";"0";"0";"17";"4"
"2022";"Dengue";"FORTALEZA";"04ª REGIÃO BATURITÉ";"PACOTI";"2022-06-11";"23";"0";"1";"0";"0";"1";"0"
"2022";"Dengue";"CARIRI";"21ª REGIÃO JUAZEIRO DO NORTE";"JARDIM";"2022-08-13";"32";"0";"0";"0";"0";"0";"0"
"2022";"Dengue";"SOBRAL";"11ª REGIÃO SOBRAL";"PACUJA";"2022-06-18";"24";"0";"0";"0";"0";"0";"0"
"2022";"Dengue";"FORTALEZA";"04ª REGIÃO BATURITÉ";"MULUNGU";"2022-05-07";"18";"0";"19";"0";"0";"4";"8"
"2022";"Dengue";"SOBRAL";"11ª REGIÃO SOBRAL";"MERUOCA";"2022-06-11";"23";"0";"5";"0";"0";"5";"0"
"2022";"Dengue";"CARIRI";"18ª REGIÃO IGUATU";"JUCAS";"2022-04-09";"14";"0";"0";"0";"0";"0";"0"
"2022";"Dengue";"CARIRI";"21ª REGIÃO JUAZEIRO DO NORTE";"JUAZEIRO DO NORTE";"2022-07-16";"28";"0";"15";"0";"0";"1";"1"
"2022";"Dengue";"SOBRAL";"15ª REGIÃO CRATEÚS";"NOVA RUSSAS";"2022-10-29";"43";"0";"0";"0";"0";"0";"0"
"2022";"Dengue";"CARIRI";"18ª REGIÃO IGUATU";"IGUATU";"2022-07-30";"30";"0";"5";"0";"0";"1";"4"
"2022";"Dengue";"SOBRAL";"13ª REGIÃO TIANGUÁ";"VICOSA DO CEARA";"2022-11-19";"46";"0";"0";"0";"0";"0";"0"
"2022";"Dengue";"SOBRAL";"11ª REGIÃO SOBRAL";"MORAUJO";"2022-02-26";"8";"0";"0";"0";"0";"0";"0"
"2022";"Dengue";"FORTALEZA";"02ª REGIÃO CAUCAIA";"SAO GONCALO DO AMARANTE";"2022-08-13";"32";"0";"2";"0";"0";"0";"1"
"2022";"Dengue";"LITORAL LESTE/JAGUARIBE";"10ª REGIÃO LIMOEIRO DO NORTE";"POTIRETAMA";"2022-01-22";"3";"0";"0";"0";"0";"0";"0"
"2022";"Dengue";"CARIRI";"18ª REGIÃO IGUATU";"CATARINA";"2022-07-16";"28";"0";"1";"0";"0";"0";"0"
"2022";"Dengue";"CARIRI";"18ª REGIÃO IGUATU";"JUCAS";"2022-03-26";"12";"0";"0";"0";"0";"0";"0"
"2022";"Dengue";"FORTALEZA";"03ª REGIÃO MARACANAÚ";"ACARAPE";"2022-04-09";"14";"0";"1";"0";"0";"0";"0"
"2022";"Dengue";"FORTALEZA";"01ª REGIÃO FORTALEZA";"AQUIRAZ";"2022-12-17";"50";"0";"1";"0";"0";"1";"0"
"2022";"Dengue";"FORTALEZA";"02ª REGIÃO CAUCAIA";"GENERAL SAMPAIO";"2022-05-07";"18";"0";"0";"0";"0";"0";"0"
"2022";"Dengue";"SOBRAL";"11ª REGIÃO SOBRAL";"CATUNDA";"2022-12-10";"49";"0";"0";"0";"0";"0";"0"
"2022";"Dengue";"SOBRAL";"12ª REGIÃO ACARAÚ";"BELA CRUZ";"2022-06-04";"22";"0";"12";"0";"0";"1";"5"
"2022";"Dengue";"SOBRAL";"13ª REGIÃO TIANGUÁ";"CROATA";"2022-03-26";"12";"0";"8";"0";"0";"5";"3"
"2022";"Dengue";"SERTÃO CENTRAL";"08ª REGIÃO QUIXADÁ";"CHORO";"2022-09-17";"37";"0";"1";"0";"0";"0";"0"
"2022";"Dengue";"SOBRAL";"11ª REGIÃO SOBRAL";"RERIUTABA";"2022-03-26";"12";"0";"1";"0";"0";"0";"0"
"2022";"Dengue";"SERTÃO CENTRAL";"08ª REGIÃO QUIXADÁ";"QUIXERAMOBIM";"2022-03-05";"9";"0";"0";"0";"0";"0";"0"
"2022";"Dengue";"FORTALEZA";"06ª REGIÃO DE ITAPIPOCA";"MIRAIMA";"2022-09-10";"36";"0";"0";"0";"0";"0";"0"
"2022";"Dengue";"SOBRAL";"15ª REGIÃO CRATEÚS";"NOVA RUSSAS";"2022-05-28";"21";"0";"7";"0";"0";"2";"1"
"2022";"Dengue";"CARIRI";"17ª REGIÃO ICÓ";"OROS";"2022-05-07";"18";"0";"2";"0";"0";"1";"0"
"2022";"Dengue";"SOBRAL";"15ª REGIÃO CRATEÚS";"NOVO ORIENTE";"2022-06-11";"23";"0";"43";"0";"0";"2";"4"
"2022";"Dengue";"FORTALEZA";"02ª REGIÃO CAUCAIA";"CAUCAIA";"2022-10-01";"39";"0";"15";"0";"0";"2";"12"
"2022";"Dengue";"CARIRI";"17ª REGIÃO ICÓ";"BAIXIO";"2022-03-26";"12";"0";"0";"0";"0";"0";"0"
"2022";"Dengue";"SOBRAL";"11ª REGIÃO SOBRAL";"COREAU";"2022-05-14";"19";"0";"13";"0";"0";"0";"5"
"2022";"Dengue";"CARIRI";"20ª REGIÃO CRATO";"CAMPOS SALES";"2022-03-19";"11";"0";"2";"0";"0";"1";"0"
"2022";"Dengue";"CARIRI";"20ª REGIÃO CRATO";"SALITRE";"2022-04-30";"17";"0";"17";"0";"0";"0";"0"
"2022";"Dengue";"SOBRAL";"13ª REGIÃO TIANGUÁ";"VICOSA DO CEARA";"2022-10-15";"41";"0";"0";"0";"0";"0";"0"
"2022";"Dengue";"SOBRAL";"11ª REGIÃO SOBRAL";"PIRES FERREIRA";"2022-04-23";"16";"0";"1";"0";"0";"1";"0"
"2022";"Dengue";"FORTALEZA";"04ª REGIÃO BATURITÉ";"ITAPIUNA";"2022-04-09";"14";"0";"0";"0";"0";"0";"0"
"2022";"Dengue";"LITORAL LESTE/JAGUARIBE";"10ª REGIÃO LIMOEIRO DO NORTE";"PEREIRO";"2022-12-31";"52";"0";"0";"0";"0";"0";"0"
"2022";"Dengue";"FORTALEZA";"01ª REGIÃO FORTALEZA";"FORTALEZA";"2022-04-16";"15";"0";"1231";"0";"0";"46";"490"
"2022";"Dengue";"FORTALEZA";"03ª REGIÃO MARACANAÚ";"REDENCAO";"2022-04-30";"17";"0";"2";"0";"0";"1";"0"
"2022";"Dengue";"CARIRI";"17ª REGIÃO ICÓ";"UMARI";"2022-10-22";"42";"0";"0";"0";"0";"0";"0"
"2022";"Dengue";"CARIRI";"18ª REGIÃO IGUATU";"CATARINA";"2022-01-15";"2";"0";"1";"0";"0";"0";"0"
"2022";"Dengue";"CARIRI";"19ª REGIÃO BREJO SANTO";"PENAFORTE";"2022-10-01";"39";"0";"0";"0";"0";"0";"0"
"2022";"Dengue";"FORTALEZA";"06ª REGIÃO DE ITAPIPOCA";"MIRAIMA";"2022-09-24";"38";"0";"0";"0";"0";"0";"0"
"2022";"Dengue";"FORTALEZA";"06ª REGIÃO DE ITAPIPOCA";"URUBURETAMA";"2022-10-29";"43";"0";"0";"0";"0";"0";"0"
"2022";"Dengue";"LITORAL LESTE/JAGUARIBE";"10ª REGIÃO LIMOEIRO DO NORTE";"ERERE";"2022-09-03";"35";"0";"0";"0";"0";"0";"0"
"2022";"Dengue";"SERTÃO CENTRAL";"05ª REGIÃO DE CANINDÉ";"CARIDADE";"2022-11-19";"46";"0";"0";"0";"0";"0";"0"
"2022";"Dengue";"FORTALEZA";"22ª REGIÃO CASCAVEL";"PINDORETAMA";"2022-10-29";"43";"0";"0";"0";"0";"0";"0"
"2022";"Dengue";"SOBRAL";"12ª REGIÃO ACARAÚ";"ITAREMA";"2022-02-05";"5";"0";"0";"0";"0";"0";"0"
"2022";"Dengue";"CARIRI";"18ª REGIÃO IGUATU";"JUCAS";"2022-02-05";"5";"0";"1";"0";"0";"0";"0"
"2022";"Dengue";"SERTÃO CENTRAL";"05ª REGIÃO DE CANINDÉ";"ITATIRA";"2022-07-02";"26";"0";"3";"0";"0";"0";"0"
"2022";"Dengue";"SOBRAL";"12ª REGIÃO ACARAÚ";"BELA CRUZ";"2022-12-31";"52";"0";"12";"0";"0";"6";"1"
"2022";"Dengue";"CARIRI";"18ª REGIÃO IGUATU";"SABOEIRO";"2022-07-16";"28";"0";"0";"0";"0";"0";"0"
"2022";"Dengue";"FORTALEZA";"03ª REGIÃO MARACANAÚ";"MARACANAU";"2022-04-02";"13";"0";"14";"0";"0";"1";"1"
"2022";"Dengue";"FORTALEZA";"02ª REGIÃO CAUCAIA";"PENTECOSTE";"2022-01-08";"1";"0";"0";"0";"0";"0";"0"
"2022";"Dengue";"CARIRI";"20ª REGIÃO CRATO";"NOVA OLINDA";"2022-03-12";"10";"0";"8";"0";"0";"0";"0"
"2022";"Dengue";"SOBRAL";"12ª REGIÃO ACARAÚ";"BELA CRUZ";"2022-05-28";"21";"0";"12";"0";"0";"1";"8"
"2022";"Dengue";"SOBRAL";"11ª REGIÃO SOBRAL";"SOBRAL";"2022-10-08";"40";"0";"11";"0";"0";"2";"1"
"2022";"Dengue";"SOBRAL";"11ª REGIÃO SOBRAL";"PIRES FERREIRA";"2022-08-06";"31";"0";"0";"0";"0";"0";"0"
"2022";"Dengue";"CARIRI";"17ª REGIÃO ICÓ";"ICO";"2022-11-19";"46";"0";"0";"0";"0";"0";"0"
"2022";"Dengue";"LITORAL LESTE/JAGUARIBE";"10ª REGIÃO LIMOEIRO DO NORTE";"POTIRETAMA";"2022-07-02";"26";"0";"1";"0";"0";"0";"0"
"2022";"Dengue";"FORTALEZA";"22ª REGIÃO CASCAVEL";"HORIZONTE";"2022-06-25";"25";"0";"6";"0";"0";"0";"1"
"2022";"Dengue";"FORTALEZA";"04ª REGIÃO BATURITÉ";"GUARAMIRANGA";"2022-02-19";"7";"0";"1";"0";"0";"1";"0"
"2022";"Dengue";"CARIRI";"19ª REGIÃO BREJO SANTO";"MILAGRES";"2022-10-08";"40";"0";"0";"0";"0";"0";"0"
"2022";"Dengue";"FORTALEZA";"01ª REGIÃO FORTALEZA";"AQUIRAZ";"2022-07-23";"29";"0";"1";"0";"0";"1";"0"
"2022";"Dengue";"FORTALEZA";"04ª REGIÃO BATURITÉ";"MULUNGU";"2022-12-17";"50";"0";"0";"0";"0";"0";"0"
"2022";"Dengue";"SOBRAL";"15ª REGIÃO CRATEÚS";"CRATEUS";"2022-03-05";"9";"0";"0";"0";"0";"0";"0"
"2022";"Dengue";"CARIRI";"20ª REGIÃO CRATO";"SANTANA DO CARIRI";"2022-06-04";"22";"0";"40";"0";"0";"0";"2"
"2022";"Dengue";"CARIRI";"20ª REGIÃO CRATO";"TARRAFAS";"2022-02-19";"7";"0";"0";"0";"0";"0";"0"
"2022";"Dengue";"CARIRI";"18ª REGIÃO IGUATU";"MOMBACA";"2022-10-08";"40";"0";"0";"0";"0";"0";"0"
"2022";"Dengue";"FORTALEZA";"02ª REGIÃO CAUCAIA";"ITAPAJE";"2022-04-23";"16";"0";"1";"0";"0";"0";"0"
"2022";"Dengue";"SOBRAL";"15ª REGIÃO CRATEÚS";"IPAPORANGA";"2022-10-01";"39";"0";"0";"0";"0";"0";"0"
"2022";"Dengue";"SOBRAL";"11ª REGIÃO SOBRAL";"SANTA QUITERIA";"2022-04-30";"17";"0";"2";"0";"0";"1";"0"
"2022";"Dengue";"CARIRI";"19ª REGIÃO BREJO SANTO";"PORTEIRAS";"2022-03-12";"10";"0";"1";"0";"0";"0";"0"
"2022";"Dengue";"LITORAL LESTE/JAGUARIBE";"10ª REGIÃO LIMOEIRO DO NORTE";"ERERE";"2022-09-10";"36";"0";"0";"0";"0";"0";"0"
"2022";"Dengue";"CARIRI";"20ª REGIÃO CRATO";"ARARIPE";"2022-07-30";"30";"0";"0";"0";"0";"0";"0"
"2022";"Dengue";"SOBRAL";"12ª REGIÃO ACARAÚ";"MARCO";"2022-09-24";"38";"0";"1";"0";"0";"0";"0"
"2022";"Dengue";"SOBRAL";"16ª REGIÃO CAMOCIM";"CHAVAL";"2022-12-31";"52";"0";"0";"0";"0";"0";"0"
"2022";"Dengue";"LITORAL LESTE/JAGUARIBE";"09ª REGIÃO RUSSAS";"JAGUARUANA";"2022-11-26";"47";"0";"2";"0";"0";"0";"0"
"2022";"Dengue";"SOBRAL";"11ª REGIÃO SOBRAL";"CATUNDA";"2022-02-05";"5";"0";"0";"0";"0";"0";"0"
"2022";"Dengue";"FORTALEZA";"03ª REGIÃO MARACANAÚ";"ACARAPE";"2022-11-19";"46";"0";"1";"0";"0";"0";"0"
"2022";"Dengue";"FORTALEZA";"04ª REGIÃO BATURITÉ";"ARACOIABA";"2022-12-31";"52";"0";"1";"0";"0";"0";"0"
"2022";"Dengue";"SOBRAL";"11ª REGIÃO SOBRAL";"CATUNDA";"2022-06-25";"25";"0";"5";"0";"0";"0";"0"
"2022";"Dengue";"CARIRI";"18ª REGIÃO IGUATU";"IGUATU";"2022-05-14";"19";"0";"13";"0";"0";"4";"2"
"2022";"Dengue";"CARIRI";"19ª REGIÃO BREJO SANTO";"MAURITI";"2022-06-11";"23";"0";"17";"0";"0";"0";"13"
"2022";"Dengue";"SOBRAL";"11ª REGIÃO SOBRAL";"URUOCA";"2022-12-03";"48";"0";"0";"0";"0";"0";"0"
"2022";"Dengue";"SOBRAL";"11ª REGIÃO SOBRAL";"PIRES FERREIRA";"2022-10-15";"41";"0";"0";"0";"0";"0";"0"
"2022";"Dengue";"FORTALEZA";"03ª REGIÃO MARACANAÚ";"PACATUBA";"2022-08-20";"33";"0";"8";"0";"0";"2";"5"
"2022";"Dengue";"CARIRI";"21ª REGIÃO JUAZEIRO DO NORTE";"GRANJEIRO";"2022-08-06";"31";"0";"0";"0";"0";"0";"0"
"2022";"Dengue";"CARIRI";"17ª REGIÃO ICÓ";"UMARI";"2022-10-15";"41";"0";"1";"0";"0";"0";"1"
"2022";"Dengue";"SOBRAL";"11ª REGIÃO SOBRAL";"SANTANA DO ACARAU";"2022-09-24";"38";"0";"0";"0";"0";"0";"0"
"2022";"Dengue";"SOBRAL";"11ª REGIÃO SOBRAL";"CARIRE";"2022-09-03";"35";"0";"1";"0";"0";"0";"1"
"2022";"Dengue";"FORTALEZA";"06ª REGIÃO DE ITAPIPOCA";"MIRAIMA";"2022-06-11";"23";"0";"3";"0";"0";"0";"3"
"2022";"Dengue";"LITORAL LESTE/JAGUARIBE";"07ª REGIÃO ARACATI";"ARACATI";"2022-04-02";"13";"0";"6";"0";"0";"1";"3"
"2022";"Dengue";"SERTÃO CENTRAL";"05ª REGIÃO DE CANINDÉ";"MADALENA";"2022-05-21";"20";"0";"3";"0";"0";"0";"2"
"2022";"Dengue";"CARIRI";"18ª REGIÃO IGUATU";"QUIXELO";"2022-03-12";"10";"0";"0";"0";"0";"0";"0"
"2022";"Dengue";"FORTALEZA";"06ª REGIÃO DE ITAPIPOCA";"MIRAIMA";"2022-04-16";"15";"0";"1";"0";"0";"0";"0"
"2022";"Dengue";"FORTALEZA";"01ª REGIÃO FORTALEZA";"AQUIRAZ";"2022-06-18";"24";"0";"3";"0";"0";"0";"0"
"2022";"Dengue";"CARIRI";"20ª REGIÃO CRATO";"CAMPOS SALES";"2022-04-09";"14";"0";"8";"0";"0";"1";"0"
"2022";"Dengue";"FORTALEZA";"06ª REGIÃO DE ITAPIPOCA";"TURURU";"2022-06-11";"23";"0";"10";"0";"0";"0";"5"
"2022";"Dengue";"CARIRI";"20ª REGIÃO CRATO";"CAMPOS SALES";"2022-01-08";"1";"0";"5";"0";"0";"1";"0"
"2022";"Dengue";"SERTÃO CENTRAL";"14ª REGIÃO TAUÁ";"ARNEIROZ";"2022-06-04";"22";"0";"1";"0";"0";"0";"0"
"2022";"Dengue";"FORTALEZA";"02ª REGIÃO CAUCAIA";"GENERAL SAMPAIO";"2022-10-15";"41";"0";"0";"0";"0";"0";"0"
"2022";"Dengue";"SOBRAL";"13ª REGIÃO TIANGUÁ";"GUARACIABA DO NORTE";"2022-12-10";"49";"0";"0";"0";"0";"0";"0"
"2022";"Dengue";"SOBRAL";"11ª REGIÃO SOBRAL";"HIDROLANDIA";"2022-12-03";"48";"0";"0";"0";"0";"0";"0"
"2022";"Dengue";"CARIRI";"17ª REGIÃO ICÓ";"BAIXIO";"2022-08-13";"32";"0";"0";"0";"0";"0";"0"
"2022";"Dengue";"SOBRAL";"11ª REGIÃO SOBRAL";"VARJOTA";"2022-03-26";"12";"0";"0";"0";"0";"0";"0"
"2022";"Dengue";"LITORAL LESTE/JAGUARIBE";"10ª REGIÃO LIMOEIRO DO NORTE";"POTIRETAMA";"2022-05-07";"18";"0";"0";"0";"0";"0";"0"
"2022";"Dengue";"CARIRI";"19ª REGIÃO BREJO SANTO";"PENAFORTE";"2022-05-14";"19";"0";"0";"0";"0";"0";"0"
"2022";"Dengue";"SERTÃO CENTRAL";"08ª REGIÃO QUIXADÁ";"IBARETAMA";"2022-10-08";"40";"0";"0";"0";"0";"0";"0"
"2022";"Dengue";"LITORAL LESTE/JAGUARIBE";"09ª REGIÃO RUSSAS";"PALHANO";"2022-10-29";"43";"0";"0";"0";"0";"0";"0"
"2022";"Dengue";"CARIRI";"19ª REGIÃO BREJO SANTO";"PENAFORTE";"2022-07-09";"27";"0";"0";"0";"0";"0";"0"
"2022";"Dengue";"FORTALEZA";"04ª REGIÃO BATURITÉ";"ARATUBA";"2022-07-23";"29";"0";"1";"0";"0";"0";"1"
"2022";"Dengue";"CARIRI";"17ª REGIÃO ICÓ";"ICO";"2022-11-12";"45";"0";"1";"0";"0";"0";"0"
"2022";"Dengue";"CARIRI";"19ª REGIÃO BREJO SANTO";"AURORA";"2022-12-24";"51";"0";"0";"0";"0";"0";"0"
"2022";"Dengue";"SOBRAL";"13ª REGIÃO TIANGUÁ";"TIANGUA";"2022-04-30";"17";"0";"38";"0";"0";"7";"0"
"2022";"Dengue";"SOBRAL";"15ª REGIÃO CRATEÚS";"TAMBORIL";"2022-12-03";"48";"0";"2";"0";"0";"0";"1"
"2022";"Dengue";"FORTALEZA";"02ª REGIÃO CAUCAIA";"PENTECOSTE";"2022-09-24";"38";"0";"0";"0";"0";"0";"0"
"2022";"Dengue";"CARIRI";"21ª REGIÃO JUAZEIRO DO NORTE";"GRANJEIRO";"2022-03-19";"11";"0";"5";"0";"0";"0";"0"
"2022";"Dengue";"SOBRAL";"16ª REGIÃO CAMOCIM";"BARROQUINHA";"2022-08-27";"34";"0";"0";"0";"0";"0";"0"
"2022";"Dengue";"CARIRI";"19ª REGIÃO BREJO SANTO";"JATI";"2022-10-29";"43";"0";"1";"0";"0";"0";"0"
"2022";"Dengue";"FORTALEZA";"02ª REGIÃO CAUCAIA";"GENERAL SAMPAIO";"2022-05-28";"21";"0";"0";"0";"0";"0";"0"
"2022";"Dengue";"FORTALEZA";"02ª REGIÃO CAUCAIA";"TEJUCUOCA";"2022-11-19";"46";"0";"0";"0";"0";"0";"0"
"2022";"Dengue";"LITORAL LESTE/JAGUARIBE";"10ª REGIÃO LIMOEIRO DO NORTE";"JAGUARIBARA";"2022-11-19";"46";"0";"0";"0";"0";"0";"0"
"2022";"Dengue";"SOBRAL";"15ª REGIÃO CRATEÚS";"CRATEUS";"2022-03-19";"11";"0";"1";"0";"0";"0";"0"
"2022";"Dengue";"SOBRAL";"11ª REGIÃO SOBRAL";"MORAUJO";"2022-02-12";"6";"0";"0";"0";"0";"0";"0"
"2022";"Dengue";"FORTALEZA";"01ª REGIÃO FORTALEZA";"ITAITINGA";"2022-06-11";"23";"0";"1";"0";"0";"0";"1"
"2022";"Dengue";"SERTÃO CENTRAL";"05ª REGIÃO DE CANINDÉ";"CANINDE";"2022-01-08";"1";"0";"21";"0";"0";"0";"0"
"2022";"Dengue";"CARIRI";"18ª REGIÃO IGUATU";"IGUATU";"2022-05-28";"21";"0";"11";"0";"0";"0";"2"
"2022";"Dengue";"SOBRAL";"11ª REGIÃO SOBRAL";"MORAUJO";"2022-02-19";"7";"0";"2";"0";"0";"0";"0"
"2022";"Dengue";"FORTALEZA";"06ª REGIÃO DE ITAPIPOCA";"TRAIRI";"2022-08-06";"31";"0";"0";"0";"0";"0";"0"
"2022";"Dengue";"CARIRI";"18ª REGIÃO IGUATU";"QUIXELO";"2022-07-16";"28";"0";"0";"0";"0";"0";"0"
"2022";"Dengue";"SERTÃO CENTRAL";"05ª REGIÃO DE CANINDÉ";"ITATIRA";"2022-03-26";"12";"0";"1";"0";"0";"1";"0"
"2022";"Dengue";"FORTALEZA";"22ª REGIÃO CASCAVEL";"CHOROZINHO";"2022-09-10";"36";"0";"1";"0";"0";"1";"0"
"2022";"Dengue";"SOBRAL";"16ª REGIÃO CAMOCIM";"CHAVAL";"2022-08-27";"34";"0";"0";"0";"0";"0";"0"
"2022";"Dengue";"FORTALEZA";"03ª REGIÃO MARACANAÚ";"PACATUBA";"2022-06-18";"24";"0";"30";"0";"0";"0";"29"
"2022";"Dengue";"FORTALEZA";"01ª REGIÃO FORTALEZA";"ITAITINGA";"2022-07-09";"27";"0";"1";"0";"0";"0";"0"
"2022";"Dengue";"CARIRI";"18ª REGIÃO IGUATU";"MOMBACA";"2022-03-26";"12";"0";"0";"0";"0";"0";"0"
"2022";"Dengue";"SERTÃO CENTRAL";"14ª REGIÃO TAUÁ";"ARNEIROZ";"2022-02-12";"6";"0";"0";"0";"0";"0";"0"
"2022";"Dengue";"SERTÃO CENTRAL";"08ª REGIÃO QUIXADÁ";"BANABUIU";"2022-05-07";"18";"0";"2";"0";"0";"0";"0"
"2022";"Dengue";"SOBRAL";"12ª REGIÃO ACARAÚ";"CRUZ";"2022-04-23";"16";"0";"1";"0";"0";"0";"0"
"2022";"Dengue";"FORTALEZA";"02ª REGIÃO CAUCAIA";"ITAPAJE";"2022-01-08";"1";"0";"0";"0";"0";"0";"0"
"2022";"Dengue";"FORTALEZA";"04ª REGIÃO BATURITÉ";"ARATUBA";"2022-05-07";"18";"0";"16";"0";"0";"6";"7"
"2022";"Dengue";"FORTALEZA";"03ª REGIÃO MARACANAÚ";"MARANGUAPE";"2022-04-16";"15";"0";"13";"0";"0";"0";"7"
"2022";"Dengue";"CARIRI";"20ª REGIÃO CRATO";"ASSARE";"2022-05-07";"18";"0";"22";"0";"0";"4";"11"
"2022";"Dengue";"SOBRAL";"15ª REGIÃO CRATEÚS";"QUITERIANOPOLIS";"2022-01-15";"2";"0";"0";"0";"0";"0";"0"
"2022";"Dengue";"SOBRAL";"13ª REGIÃO TIANGUÁ";"IBIAPINA";"2022-05-07";"18";"0";"3";"0";"0";"1";"0"
"2022";"Dengue";"SERTÃO CENTRAL";"08ª REGIÃO QUIXADÁ";"CHORO";"2022-12-31";"52";"0";"0";"0";"0";"0";"0"
"2022";"Dengue";"SOBRAL";"15ª REGIÃO CRATEÚS";"CRATEUS";"2022-03-12";"10";"0";"2";"0";"0";"0";"0"
"2022";"Dengue";"SERTÃO CENTRAL";"14ª REGIÃO TAUÁ";"TAUA";"2022-04-09";"14";"0";"8";"0";"0";"2";"0"
"2022";"Dengue";"SOBRAL";"11ª REGIÃO SOBRAL";"SANTANA DO ACARAU";"2022-03-12";"10";"0";"0";"0";"0";"0";"0"
"2022";"Dengue";"SERTÃO CENTRAL";"08ª REGIÃO QUIXADÁ";"QUIXERAMOBIM";"2022-12-24";"51";"0";"0";"0";"0";"0";"0"
"2022";"Dengue";"FORTALEZA";"02ª REGIÃO CAUCAIA";"APUIARES";"2022-07-23";"29";"0";"2";"0";"0";"0";"0"
"2022";"Dengue";"FORTALEZA";"02ª REGIÃO CAUCAIA";"ITAPAJE";"2022-08-20";"33";"0";"0";"0";"0";"0";"0"
"2022";"Dengue";"SOBRAL";"13ª REGIÃO TIANGUÁ";"UBAJARA";"2022-06-04";"22";"0";"1";"0";"0";"0";"0"
"2022";"Dengue";"SOBRAL";"11ª REGIÃO SOBRAL";"IPU";"2022-06-11";"23";"0";"13";"0";"0";"3";"2"
"2022";"Dengue";"FORTALEZA";"06ª REGIÃO DE ITAPIPOCA";"URUBURETAMA";"2022-05-07";"18";"0";"10";"0";"0";"1";"0"
"2022";"Dengue";"SOBRAL";"13ª REGIÃO TIANGUÁ";"SAO BENEDITO";"2022-10-15";"41";"0";"0";"0";"0";"0";"0"
"2022";"Dengue";"SOBRAL";"11ª REGIÃO SOBRAL";"VARJOTA";"2022-01-15";"2";"0";"0";"0";"0";"0";"0"
"2022";"Dengue";"FORTALEZA";"03ª REGIÃO MARACANAÚ";"PALMACIA";"2022-10-29";"43";"0";"0";"0";"0";"0";"0"
"2022";"Dengue";"SOBRAL";"12ª REGIÃO ACARAÚ";"MARCO";"2022-11-19";"46";"0";"2";"0";"0";"0";"0"
"2022";"Dengue";"SOBRAL";"15ª REGIÃO CRATEÚS";"MONSENHOR TABOSA";"2022-02-19";"7";"0";"0";"0";"0";"0";"0"
"2022";"Dengue";"CARIRI";"20ª REGIÃO CRATO";"CAMPOS SALES";"2022-04-16";"15";"0";"3";"0";"0";"0";"0"
"2022";"Dengue";"SOBRAL";"13ª REGIÃO TIANGUÁ";"UBAJARA";"2022-08-20";"33";"0";"1";"0";"0";"0";"0"
"2022";"Dengue";"FORTALEZA";"22ª REGIÃO CASCAVEL";"OCARA";"2022-11-05";"44";"0";"1";"0";"0";"0";"0"
"2022";"Dengue";"FORTALEZA";"22ª REGIÃO CASCAVEL";"HORIZONTE";"2022-12-31";"52";"0";"1";"0";"0";"0";"0"
"2022";"Dengue";"CARIRI";"17ª REGIÃO ICÓ";"CEDRO";"2022-04-09";"14";"0";"13";"0";"0";"0";"0"
"2022";"Dengue";"SOBRAL";"11ª REGIÃO SOBRAL";"COREAU";"2022-06-25";"25";"0";"7";"0";"0";"4";"1"
"2022";"Dengue";"FORTALEZA";"02ª REGIÃO CAUCAIA";"SAO LUIS DO CURU";"2022-04-16";"15";"0";"0";"0";"0";"0";"0"
"2022";"Dengue";"SOBRAL";"15ª REGIÃO CRATEÚS";"IPUEIRAS";"2022-12-17";"50";"0";"0";"0";"0";"0";"0"
"2022";"Dengue";"SOBRAL";"12ª REGIÃO ACARAÚ";"BELA CRUZ";"2022-11-05";"44";"0";"16";"0";"0";"6";"3"
"2022";"Dengue";"FORTALEZA";"04ª REGIÃO BATURITÉ";"MULUNGU";"2022-07-09";"27";"0";"0";"0";"0";"0";"0"
"2022";"Dengue";"SOBRAL";"13ª REGIÃO TIANGUÁ";"CROATA";"2022-05-21";"20";"0";"79";"0";"0";"24";"42"
"2022";"Dengue";"FORTALEZA";"01ª REGIÃO FORTALEZA";"FORTALEZA";"2022-07-09";"27";"0";"1105";"0";"0";"133";"439"
"2022";"Dengue";"SERTÃO CENTRAL";"08ª REGIÃO QUIXADÁ";"SOLONOPOLE";"2022-12-24";"51";"0";"1";"0";"0";"0";"0"
"2022";"Dengue";"FORTALEZA";"22ª REGIÃO CASCAVEL";"CASCAVEL";"2022-01-15";"2";"0";"2";"0";"0";"0";"0"
"2022";"Dengue";"FORTALEZA";"22ª REGIÃO CASCAVEL";"PINDORETAMA";"2022-06-25";"25";"0";"11";"0";"0";"1";"0"
"2022";"Dengue";"SOBRAL";"11ª REGIÃO SOBRAL";"PIRES FERREIRA";"2022-08-13";"32";"0";"0";"0";"0";"0";"0"
"2022";"Dengue";"LITORAL LESTE/JAGUARIBE";"10ª REGIÃO LIMOEIRO DO NORTE";"QUIXERE";"2022-12-31";"52";"0";"1";"0";"0";"0";"0"
"2022";"Dengue";"SOBRAL";"11ª REGIÃO SOBRAL";"IPU";"2022-03-05";"9";"0";"8";"0";"0";"6";"1"
"2022";"Dengue";"LITORAL LESTE/JAGUARIBE";"09ª REGIÃO RUSSAS";"RUSSAS";"2022-05-14";"19";"0";"40";"0";"0";"5";"1"
"2022";"Dengue";"SOBRAL";"11ª REGIÃO SOBRAL";"MASSAPE";"2022-06-11";"23";"0";"6";"0";"0";"1";"0"
"2022";"Dengue";"SERTÃO CENTRAL";"08ª REGIÃO QUIXADÁ";"IBARETAMA";"2022-07-16";"28";"0";"0";"0";"0";"0";"0"
"2022";"Dengue";"LITORAL LESTE/JAGUARIBE";"10ª REGIÃO LIMOEIRO DO NORTE";"PEREIRO";"2022-01-29";"4";"0";"0";"0";"0";"0";"0"
"2022";"Dengue";"SERTÃO CENTRAL";"14ª REGIÃO TAUÁ";"AIUABA";"2022-06-11";"23";"0";"1";"0";"0";"0";"1"
"2022";"Dengue";"SOBRAL";"11ª REGIÃO SOBRAL";"PIRES FERREIRA";"2022-10-01";"39";"0";"0";"0";"0";"0";"0"
"2022";"Dengue";"SOBRAL";"11ª REGIÃO SOBRAL";"CARIRE";"2022-01-15";"2";"0";"0";"0";"0";"0";"0"
"2022";"Dengue";"FORTALEZA";"02ª REGIÃO CAUCAIA";"CAUCAIA";"2022-11-19";"46";"0";"9";"0";"0";"0";"6"
"2022";"Dengue";"FORTALEZA";"03ª REGIÃO MARACANAÚ";"REDENCAO";"2022-01-15";"2";"0";"0";"0";"0";"0";"0"
"2022";"Dengue";"CARIRI";"19ª REGIÃO BREJO SANTO";"PENAFORTE";"2022-06-11";"23";"0";"0";"0";"0";"0";"0"
"2022";"Dengue";"FORTALEZA";"04ª REGIÃO BATURITÉ";"CAPISTRANO";"2022-12-03";"48";"0";"0";"0";"0";"0";"0"
"2022";"Dengue";"SOBRAL";"12ª REGIÃO ACARAÚ";"MARCO";"2022-06-04";"22";"0";"1";"0";"0";"0";"0"
"2022";"Dengue";"CARIRI";"17ª REGIÃO ICÓ";"UMARI";"2022-09-10";"36";"0";"0";"0";"0";"0";"0"
"2022";"Dengue";"LITORAL LESTE/JAGUARIBE";"09ª REGIÃO RUSSAS";"JAGUARETAMA";"2022-11-26";"47";"0";"4";"0";"0";"3";"0"
"2022";"Dengue";"SOBRAL";"15ª REGIÃO CRATEÚS";"INDEPENDENCIA";"2022-06-18";"24";"0";"12";"0";"0";"0";"0"
"2022";"Dengue";"LITORAL LESTE/JAGUARIBE";"10ª REGIÃO LIMOEIRO DO NORTE";"LIMOEIRO DO NORTE";"2022-07-02";"26";"0";"38";"0";"0";"11";"22"
"2022";"Dengue";"FORTALEZA";"01ª REGIÃO FORTALEZA";"ITAITINGA";"2022-12-31";"52";"0";"1";"0";"0";"0";"0"
"2022";"Dengue";"SERTÃO CENTRAL";"14ª REGIÃO TAUÁ";"AIUABA";"2022-11-05";"44";"0";"1";"0";"0";"1";"0"
"2022";"Dengue";"FORTALEZA";"22ª REGIÃO CASCAVEL";"CHOROZINHO";"2022-07-23";"29";"0";"0";"0";"0";"0";"0"
"2022";"Dengue";"CARIRI";"18ª REGIÃO IGUATU";"CATARINA";"2022-03-19";"11";"0";"0";"0";"0";"0";"0"
"2022";"Dengue";"FORTALEZA";"04ª REGIÃO BATURITÉ";"ARATUBA";"2022-03-19";"11";"1";"40";"1";"0";"20";"18"
"2022";"Dengue";"SOBRAL";"16ª REGIÃO CAMOCIM";"BARROQUINHA";"2022-09-24";"38";"0";"0";"0";"0";"0";"0"
"2022";"Dengue";"FORTALEZA";"06ª REGIÃO DE ITAPIPOCA";"AMONTADA";"2022-04-23";"16";"0";"6";"0";"0";"1";"0"
"2022";"Dengue";"CARIRI";"20ª REGIÃO CRATO";"POTENGI";"2022-07-16";"28";"0";"0";"0";"0";"0";"0"
"2022";"Dengue";"SOBRAL";"11ª REGIÃO SOBRAL";"IPU";"2022-07-16";"28";"0";"6";"0";"0";"1";"0"
"2022";"Dengue";"CARIRI";"19ª REGIÃO BREJO SANTO";"PENAFORTE";"2022-04-09";"14";"0";"0";"0";"0";"0";"0"
"2022";"Dengue";"CARIRI";"19ª REGIÃO BREJO SANTO";"BREJO SANTO";"2022-11-26";"47";"0";"6";"0";"0";"2";"2"
"2022";"Dengue";"CARIRI";"21ª REGIÃO JUAZEIRO DO NORTE";"BARBALHA";"2022-07-23";"29";"0";"0";"0";"0";"0";"0"
"2022";"Dengue";"FORTALEZA";"03ª REGIÃO MARACANAÚ";"PALMACIA";"2022-11-19";"46";"0";"1";"0";"0";"0";"0"
"2022";"Dengue";"FORTALEZA";"01ª REGIÃO FORTALEZA";"FORTALEZA";"2022-12-17";"50";"0";"174";"0";"0";"12";"40"
"2022";"Dengue";"LITORAL LESTE/JAGUARIBE";"10ª REGIÃO LIMOEIRO DO NORTE";"LIMOEIRO DO NORTE";"2022-09-17";"37";"0";"60";"0";"0";"5";"52"
"2022";"Dengue";"SOBRAL";"16ª REGIÃO CAMOCIM";"CHAVAL";"2022-04-09";"14";"0";"1";"0";"0";"1";"0"
"2022";"Dengue";"SOBRAL";"12ª REGIÃO ACARAÚ";"ACARAU";"2022-06-25";"25";"0";"6";"0";"0";"0";"0"
"2022";"Dengue";"SERTÃO CENTRAL";"08ª REGIÃO QUIXADÁ";"SOLONOPOLE";"2022-10-01";"39";"0";"0";"0";"0";"0";"0"
"2022";"Dengue";"SOBRAL";"12ª REGIÃO ACARAÚ";"JIJOCA DE JERICOACOARA";"2022-12-24";"51";"0";"1";"0";"0";"0";"0"
"2022";"Dengue";"SOBRAL";"12ª REGIÃO ACARAÚ";"JIJOCA DE JERICOACOARA";"2022-10-08";"40";"0";"2";"0";"0";"1";"0"
"2022";"Dengue";"SOBRAL";"11ª REGIÃO SOBRAL";"CARIRE";"2022-07-16";"28";"0";"2";"0";"0";"0";"2"
"2022";"Dengue";"SOBRAL";"11ª REGIÃO SOBRAL";"ALCANTARAS";"2022-08-13";"32";"0";"11";"0";"0";"10";"1"
"2022";"Dengue";"SERTÃO CENTRAL";"05ª REGIÃO DE CANINDÉ";"ITATIRA";"2022-08-27";"34";"0";"1";"0";"0";"0";"1"
"2022";"Dengue";"CARIRI";"20ª REGIÃO CRATO";"VARZEA ALEGRE";"2022-08-27";"34";"0";"1";"0";"0";"0";"0"
"2022";"Dengue";"SERTÃO CENTRAL";"08ª REGIÃO QUIXADÁ";"PEDRA BRANCA";"2022-05-21";"20";"0";"10";"0";"0";"1";"7"
"2022";"Dengue";"CARIRI";"17ª REGIÃO ICÓ";"IPAUMIRIM";"2022-06-04";"22";"0";"1";"0";"0";"0";"0"
"2022";"Dengue";"SOBRAL";"15ª REGIÃO CRATEÚS";"INDEPENDENCIA";"2022-09-24";"38";"0";"0";"0";"0";"0";"0"
"2022";"Dengue";"SERTÃO CENTRAL";"14ª REGIÃO TAUÁ";"AIUABA";"2022-12-10";"49";"0";"0";"0";"0";"0";"0"
"2022";"Dengue";"FORTALEZA";"22ª REGIÃO CASCAVEL";"PINDORETAMA";"2022-08-06";"31";"0";"2";"0";"0";"0";"0"
"2022";"Dengue";"FORTALEZA";"06ª REGIÃO DE ITAPIPOCA";"ITAPIPOCA";"2022-03-19";"11";"0";"37";"0";"0";"14";"0"
"2022";"Dengue";"FORTALEZA";"06ª REGIÃO DE ITAPIPOCA";"ITAPIPOCA";"2022-11-26";"47";"0";"4";"0";"0";"0";"0"
"2022";"Dengue";"FORTALEZA";"22ª REGIÃO CASCAVEL";"HORIZONTE";"2022-03-19";"11";"0";"3";"0";"0";"1";"1"
"2022";"Dengue";"SOBRAL";"12ª REGIÃO ACARAÚ";"MORRINHOS";"2022-10-08";"40";"0";"0";"0";"0";"0";"0"
"2022";"Dengue";"SERTÃO CENTRAL";"05ª REGIÃO DE CANINDÉ";"ITATIRA";"2022-11-26";"47";"0";"0";"0";"0";"0";"0"
"2022";"Dengue";"LITORAL LESTE/JAGUARIBE";"10ª REGIÃO LIMOEIRO DO NORTE";"TABULEIRO DO NORTE";"2022-04-09";"14";"0";"4";"0";"0";"1";"2"
"2022";"Dengue";"CARIRI";"18ª REGIÃO IGUATU";"SABOEIRO";"2022-03-19";"11";"0";"0";"0";"0";"0";"0"
"2022";"Dengue";"CARIRI";"21ª REGIÃO JUAZEIRO DO NORTE";"MISSAO VELHA";"2022-08-06";"31";"0";"0";"0";"0";"0";"0"
"2022";"Dengue";"LITORAL LESTE/JAGUARIBE";"10ª REGIÃO LIMOEIRO DO NORTE";"POTIRETAMA";"2022-07-16";"28";"0";"1";"0";"0";"0";"0"
"2022";"Dengue";"CARIRI";"21ª REGIÃO JUAZEIRO DO NORTE";"JUAZEIRO DO NORTE";"2022-08-20";"33";"0";"6";"0";"0";"0";"0"
"2022";"Dengue";"SOBRAL";"11ª REGIÃO SOBRAL";"COREAU";"2022-01-22";"3";"0";"0";"0";"0";"0";"0"
"2022";"Dengue";"FORTALEZA";"22ª REGIÃO CASCAVEL";"CHOROZINHO";"2022-09-24";"38";"0";"0";"0";"0";"0";"0"
"2022";"Dengue";"FORTALEZA";"04ª REGIÃO BATURITÉ";"CAPISTRANO";"2022-06-25";"25";"0";"3";"0";"0";"0";"0"
"2022";"Dengue";"FORTALEZA";"02ª REGIÃO CAUCAIA";"SAO LUIS DO CURU";"2022-04-02";"13";"0";"0";"0";"0";"0";"0"
"2022";"Dengue";"FORTALEZA";"02ª REGIÃO CAUCAIA";"SAO LUIS DO CURU";"2022-08-13";"32";"0";"0";"0";"0";"0";"0"
"2022";"Dengue";"CARIRI";"18ª REGIÃO IGUATU";"ACOPIARA";"2022-11-05";"44";"0";"1";"0";"0";"0";"0"
"2022";"Dengue";"SERTÃO CENTRAL";"08ª REGIÃO QUIXADÁ";"SOLONOPOLE";"2022-04-02";"13";"0";"0";"0";"0";"0";"0"
"2022";"Dengue";"CARIRI";"21ª REGIÃO JUAZEIRO DO NORTE";"JUAZEIRO DO NORTE";"2022-12-31";"52";"0";"6";"0";"0";"0";"0"
"2022";"Dengue";"FORTALEZA";"06ª REGIÃO DE ITAPIPOCA";"ITAPIPOCA";"2022-06-18";"24";"0";"70";"0";"0";"2";"31"
"2022";"Dengue";"SERTÃO CENTRAL";"08ª REGIÃO QUIXADÁ";"IBICUITINGA";"2022-09-10";"36";"0";"0";"0";"0";"0";"0"
"2022";"Dengue";"SERTÃO CENTRAL";"05ª REGIÃO DE CANINDÉ";"CARIDADE";"2022-10-15";"41";"0";"0";"0";"0";"0";"0"
"2022";"Dengue";"SOBRAL";"11ª REGIÃO SOBRAL";"MUCAMBO";"2022-02-12";"6";"0";"0";"0";"0";"0";"0"
"2022";"Dengue";"LITORAL LESTE/JAGUARIBE";"07ª REGIÃO ARACATI";"ICAPUI";"2022-03-19";"11";"0";"3";"0";"0";"0";"0"
"2022";"Dengue";"LITORAL LESTE/JAGUARIBE";"09ª REGIÃO RUSSAS";"RUSSAS";"2022-04-30";"17";"0";"36";"0";"0";"2";"0"
"2022";"Dengue";"FORTALEZA";"03ª REGIÃO MARACANAÚ";"MARANGUAPE";"2022-12-24";"51";"0";"3";"0";"0";"0";"0"
"2022";"Dengue";"LITORAL LESTE/JAGUARIBE";"10ª REGIÃO LIMOEIRO DO NORTE";"JAGUARIBE";"2022-02-19";"7";"0";"2";"0";"0";"0";"0"
"2022";"Dengue";"SERTÃO CENTRAL";"05ª REGIÃO DE CANINDÉ";"MADALENA";"2022-08-20";"33";"0";"0";"0";"0";"0";"0"
"2022";"Dengue";"CARIRI";"21ª REGIÃO JUAZEIRO DO NORTE";"MISSAO VELHA";"2022-09-03";"35";"0";"0";"0";"0";"0";"0"
"2022";"Dengue";"SERTÃO CENTRAL";"08ª REGIÃO QUIXADÁ";"PEDRA BRANCA";"2022-04-30";"17";"0";"7";"0";"0";"0";"0"
"2022";"Dengue";"SOBRAL";"11ª REGIÃO SOBRAL";"IPU";"2022-12-31";"52";"0";"0";"0";"0";"0";"0"
"2022";"Dengue";"CARIRI";"19ª REGIÃO BREJO SANTO";"BREJO SANTO";"2022-01-08";"1";"0";"10";"0";"0";"0";"1"
"2022";"Dengue";"LITORAL LESTE/JAGUARIBE";"09ª REGIÃO RUSSAS";"RUSSAS";"2022-04-23";"16";"0";"19";"0";"0";"1";"0"
"2022";"Dengue";"FORTALEZA";"06ª REGIÃO DE ITAPIPOCA";"AMONTADA";"2022-11-26";"47";"0";"0";"0";"0";"0";"0"
"2022";"Dengue";"SOBRAL";"15ª REGIÃO CRATEÚS";"MONSENHOR TABOSA";"2022-08-27";"34";"0";"5";"0";"0";"0";"1"
"2022";"Dengue";"SOBRAL";"15ª REGIÃO CRATEÚS";"ARARENDA";"2022-10-01";"39";"0";"0";"0";"0";"0";"0"
"2022";"Dengue";"SOBRAL";"11ª REGIÃO SOBRAL";"SENADOR SA";"2022-03-05";"9";"0";"0";"0";"0";"0";"0"
"2022";"Dengue";"FORTALEZA";"02ª REGIÃO CAUCAIA";"SAO LUIS DO CURU";"2022-04-30";"17";"0";"1";"0";"0";"0";"0"
"2022";"Dengue";"FORTALEZA";"04ª REGIÃO BATURITÉ";"PACOTI";"2022-04-16";"15";"0";"5";"0";"0";"0";"0"
"2022";"Dengue";"LITORAL LESTE/JAGUARIBE";"10ª REGIÃO LIMOEIRO DO NORTE";"LIMOEIRO DO NORTE";"2022-05-21";"20";"0";"7";"0";"0";"2";"5"
"2022";"Dengue";"CARIRI";"19ª REGIÃO BREJO SANTO";"AURORA";"2022-07-09";"27";"0";"2";"0";"0";"2";"0"
"2022";"Dengue";"FORTALEZA";"06ª REGIÃO DE ITAPIPOCA";"UMIRIM";"2022-04-02";"13";"0";"0";"0";"0";"0";"0"
"2022";"Dengue";"SOBRAL";"11ª REGIÃO SOBRAL";"VARJOTA";"2022-05-21";"20";"0";"0";"0";"0";"0";"0"
"2022";"Dengue";"SOBRAL";"12ª REGIÃO ACARAÚ";"JIJOCA DE JERICOACOARA";"2022-05-28";"21";"0";"24";"0";"0";"3";"0"
"2022";"Dengue";"LITORAL LESTE/JAGUARIBE";"10ª REGIÃO LIMOEIRO DO NORTE";"PEREIRO";"2022-11-12";"45";"0";"0";"0";"0";"0";"0"
"2022";"Dengue";"LITORAL LESTE/JAGUARIBE";"09ª REGIÃO RUSSAS";"JAGUARUANA";"2022-09-17";"37";"0";"4";"0";"0";"0";"2"
"2022";"Dengue";"SOBRAL";"15ª REGIÃO CRATEÚS";"QUITERIANOPOLIS";"2022-11-19";"46";"0";"2";"0";"0";"0";"0"
"2022";"Dengue";"SERTÃO CENTRAL";"14ª REGIÃO TAUÁ";"TAUA";"2022-03-05";"9";"0";"3";"0";"0";"0";"0"
"2022";"Dengue";"FORTALEZA";"04ª REGIÃO BATURITÉ";"ITAPIUNA";"2022-08-20";"33";"0";"1";"0";"0";"0";"1"
"2022";"Dengue";"CARIRI";"21ª REGIÃO JUAZEIRO DO NORTE";"CARIRIACU";"2022-03-26";"12";"0";"13";"0";"0";"0";"0"
"2022";"Dengue";"SERTÃO CENTRAL";"08ª REGIÃO QUIXADÁ";"QUIXERAMOBIM";"2022-02-05";"5";"0";"1";"0";"0";"0";"0"
"2022";"Dengue";"CARIRI";"19ª REGIÃO BREJO SANTO";"PORTEIRAS";"2022-09-17";"37";"0";"2";"0";"0";"0";"2"
"2022";"Dengue";"CARIRI";"18ª REGIÃO IGUATU";"JUCAS";"2022-11-12";"45";"0";"0";"0";"0";"0";"0"
"2022";"Dengue";"SOBRAL";"11ª REGIÃO SOBRAL";"IRAUCUBA";"2022-02-26";"8";"0";"1";"0";"0";"0";"0"
"2022";"Dengue";"FORTALEZA";"02ª REGIÃO CAUCAIA";"GENERAL SAMPAIO";"2022-11-05";"44";"0";"0";"0";"0";"0";"0"
"2022";"Dengue";"SOBRAL";"16ª REGIÃO CAMOCIM";"GRANJA";"2022-05-21";"20";"0";"7";"0";"0";"1";"0"
"2022";"Dengue";"LITORAL LESTE/JAGUARIBE";"10ª REGIÃO LIMOEIRO DO NORTE";"POTIRETAMA";"2022-10-15";"41";"0";"0";"0";"0";"0";"0"
"2022";"Dengue";"FORTALEZA";"06ª REGIÃO DE ITAPIPOCA";"UMIRIM";"2022-09-03";"35";"0";"0";"0";"0";"0";"0"
"2022";"Dengue";"SOBRAL";"13ª REGIÃO TIANGUÁ";"UBAJARA";"2022-10-01";"39";"0";"2";"0";"0";"0";"0"
"2022";"Dengue";"SOBRAL";"11ª REGIÃO SOBRAL";"FORQUILHA";"2022-07-02";"26";"1";"21";"0";"0";"6";"3"
"2022";"Dengue";"SOBRAL";"11ª REGIÃO SOBRAL";"GROAIRAS";"2022-10-08";"40";"0";"6";"0";"0";"6";"0"
"2022";"Dengue";"FORTALEZA";"02ª REGIÃO CAUCAIA";"PARAIPABA";"2022-08-13";"32";"0";"1";"0";"0";"0";"0"
"2022";"Dengue";"LITORAL LESTE/JAGUARIBE";"10ª REGIÃO LIMOEIRO DO NORTE";"LIMOEIRO DO NORTE";"2022-03-19";"11";"0";"0";"0";"0";"0";"0"
"2022";"Dengue";"FORTALEZA";"04ª REGIÃO BATURITÉ";"BATURITE";"2022-12-24";"51";"0";"0";"0";"0";"0";"0"
"2022";"Dengue";"CARIRI";"18ª REGIÃO IGUATU";"IGUATU";"2022-04-09";"14";"0";"8";"0";"0";"2";"1"
"2022";"Dengue";"CARIRI";"17ª REGIÃO ICÓ";"OROS";"2022-10-08";"40";"0";"2";"0";"0";"0";"0"
"2022";"Dengue";"LITORAL LESTE/JAGUARIBE";"07ª REGIÃO ARACATI";"ITAICABA";"2022-02-05";"5";"0";"1";"0";"0";"0";"0"
"2022";"Dengue";"SOBRAL";"11ª REGIÃO SOBRAL";"SOBRAL";"2022-05-21";"20";"0";"165";"0";"0";"26";"1"
"2022";"Dengue";"CARIRI";"20ª REGIÃO CRATO";"SALITRE";"2022-12-10";"49";"0";"0";"0";"0";"0";"0"
"2022";"Dengue";"CARIRI";"20ª REGIÃO CRATO";"ALTANEIRA";"2022-06-04";"22";"0";"0";"0";"0";"0";"0"
"2022";"Dengue";"SOBRAL";"15ª REGIÃO CRATEÚS";"TAMBORIL";"2022-04-16";"15";"0";"0";"0";"0";"0";"0"
"2022";"Dengue";"SOBRAL";"11ª REGIÃO SOBRAL";"URUOCA";"2022-02-12";"6";"0";"0";"0";"0";"0";"0"
"2022";"Dengue";"SOBRAL";"16ª REGIÃO CAMOCIM";"CAMOCIM";"2022-08-06";"31";"0";"16";"0";"0";"1";"2"
"2022";"Dengue";"SOBRAL";"16ª REGIÃO CAMOCIM";"CAMOCIM";"2022-07-02";"26";"0";"67";"0";"0";"10";"2"
"2022";"Dengue";"SOBRAL";"15ª REGIÃO CRATEÚS";"TAMBORIL";"2022-05-21";"20";"0";"14";"0";"0";"4";"7"
"2022";"Dengue";"SOBRAL";"11ª REGIÃO SOBRAL";"SOBRAL";"2022-01-08";"1";"0";"13";"0";"0";"0";"0"
"2022";"Dengue";"CARIRI";"21ª REGIÃO JUAZEIRO DO NORTE";"BARBALHA";"2022-02-26";"8";"0";"270";"0";"0";"17";"6"
"2022";"Dengue";"FORTALEZA";"04ª REGIÃO BATURITÉ";"MULUNGU";"2022-01-22";"3";"0";"3";"0";"0";"2";"0"
"2022";"Dengue";"CARIRI";"17ª REGIÃO ICÓ";"UMARI";"2022-01-08";"1";"0";"0";"0";"0";"0";"0"
"2022";"Dengue";"LITORAL LESTE/JAGUARIBE";"10ª REGIÃO LIMOEIRO DO NORTE";"PEREIRO";"2022-04-09";"14";"0";"1";"0";"0";"0";"0"
"2022";"Dengue";"FORTALEZA";"22ª REGIÃO CASCAVEL";"OCARA";"2022-12-17";"50";"0";"2";"0";"0";"0";"0"
"2022";"Dengue";"LITORAL LESTE/JAGUARIBE";"07ª REGIÃO ARACATI";"FORTIM";"2022-09-10";"36";"0";"0";"0";"0";"0";"0"
"2022";"Dengue";"LITORAL LESTE/JAGUARIBE";"10ª REGIÃO LIMOEIRO DO NORTE";"ALTO SANTO";"2022-08-20";"33";"0";"0";"0";"0";"0";"0"
"2022";"Dengue";"SOBRAL";"12ª REGIÃO ACARAÚ";"MARCO";"2022-03-12";"10";"0";"2";"0";"0";"0";"0"
"2022";"Dengue";"CARIRI";"19ª REGIÃO BREJO SANTO";"AURORA";"2022-10-08";"40";"0";"0";"0";"0";"0";"0"
"2022";"Dengue";"SOBRAL";"11ª REGIÃO SOBRAL";"GROAIRAS";"2022-01-29";"4";"0";"2";"0";"0";"0";"0"
"2022";"Dengue";"SERTÃO CENTRAL";"05ª REGIÃO DE CANINDÉ";"PARAMOTI";"2022-04-23";"16";"0";"3";"0";"0";"0";"2"
"2022";"Dengue";"FORTALEZA";"02ª REGIÃO CAUCAIA";"TEJUCUOCA";"2022-03-12";"10";"0";"0";"0";"0";"0";"0"
"2022";"Dengue";"CARIRI";"18ª REGIÃO IGUATU";"ACOPIARA";"2022-12-17";"50";"0";"1";"0";"0";"0";"0"
"2022";"Dengue";"SOBRAL";"15ª REGIÃO CRATEÚS";"INDEPENDENCIA";"2022-04-02";"13";"0";"0";"0";"0";"0";"0"
"2022";"Dengue";"LITORAL LESTE/JAGUARIBE";"10ª REGIÃO LIMOEIRO DO NORTE";"ERERE";"2022-10-08";"40";"0";"0";"0";"0";"0";"0"
"2022";"Dengue";"FORTALEZA";"06ª REGIÃO DE ITAPIPOCA";"UMIRIM";"2022-12-24";"51";"0";"0";"0";"0";"0";"0"
"2022";"Dengue";"CARIRI";"20ª REGIÃO CRATO";"TARRAFAS";"2022-11-12";"45";"0";"0";"0";"0";"0";"0"
"2022";"Dengue";"FORTALEZA";"06ª REGIÃO DE ITAPIPOCA";"MIRAIMA";"2022-10-01";"39";"0";"1";"0";"0";"0";"1"
"2022";"Dengue";"CARIRI";"18ª REGIÃO IGUATU";"IGUATU";"2022-04-16";"15";"0";"5";"0";"0";"1";"2"
"2022";"Dengue";"FORTALEZA";"03ª REGIÃO MARACANAÚ";"MARACANAU";"2022-09-10";"36";"0";"0";"0";"0";"1";"0"
"2022";"Dengue";"CARIRI";"20ª REGIÃO CRATO";"SANTANA DO CARIRI";"2022-03-12";"10";"0";"27";"0";"0";"5";"1"
"2022";"Dengue";"FORTALEZA";"22ª REGIÃO CASCAVEL";"BEBERIBE";"2022-01-15";"2";"0";"1";"0";"0";"0";"1"
"2022";"Dengue";"SERTÃO CENTRAL";"05ª REGIÃO DE CANINDÉ";"BOA VIAGEM";"2022-09-17";"37";"0";"0";"0";"0";"0";"0"
"2022";"Dengue";"SOBRAL";"11ª REGIÃO SOBRAL";"GROAIRAS";"2022-12-24";"51";"0";"1";"0";"0";"1";"0"
"2022";"Dengue";"SOBRAL";"11ª REGIÃO SOBRAL";"ALCANTARAS";"2022-12-31";"52";"0";"3";"0";"0";"2";"0"
"2022";"Dengue";"CARIRI";"21ª REGIÃO JUAZEIRO DO NORTE";"BARBALHA";"2022-12-17";"50";"0";"0";"0";"0";"0";"0"
"2022";"Dengue";"LITORAL LESTE/JAGUARIBE";"09ª REGIÃO RUSSAS";"PALHANO";"2022-01-22";"3";"0";"1";"0";"0";"1";"0"
"2022";"Dengue";"LITORAL LESTE/JAGUARIBE";"09ª REGIÃO RUSSAS";"JAGUARUANA";"2022-03-26";"12";"0";"4";"0";"0";"0";"0"
"2022";"Dengue";"FORTALEZA";"02ª REGIÃO CAUCAIA";"ITAPAJE";"2022-12-03";"48";"0";"0";"0";"0";"0";"0"
"2022";"Dengue";"SOBRAL";"15ª REGIÃO CRATEÚS";"INDEPENDENCIA";"2022-06-11";"23";"0";"8";"0";"0";"2";"0"
"2022";"Dengue";"CARIRI";"17ª REGIÃO ICÓ";"ICO";"2022-07-23";"29";"0";"18";"0";"0";"1";"1"
"2022";"Dengue";"FORTALEZA";"02ª REGIÃO CAUCAIA";"ITAPAJE";"2022-06-18";"24";"0";"1";"0";"0";"0";"0"
"2022";"Dengue";"CARIRI";"17ª REGIÃO ICÓ";"IPAUMIRIM";"2022-11-05";"44";"0";"0";"0";"0";"0";"0"
"2022";"Dengue";"SOBRAL";"11ª REGIÃO SOBRAL";"CARIRE";"2022-05-28";"21";"0";"0";"0";"0";"0";"0"
"2022";"Dengue";"SERTÃO CENTRAL";"05ª REGIÃO DE CANINDÉ";"CANINDE";"2022-01-29";"4";"0";"2";"0";"0";"0";"0"
"2022";"Dengue";"FORTALEZA";"04ª REGIÃO BATURITÉ";"MULUNGU";"2022-04-09";"14";"0";"32";"0";"0";"8";"12"
"2022";"Dengue";"SOBRAL";"11ª REGIÃO SOBRAL";"FRECHEIRINHA";"2022-04-02";"13";"0";"0";"0";"0";"0";"0"
"2022";"Dengue";"SERTÃO CENTRAL";"08ª REGIÃO QUIXADÁ";"QUIXADA";"2022-01-29";"4";"0";"1";"0";"0";"1";"0"
"2022";"Dengue";"SOBRAL";"11ª REGIÃO SOBRAL";"VARJOTA";"2022-06-25";"25";"0";"1";"0";"0";"0";"0"
"2022";"Dengue";"FORTALEZA";"06ª REGIÃO DE ITAPIPOCA";"TURURU";"2022-05-07";"18";"0";"25";"0";"0";"5";"0"
"2022";"Dengue";"LITORAL LESTE/JAGUARIBE";"10ª REGIÃO LIMOEIRO DO NORTE";"ERERE";"2022-05-07";"18";"0";"1";"0";"0";"0";"0"
"2022";"Dengue";"LITORAL LESTE/JAGUARIBE";"10ª REGIÃO LIMOEIRO DO NORTE";"TABULEIRO DO NORTE";"2022-04-30";"17";"0";"2";"0";"0";"1";"0"
"2022";"Dengue";"CARIRI";"17ª REGIÃO ICÓ";"UMARI";"2022-05-28";"21";"0";"0";"0";"0";"0";"0"
"2022";"Dengue";"SOBRAL";"16ª REGIÃO CAMOCIM";"CAMOCIM";"2022-01-15";"2";"0";"2";"0";"0";"0";"0"
"2022";"Dengue";"SOBRAL";"11ª REGIÃO SOBRAL";"FORQUILHA";"2022-12-03";"48";"0";"1";"0";"0";"0";"0"
"2022";"Dengue";"SOBRAL";"11ª REGIÃO SOBRAL";"SANTANA DO ACARAU";"2022-05-28";"21";"0";"2";"0";"0";"1";"0"
"2022";"Dengue";"CARIRI";"19ª REGIÃO BREJO SANTO";"BARRO";"2022-12-17";"50";"0";"0";"0";"0";"0";"0"
"2022";"Dengue";"SOBRAL";"15ª REGIÃO CRATEÚS";"CRATEUS";"2022-06-18";"24";"0";"7";"0";"0";"2";"4"
"2022";"Dengue";"LITORAL LESTE/JAGUARIBE";"10ª REGIÃO LIMOEIRO DO NORTE";"TABULEIRO DO NORTE";"2022-01-22";"3";"0";"2";"0";"0";"0";"0"
"2022";"Dengue";"SOBRAL";"11ª REGIÃO SOBRAL";"SENADOR SA";"2022-01-29";"4";"0";"0";"0";"0";"0";"0"
"2022";"Dengue";"SOBRAL";"11ª REGIÃO SOBRAL";"MERUOCA";"2022-03-26";"12";"0";"3";"0";"0";"3";"0"
"2022";"Dengue";"SOBRAL";"16ª REGIÃO CAMOCIM";"CHAVAL";"2022-12-10";"49";"0";"0";"0";"0";"0";"0"
"2022";"Dengue";"SERTÃO CENTRAL";"08ª REGIÃO QUIXADÁ";"SOLONOPOLE";"2022-01-08";"1";"0";"0";"0";"0";"0";"0"
"2022";"Dengue";"SOBRAL";"11ª REGIÃO SOBRAL";"MASSAPE";"2022-03-05";"9";"0";"0";"0";"0";"0";"0"
"2022";"Dengue";"CARIRI";"18ª REGIÃO IGUATU";"CATARINA";"2022-12-24";"51";"0";"0";"0";"0";"0";"0"
"2022";"Dengue";"SERTÃO CENTRAL";"08ª REGIÃO QUIXADÁ";"SOLONOPOLE";"2022-10-29";"43";"0";"0";"0";"0";"0";"0"
"2022";"Dengue";"FORTALEZA";"02ª REGIÃO CAUCAIA";"GENERAL SAMPAIO";"2022-07-23";"29";"0";"0";"0";"0";"0";"0"
"2022";"Dengue";"SOBRAL";"12ª REGIÃO ACARAÚ";"MARCO";"2022-05-21";"20";"0";"3";"0";"0";"0";"0"
"2022";"Dengue";"SOBRAL";"16ª REGIÃO CAMOCIM";"CAMOCIM";"2022-01-29";"4";"0";"1";"0";"0";"0";"0"
"2022";"Dengue";"FORTALEZA";"22ª REGIÃO CASCAVEL";"BEBERIBE";"2022-10-01";"39";"0";"1";"0";"0";"0";"0"
"2022";"Dengue";"LITORAL LESTE/JAGUARIBE";"09ª REGIÃO RUSSAS";"RUSSAS";"2022-05-28";"21";"0";"36";"0";"0";"1";"2"
"2022";"Dengue";"FORTALEZA";"04ª REGIÃO BATURITÉ";"BATURITE";"2022-10-22";"42";"0";"2";"0";"0";"1";"0"
"2022";"Dengue";"FORTALEZA";"02ª REGIÃO CAUCAIA";"SAO LUIS DO CURU";"2022-12-17";"50";"0";"0";"0";"0";"0";"0"
"2022";"Dengue";"CARIRI";"20ª REGIÃO CRATO";"NOVA OLINDA";"2022-04-30";"17";"0";"6";"0";"0";"0";"0"
"2022";"Dengue";"LITORAL LESTE/JAGUARIBE";"10ª REGIÃO LIMOEIRO DO NORTE";"IRACEMA";"2022-09-17";"37";"0";"2";"0";"0";"1";"0"
"2022";"Dengue";"CARIRI";"19ª REGIÃO BREJO SANTO";"BARRO";"2022-07-02";"26";"0";"0";"0";"0";"0";"0"
"2022";"Dengue";"CARIRI";"20ª REGIÃO CRATO";"POTENGI";"2022-12-24";"51";"0";"0";"0";"0";"0";"0"
"2022";"Dengue";"FORTALEZA";"01ª REGIÃO FORTALEZA";"EUSEBIO";"2022-08-13";"32";"0";"1";"0";"0";"0";"0"
"2022";"Dengue";"FORTALEZA";"22ª REGIÃO CASCAVEL";"HORIZONTE";"2022-07-16";"28";"0";"5";"0";"0";"0";"0"
"2022";"Dengue";"SOBRAL";"12ª REGIÃO ACARAÚ";"MORRINHOS";"2022-10-29";"43";"0";"0";"0";"0";"0";"0"
"2022";"Dengue";"SOBRAL";"15ª REGIÃO CRATEÚS";"ARARENDA";"2022-10-22";"42";"0";"0";"0";"0";"0";"0"
"2022";"Dengue";"CARIRI";"19ª REGIÃO BREJO SANTO";"PENAFORTE";"2022-08-20";"33";"0";"0";"0";"0";"0";"0"
"2022";"Dengue";"CARIRI";"19ª REGIÃO BREJO SANTO";"ABAIARA";"2022-09-17";"37";"0";"0";"0";"0";"0";"0"
"2022";"Dengue";"SOBRAL";"15ª REGIÃO CRATEÚS";"NOVO ORIENTE";"2022-09-17";"37";"0";"0";"0";"0";"0";"0"
"2022";"Dengue";"SOBRAL";"11ª REGIÃO SOBRAL";"PACUJA";"2022-12-03";"48";"0";"0";"0";"0";"0";"0"
"2022";"Dengue";"FORTALEZA";"04ª REGIÃO BATURITÉ";"CAPISTRANO";"2022-08-27";"34";"0";"0";"0";"0";"0";"0"
"2022";"Dengue";"SERTÃO CENTRAL";"08ª REGIÃO QUIXADÁ";"IBICUITINGA";"2022-04-30";"17";"0";"14";"0";"0";"5";"2"
"2022";"Dengue";"SERTÃO CENTRAL";"08ª REGIÃO QUIXADÁ";"IBARETAMA";"2022-03-12";"10";"0";"0";"0";"0";"0";"0"
"2022";"Dengue";"SOBRAL";"12ª REGIÃO ACARAÚ";"MORRINHOS";"2022-05-28";"21";"0";"4";"0";"0";"0";"0"
"2022";"Dengue";"LITORAL LESTE/JAGUARIBE";"07ª REGIÃO ARACATI";"ITAICABA";"2022-07-16";"28";"0";"4";"0";"0";"0";"0"
"2022";"Dengue";"LITORAL LESTE/JAGUARIBE";"07ª REGIÃO ARACATI";"FORTIM";"2022-10-29";"43";"0";"0";"0";"0";"0";"0"
"2022";"Dengue";"FORTALEZA";"02ª REGIÃO CAUCAIA";"GENERAL SAMPAIO";"2022-08-20";"33";"0";"0";"0";"0";"0";"0"
"2022";"Dengue";"CARIRI";"19ª REGIÃO BREJO SANTO";"ABAIARA";"2022-12-31";"52";"0";"0";"0";"0";"0";"0"
"2022";"Dengue";"LITORAL LESTE/JAGUARIBE";"09ª REGIÃO RUSSAS";"JAGUARETAMA";"2022-12-31";"52";"0";"1";"0";"0";"1";"0"
"2022";"Dengue";"FORTALEZA";"03ª REGIÃO MARACANAÚ";"ACARAPE";"2022-02-05";"5";"0";"1";"0";"0";"0";"1"
"2022";"Dengue";"CARIRI";"20ª REGIÃO CRATO";"ALTANEIRA";"2022-09-24";"38";"0";"0";"0";"0";"0";"0"
"2022";"Dengue";"FORTALEZA";"02ª REGIÃO CAUCAIA";"APUIARES";"2022-03-12";"10";"0";"1";"0";"0";"0";"0"
"2022";"Dengue";"CARIRI";"20ª REGIÃO CRATO";"ALTANEIRA";"2022-05-07";"18";"0";"0";"0";"0";"0";"0"
"2022";"Dengue";"CARIRI";"17ª REGIÃO ICÓ";"LAVRAS DA MANGABEIRA";"2022-07-02";"26";"0";"12";"0";"0";"0";"5"
"2022";"Dengue";"SOBRAL";"11ª REGIÃO SOBRAL";"HIDROLANDIA";"2022-10-22";"42";"0";"0";"0";"0";"0";"0"
"2022";"Dengue";"LITORAL LESTE/JAGUARIBE";"10ª REGIÃO LIMOEIRO DO NORTE";"POTIRETAMA";"2022-09-10";"36";"0";"0";"0";"0";"0";"0"
"2022";"Dengue";"LITORAL LESTE/JAGUARIBE";"10ª REGIÃO LIMOEIRO DO NORTE";"JAGUARIBE";"2022-05-14";"19";"0";"24";"0";"0";"8";"0"
"2022";"Dengue";"CARIRI";"19ª REGIÃO BREJO SANTO";"JATI";"2022-12-31";"52";"0";"0";"0";"0";"0";"0"
"2022";"Dengue";"SERTÃO CENTRAL";"05ª REGIÃO DE CANINDÉ";"ITATIRA";"2022-12-10";"49";"0";"0";"0";"0";"0";"0"
"2022";"Dengue";"CARIRI";"17ª REGIÃO ICÓ";"BAIXIO";"2022-08-20";"33";"0";"4";"0";"0";"0";"2"
"2022";"Dengue";"CARIRI";"17ª REGIÃO ICÓ";"BAIXIO";"2022-01-22";"3";"0";"0";"0";"0";"0";"0"
"2022";"Dengue";"LITORAL LESTE/JAGUARIBE";"07ª REGIÃO ARACATI";"ICAPUI";"2022-03-12";"10";"0";"3";"0";"0";"1";"0"
"2022";"Dengue";"CARIRI";"20ª REGIÃO CRATO";"ALTANEIRA";"2022-07-02";"26";"0";"0";"0";"0";"0";"0"
"2022";"Dengue";"FORTALEZA";"04ª REGIÃO BATURITÉ";"ITAPIUNA";"2022-08-06";"31";"0";"0";"0";"0";"0";"0"
"2022";"Dengue";"SOBRAL";"13ª REGIÃO TIANGUÁ";"CROATA";"2022-01-29";"4";"0";"0";"0";"0";"0";"0"
"2022";"Dengue";"CARIRI";"21ª REGIÃO JUAZEIRO DO NORTE";"JUAZEIRO DO NORTE";"2022-11-12";"45";"0";"2";"0";"0";"0";"0"
"2022";"Dengue";"FORTALEZA";"03ª REGIÃO MARACANAÚ";"BARREIRA";"2022-06-18";"24";"0";"0";"0";"0";"0";"0"
"2022";"Dengue";"FORTALEZA";"02ª REGIÃO CAUCAIA";"SAO LUIS DO CURU";"2022-06-18";"24";"0";"0";"0";"0";"0";"0"
"2022";"Dengue";"CARIRI";"20ª REGIÃO CRATO";"TARRAFAS";"2022-04-02";"13";"0";"0";"0";"0";"0";"0"
"2022";"Dengue";"LITORAL LESTE/JAGUARIBE";"10ª REGIÃO LIMOEIRO DO NORTE";"SAO JOAO DO JAGUARIBE";"2022-06-04";"22";"0";"2";"0";"0";"0";"0"
"2022";"Dengue";"SOBRAL";"11ª REGIÃO SOBRAL";"CARIRE";"2022-10-15";"41";"0";"1";"0";"0";"0";"1"
"2022";"Dengue";"SERTÃO CENTRAL";"05ª REGIÃO DE CANINDÉ";"ITATIRA";"2022-08-06";"31";"0";"0";"0";"0";"0";"0"
"2022";"Dengue";"FORTALEZA";"03ª REGIÃO MARACANAÚ";"MARACANAU";"2022-09-24";"38";"0";"4";"0";"0";"0";"3"
"2022";"Dengue";"FORTALEZA";"02ª REGIÃO CAUCAIA";"SAO GONCALO DO AMARANTE";"2022-04-16";"15";"0";"4";"0";"0";"0";"2"
"2022";"Dengue";"FORTALEZA";"22ª REGIÃO CASCAVEL";"PINDORETAMA";"2022-10-15";"41";"0";"2";"0";"0";"0";"0"
"2022";"Dengue";"SOBRAL";"11ª REGIÃO SOBRAL";"GROAIRAS";"2022-06-18";"24";"0";"19";"0";"0";"6";"12"
"2022";"Dengue";"SOBRAL";"11ª REGIÃO SOBRAL";"SANTANA DO ACARAU";"2022-12-03";"48";"0";"0";"0";"0";"0";"0"
"2022";"Dengue";"FORTALEZA";"03ª REGIÃO MARACANAÚ";"GUAIUBA";"2022-01-08";"1";"0";"0";"0";"0";"0";"0"
"2022";"Dengue";"SERTÃO CENTRAL";"08ª REGIÃO QUIXADÁ";"IBARETAMA";"2022-03-26";"12";"0";"1";"0";"0";"1";"0"
"2022";"Dengue";"CARIRI";"17ª REGIÃO ICÓ";"BAIXIO";"2022-08-06";"31";"0";"3";"0";"0";"0";"2"
"2022";"Dengue";"SOBRAL";"12ª REGIÃO ACARAÚ";"ACARAU";"2022-04-02";"13";"0";"3";"0";"0";"0";"0"
"2022";"Dengue";"LITORAL LESTE/JAGUARIBE";"10ª REGIÃO LIMOEIRO DO NORTE";"QUIXERE";"2022-05-21";"20";"0";"15";"0";"0";"4";"1"
"2022";"Dengue";"SOBRAL";"11ª REGIÃO SOBRAL";"PIRES FERREIRA";"2022-03-05";"9";"0";"0";"0";"0";"0";"0"
"2022";"Dengue";"LITORAL LESTE/JAGUARIBE";"10ª REGIÃO LIMOEIRO DO NORTE";"JAGUARIBE";"2022-04-16";"15";"0";"7";"0";"0";"0";"1"
"2022";"Dengue";"CARIRI";"18ª REGIÃO IGUATU";"JUCAS";"2022-10-08";"40";"0";"0";"0";"0";"0";"0"
"2022";"Dengue";"SOBRAL";"16ª REGIÃO CAMOCIM";"MARTINOPOLE";"2022-04-23";"16";"0";"0";"0";"0";"0";"0"
"2022";"Dengue";"SOBRAL";"12ª REGIÃO ACARAÚ";"ITAREMA";"2022-04-09";"14";"0";"1";"0";"0";"0";"0"
"2022";"Dengue";"CARIRI";"18ª REGIÃO IGUATU";"ACOPIARA";"2022-05-07";"18";"0";"5";"0";"0";"0";"0"
"2022";"Dengue";"FORTALEZA";"06ª REGIÃO DE ITAPIPOCA";"URUBURETAMA";"2022-05-14";"19";"0";"7";"0";"0";"3";"0"
"2022";"Dengue";"CARIRI";"20ª REGIÃO CRATO";"SANTANA DO CARIRI";"2022-05-21";"20";"0";"65";"0";"0";"5";"0"
"2022";"Dengue";"FORTALEZA";"04ª REGIÃO BATURITÉ";"PACOTI";"2022-10-01";"39";"0";"0";"0";"0";"0";"0"
"2022";"Dengue";"CARIRI";"18ª REGIÃO IGUATU";"JUCAS";"2022-09-10";"36";"0";"0";"0";"0";"0";"0"
"2022";"Dengue";"SOBRAL";"11ª REGIÃO SOBRAL";"IRAUCUBA";"2022-09-24";"38";"0";"4";"0";"0";"0";"0"
"2022";"Dengue";"FORTALEZA";"02ª REGIÃO CAUCAIA";"PARACURU";"2022-07-09";"27";"0";"7";"0";"0";"0";"7"
"2022";"Dengue";"CARIRI";"18ª REGIÃO IGUATU";"CARIUS";"2022-04-23";"16";"0";"0";"0";"0";"0";"0"
"2022";"Dengue";"CARIRI";"21ª REGIÃO JUAZEIRO DO NORTE";"BARBALHA";"2022-10-08";"40";"0";"0";"0";"0";"0";"0"
"2022";"Dengue";"LITORAL LESTE/JAGUARIBE";"10ª REGIÃO LIMOEIRO DO NORTE";"ALTO SANTO";"2022-08-13";"32";"0";"0";"0";"0";"0";"0"
"2022";"Dengue";"SOBRAL";"15ª REGIÃO CRATEÚS";"QUITERIANOPOLIS";"2022-06-04";"22";"0";"36";"0";"0";"13";"0"
"2022";"Dengue";"SOBRAL";"16ª REGIÃO CAMOCIM";"GRANJA";"2022-12-17";"50";"0";"0";"0";"0";"0";"0"
"2022";"Dengue";"FORTALEZA";"04ª REGIÃO BATURITÉ";"GUARAMIRANGA";"2022-08-20";"33";"0";"0";"0";"0";"0";"0"
"2022";"Dengue";"FORTALEZA";"22ª REGIÃO CASCAVEL";"CASCAVEL";"2022-04-16";"15";"0";"112";"0";"0";"31";"16"
"2022";"Dengue";"SERTÃO CENTRAL";"08ª REGIÃO QUIXADÁ";"QUIXADA";"2022-10-22";"42";"0";"2";"0";"0";"1";"1"
"2022";"Dengue";"SOBRAL";"15ª REGIÃO CRATEÚS";"CRATEUS";"2022-10-08";"40";"0";"5";"0";"0";"5";"0"
"2022";"Dengue";"FORTALEZA";"03ª REGIÃO MARACANAÚ";"REDENCAO";"2022-06-25";"25";"0";"0";"0";"0";"0";"0"
"2022";"Dengue";"SOBRAL";"11ª REGIÃO SOBRAL";"SOBRAL";"2022-01-15";"2";"0";"15";"0";"0";"1";"0"
"2022";"Dengue";"CARIRI";"21ª REGIÃO JUAZEIRO DO NORTE";"JUAZEIRO DO NORTE";"2022-07-30";"30";"0";"10";"0";"0";"1";"1"
"2022";"Dengue";"CARIRI";"21ª REGIÃO JUAZEIRO DO NORTE";"GRANJEIRO";"2022-08-20";"33";"0";"0";"0";"0";"0";"0"
"2022";"Dengue";"CARIRI";"19ª REGIÃO BREJO SANTO";"BREJO SANTO";"2022-05-07";"18";"0";"40";"0";"0";"4";"7"
"2022";"Dengue";"LITORAL LESTE/JAGUARIBE";"10ª REGIÃO LIMOEIRO DO NORTE";"PEREIRO";"2022-07-09";"27";"0";"3";"0";"0";"0";"1"
"2022";"Dengue";"CARIRI";"19ª REGIÃO BREJO SANTO";"ABAIARA";"2022-09-10";"36";"0";"0";"0";"0";"0";"0"
"2022";"Dengue";"SOBRAL";"13ª REGIÃO TIANGUÁ";"TIANGUA";"2022-07-09";"27";"0";"32";"0";"0";"6";"0"
"2022";"Dengue";"SOBRAL";"13ª REGIÃO TIANGUÁ";"SAO BENEDITO";"2022-12-03";"48";"0";"2";"0";"0";"0";"0"
"2022";"Dengue";"SOBRAL";"13ª REGIÃO TIANGUÁ";"TIANGUA";"2022-08-06";"31";"0";"10";"0";"0";"2";"0"
"2022";"Dengue";"LITORAL LESTE/JAGUARIBE";"09ª REGIÃO RUSSAS";"MORADA NOVA";"2022-01-22";"3";"0";"0";"0";"0";"0";"0"
"2022";"Dengue";"FORTALEZA";"06ª REGIÃO DE ITAPIPOCA";"AMONTADA";"2022-10-08";"40";"0";"0";"0";"0";"0";"0"
"2022";"Dengue";"CARIRI";"19ª REGIÃO BREJO SANTO";"BREJO SANTO";"2022-08-13";"32";"0";"7";"0";"0";"0";"6"
"2022";"Dengue";"LITORAL LESTE/JAGUARIBE";"07ª REGIÃO ARACATI";"ITAICABA";"2022-07-02";"26";"0";"7";"0";"0";"0";"0"
"2022";"Dengue";"FORTALEZA";"02ª REGIÃO CAUCAIA";"SAO LUIS DO CURU";"2022-05-28";"21";"0";"0";"0";"0";"0";"0"
"2022";"Dengue";"SOBRAL";"13ª REGIÃO TIANGUÁ";"VICOSA DO CEARA";"2022-01-08";"1";"0";"2";"0";"0";"1";"0"
"2022";"Dengue";"SOBRAL";"11ª REGIÃO SOBRAL";"SANTANA DO ACARAU";"2022-12-24";"51";"0";"0";"0";"0";"0";"0"
"2022";"Dengue";"FORTALEZA";"06ª REGIÃO DE ITAPIPOCA";"TRAIRI";"2022-04-09";"14";"0";"27";"0";"0";"12";"0"
"2022";"Dengue";"SOBRAL";"11ª REGIÃO SOBRAL";"GROAIRAS";"2022-11-19";"46";"0";"4";"0";"0";"3";"0"
"2022";"Dengue";"LITORAL LESTE/JAGUARIBE";"09ª REGIÃO RUSSAS";"RUSSAS";"2022-07-09";"27";"0";"49";"0";"0";"0";"30"
"2022";"Dengue";"FORTALEZA";"06ª REGIÃO DE ITAPIPOCA";"TRAIRI";"2022-07-30";"30";"0";"1";"0";"0";"0";"0"
"2022";"Dengue";"LITORAL LESTE/JAGUARIBE";"07ª REGIÃO ARACATI";"ICAPUI";"2022-08-27";"34";"0";"8";"0";"0";"1";"0"
"2022";"Dengue";"SOBRAL";"15ª REGIÃO CRATEÚS";"CRATEUS";"2022-09-17";"37";"0";"0";"0";"0";"0";"0"
"2022";"Dengue";"FORTALEZA";"01ª REGIÃO FORTALEZA";"EUSEBIO";"2022-11-05";"44";"0";"0";"0";"0";"0";"0"
"2022";"Dengue";"CARIRI";"20ª REGIÃO CRATO";"VARZEA ALEGRE";"2022-10-01";"39";"0";"2";"0";"0";"0";"0"
"2022";"Dengue";"SERTÃO CENTRAL";"05ª REGIÃO DE CANINDÉ";"MADALENA";"2022-07-30";"30";"0";"0";"0";"0";"0";"0"
"2022";"Dengue";"SERTÃO CENTRAL";"05ª REGIÃO DE CANINDÉ";"CARIDADE";"2022-12-24";"51";"0";"0";"0";"0";"0";"0"
"2022";"Dengue";"FORTALEZA";"04ª REGIÃO BATURITÉ";"ARACOIABA";"2022-07-02";"26";"0";"2";"0";"0";"0";"0"
"2022";"Dengue";"FORTALEZA";"22ª REGIÃO CASCAVEL";"HORIZONTE";"2022-07-02";"26";"0";"2";"0";"0";"0";"0"
"2022";"Dengue";"LITORAL LESTE/JAGUARIBE";"10ª REGIÃO LIMOEIRO DO NORTE";"PEREIRO";"2022-07-02";"26";"0";"8";"0";"0";"0";"5"
"2022";"Dengue";"FORTALEZA";"01ª REGIÃO FORTALEZA";"FORTALEZA";"2022-04-30";"17";"1";"1776";"1";"0";"94";"678"
"2022";"Dengue";"FORTALEZA";"02ª REGIÃO CAUCAIA";"PARAIPABA";"2022-10-15";"41";"0";"0";"0";"0";"0";"0"
"2022";"Dengue";"CARIRI";"20ª REGIÃO CRATO";"TARRAFAS";"2022-09-17";"37";"0";"0";"0";"0";"0";"0"
"2022";"Dengue";"FORTALEZA";"22ª REGIÃO CASCAVEL";"PACAJUS";"2022-09-24";"38";"0";"0";"0";"0";"0";"0"
"2022";"Dengue";"SOBRAL";"16ª REGIÃO CAMOCIM";"MARTINOPOLE";"2022-02-05";"5";"0";"0";"0";"0";"0";"0"
"2022";"Dengue";"FORTALEZA";"06ª REGIÃO DE ITAPIPOCA";"UMIRIM";"2022-02-12";"6";"0";"0";"0";"0";"0";"0"
"2022";"Dengue";"FORTALEZA";"02ª REGIÃO CAUCAIA";"PENTECOSTE";"2022-12-31";"52";"0";"0";"0";"0";"0";"0"
"2022";"Dengue";"FORTALEZA";"02ª REGIÃO CAUCAIA";"CAUCAIA";"2022-07-02";"26";"0";"48";"0";"0";"2";"40"
"2022";"Dengue";"SOBRAL";"13ª REGIÃO TIANGUÁ";"CROATA";"2022-08-13";"32";"0";"0";"0";"0";"0";"0"
"2022";"Dengue";"SERTÃO CENTRAL";"08ª REGIÃO QUIXADÁ";"IBICUITINGA";"2022-11-12";"45";"0";"0";"0";"0";"0";"0"
"2022";"Dengue";"CARIRI";"18ª REGIÃO IGUATU";"PIQUET CARNEIRO";"2022-04-16";"15";"0";"0";"0";"0";"0";"0"
"2022";"Dengue";"SOBRAL";"11ª REGIÃO SOBRAL";"COREAU";"2022-06-04";"22";"0";"11";"0";"0";"2";"1"
"2022";"Dengue";"SOBRAL";"11ª REGIÃO SOBRAL";"CATUNDA";"2022-05-14";"19";"0";"0";"0";"0";"0";"0"
"2022";"Dengue";"CARIRI";"20ª REGIÃO CRATO";"NOVA OLINDA";"2022-04-09";"14";"0";"10";"0";"0";"1";"0"
"2022";"Dengue";"CARIRI";"19ª REGIÃO BREJO SANTO";"MILAGRES";"2022-09-03";"35";"0";"0";"0";"0";"0";"0"
"2022";"Dengue";"SOBRAL";"12ª REGIÃO ACARAÚ";"ACARAU";"2022-12-31";"52";"0";"0";"0";"0";"0";"0"
"2022";"Dengue";"FORTALEZA";"03ª REGIÃO MARACANAÚ";"REDENCAO";"2022-09-24";"38";"0";"1";"0";"0";"0";"0"
"2022";"Dengue";"FORTALEZA";"02ª REGIÃO CAUCAIA";"PARACURU";"2022-01-08";"1";"0";"0";"0";"0";"0";"0"
"2022";"Dengue";"FORTALEZA";"02ª REGIÃO CAUCAIA";"PARACURU";"2022-04-09";"14";"0";"20";"0";"0";"8";"2"
"2022";"Dengue";"SOBRAL";"15ª REGIÃO CRATEÚS";"MONSENHOR TABOSA";"2022-04-09";"14";"0";"0";"0";"0";"0";"0"
"2022";"Dengue";"FORTALEZA";"06ª REGIÃO DE ITAPIPOCA";"URUBURETAMA";"2022-09-10";"36";"0";"1";"0";"0";"0";"0"
"2022";"Dengue";"SOBRAL";"12ª REGIÃO ACARAÚ";"CRUZ";"2022-12-24";"51";"0";"2";"0";"0";"1";"0"
"2022";"Dengue";"LITORAL LESTE/JAGUARIBE";"10ª REGIÃO LIMOEIRO DO NORTE";"SAO JOAO DO JAGUARIBE";"2022-07-09";"27";"0";"3";"0";"0";"1";"0"
"2022";"Dengue";"LITORAL LESTE/JAGUARIBE";"09ª REGIÃO RUSSAS";"JAGUARUANA";"2022-08-13";"32";"0";"26";"0";"0";"3";"10"
"2022";"Dengue";"SOBRAL";"11ª REGIÃO SOBRAL";"PACUJA";"2022-01-22";"3";"0";"0";"0";"0";"0";"0"
"2022";"Dengue";"SOBRAL";"15ª REGIÃO CRATEÚS";"NOVA RUSSAS";"2022-04-09";"14";"0";"1";"0";"0";"1";"0"
"2022";"Dengue";"FORTALEZA";"02ª REGIÃO CAUCAIA";"CAUCAIA";"2022-06-04";"22";"0";"42";"0";"0";"1";"27"
"2022";"Dengue";"FORTALEZA";"04ª REGIÃO BATURITÉ";"ARACOIABA";"2022-08-13";"32";"0";"0";"0";"0";"0";"0"
"2022";"Dengue";"SOBRAL";"15ª REGIÃO CRATEÚS";"ARARENDA";"2022-05-07";"18";"0";"7";"0";"0";"2";"0"
"2022";"Dengue";"SOBRAL";"11ª REGIÃO SOBRAL";"FORQUILHA";"2022-11-26";"47";"0";"3";"0";"0";"0";"0"
"2022";"Dengue";"CARIRI";"20ª REGIÃO CRATO";"CAMPOS SALES";"2022-02-12";"6";"0";"1";"0";"0";"0";"0"
"2022";"Dengue";"FORTALEZA";"02ª REGIÃO CAUCAIA";"SAO LUIS DO CURU";"2022-07-16";"28";"0";"0";"0";"0";"0";"0"
"2022";"Dengue";"FORTALEZA";"04ª REGIÃO BATURITÉ";"CAPISTRANO";"2022-01-15";"2";"0";"1";"0";"0";"0";"0"
"2022";"Dengue";"CARIRI";"19ª REGIÃO BREJO SANTO";"MILAGRES";"2022-05-28";"21";"0";"17";"0";"0";"3";"7"
"2022";"Dengue";"CARIRI";"20ª REGIÃO CRATO";"SALITRE";"2022-09-03";"35";"0";"0";"0";"0";"0";"0"
"2022";"Dengue";"SOBRAL";"15ª REGIÃO CRATEÚS";"CRATEUS";"2022-01-15";"2";"0";"0";"0";"0";"0";"0"
"2022";"Dengue";"LITORAL LESTE/JAGUARIBE";"10ª REGIÃO LIMOEIRO DO NORTE";"ALTO SANTO";"2022-11-12";"45";"0";"0";"0";"0";"0";"0"
"2022";"Dengue";"FORTALEZA";"03ª REGIÃO MARACANAÚ";"MARACANAU";"2022-01-22";"3";"0";"6";"0";"0";"0";"0"
"2022";"Dengue";"CARIRI";"21ª REGIÃO JUAZEIRO DO NORTE";"JARDIM";"2022-06-18";"24";"0";"0";"0";"0";"0";"0"
"2022";"Dengue";"LITORAL LESTE/JAGUARIBE";"09ª REGIÃO RUSSAS";"JAGUARUANA";"2022-12-10";"49";"0";"0";"0";"0";"0";"0"
"2022";"Dengue";"SOBRAL";"11ª REGIÃO SOBRAL";"MORAUJO";"2022-10-22";"42";"0";"0";"0";"0";"0";"0"
"2022";"Dengue";"CARIRI";"21ª REGIÃO JUAZEIRO DO NORTE";"JARDIM";"2022-08-06";"31";"0";"0";"0";"0";"0";"0"
"2022";"Dengue";"LITORAL LESTE/JAGUARIBE";"10ª REGIÃO LIMOEIRO DO NORTE";"ALTO SANTO";"2022-09-24";"38";"0";"0";"0";"0";"0";"0"
"2022";"Dengue";"LITORAL LESTE/JAGUARIBE";"10ª REGIÃO LIMOEIRO DO NORTE";"SAO JOAO DO JAGUARIBE";"2022-04-30";"17";"0";"3";"0";"0";"0";"0"
"2022";"Dengue";"FORTALEZA";"04ª REGIÃO BATURITÉ";"GUARAMIRANGA";"2022-08-13";"32";"0";"0";"0";"0";"0";"0"
"2022";"Dengue";"SOBRAL";"11ª REGIÃO SOBRAL";"SOBRAL";"2022-06-11";"23";"1";"337";"0";"0";"65";"20"
"2022";"Dengue";"CARIRI";"18ª REGIÃO IGUATU";"CARIUS";"2022-01-29";"4";"0";"0";"0";"0";"0";"0"
"2022";"Dengue";"SERTÃO CENTRAL";"14ª REGIÃO TAUÁ";"PARAMBU";"2022-12-10";"49";"0";"2";"0";"0";"0";"0"
"2022";"Dengue";"SOBRAL";"16ª REGIÃO CAMOCIM";"BARROQUINHA";"2022-12-31";"52";"0";"0";"0";"0";"0";"0"
"2022";"Dengue";"FORTALEZA";"22ª REGIÃO CASCAVEL";"HORIZONTE";"2022-02-19";"7";"0";"2";"0";"0";"0";"1"
"2022";"Dengue";"CARIRI";"18ª REGIÃO IGUATU";"IGUATU";"2022-06-04";"22";"0";"26";"0";"0";"2";"17"
"2022";"Dengue";"FORTALEZA";"06ª REGIÃO DE ITAPIPOCA";"TRAIRI";"2022-08-27";"34";"0";"0";"0";"0";"0";"0"
"2022";"Dengue";"FORTALEZA";"06ª REGIÃO DE ITAPIPOCA";"URUBURETAMA";"2022-11-05";"44";"0";"0";"0";"0";"0";"0"
"2022";"Dengue";"SOBRAL";"15ª REGIÃO CRATEÚS";"CRATEUS";"2022-07-02";"26";"0";"9";"0";"0";"1";"3"
"2022";"Dengue";"FORTALEZA";"06ª REGIÃO DE ITAPIPOCA";"TRAIRI";"2022-07-16";"28";"0";"0";"0";"0";"0";"0"
"2022";"Dengue";"CARIRI";"18ª REGIÃO IGUATU";"DEPUTADO IRAPUAN PINHEIRO";"2022-03-12";"10";"0";"0";"0";"0";"0";"0"
"2022";"Dengue";"FORTALEZA";"06ª REGIÃO DE ITAPIPOCA";"MIRAIMA";"2022-08-27";"34";"0";"0";"0";"0";"0";"0"
"2022";"Dengue";"CARIRI";"19ª REGIÃO BREJO SANTO";"BARRO";"2022-11-05";"44";"0";"0";"0";"0";"0";"0"
"2022";"Dengue";"LITORAL LESTE/JAGUARIBE";"10ª REGIÃO LIMOEIRO DO NORTE";"SAO JOAO DO JAGUARIBE";"2022-07-02";"26";"0";"5";"0";"0";"1";"0"
"2022";"Dengue";"CARIRI";"17ª REGIÃO ICÓ";"OROS";"2022-07-02";"26";"0";"18";"0";"0";"0";"7"
"2022";"Dengue";"FORTALEZA";"22ª REGIÃO CASCAVEL";"CASCAVEL";"2022-04-23";"16";"0";"99";"0";"0";"28";"19"
"2022";"Dengue";"SERTÃO CENTRAL";"05ª REGIÃO DE CANINDÉ";"MADALENA";"2022-12-24";"51";"0";"0";"0";"0";"0";"0"
"2022";"Dengue";"LITORAL LESTE/JAGUARIBE";"10ª REGIÃO LIMOEIRO DO NORTE";"SAO JOAO DO JAGUARIBE";"2022-12-10";"49";"0";"0";"0";"0";"0";"0"
"2022";"Dengue";"SERTÃO CENTRAL";"08ª REGIÃO QUIXADÁ";"SENADOR POMPEU";"2022-03-05";"9";"0";"0";"0";"0";"0";"0"
"2022";"Dengue";"LITORAL LESTE/JAGUARIBE";"10ª REGIÃO LIMOEIRO DO NORTE";"PEREIRO";"2022-08-13";"32";"0";"3";"0";"0";"0";"1"
"2022";"Dengue";"SOBRAL";"11ª REGIÃO SOBRAL";"PACUJA";"2022-02-26";"8";"0";"0";"0";"0";"0";"0"
"2022";"Dengue";"CARIRI";"19ª REGIÃO BREJO SANTO";"BREJO SANTO";"2022-07-09";"27";"0";"3";"0";"0";"0";"3"
"2022";"Dengue";"FORTALEZA";"02ª REGIÃO CAUCAIA";"SAO GONCALO DO AMARANTE";"2022-01-08";"1";"0";"0";"0";"0";"0";"0"
"2022";"Dengue";"LITORAL LESTE/JAGUARIBE";"10ª REGIÃO LIMOEIRO DO NORTE";"QUIXERE";"2022-05-07";"18";"0";"2";"0";"0";"0";"0"
"2022";"Dengue";"CARIRI";"20ª REGIÃO CRATO";"POTENGI";"2022-10-15";"41";"0";"0";"0";"0";"0";"0"
"2022";"Dengue";"FORTALEZA";"06ª REGIÃO DE ITAPIPOCA";"TURURU";"2022-05-21";"20";"0";"25";"0";"0";"13";"9"
"2022";"Dengue";"CARIRI";"20ª REGIÃO CRATO";"POTENGI";"2022-12-03";"48";"0";"0";"0";"0";"0";"0"
"2022";"Dengue";"SOBRAL";"12ª REGIÃO ACARAÚ";"JIJOCA DE JERICOACOARA";"2022-02-19";"7";"0";"2";"0";"0";"0";"0"
"2022";"Dengue";"FORTALEZA";"06ª REGIÃO DE ITAPIPOCA";"AMONTADA";"2022-12-31";"52";"0";"0";"0";"0";"0";"0"
"2022";"Dengue";"LITORAL LESTE/JAGUARIBE";"10ª REGIÃO LIMOEIRO DO NORTE";"ALTO SANTO";"2022-03-26";"12";"0";"0";"0";"0";"0";"0"
"2022";"Dengue";"LITORAL LESTE/JAGUARIBE";"10ª REGIÃO LIMOEIRO DO NORTE";"JAGUARIBE";"2022-11-19";"46";"0";"5";"0";"0";"0";"0"
"2022";"Dengue";"SOBRAL";"12ª REGIÃO ACARAÚ";"JIJOCA DE JERICOACOARA";"2022-07-16";"28";"0";"21";"0";"0";"3";"0"
"2022";"Dengue";"SOBRAL";"13ª REGIÃO TIANGUÁ";"CROATA";"2022-03-19";"11";"0";"2";"0";"0";"2";"0"
"2022";"Dengue";"FORTALEZA";"03ª REGIÃO MARACANAÚ";"GUAIUBA";"2022-03-26";"12";"0";"1";"0";"0";"0";"1"
"2022";"Dengue";"SOBRAL";"11ª REGIÃO SOBRAL";"GROAIRAS";"2022-09-24";"38";"0";"7";"0";"0";"6";"0"
"2022";"Dengue";"SOBRAL";"11ª REGIÃO SOBRAL";"MUCAMBO";"2022-03-05";"9";"0";"0";"0";"0";"0";"0"
"2022";"Dengue";"LITORAL LESTE/JAGUARIBE";"10ª REGIÃO LIMOEIRO DO NORTE";"ALTO SANTO";"2022-10-15";"41";"0";"1";"0";"0";"0";"0"
"2022";"Dengue";"SOBRAL";"11ª REGIÃO SOBRAL";"URUOCA";"2022-03-19";"11";"0";"0";"0";"0";"0";"0"
"2022";"Dengue";"CARIRI";"18ª REGIÃO IGUATU";"MOMBACA";"2022-01-29";"4";"0";"0";"0";"0";"0";"0"
"2022";"Dengue";"CARIRI";"20ª REGIÃO CRATO";"ALTANEIRA";"2022-03-12";"10";"0";"0";"0";"0";"0";"0"
"2022";"Dengue";"LITORAL LESTE/JAGUARIBE";"10ª REGIÃO LIMOEIRO DO NORTE";"TABULEIRO DO NORTE";"2022-06-11";"23";"0";"3";"0";"0";"1";"0"
"2022";"Dengue";"LITORAL LESTE/JAGUARIBE";"09ª REGIÃO RUSSAS";"MORADA NOVA";"2022-01-08";"1";"0";"1";"0";"0";"0";"0"
"2022";"Dengue";"CARIRI";"19ª REGIÃO BREJO SANTO";"JATI";"2022-07-30";"30";"0";"0";"0";"0";"0";"0"
"2022";"Dengue";"SOBRAL";"11ª REGIÃO SOBRAL";"VARJOTA";"2022-05-28";"21";"0";"0";"0";"0";"0";"0"
"2022";"Dengue";"SOBRAL";"15ª REGIÃO CRATEÚS";"QUITERIANOPOLIS";"2022-10-01";"39";"0";"0";"0";"0";"0";"0"
"2022";"Dengue";"FORTALEZA";"02ª REGIÃO CAUCAIA";"GENERAL SAMPAIO";"2022-06-18";"24";"0";"1";"0";"0";"0";"0"
"2022";"Dengue";"SOBRAL";"15ª REGIÃO CRATEÚS";"ARARENDA";"2022-10-08";"40";"0";"0";"0";"0";"0";"0"
"2022";"Dengue";"CARIRI";"20ª REGIÃO CRATO";"VARZEA ALEGRE";"2022-05-07";"18";"0";"22";"0";"0";"1";"0"
"2022";"Dengue";"CARIRI";"17ª REGIÃO ICÓ";"UMARI";"2022-12-17";"50";"0";"0";"0";"0";"0";"0"
"2022";"Dengue";"LITORAL LESTE/JAGUARIBE";"10ª REGIÃO LIMOEIRO DO NORTE";"ERERE";"2022-10-29";"43";"0";"0";"0";"0";"0";"0"
"2022";"Dengue";"SERTÃO CENTRAL";"05ª REGIÃO DE CANINDÉ";"BOA VIAGEM";"2022-07-09";"27";"0";"19";"0";"0";"0";"6"
"2022";"Dengue";"FORTALEZA";"02ª REGIÃO CAUCAIA";"SAO LUIS DO CURU";"2022-10-01";"39";"0";"0";"0";"0";"0";"0"
"2022";"Dengue";"SERTÃO CENTRAL";"08ª REGIÃO QUIXADÁ";"CHORO";"2022-01-15";"2";"0";"0";"0";"0";"0";"0"
"2022";"Dengue";"SOBRAL";"12ª REGIÃO ACARAÚ";"ITAREMA";"2022-10-08";"40";"0";"0";"0";"0";"0";"0"
"2022";"Dengue";"FORTALEZA";"22ª REGIÃO CASCAVEL";"HORIZONTE";"2022-06-18";"24";"0";"2";"0";"0";"0";"1"
"2022";"Dengue";"CARIRI";"20ª REGIÃO CRATO";"CRATO";"2022-10-29";"43";"0";"3";"0";"0";"0";"0"
"2022";"Dengue";"CARIRI";"18ª REGIÃO IGUATU";"SABOEIRO";"2022-08-27";"34";"0";"0";"0";"0";"0";"0"
"2022";"Dengue";"CARIRI";"20ª REGIÃO CRATO";"SALITRE";"2022-06-04";"22";"0";"15";"0";"0";"0";"0"
"2022";"Dengue";"SOBRAL";"11ª REGIÃO SOBRAL";"SANTA QUITERIA";"2022-09-17";"37";"0";"0";"0";"0";"0";"0"
"2022";"Dengue";"SOBRAL";"11ª REGIÃO SOBRAL";"MORAUJO";"2022-09-17";"37";"0";"1";"0";"0";"0";"0"
"2022";"Dengue";"SOBRAL";"12ª REGIÃO ACARAÚ";"BELA CRUZ";"2022-04-16";"15";"0";"1";"0";"0";"0";"0"
"2022";"Dengue";"SOBRAL";"11ª REGIÃO SOBRAL";"CARIRE";"2022-05-14";"19";"0";"0";"0";"0";"0";"0"
"2022";"Dengue";"SERTÃO CENTRAL";"05ª REGIÃO DE CANINDÉ";"CANINDE";"2022-07-30";"30";"0";"1";"0";"0";"0";"0"
"2022";"Dengue";"CARIRI";"20ª REGIÃO CRATO";"ALTANEIRA";"2022-04-30";"17";"0";"3";"0";"0";"0";"0"
"2022";"Dengue";"CARIRI";"18ª REGIÃO IGUATU";"SABOEIRO";"2022-12-24";"51";"0";"0";"0";"0";"0";"0"
"2022";"Dengue";"SOBRAL";"11ª REGIÃO SOBRAL";"IRAUCUBA";"2022-09-17";"37";"0";"7";"0";"0";"0";"0"
"2022";"Dengue";"CARIRI";"17ª REGIÃO ICÓ";"BAIXIO";"2022-09-03";"35";"0";"0";"0";"0";"0";"0"
"2022";"Dengue";"FORTALEZA";"02ª REGIÃO CAUCAIA";"PARACURU";"2022-05-28";"21";"0";"40";"0";"0";"3";"34"
"2022";"Dengue";"CARIRI";"17ª REGIÃO ICÓ";"BAIXIO";"2022-05-28";"21";"0";"2";"0";"0";"1";"0"
"2022";"Dengue";"CARIRI";"18ª REGIÃO IGUATU";"CATARINA";"2022-03-05";"9";"0";"0";"0";"0";"0";"0"
"2022";"Dengue";"FORTALEZA";"01ª REGIÃO FORTALEZA";"AQUIRAZ";"2022-09-17";"37";"0";"1";"0";"0";"0";"0"
"2022";"Dengue";"SOBRAL";"15ª REGIÃO CRATEÚS";"TAMBORIL";"2022-03-26";"12";"0";"0";"0";"0";"0";"0"
"2022";"Dengue";"LITORAL LESTE/JAGUARIBE";"10ª REGIÃO LIMOEIRO DO NORTE";"QUIXERE";"2022-10-15";"41";"0";"1";"0";"0";"0";"0"
"2022";"Dengue";"SERTÃO CENTRAL";"08ª REGIÃO QUIXADÁ";"BANABUIU";"2022-06-11";"23";"0";"6";"0";"0";"1";"0"
"2022";"Dengue";"FORTALEZA";"04ª REGIÃO BATURITÉ";"CAPISTRANO";"2022-03-12";"10";"0";"1";"0";"0";"0";"0"
"2022";"Dengue";"FORTALEZA";"22ª REGIÃO CASCAVEL";"HORIZONTE";"2022-07-30";"30";"0";"2";"0";"0";"0";"0"
"2022";"Dengue";"LITORAL LESTE/JAGUARIBE";"10ª REGIÃO LIMOEIRO DO NORTE";"ERERE";"2022-04-30";"17";"0";"0";"0";"0";"0";"0"
"2022";"Dengue";"FORTALEZA";"03ª REGIÃO MARACANAÚ";"MARANGUAPE";"2022-02-19";"7";"0";"22";"0";"0";"11";"4"
"2022";"Dengue";"FORTALEZA";"02ª REGIÃO CAUCAIA";"PARAIPABA";"2022-07-02";"26";"0";"3";"0";"0";"0";"0"
"2022";"Dengue";"FORTALEZA";"06ª REGIÃO DE ITAPIPOCA";"TRAIRI";"2022-03-12";"10";"0";"6";"0";"0";"0";"0"
"2022";"Dengue";"FORTALEZA";"22ª REGIÃO CASCAVEL";"PINDORETAMA";"2022-03-12";"10";"0";"42";"0";"0";"16";"0"
"2022";"Dengue";"CARIRI";"18ª REGIÃO IGUATU";"IGUATU";"2022-01-29";"4";"0";"1";"0";"0";"0";"0"
"2022";"Dengue";"SERTÃO CENTRAL";"05ª REGIÃO DE CANINDÉ";"CARIDADE";"2022-10-08";"40";"0";"0";"0";"0";"0";"0"
"2022";"Dengue";"LITORAL LESTE/JAGUARIBE";"10ª REGIÃO LIMOEIRO DO NORTE";"JAGUARIBARA";"2022-08-27";"34";"0";"23";"0";"0";"10";"0"
"2022";"Dengue";"FORTALEZA";"06ª REGIÃO DE ITAPIPOCA";"ITAPIPOCA";"2022-09-24";"38";"0";"3";"0";"0";"0";"1"
"2022";"Dengue";"SERTÃO CENTRAL";"08ª REGIÃO QUIXADÁ";"BANABUIU";"2022-01-15";"2";"0";"3";"0";"0";"0";"0"
"2022";"Dengue";"SERTÃO CENTRAL";"08ª REGIÃO QUIXADÁ";"SOLONOPOLE";"2022-02-26";"8";"0";"0";"0";"0";"0";"0"
"2022";"Dengue";"SOBRAL";"11ª REGIÃO SOBRAL";"GROAIRAS";"2022-07-02";"26";"0";"20";"0";"0";"15";"13"
"2022";"Dengue";"FORTALEZA";"04ª REGIÃO BATURITÉ";"ITAPIUNA";"2022-02-26";"8";"0";"0";"0";"0";"0";"0"
"2022";"Dengue";"SERTÃO CENTRAL";"08ª REGIÃO QUIXADÁ";"BANABUIU";"2022-05-14";"19";"0";"12";"0";"0";"4";"1"
"2022";"Dengue";"FORTALEZA";"01ª REGIÃO FORTALEZA";"AQUIRAZ";"2022-12-31";"52";"0";"0";"0";"0";"0";"0"
"2022";"Dengue";"CARIRI";"20ª REGIÃO CRATO";"POTENGI";"2022-02-05";"5";"0";"0";"0";"0";"0";"0"
"2022";"Dengue";"CARIRI";"21ª REGIÃO JUAZEIRO DO NORTE";"MISSAO VELHA";"2022-09-24";"38";"0";"0";"0";"0";"0";"0"
"2022";"Dengue";"FORTALEZA";"03ª REGIÃO MARACANAÚ";"MARANGUAPE";"2022-03-05";"9";"0";"7";"0";"0";"4";"2"
"2022";"Dengue";"FORTALEZA";"22ª REGIÃO CASCAVEL";"PACAJUS";"2022-08-27";"34";"0";"0";"0";"0";"0";"0"
"2022";"Dengue";"LITORAL LESTE/JAGUARIBE";"09ª REGIÃO RUSSAS";"MORADA NOVA";"2022-02-19";"7";"0";"1";"0";"0";"0";"0"
"2022";"Dengue";"CARIRI";"20ª REGIÃO CRATO";"ASSARE";"2022-10-29";"43";"0";"1";"0";"0";"1";"0"
"2022";"Dengue";"FORTALEZA";"02ª REGIÃO CAUCAIA";"SAO GONCALO DO AMARANTE";"2022-09-10";"36";"0";"0";"0";"0";"0";"0"
"2022";"Dengue";"SOBRAL";"15ª REGIÃO CRATEÚS";"QUITERIANOPOLIS";"2022-02-19";"7";"0";"0";"0";"0";"0";"0"
"2022";"Dengue";"FORTALEZA";"04ª REGIÃO BATURITÉ";"BATURITE";"2022-07-09";"27";"0";"5";"0";"0";"0";"0"
"2022";"Dengue";"LITORAL LESTE/JAGUARIBE";"09ª REGIÃO RUSSAS";"PALHANO";"2022-12-24";"51";"0";"0";"0";"0";"0";"0"
"2022";"Dengue";"SOBRAL";"13ª REGIÃO TIANGUÁ";"SAO BENEDITO";"2022-04-23";"16";"0";"4";"0";"0";"1";"0"
"2022";"Dengue";"FORTALEZA";"02ª REGIÃO CAUCAIA";"PARACURU";"2022-09-10";"36";"0";"0";"0";"0";"0";"0"
"2022";"Dengue";"SOBRAL";"11ª REGIÃO SOBRAL";"FORQUILHA";"2022-06-18";"24";"0";"17";"0";"0";"7";"2"
"2022";"Dengue";"SERTÃO CENTRAL";"08ª REGIÃO QUIXADÁ";"SENADOR POMPEU";"2022-02-12";"6";"0";"0";"0";"0";"0";"0"
"2022";"Dengue";"SOBRAL";"15ª REGIÃO CRATEÚS";"NOVA RUSSAS";"2022-06-25";"25";"0";"10";"0";"0";"1";"3"
"2022";"Dengue";"CARIRI";"19ª REGIÃO BREJO SANTO";"JATI";"2022-02-12";"6";"0";"1";"0";"0";"0";"0"
"2022";"Dengue";"CARIRI";"18ª REGIÃO IGUATU";"QUIXELO";"2022-10-15";"41";"0";"0";"0";"0";"0";"0"
"2022";"Dengue";"LITORAL LESTE/JAGUARIBE";"10ª REGIÃO LIMOEIRO DO NORTE";"IRACEMA";"2022-01-22";"3";"0";"1";"0";"0";"0";"0"
"2022";"Dengue";"LITORAL LESTE/JAGUARIBE";"07ª REGIÃO ARACATI";"FORTIM";"2022-06-25";"25";"0";"0";"0";"0";"0";"0"
"2022";"Dengue";"SERTÃO CENTRAL";"14ª REGIÃO TAUÁ";"TAUA";"2022-03-12";"10";"0";"2";"0";"0";"0";"1"
"2022";"Dengue";"FORTALEZA";"04ª REGIÃO BATURITÉ";"BATURITE";"2022-11-26";"47";"0";"1";"0";"0";"0";"0"
"2022";"Dengue";"SOBRAL";"15ª REGIÃO CRATEÚS";"IPAPORANGA";"2022-12-24";"51";"0";"0";"0";"0";"0";"0"
"2022";"Dengue";"CARIRI";"18ª REGIÃO IGUATU";"JUCAS";"2022-01-29";"4";"0";"0";"0";"0";"0";"0"
"2022";"Dengue";"FORTALEZA";"06ª REGIÃO DE ITAPIPOCA";"ITAPIPOCA";"2022-12-03";"48";"0";"0";"0";"0";"0";"0"
"2022";"Dengue";"LITORAL LESTE/JAGUARIBE";"10ª REGIÃO LIMOEIRO DO NORTE";"IRACEMA";"2022-12-10";"49";"0";"0";"0";"0";"0";"0"
"2022";"Dengue";"SERTÃO CENTRAL";"08ª REGIÃO QUIXADÁ";"IBARETAMA";"2022-05-21";"20";"0";"4";"0";"0";"3";"1"
"2022";"Dengue";"SOBRAL";"13ª REGIÃO TIANGUÁ";"SAO BENEDITO";"2022-07-16";"28";"0";"6";"0";"0";"0";"0"
"2022";"Dengue";"FORTALEZA";"06ª REGIÃO DE ITAPIPOCA";"AMONTADA";"2022-12-17";"50";"0";"0";"0";"0";"0";"0"
"2022";"Dengue";"SOBRAL";"11ª REGIÃO SOBRAL";"GROAIRAS";"2022-02-12";"6";"0";"0";"0";"0";"0";"0"
"2022";"Dengue";"SOBRAL";"15ª REGIÃO CRATEÚS";"CRATEUS";"2022-02-12";"6";"0";"1";"0";"0";"0";"0"
"2022";"Dengue";"FORTALEZA";"02ª REGIÃO CAUCAIA";"PARACURU";"2022-08-13";"32";"0";"0";"0";"0";"0";"0"
"2022";"Dengue";"CARIRI";"21ª REGIÃO JUAZEIRO DO NORTE";"MISSAO VELHA";"2022-05-14";"19";"0";"1";"0";"0";"0";"0"
"2022";"Dengue";"SERTÃO CENTRAL";"08ª REGIÃO QUIXADÁ";"QUIXADA";"2022-05-21";"20";"0";"23";"0";"0";"7";"11"
"2022";"Dengue";"CARIRI";"19ª REGIÃO BREJO SANTO";"JATI";"2022-01-08";"1";"0";"1";"0";"0";"0";"0"
"2022";"Dengue";"LITORAL LESTE/JAGUARIBE";"07ª REGIÃO ARACATI";"ICAPUI";"2022-12-03";"48";"0";"2";"0";"0";"0";"0"
"2022";"Dengue";"SOBRAL";"15ª REGIÃO CRATEÚS";"IPAPORANGA";"2022-07-30";"30";"0";"0";"0";"0";"0";"0"
"2022";"Dengue";"FORTALEZA";"22ª REGIÃO CASCAVEL";"OCARA";"2022-12-10";"49";"0";"3";"0";"0";"0";"0"
"2022";"Dengue";"FORTALEZA";"06ª REGIÃO DE ITAPIPOCA";"MIRAIMA";"2022-01-29";"4";"0";"0";"0";"0";"0";"0"
"2022";"Dengue";"SERTÃO CENTRAL";"05ª REGIÃO DE CANINDÉ";"CANINDE";"2022-06-11";"23";"0";"10";"0";"0";"0";"0"
"2022";"Dengue";"CARIRI";"20ª REGIÃO CRATO";"FARIAS BRITO";"2022-10-08";"40";"0";"0";"0";"0";"0";"0"
"2022";"Dengue";"SOBRAL";"11ª REGIÃO SOBRAL";"PACUJA";"2022-04-02";"13";"0";"0";"0";"0";"0";"0"
"2022";"Dengue";"FORTALEZA";"22ª REGIÃO CASCAVEL";"PACAJUS";"2022-11-19";"46";"0";"0";"0";"0";"0";"0"
"2022";"Dengue";"FORTALEZA";"01ª REGIÃO FORTALEZA";"EUSEBIO";"2022-10-01";"39";"0";"1";"0";"0";"0";"0"
"2022";"Dengue";"CARIRI";"18ª REGIÃO IGUATU";"JUCAS";"2022-01-22";"3";"0";"0";"0";"0";"0";"0"
"2022";"Dengue";"CARIRI";"18ª REGIÃO IGUATU";"JUCAS";"2022-04-30";"17";"0";"1";"0";"0";"0";"0"
"2022";"Dengue";"SOBRAL";"12ª REGIÃO ACARAÚ";"ACARAU";"2022-01-22";"3";"0";"0";"0";"0";"0";"0"
"2022";"Dengue";"SOBRAL";"13ª REGIÃO TIANGUÁ";"GUARACIABA DO NORTE";"2022-06-18";"24";"0";"4";"0";"0";"0";"3"
"2022";"Dengue";"SOBRAL";"11ª REGIÃO SOBRAL";"SANTA QUITERIA";"2022-08-06";"31";"0";"0";"0";"0";"0";"0"
"2022";"Dengue";"CARIRI";"19ª REGIÃO BREJO SANTO";"AURORA";"2022-09-24";"38";"0";"0";"0";"0";"0";"0"
"2022";"Dengue";"CARIRI";"20ª REGIÃO CRATO";"ASSARE";"2022-10-15";"41";"0";"0";"0";"0";"0";"0"
"2022";"Dengue";"FORTALEZA";"04ª REGIÃO BATURITÉ";"MULUNGU";"2022-08-06";"31";"0";"1";"0";"0";"0";"1"
"2022";"Dengue";"SERTÃO CENTRAL";"14ª REGIÃO TAUÁ";"ARNEIROZ";"2022-08-27";"34";"0";"0";"0";"0";"0";"0"
"2022";"Dengue";"FORTALEZA";"06ª REGIÃO DE ITAPIPOCA";"AMONTADA";"2022-01-29";"4";"0";"0";"0";"0";"0";"0"
"2022";"Dengue";"LITORAL LESTE/JAGUARIBE";"10ª REGIÃO LIMOEIRO DO NORTE";"IRACEMA";"2022-09-24";"38";"0";"3";"0";"0";"0";"0"
"2022";"Dengue";"SOBRAL";"15ª REGIÃO CRATEÚS";"MONSENHOR TABOSA";"2022-01-08";"1";"0";"0";"0";"0";"0";"0"
"2022";"Dengue";"SOBRAL";"13ª REGIÃO TIANGUÁ";"VICOSA DO CEARA";"2022-02-26";"8";"0";"11";"0";"0";"3";"0"
"2022";"Dengue";"LITORAL LESTE/JAGUARIBE";"10ª REGIÃO LIMOEIRO DO NORTE";"QUIXERE";"2022-07-30";"30";"0";"29";"0";"0";"0";"17"
"2022";"Dengue";"SOBRAL";"11ª REGIÃO SOBRAL";"MERUOCA";"2022-10-29";"43";"0";"8";"0";"0";"0";"0"
"2022";"Dengue";"FORTALEZA";"06ª REGIÃO DE ITAPIPOCA";"URUBURETAMA";"2022-07-23";"29";"0";"0";"0";"0";"0";"0"
"2022";"Dengue";"SERTÃO CENTRAL";"08ª REGIÃO QUIXADÁ";"IBARETAMA";"2022-11-26";"47";"0";"0";"0";"0";"0";"0"
"2022";"Dengue";"CARIRI";"19ª REGIÃO BREJO SANTO";"BARRO";"2022-07-30";"30";"0";"0";"0";"0";"0";"0"
"2022";"Dengue";"LITORAL LESTE/JAGUARIBE";"09ª REGIÃO RUSSAS";"RUSSAS";"2022-01-15";"2";"0";"12";"0";"0";"1";"0"
"2022";"Dengue";"CARIRI";"17ª REGIÃO ICÓ";"OROS";"2022-02-05";"5";"0";"1";"0";"0";"0";"0"
"2022";"Dengue";"SOBRAL";"13ª REGIÃO TIANGUÁ";"CROATA";"2022-03-05";"9";"0";"0";"0";"0";"0";"0"
"2022";"Dengue";"FORTALEZA";"22ª REGIÃO CASCAVEL";"PACAJUS";"2022-01-22";"3";"0";"1";"0";"0";"0";"0"
"2022";"Dengue";"FORTALEZA";"02ª REGIÃO CAUCAIA";"PARACURU";"2022-02-12";"6";"0";"6";"0";"0";"0";"0"
"2022";"Dengue";"SERTÃO CENTRAL";"05ª REGIÃO DE CANINDÉ";"ITATIRA";"2022-10-08";"40";"0";"0";"0";"0";"0";"0"
"2022";"Dengue";"FORTALEZA";"06ª REGIÃO DE ITAPIPOCA";"UMIRIM";"2022-04-30";"17";"0";"0";"0";"0";"0";"0"
"2022";"Dengue";"FORTALEZA";"04ª REGIÃO BATURITÉ";"PACOTI";"2022-07-09";"27";"0";"0";"0";"0";"0";"0"
"2022";"Dengue";"SERTÃO CENTRAL";"08ª REGIÃO QUIXADÁ";"MILHA";"2022-12-03";"48";"0";"0";"0";"0";"0";"0"
"2022";"Dengue";"CARIRI";"21ª REGIÃO JUAZEIRO DO NORTE";"JUAZEIRO DO NORTE";"2022-06-04";"22";"0";"53";"0";"0";"3";"0"
"2022";"Dengue";"FORTALEZA";"22ª REGIÃO CASCAVEL";"BEBERIBE";"2022-07-02";"26";"0";"7";"0";"0";"5";"1"
"2022";"Dengue";"CARIRI";"17ª REGIÃO ICÓ";"LAVRAS DA MANGABEIRA";"2022-02-19";"7";"0";"0";"0";"0";"0";"0"
"2022";"Dengue";"FORTALEZA";"01ª REGIÃO FORTALEZA";"FORTALEZA";"2022-06-18";"24";"1";"1805";"1";"0";"94";"893"
"2022";"Dengue";"SOBRAL";"11ª REGIÃO SOBRAL";"MUCAMBO";"2022-09-17";"37";"0";"0";"0";"0";"0";"0"
"2022";"Dengue";"FORTALEZA";"04ª REGIÃO BATURITÉ";"PACOTI";"2022-08-20";"33";"0";"0";"0";"0";"0";"0"
"2022";"Dengue";"CARIRI";"19ª REGIÃO BREJO SANTO";"AURORA";"2022-11-12";"45";"0";"0";"0";"0";"0";"0"
"2022";"Dengue";"FORTALEZA";"06ª REGIÃO DE ITAPIPOCA";"UMIRIM";"2022-11-12";"45";"0";"0";"0";"0";"0";"0"
"2022";"Dengue";"LITORAL LESTE/JAGUARIBE";"10ª REGIÃO LIMOEIRO DO NORTE";"LIMOEIRO DO NORTE";"2022-12-03";"48";"0";"10";"0";"0";"0";"0"
"2022";"Dengue";"SOBRAL";"11ª REGIÃO SOBRAL";"SANTA QUITERIA";"2022-09-03";"35";"0";"0";"0";"0";"0";"0"
"2022";"Dengue";"CARIRI";"18ª REGIÃO IGUATU";"IGUATU";"2022-01-22";"3";"0";"4";"0";"0";"1";"1"
"2022";"Dengue";"CARIRI";"21ª REGIÃO JUAZEIRO DO NORTE";"GRANJEIRO";"2022-07-23";"29";"0";"0";"0";"0";"0";"0"
"2022";"Dengue";"SERTÃO CENTRAL";"05ª REGIÃO DE CANINDÉ";"CANINDE";"2022-12-10";"49";"0";"1";"0";"0";"0";"0"
"2022";"Dengue";"SERTÃO CENTRAL";"08ª REGIÃO QUIXADÁ";"SOLONOPOLE";"2022-02-05";"5";"0";"0";"0";"0";"0";"0"
"2022";"Dengue";"SOBRAL";"11ª REGIÃO SOBRAL";"SENADOR SA";"2022-06-11";"23";"0";"0";"0";"0";"0";"0"
"2022";"Dengue";"LITORAL LESTE/JAGUARIBE";"09ª REGIÃO RUSSAS";"JAGUARUANA";"2022-02-19";"7";"0";"1";"0";"0";"0";"0"
"2022";"Dengue";"FORTALEZA";"22ª REGIÃO CASCAVEL";"CHOROZINHO";"2022-05-07";"18";"0";"2";"0";"0";"0";"0"
"2022";"Dengue";"SOBRAL";"13ª REGIÃO TIANGUÁ";"VICOSA DO CEARA";"2022-08-13";"32";"0";"4";"0";"0";"1";"0"
"2022";"Dengue";"FORTALEZA";"22ª REGIÃO CASCAVEL";"OCARA";"2022-04-23";"16";"0";"7";"0";"0";"0";"0"
"2022";"Dengue";"FORTALEZA";"02ª REGIÃO CAUCAIA";"PARAIPABA";"2022-11-12";"45";"0";"0";"0";"0";"0";"0"
"2022";"Dengue";"SERTÃO CENTRAL";"08ª REGIÃO QUIXADÁ";"MILHA";"2022-03-12";"10";"0";"0";"0";"0";"0";"0"
"2022";"Dengue";"SOBRAL";"12ª REGIÃO ACARAÚ";"MARCO";"2022-04-23";"16";"0";"1";"0";"0";"0";"0"
"2022";"Dengue";"FORTALEZA";"06ª REGIÃO DE ITAPIPOCA";"TURURU";"2022-07-23";"29";"0";"0";"0";"0";"0";"0"
"2022";"Dengue";"SOBRAL";"15ª REGIÃO CRATEÚS";"IPUEIRAS";"2022-06-11";"23";"0";"14";"0";"0";"2";"12"
"2022";"Dengue";"LITORAL LESTE/JAGUARIBE";"09ª REGIÃO RUSSAS";"JAGUARUANA";"2022-08-27";"34";"0";"12";"0";"0";"2";"3"
"2022";"Dengue";"SOBRAL";"11ª REGIÃO SOBRAL";"ALCANTARAS";"2022-12-10";"49";"0";"0";"0";"0";"0";"0"
"2022";"Dengue";"FORTALEZA";"06ª REGIÃO DE ITAPIPOCA";"TRAIRI";"2022-04-23";"16";"0";"8";"0";"0";"3";"0"
"2022";"Dengue";"SOBRAL";"16ª REGIÃO CAMOCIM";"GRANJA";"2022-01-22";"3";"0";"0";"0";"0";"0";"0"
"2022";"Dengue";"SOBRAL";"15ª REGIÃO CRATEÚS";"IPUEIRAS";"2022-01-15";"2";"0";"0";"0";"0";"0";"0"
"2022";"Dengue";"SOBRAL";"11ª REGIÃO SOBRAL";"ALCANTARAS";"2022-02-26";"8";"0";"1";"0";"0";"0";"0"
"2022";"Dengue";"CARIRI";"20ª REGIÃO CRATO";"TARRAFAS";"2022-08-13";"32";"0";"0";"0";"0";"0";"0"
"2022";"Dengue";"FORTALEZA";"01ª REGIÃO FORTALEZA";"EUSEBIO";"2022-03-12";"10";"0";"2";"0";"0";"0";"0"
"2022";"Dengue";"FORTALEZA";"22ª REGIÃO CASCAVEL";"BEBERIBE";"2022-09-03";"35";"0";"2";"0";"0";"2";"0"
"2022";"Dengue";"SOBRAL";"13ª REGIÃO TIANGUÁ";"TIANGUA";"2022-07-02";"26";"0";"36";"0";"0";"8";"0"
"2022";"Dengue";"FORTALEZA";"04ª REGIÃO BATURITÉ";"ITAPIUNA";"2022-03-12";"10";"0";"0";"0";"0";"0";"0"
"2022";"Dengue";"SOBRAL";"11ª REGIÃO SOBRAL";"MUCAMBO";"2022-10-22";"42";"0";"0";"0";"0";"0";"0"
"2022";"Dengue";"CARIRI";"17ª REGIÃO ICÓ";"LAVRAS DA MANGABEIRA";"2022-11-05";"44";"0";"0";"0";"0";"0";"0"
"2022";"Dengue";"CARIRI";"20ª REGIÃO CRATO";"ALTANEIRA";"2022-02-19";"7";"0";"0";"0";"0";"0";"0"
"2022";"Dengue";"LITORAL LESTE/JAGUARIBE";"09ª REGIÃO RUSSAS";"PALHANO";"2022-12-10";"49";"0";"0";"0";"0";"0";"0"
"2022";"Dengue";"LITORAL LESTE/JAGUARIBE";"09ª REGIÃO RUSSAS";"RUSSAS";"2022-09-03";"35";"0";"21";"0";"0";"0";"7"
"2022";"Dengue";"SERTÃO CENTRAL";"14ª REGIÃO TAUÁ";"ARNEIROZ";"2022-12-24";"51";"0";"0";"0";"0";"0";"0"
"2022";"Dengue";"LITORAL LESTE/JAGUARIBE";"10ª REGIÃO LIMOEIRO DO NORTE";"POTIRETAMA";"2022-06-11";"23";"0";"0";"0";"0";"0";"0"
"2022";"Dengue";"CARIRI";"17ª REGIÃO ICÓ";"IPAUMIRIM";"2022-01-15";"2";"0";"0";"0";"0";"0";"0"
"2022";"Dengue";"CARIRI";"21ª REGIÃO JUAZEIRO DO NORTE";"CARIRIACU";"2022-06-11";"23";"0";"1";"0";"0";"0";"0"
"2022";"Dengue";"CARIRI";"17ª REGIÃO ICÓ";"LAVRAS DA MANGABEIRA";"2022-09-10";"36";"0";"6";"0";"0";"0";"5"
"2022";"Dengue";"CARIRI";"19ª REGIÃO BREJO SANTO";"PENAFORTE";"2022-07-30";"30";"0";"0";"0";"0";"0";"0"
"2022";"Dengue";"FORTALEZA";"02ª REGIÃO CAUCAIA";"PARAIPABA";"2022-04-30";"17";"0";"0";"0";"0";"0";"0"
"2022";"Dengue";"CARIRI";"17ª REGIÃO ICÓ";"OROS";"2022-02-19";"7";"0";"0";"0";"0";"0";"0"
"2022";"Dengue";"SOBRAL";"15ª REGIÃO CRATEÚS";"TAMBORIL";"2022-02-05";"5";"0";"0";"0";"0";"0";"0"
"2022";"Dengue";"SOBRAL";"11ª REGIÃO SOBRAL";"COREAU";"2022-07-30";"30";"0";"5";"0";"0";"0";"1"
"2022";"Dengue";"LITORAL LESTE/JAGUARIBE";"07ª REGIÃO ARACATI";"ARACATI";"2022-02-12";"6";"0";"3";"0";"0";"0";"3"
"2022";"Dengue";"SOBRAL";"11ª REGIÃO SOBRAL";"CARIRE";"2022-12-17";"50";"0";"0";"0";"0";"0";"0"
"2022";"Dengue";"SOBRAL";"13ª REGIÃO TIANGUÁ";"UBAJARA";"2022-04-16";"15";"0";"0";"0";"0";"0";"0"
"2022";"Dengue";"FORTALEZA";"22ª REGIÃO CASCAVEL";"BEBERIBE";"2022-04-09";"14";"0";"5";"0";"0";"1";"1"
"2022";"Dengue";"CARIRI";"18ª REGIÃO IGUATU";"SABOEIRO";"2022-04-09";"14";"0";"0";"0";"0";"0";"0"
"2022";"Dengue";"LITORAL LESTE/JAGUARIBE";"10ª REGIÃO LIMOEIRO DO NORTE";"JAGUARIBARA";"2022-06-04";"22";"0";"7";"0";"0";"0";"0"
"2022";"Dengue";"SOBRAL";"11ª REGIÃO SOBRAL";"IRAUCUBA";"2022-05-07";"18";"0";"3";"0";"0";"0";"0"
"2022";"Dengue";"FORTALEZA";"22ª REGIÃO CASCAVEL";"BEBERIBE";"2022-01-22";"3";"0";"1";"0";"0";"0";"1"
"2022";"Dengue";"SOBRAL";"11ª REGIÃO SOBRAL";"GROAIRAS";"2022-01-08";"1";"0";"0";"0";"0";"0";"0"
"2022";"Dengue";"SOBRAL";"12ª REGIÃO ACARAÚ";"MORRINHOS";"2022-09-17";"37";"0";"0";"0";"0";"0";"0"
"2022";"Dengue";"SOBRAL";"11ª REGIÃO SOBRAL";"FRECHEIRINHA";"2022-06-11";"23";"0";"0";"0";"0";"0";"0"
"2022";"Dengue";"SERTÃO CENTRAL";"08ª REGIÃO QUIXADÁ";"SENADOR POMPEU";"2022-08-20";"33";"0";"0";"0";"0";"0";"0"
"2022";"Dengue";"SERTÃO CENTRAL";"05ª REGIÃO DE CANINDÉ";"BOA VIAGEM";"2022-07-16";"28";"0";"9";"0";"0";"0";"0"
"2022";"Dengue";"CARIRI";"17ª REGIÃO ICÓ";"ICO";"2022-06-04";"22";"0";"40";"0";"0";"4";"3"
"2022";"Dengue";"FORTALEZA";"02ª REGIÃO CAUCAIA";"PARAIPABA";"2022-04-09";"14";"0";"0";"0";"0";"0";"0"
"2022";"Dengue";"FORTALEZA";"22ª REGIÃO CASCAVEL";"OCARA";"2022-03-26";"12";"0";"6";"0";"0";"0";"0"
"2022";"Dengue";"CARIRI";"17ª REGIÃO ICÓ";"CEDRO";"2022-03-05";"9";"0";"2";"0";"0";"0";"0"
"2022";"Dengue";"FORTALEZA";"04ª REGIÃO BATURITÉ";"BATURITE";"2022-04-02";"13";"0";"5";"0";"0";"2";"1"
"2022";"Dengue";"CARIRI";"20ª REGIÃO CRATO";"SANTANA DO CARIRI";"2022-09-03";"35";"0";"0";"0";"0";"0";"0"
"2022";"Dengue";"SOBRAL";"12ª REGIÃO ACARAÚ";"CRUZ";"2022-11-19";"46";"0";"0";"0";"0";"0";"0"
"2022";"Dengue";"CARIRI";"17ª REGIÃO ICÓ";"CEDRO";"2022-12-31";"52";"0";"0";"0";"0";"0";"0"
"2022";"Dengue";"LITORAL LESTE/JAGUARIBE";"10ª REGIÃO LIMOEIRO DO NORTE";"PEREIRO";"2022-02-26";"8";"0";"1";"0";"0";"0";"0"
"2022";"Dengue";"SERTÃO CENTRAL";"05ª REGIÃO DE CANINDÉ";"CARIDADE";"2022-01-08";"1";"0";"0";"0";"0";"0";"0"
"2022";"Dengue";"SOBRAL";"11ª REGIÃO SOBRAL";"URUOCA";"2022-08-06";"31";"0";"0";"0";"0";"0";"0"
"2022";"Dengue";"CARIRI";"20ª REGIÃO CRATO";"SANTANA DO CARIRI";"2022-06-11";"23";"0";"5";"0";"0";"0";"0"
"2022";"Dengue";"FORTALEZA";"02ª REGIÃO CAUCAIA";"SAO LUIS DO CURU";"2022-04-23";"16";"0";"0";"0";"0";"0";"0"
"2022";"Dengue";"CARIRI";"19ª REGIÃO BREJO SANTO";"PORTEIRAS";"2022-11-19";"46";"0";"3";"0";"0";"0";"2"
"2022";"Dengue";"SOBRAL";"13ª REGIÃO TIANGUÁ";"IBIAPINA";"2022-12-24";"51";"0";"0";"0";"0";"0";"0"
"2022";"Dengue";"CARIRI";"20ª REGIÃO CRATO";"VARZEA ALEGRE";"2022-01-08";"1";"0";"0";"0";"0";"0";"0"
"2022";"Dengue";"LITORAL LESTE/JAGUARIBE";"09ª REGIÃO RUSSAS";"MORADA NOVA";"2022-07-16";"28";"0";"39";"0";"0";"3";"5"
"2022";"Dengue";"LITORAL LESTE/JAGUARIBE";"10ª REGIÃO LIMOEIRO DO NORTE";"QUIXERE";"2022-07-16";"28";"0";"11";"0";"0";"3";"1"
"2022";"Dengue";"LITORAL LESTE/JAGUARIBE";"10ª REGIÃO LIMOEIRO DO NORTE";"JAGUARIBE";"2022-01-15";"2";"0";"5";"0";"0";"0";"0"
"2022";"Dengue";"SOBRAL";"11ª REGIÃO SOBRAL";"MERUOCA";"2022-08-20";"33";"0";"4";"0";"0";"0";"0"
"2022";"Dengue";"SERTÃO CENTRAL";"05ª REGIÃO DE CANINDÉ";"CANINDE";"2022-07-09";"27";"0";"2";"0";"0";"0";"0"
"2022";"Dengue";"CARIRI";"19ª REGIÃO BREJO SANTO";"MILAGRES";"2022-07-09";"27";"0";"2";"0";"0";"0";"2"
"2022";"Dengue";"FORTALEZA";"22ª REGIÃO CASCAVEL";"OCARA";"2022-07-16";"28";"0";"4";"0";"0";"0";"0"
"2022";"Dengue";"SERTÃO CENTRAL";"08ª REGIÃO QUIXADÁ";"BANABUIU";"2022-02-05";"5";"0";"4";"0";"0";"1";"0"
"2022";"Dengue";"SOBRAL";"13ª REGIÃO TIANGUÁ";"TIANGUA";"2022-12-10";"49";"0";"10";"0";"0";"0";"0"
"2022";"Dengue";"LITORAL LESTE/JAGUARIBE";"07ª REGIÃO ARACATI";"ITAICABA";"2022-11-26";"47";"0";"0";"0";"0";"0";"0"
"2022";"Dengue";"CARIRI";"19ª REGIÃO BREJO SANTO";"MAURITI";"2022-09-10";"36";"0";"1";"0";"0";"1";"0"
"2022";"Dengue";"CARIRI";"18ª REGIÃO IGUATU";"CARIUS";"2022-05-14";"19";"0";"1";"0";"0";"1";"0"
"2022";"Dengue";"FORTALEZA";"01ª REGIÃO FORTALEZA";"FORTALEZA";"2022-12-03";"48";"0";"221";"0";"0";"60";"29"
"2022";"Dengue";"FORTALEZA";"04ª REGIÃO BATURITÉ";"MULUNGU";"2022-03-19";"11";"0";"35";"0";"0";"16";"14"
"2022";"Dengue";"CARIRI";"20ª REGIÃO CRATO";"FARIAS BRITO";"2022-10-01";"39";"0";"0";"0";"0";"0";"0"
"2022";"Dengue";"CARIRI";"17ª REGIÃO ICÓ";"BAIXIO";"2022-09-17";"37";"0";"1";"0";"0";"0";"0"
"2022";"Dengue";"FORTALEZA";"03ª REGIÃO MARACANAÚ";"BARREIRA";"2022-10-29";"43";"0";"0";"0";"0";"0";"0"
"2022";"Dengue";"CARIRI";"18ª REGIÃO IGUATU";"QUIXELO";"2022-10-29";"43";"0";"0";"0";"0";"0";"0"
"2022";"Dengue";"CARIRI";"20ª REGIÃO CRATO";"ALTANEIRA";"2022-05-14";"19";"0";"0";"0";"0";"0";"0"
"2022";"Dengue";"SOBRAL";"13ª REGIÃO TIANGUÁ";"UBAJARA";"2022-09-10";"36";"0";"0";"0";"0";"0";"0"
"2022";"Dengue";"SOBRAL";"11ª REGIÃO SOBRAL";"URUOCA";"2022-05-28";"21";"0";"1";"0";"0";"0";"0"
"2022";"Dengue";"CARIRI";"20ª REGIÃO CRATO";"SALITRE";"2022-10-01";"39";"0";"0";"0";"0";"0";"0"
"2022";"Dengue";"CARIRI";"17ª REGIÃO ICÓ";"BAIXIO";"2022-09-10";"36";"0";"1";"0";"0";"0";"0"
"2022";"Dengue";"LITORAL LESTE/JAGUARIBE";"10ª REGIÃO LIMOEIRO DO NORTE";"QUIXERE";"2022-11-26";"47";"0";"7";"0";"0";"0";"3"
"2022";"Dengue";"FORTALEZA";"04ª REGIÃO BATURITÉ";"MULUNGU";"2022-08-13";"32";"0";"2";"0";"0";"0";"0"
"2022";"Dengue";"FORTALEZA";"03ª REGIÃO MARACANAÚ";"BARREIRA";"2022-07-23";"29";"0";"0";"0";"0";"0";"0"
"2022";"Dengue";"FORTALEZA";"04ª REGIÃO BATURITÉ";"BATURITE";"2022-03-26";"12";"0";"1";"0";"0";"0";"0"
"2022";"Dengue";"SOBRAL";"11ª REGIÃO SOBRAL";"MUCAMBO";"2022-12-31";"52";"0";"0";"0";"0";"0";"0"
"2022";"Dengue";"LITORAL LESTE/JAGUARIBE";"09ª REGIÃO RUSSAS";"JAGUARUANA";"2022-01-22";"3";"0";"3";"0";"0";"0";"0"
"2022";"Dengue";"SERTÃO CENTRAL";"14ª REGIÃO TAUÁ";"PARAMBU";"2022-07-02";"26";"0";"3";"0";"0";"0";"0"
"2022";"Dengue";"CARIRI";"17ª REGIÃO ICÓ";"IPAUMIRIM";"2022-06-11";"23";"0";"0";"0";"0";"0";"0"
"2022";"Dengue";"CARIRI";"20ª REGIÃO CRATO";"TARRAFAS";"2022-07-16";"28";"0";"0";"0";"0";"0";"0"
"2022";"Dengue";"SOBRAL";"13ª REGIÃO TIANGUÁ";"CARNAUBAL";"2022-11-26";"47";"0";"0";"0";"0";"0";"0"
"2022";"Dengue";"CARIRI";"17ª REGIÃO ICÓ";"UMARI";"2022-06-18";"24";"0";"0";"0";"0";"0";"0"
"2022";"Dengue";"CARIRI";"21ª REGIÃO JUAZEIRO DO NORTE";"BARBALHA";"2022-04-09";"14";"0";"27";"0";"0";"3";"0"
"2022";"Dengue";"FORTALEZA";"06ª REGIÃO DE ITAPIPOCA";"TURURU";"2022-02-19";"7";"0";"1";"0";"0";"1";"0"
"2022";"Dengue";"LITORAL LESTE/JAGUARIBE";"10ª REGIÃO LIMOEIRO DO NORTE";"QUIXERE";"2022-01-29";"4";"0";"3";"0";"0";"0";"0"
"2022";"Dengue";"SERTÃO CENTRAL";"05ª REGIÃO DE CANINDÉ";"CARIDADE";"2022-10-29";"43";"0";"0";"0";"0";"0";"0"
"2022";"Dengue";"FORTALEZA";"03ª REGIÃO MARACANAÚ";"BARREIRA";"2022-12-31";"52";"0";"0";"0";"0";"0";"0"
"2022";"Dengue";"FORTALEZA";"02ª REGIÃO CAUCAIA";"TEJUCUOCA";"2022-09-10";"36";"0";"0";"0";"0";"0";"0"
"2022";"Dengue";"FORTALEZA";"03ª REGIÃO MARACANAÚ";"REDENCAO";"2022-04-02";"13";"0";"2";"0";"0";"0";"0"
"2022";"Dengue";"FORTALEZA";"04ª REGIÃO BATURITÉ";"ARACOIABA";"2022-11-05";"44";"0";"0";"0";"0";"0";"0"
"2022";"Dengue";"SERTÃO CENTRAL";"05ª REGIÃO DE CANINDÉ";"PARAMOTI";"2022-06-18";"24";"0";"3";"0";"0";"0";"2"
"2022";"Dengue";"SERTÃO CENTRAL";"08ª REGIÃO QUIXADÁ";"PEDRA BRANCA";"2022-11-05";"44";"0";"2";"0";"0";"0";"0"
"2022";"Dengue";"LITORAL LESTE/JAGUARIBE";"09ª REGIÃO RUSSAS";"PALHANO";"2022-02-12";"6";"0";"1";"0";"0";"0";"0"
"2022";"Dengue";"SOBRAL";"15ª REGIÃO CRATEÚS";"NOVO ORIENTE";"2022-04-16";"15";"0";"1";"0";"0";"0";"0"
"2022";"Dengue";"SOBRAL";"15ª REGIÃO CRATEÚS";"NOVO ORIENTE";"2022-08-20";"33";"0";"3";"0";"0";"0";"0"
"2022";"Dengue";"SOBRAL";"11ª REGIÃO SOBRAL";"SOBRAL";"2022-08-27";"34";"2";"80";"0";"0";"8";"9"
"2022";"Dengue";"FORTALEZA";"03ª REGIÃO MARACANAÚ";"BARREIRA";"2022-11-12";"45";"0";"0";"0";"0";"0";"0"
"2022";"Dengue";"SOBRAL";"11ª REGIÃO SOBRAL";"SANTANA DO ACARAU";"2022-11-05";"44";"0";"0";"0";"0";"0";"0"
"2022";"Dengue";"CARIRI";"18ª REGIÃO IGUATU";"JUCAS";"2022-09-03";"35";"0";"0";"0";"0";"0";"0"
"2022";"Dengue";"SOBRAL";"11ª REGIÃO SOBRAL";"MUCAMBO";"2022-09-03";"35";"0";"0";"0";"0";"0";"0"
"2022";"Dengue";"SOBRAL";"13ª REGIÃO TIANGUÁ";"CARNAUBAL";"2022-11-12";"45";"0";"1";"0";"0";"0";"0"
"2022";"Dengue";"FORTALEZA";"03ª REGIÃO MARACANAÚ";"MARACANAU";"2022-03-05";"9";"0";"8";"0";"0";"0";"1"
"2022";"Dengue";"SOBRAL";"16ª REGIÃO CAMOCIM";"CHAVAL";"2022-06-04";"22";"0";"3";"0";"0";"2";"0"
"2022";"Dengue";"SOBRAL";"15ª REGIÃO CRATEÚS";"ARARENDA";"2022-11-19";"46";"0";"0";"0";"0";"0";"0"
"2022";"Dengue";"CARIRI";"18ª REGIÃO IGUATU";"JUCAS";"2022-12-24";"51";"0";"0";"0";"0";"0";"0"
"2022";"Dengue";"FORTALEZA";"06ª REGIÃO DE ITAPIPOCA";"TRAIRI";"2022-10-15";"41";"0";"0";"0";"0";"0";"0"
"2022";"Dengue";"SOBRAL";"11ª REGIÃO SOBRAL";"SANTA QUITERIA";"2022-07-02";"26";"0";"0";"0";"0";"0";"0"
"2022";"Dengue";"SERTÃO CENTRAL";"08ª REGIÃO QUIXADÁ";"IBICUITINGA";"2022-03-19";"11";"0";"4";"0";"0";"1";"0"
"2022";"Dengue";"FORTALEZA";"04ª REGIÃO BATURITÉ";"ARACOIABA";"2022-07-23";"29";"0";"4";"0";"0";"0";"1"
"2022";"Dengue";"SOBRAL";"11ª REGIÃO SOBRAL";"MERUOCA";"2022-09-24";"38";"0";"15";"0";"0";"2";"0"
"2022";"Dengue";"SOBRAL";"11ª REGIÃO SOBRAL";"SANTA QUITERIA";"2022-03-26";"12";"0";"0";"0";"0";"0";"0"
"2022";"Dengue";"CARIRI";"17ª REGIÃO ICÓ";"IPAUMIRIM";"2022-05-28";"21";"0";"0";"0";"0";"0";"0"
"2022";"Dengue";"LITORAL LESTE/JAGUARIBE";"10ª REGIÃO LIMOEIRO DO NORTE";"TABULEIRO DO NORTE";"2022-12-31";"52";"0";"0";"0";"0";"0";"0"
"2022";"Dengue";"SOBRAL";"11ª REGIÃO SOBRAL";"MORAUJO";"2022-04-23";"16";"0";"1";"0";"0";"1";"0"
"2022";"Dengue";"FORTALEZA";"02ª REGIÃO CAUCAIA";"SAO GONCALO DO AMARANTE";"2022-02-05";"5";"0";"1";"0";"0";"0";"0"
"2022";"Dengue";"SOBRAL";"16ª REGIÃO CAMOCIM";"MARTINOPOLE";"2022-08-06";"31";"0";"0";"0";"0";"0";"0"
"2022";"Dengue";"CARIRI";"20ª REGIÃO CRATO";"SALITRE";"2022-03-26";"12";"0";"7";"0";"0";"0";"0"
"2022";"Dengue";"FORTALEZA";"02ª REGIÃO CAUCAIA";"SAO LUIS DO CURU";"2022-03-26";"12";"0";"0";"0";"0";"0";"0"
"2022";"Dengue";"FORTALEZA";"02ª REGIÃO CAUCAIA";"SAO LUIS DO CURU";"2022-09-03";"35";"0";"0";"0";"0";"0";"0"
"2022";"Dengue";"SERTÃO CENTRAL";"08ª REGIÃO QUIXADÁ";"QUIXADA";"2022-01-08";"1";"0";"2";"0";"0";"0";"0"
"2022";"Dengue";"CARIRI";"19ª REGIÃO BREJO SANTO";"PORTEIRAS";"2022-03-19";"11";"0";"11";"0";"0";"1";"0"
"2022";"Dengue";"LITORAL LESTE/JAGUARIBE";"10ª REGIÃO LIMOEIRO DO NORTE";"ERERE";"2022-02-12";"6";"0";"0";"0";"0";"0";"0"
"2022";"Dengue";"FORTALEZA";"03ª REGIÃO MARACANAÚ";"PALMACIA";"2022-03-05";"9";"0";"7";"0";"0";"3";"0"
"2022";"Dengue";"SOBRAL";"11ª REGIÃO SOBRAL";"FRECHEIRINHA";"2022-02-12";"6";"0";"0";"0";"0";"0";"0"
"2022";"Dengue";"FORTALEZA";"22ª REGIÃO CASCAVEL";"HORIZONTE";"2022-04-30";"17";"0";"8";"0";"0";"1";"2"
"2022";"Dengue";"SOBRAL";"15ª REGIÃO CRATEÚS";"INDEPENDENCIA";"2022-09-03";"35";"0";"8";"0";"0";"0";"0"
"2022";"Dengue";"SOBRAL";"15ª REGIÃO CRATEÚS";"CRATEUS";"2022-11-12";"45";"0";"2";"0";"0";"0";"0"
"2022";"Dengue";"FORTALEZA";"04ª REGIÃO BATURITÉ";"GUARAMIRANGA";"2022-07-09";"27";"0";"3";"0";"0";"0";"1"
"2022";"Dengue";"FORTALEZA";"06ª REGIÃO DE ITAPIPOCA";"AMONTADA";"2022-07-23";"29";"0";"4";"0";"0";"0";"0"
"2022";"Dengue";"FORTALEZA";"04ª REGIÃO BATURITÉ";"BATURITE";"2022-02-26";"8";"0";"1";"0";"0";"1";"0"
"2022";"Dengue";"SERTÃO CENTRAL";"08ª REGIÃO QUIXADÁ";"IBICUITINGA";"2022-04-16";"15";"0";"8";"0";"0";"2";"4"
"2022";"Dengue";"SERTÃO CENTRAL";"08ª REGIÃO QUIXADÁ";"QUIXADA";"2022-11-12";"45";"0";"3";"0";"0";"0";"1"
"2022";"Dengue";"FORTALEZA";"02ª REGIÃO CAUCAIA";"TEJUCUOCA";"2022-08-20";"33";"0";"0";"0";"0";"0";"0"
"2022";"Dengue";"SOBRAL";"11ª REGIÃO SOBRAL";"IRAUCUBA";"2022-04-16";"15";"0";"3";"0";"0";"0";"0"
"2022";"Dengue";"SOBRAL";"16ª REGIÃO CAMOCIM";"GRANJA";"2022-07-16";"28";"0";"2";"0";"0";"0";"0"
"2022";"Dengue";"LITORAL LESTE/JAGUARIBE";"07ª REGIÃO ARACATI";"ICAPUI";"2022-10-01";"39";"0";"2";"0";"0";"0";"1"
"2022";"Dengue";"LITORAL LESTE/JAGUARIBE";"07ª REGIÃO ARACATI";"FORTIM";"2022-04-23";"16";"0";"5";"0";"0";"1";"0"
"2022";"Dengue";"CARIRI";"20ª REGIÃO CRATO";"NOVA OLINDA";"2022-03-19";"11";"0";"8";"0";"0";"2";"0"
"2022";"Dengue";"FORTALEZA";"04ª REGIÃO BATURITÉ";"CAPISTRANO";"2022-04-23";"16";"0";"0";"0";"0";"0";"0"
"2022";"Dengue";"CARIRI";"18ª REGIÃO IGUATU";"PIQUET CARNEIRO";"2022-07-09";"27";"0";"1";"0";"0";"0";"0"
"2022";"Dengue";"FORTALEZA";"04ª REGIÃO BATURITÉ";"ITAPIUNA";"2022-05-07";"18";"0";"11";"0";"0";"1";"0"
"2022";"Dengue";"FORTALEZA";"06ª REGIÃO DE ITAPIPOCA";"AMONTADA";"2022-09-17";"37";"0";"0";"0";"0";"0";"0"
"2022";"Dengue";"SOBRAL";"12ª REGIÃO ACARAÚ";"ITAREMA";"2022-07-16";"28";"0";"3";"0";"0";"1";"0"
"2022";"Dengue";"FORTALEZA";"03ª REGIÃO MARACANAÚ";"GUAIUBA";"2022-07-23";"29";"0";"1";"0";"0";"0";"1"
"2022";"Dengue";"FORTALEZA";"22ª REGIÃO CASCAVEL";"PACAJUS";"2022-11-12";"45";"0";"2";"0";"0";"1";"0"
"2022";"Dengue";"SERTÃO CENTRAL";"08ª REGIÃO QUIXADÁ";"SENADOR POMPEU";"2022-08-06";"31";"0";"2";"0";"0";"0";"0"
"2022";"Dengue";"SOBRAL";"12ª REGIÃO ACARAÚ";"MORRINHOS";"2022-02-12";"6";"0";"0";"0";"0";"0";"0"
"2022";"Dengue";"SOBRAL";"16ª REGIÃO CAMOCIM";"CAMOCIM";"2022-07-16";"28";"0";"39";"0";"0";"3";"0"
"2022";"Dengue";"LITORAL LESTE/JAGUARIBE";"10ª REGIÃO LIMOEIRO DO NORTE";"TABULEIRO DO NORTE";"2022-07-23";"29";"0";"20";"0";"0";"6";"5"
"2022";"Dengue";"SOBRAL";"15ª REGIÃO CRATEÚS";"MONSENHOR TABOSA";"2022-09-24";"38";"0";"0";"0";"0";"0";"0"
"2022";"Dengue";"SERTÃO CENTRAL";"05ª REGIÃO DE CANINDÉ";"ITATIRA";"2022-04-30";"17";"0";"1";"0";"0";"0";"0"
"2022";"Dengue";"FORTALEZA";"03ª REGIÃO MARACANAÚ";"MARACANAU";"2022-11-12";"45";"0";"3";"0";"0";"0";"1"
"2022";"Dengue";"CARIRI";"18ª REGIÃO IGUATU";"CARIUS";"2022-09-03";"35";"0";"0";"0";"0";"0";"0"
"2022";"Dengue";"CARIRI";"20ª REGIÃO CRATO";"ANTONINA DO NORTE";"2022-04-30";"17";"0";"0";"0";"0";"0";"0"
"2022";"Dengue";"SERTÃO CENTRAL";"08ª REGIÃO QUIXADÁ";"QUIXERAMOBIM";"2022-10-01";"39";"0";"1";"0";"0";"1";"0"
"2022";"Dengue";"CARIRI";"21ª REGIÃO JUAZEIRO DO NORTE";"BARBALHA";"2022-11-26";"47";"0";"0";"0";"0";"0";"0"
"2022";"Dengue";"SERTÃO CENTRAL";"08ª REGIÃO QUIXADÁ";"SENADOR POMPEU";"2022-03-12";"10";"0";"0";"0";"0";"0";"0"
"2022";"Dengue";"CARIRI";"19ª REGIÃO BREJO SANTO";"MILAGRES";"2022-12-10";"49";"0";"0";"0";"0";"0";"0"
"2022";"Dengue";"FORTALEZA";"02ª REGIÃO CAUCAIA";"SAO GONCALO DO AMARANTE";"2022-06-18";"24";"0";"6";"0";"0";"1";"2"
"2022";"Dengue";"SOBRAL";"15ª REGIÃO CRATEÚS";"INDEPENDENCIA";"2022-07-16";"28";"0";"3";"0";"0";"0";"0"
"2022";"Dengue";"FORTALEZA";"01ª REGIÃO FORTALEZA";"ITAITINGA";"2022-08-27";"34";"0";"0";"0";"0";"0";"0"
"2022";"Dengue";"CARIRI";"20ª REGIÃO CRATO";"ANTONINA DO NORTE";"2022-03-19";"11";"0";"0";"0";"0";"0";"0"
"2022";"Dengue";"CARIRI";"17ª REGIÃO ICÓ";"ICO";"2022-04-09";"14";"0";"4";"0";"0";"0";"0"
"2022";"Dengue";"LITORAL LESTE/JAGUARIBE";"07ª REGIÃO ARACATI";"ARACATI";"2022-08-20";"33";"0";"6";"0";"0";"0";"0"
"2022";"Dengue";"LITORAL LESTE/JAGUARIBE";"09ª REGIÃO RUSSAS";"JAGUARETAMA";"2022-05-14";"19";"0";"2";"0";"0";"0";"0"
"2022";"Dengue";"FORTALEZA";"22ª REGIÃO CASCAVEL";"CHOROZINHO";"2022-06-25";"25";"0";"11";"0";"0";"0";"0"
"2022";"Dengue";"SERTÃO CENTRAL";"05ª REGIÃO DE CANINDÉ";"BOA VIAGEM";"2022-02-05";"5";"0";"0";"0";"0";"0";"0"
"2022";"Dengue";"SERTÃO CENTRAL";"08ª REGIÃO QUIXADÁ";"PEDRA BRANCA";"2022-12-24";"51";"0";"3";"0";"0";"0";"0"
"2022";"Dengue";"SOBRAL";"11ª REGIÃO SOBRAL";"SENADOR SA";"2022-11-05";"44";"0";"0";"0";"0";"0";"0"
"2022";"Dengue";"SOBRAL";"12ª REGIÃO ACARAÚ";"MORRINHOS";"2022-04-30";"17";"0";"2";"0";"0";"0";"1"
"2022";"Dengue";"SOBRAL";"11ª REGIÃO SOBRAL";"MASSAPE";"2022-05-21";"20";"0";"5";"0";"0";"0";"0"
"2022";"Dengue";"CARIRI";"19ª REGIÃO BREJO SANTO";"ABAIARA";"2022-09-03";"35";"0";"0";"0";"0";"0";"0"
"2022";"Dengue";"SERTÃO CENTRAL";"14ª REGIÃO TAUÁ";"PARAMBU";"2022-04-23";"16";"0";"4";"0";"0";"0";"0"
"2022";"Dengue";"CARIRI";"20ª REGIÃO CRATO";"NOVA OLINDA";"2022-09-03";"35";"0";"0";"0";"0";"0";"0"
"2022";"Dengue";"CARIRI";"19ª REGIÃO BREJO SANTO";"JATI";"2022-04-23";"16";"0";"18";"0";"0";"2";"0"
"2022";"Dengue";"CARIRI";"20ª REGIÃO CRATO";"TARRAFAS";"2022-10-29";"43";"0";"0";"0";"0";"0";"0"
"2022";"Dengue";"FORTALEZA";"01ª REGIÃO FORTALEZA";"EUSEBIO";"2022-08-27";"34";"0";"0";"0";"0";"0";"0"
"2022";"Dengue";"SOBRAL";"13ª REGIÃO TIANGUÁ";"VICOSA DO CEARA";"2022-10-01";"39";"0";"0";"0";"0";"0";"0"
"2022";"Dengue";"CARIRI";"19ª REGIÃO BREJO SANTO";"ABAIARA";"2022-08-20";"33";"0";"0";"0";"0";"0";"0"
"2022";"Dengue";"FORTALEZA";"01ª REGIÃO FORTALEZA";"AQUIRAZ";"2022-03-19";"11";"0";"2";"0";"0";"0";"0"
"2022";"Dengue";"SERTÃO CENTRAL";"05ª REGIÃO DE CANINDÉ";"ITATIRA";"2022-03-05";"9";"0";"0";"0";"0";"0";"0"
"2022";"Dengue";"SOBRAL";"15ª REGIÃO CRATEÚS";"INDEPENDENCIA";"2022-02-12";"6";"0";"0";"0";"0";"0";"0"
"2022";"Dengue";"FORTALEZA";"01ª REGIÃO FORTALEZA";"AQUIRAZ";"2022-09-03";"35";"0";"5";"0";"0";"2";"0"
"2022";"Dengue";"SOBRAL";"11ª REGIÃO SOBRAL";"MASSAPE";"2022-04-16";"15";"0";"4";"0";"0";"1";"0"
"2022";"Dengue";"FORTALEZA";"02ª REGIÃO CAUCAIA";"PARAIPABA";"2022-08-27";"34";"0";"0";"0";"0";"0";"0"
"2022";"Dengue";"SOBRAL";"11ª REGIÃO SOBRAL";"CARIRE";"2022-04-02";"13";"0";"0";"0";"0";"0";"0"
"2022";"Dengue";"SOBRAL";"16ª REGIÃO CAMOCIM";"MARTINOPOLE";"2022-12-24";"51";"0";"0";"0";"0";"0";"0"
"2022";"Dengue";"SERTÃO CENTRAL";"14ª REGIÃO TAUÁ";"TAUA";"2022-11-19";"46";"0";"3";"0";"0";"0";"0"
"2022";"Dengue";"CARIRI";"21ª REGIÃO JUAZEIRO DO NORTE";"BARBALHA";"2022-01-15";"2";"0";"51";"0";"0";"2";"0"
"2022";"Dengue";"SOBRAL";"11ª REGIÃO SOBRAL";"CARIRE";"2022-01-22";"3";"0";"0";"0";"0";"0";"0"
"2022";"Dengue";"LITORAL LESTE/JAGUARIBE";"10ª REGIÃO LIMOEIRO DO NORTE";"JAGUARIBARA";"2022-12-31";"52";"0";"0";"0";"0";"0";"0"
"2022";"Dengue";"SOBRAL";"12ª REGIÃO ACARAÚ";"MARCO";"2022-01-08";"1";"0";"2";"0";"0";"0";"0"
"2022";"Dengue";"LITORAL LESTE/JAGUARIBE";"10ª REGIÃO LIMOEIRO DO NORTE";"POTIRETAMA";"2022-12-31";"52";"0";"0";"0";"0";"0";"0"
"2022";"Dengue";"CARIRI";"19ª REGIÃO BREJO SANTO";"BREJO SANTO";"2022-12-24";"51";"0";"7";"0";"0";"3";"0"
"2022";"Dengue";"SOBRAL";"15ª REGIÃO CRATEÚS";"NOVO ORIENTE";"2022-09-03";"35";"0";"2";"0";"0";"0";"0"
"2022";"Dengue";"FORTALEZA";"02ª REGIÃO CAUCAIA";"SAO GONCALO DO AMARANTE";"2022-12-17";"50";"0";"0";"0";"0";"0";"0"
"2022";"Dengue";"SERTÃO CENTRAL";"05ª REGIÃO DE CANINDÉ";"BOA VIAGEM";"2022-08-27";"34";"0";"1";"0";"0";"0";"0"
"2022";"Dengue";"SOBRAL";"11ª REGIÃO SOBRAL";"IRAUCUBA";"2022-04-02";"13";"0";"2";"0";"0";"0";"0"
"2022";"Dengue";"SOBRAL";"11ª REGIÃO SOBRAL";"MUCAMBO";"2022-06-25";"25";"0";"0";"0";"0";"0";"0"
"2022";"Dengue";"CARIRI";"21ª REGIÃO JUAZEIRO DO NORTE";"CARIRIACU";"2022-08-06";"31";"0";"0";"0";"0";"0";"0"
"2022";"Dengue";"CARIRI";"21ª REGIÃO JUAZEIRO DO NORTE";"JARDIM";"2022-02-12";"6";"0";"0";"0";"0";"0";"0"
"2022";"Dengue";"SOBRAL";"15ª REGIÃO CRATEÚS";"NOVA RUSSAS";"2022-09-17";"37";"0";"0";"0";"0";"0";"0"
"2022";"Dengue";"SOBRAL";"11ª REGIÃO SOBRAL";"IPU";"2022-02-12";"6";"0";"3";"0";"0";"2";"0"
"2022";"Dengue";"SOBRAL";"15ª REGIÃO CRATEÚS";"IPUEIRAS";"2022-03-26";"12";"0";"2";"0";"0";"0";"2"
"2022";"Dengue";"FORTALEZA";"03ª REGIÃO MARACANAÚ";"REDENCAO";"2022-11-19";"46";"0";"2";"0";"0";"0";"0"
"2022";"Dengue";"CARIRI";"18ª REGIÃO IGUATU";"SABOEIRO";"2022-07-09";"27";"0";"1";"0";"0";"0";"0"
"2022";"Dengue";"SOBRAL";"13ª REGIÃO TIANGUÁ";"VICOSA DO CEARA";"2022-02-12";"6";"0";"8";"0";"0";"4";"0"
"2022";"Dengue";"FORTALEZA";"04ª REGIÃO BATURITÉ";"CAPISTRANO";"2022-04-09";"14";"0";"0";"0";"0";"0";"0"
"2022";"Dengue";"SERTÃO CENTRAL";"05ª REGIÃO DE CANINDÉ";"BOA VIAGEM";"2022-10-22";"42";"0";"0";"0";"0";"0";"0"
"2022";"Dengue";"SOBRAL";"11ª REGIÃO SOBRAL";"IPU";"2022-03-12";"10";"0";"14";"0";"0";"7";"5"
"2022";"Dengue";"CARIRI";"17ª REGIÃO ICÓ";"BAIXIO";"2022-07-16";"28";"0";"0";"0";"0";"0";"0"
"2022";"Dengue";"LITORAL LESTE/JAGUARIBE";"10ª REGIÃO LIMOEIRO DO NORTE";"LIMOEIRO DO NORTE";"2022-11-12";"45";"0";"10";"0";"0";"1";"4"
"2022";"Dengue";"SOBRAL";"15ª REGIÃO CRATEÚS";"TAMBORIL";"2022-11-19";"46";"0";"0";"0";"0";"0";"0"
"2022";"Dengue";"CARIRI";"19ª REGIÃO BREJO SANTO";"MILAGRES";"2022-11-26";"47";"0";"2";"0";"0";"0";"0"
"2022";"Dengue";"FORTALEZA";"02ª REGIÃO CAUCAIA";"SAO LUIS DO CURU";"2022-07-09";"27";"0";"0";"0";"0";"0";"0"
"2022";"Dengue";"SOBRAL";"16ª REGIÃO CAMOCIM";"CHAVAL";"2022-10-29";"43";"0";"0";"0";"0";"0";"0"
"2022";"Dengue";"FORTALEZA";"01ª REGIÃO FORTALEZA";"EUSEBIO";"2022-07-09";"27";"0";"1";"0";"0";"0";"0"
"2022";"Dengue";"SOBRAL";"11ª REGIÃO SOBRAL";"SENADOR SA";"2022-12-03";"48";"0";"0";"0";"0";"0";"0"
"2022";"Dengue";"LITORAL LESTE/JAGUARIBE";"07ª REGIÃO ARACATI";"ICAPUI";"2022-05-07";"18";"0";"99";"0";"0";"4";"30"
"2022";"Dengue";"SOBRAL";"15ª REGIÃO CRATEÚS";"IPAPORANGA";"2022-11-05";"44";"0";"0";"0";"0";"0";"0"
"2022";"Dengue";"CARIRI";"19ª REGIÃO BREJO SANTO";"MAURITI";"2022-07-16";"28";"0";"4";"0";"0";"2";"2"
"2022";"Dengue";"SOBRAL";"13ª REGIÃO TIANGUÁ";"GUARACIABA DO NORTE";"2022-07-23";"29";"0";"0";"0";"0";"0";"0"
"2022";"Dengue";"SOBRAL";"11ª REGIÃO SOBRAL";"PIRES FERREIRA";"2022-06-04";"22";"0";"0";"0";"0";"0";"0"
"2022";"Dengue";"SOBRAL";"15ª REGIÃO CRATEÚS";"TAMBORIL";"2022-09-17";"37";"0";"2";"0";"0";"1";"0"
"2022";"Dengue";"LITORAL LESTE/JAGUARIBE";"10ª REGIÃO LIMOEIRO DO NORTE";"LIMOEIRO DO NORTE";"2022-07-23";"29";"0";"108";"0";"0";"14";"79"
"2022";"Dengue";"CARIRI";"18ª REGIÃO IGUATU";"DEPUTADO IRAPUAN PINHEIRO";"2022-08-27";"34";"0";"0";"0";"0";"0";"0"
"2022";"Dengue";"CARIRI";"17ª REGIÃO ICÓ";"OROS";"2022-07-16";"28";"0";"10";"0";"0";"0";"5"
"2022";"Dengue";"LITORAL LESTE/JAGUARIBE";"09ª REGIÃO RUSSAS";"JAGUARETAMA";"2022-04-30";"17";"0";"1";"0";"0";"0";"0"
"2022";"Dengue";"FORTALEZA";"04ª REGIÃO BATURITÉ";"ITAPIUNA";"2022-12-10";"49";"0";"0";"0";"0";"0";"0"
"2022";"Dengue";"SOBRAL";"13ª REGIÃO TIANGUÁ";"GUARACIABA DO NORTE";"2022-05-14";"19";"0";"5";"0";"0";"1";"4"
"2022";"Dengue";"SOBRAL";"11ª REGIÃO SOBRAL";"RERIUTABA";"2022-03-19";"11";"0";"0";"0";"0";"0";"0"
"2022";"Dengue";"CARIRI";"18ª REGIÃO IGUATU";"CATARINA";"2022-11-19";"46";"0";"1";"0";"0";"0";"0"
"2022";"Dengue";"CARIRI";"17ª REGIÃO ICÓ";"BAIXIO";"2022-12-17";"50";"0";"0";"0";"0";"0";"0"
"2022";"Dengue";"SERTÃO CENTRAL";"08ª REGIÃO QUIXADÁ";"SOLONOPOLE";"2022-04-23";"16";"0";"0";"0";"0";"0";"0"
"2022";"Dengue";"LITORAL LESTE/JAGUARIBE";"10ª REGIÃO LIMOEIRO DO NORTE";"LIMOEIRO DO NORTE";"2022-09-24";"38";"0";"50";"0";"0";"2";"47"
"2022";"Dengue";"CARIRI";"18ª REGIÃO IGUATU";"CATARINA";"2022-03-12";"10";"0";"2";"0";"0";"0";"0"
"2022";"Dengue";"LITORAL LESTE/JAGUARIBE";"09ª REGIÃO RUSSAS";"PALHANO";"2022-01-08";"1";"0";"0";"0";"0";"0";"0"
"2022";"Dengue";"CARIRI";"18ª REGIÃO IGUATU";"PIQUET CARNEIRO";"2022-06-25";"25";"0";"0";"0";"0";"0";"0"
"2022";"Dengue";"LITORAL LESTE/JAGUARIBE";"07ª REGIÃO ARACATI";"ARACATI";"2022-01-15";"2";"0";"1";"0";"0";"0";"1"
"2022";"Dengue";"SOBRAL";"15ª REGIÃO CRATEÚS";"MONSENHOR TABOSA";"2022-04-16";"15";"0";"0";"0";"0";"0";"0"
"2022";"Dengue";"SERTÃO CENTRAL";"08ª REGIÃO QUIXADÁ";"SENADOR POMPEU";"2022-07-09";"27";"0";"0";"0";"0";"0";"0"
"2022";"Dengue";"LITORAL LESTE/JAGUARIBE";"10ª REGIÃO LIMOEIRO DO NORTE";"JAGUARIBARA";"2022-04-23";"16";"0";"0";"0";"0";"0";"0"
"2022";"Dengue";"FORTALEZA";"02ª REGIÃO CAUCAIA";"APUIARES";"2022-07-09";"27";"0";"3";"0";"0";"0";"0"
"2022";"Dengue";"SOBRAL";"11ª REGIÃO SOBRAL";"VARJOTA";"2022-07-02";"26";"0";"1";"0";"0";"0";"0"
"2022";"Dengue";"SOBRAL";"11ª REGIÃO SOBRAL";"RERIUTABA";"2022-11-19";"46";"0";"0";"0";"0";"0";"0"
"2022";"Dengue";"LITORAL LESTE/JAGUARIBE";"10ª REGIÃO LIMOEIRO DO NORTE";"POTIRETAMA";"2022-03-19";"11";"0";"0";"0";"0";"0";"0"
"2022";"Dengue";"SOBRAL";"15ª REGIÃO CRATEÚS";"PORANGA";"2022-02-05";"5";"0";"0";"0";"0";"0";"0"
"2022";"Dengue";"FORTALEZA";"02ª REGIÃO CAUCAIA";"ITAPAJE";"2022-02-05";"5";"0";"0";"0";"0";"0";"0"
"2022";"Dengue";"FORTALEZA";"22ª REGIÃO CASCAVEL";"CASCAVEL";"2022-06-18";"24";"0";"23";"0";"0";"0";"10"
"2022";"Dengue";"LITORAL LESTE/JAGUARIBE";"10ª REGIÃO LIMOEIRO DO NORTE";"LIMOEIRO DO NORTE";"2022-04-02";"13";"0";"0";"0";"0";"0";"0"
"2022";"Dengue";"CARIRI";"20ª REGIÃO CRATO";"NOVA OLINDA";"2022-07-09";"27";"0";"1";"0";"0";"0";"1"
"2022";"Dengue";"CARIRI";"17ª REGIÃO ICÓ";"IPAUMIRIM";"2022-01-29";"4";"0";"0";"0";"0";"0";"0"
"2022";"Dengue";"CARIRI";"19ª REGIÃO BREJO SANTO";"JATI";"2022-12-17";"50";"0";"0";"0";"0";"0";"0"
"2022";"Dengue";"SOBRAL";"13ª REGIÃO TIANGUÁ";"CARNAUBAL";"2022-04-30";"17";"0";"1";"0";"0";"0";"0"
"2022";"Dengue";"CARIRI";"17ª REGIÃO ICÓ";"UMARI";"2022-07-16";"28";"0";"0";"0";"0";"0";"0"
"2022";"Dengue";"FORTALEZA";"22ª REGIÃO CASCAVEL";"PACAJUS";"2022-05-28";"21";"0";"10";"0";"0";"3";"0"
"2022";"Dengue";"SOBRAL";"11ª REGIÃO SOBRAL";"COREAU";"2022-11-26";"47";"0";"0";"0";"0";"0";"0"
"2022";"Dengue";"SOBRAL";"13ª REGIÃO TIANGUÁ";"IBIAPINA";"2022-09-24";"38";"0";"0";"0";"0";"0";"0"
"2022";"Dengue";"FORTALEZA";"01ª REGIÃO FORTALEZA";"ITAITINGA";"2022-05-07";"18";"0";"5";"0";"0";"1";"0"
"2022";"Dengue";"CARIRI";"21ª REGIÃO JUAZEIRO DO NORTE";"MISSAO VELHA";"2022-10-22";"42";"0";"0";"0";"0";"0";"0"
"2022";"Dengue";"SERTÃO CENTRAL";"05ª REGIÃO DE CANINDÉ";"CANINDE";"2022-02-19";"7";"0";"0";"0";"0";"0";"0"
"2022";"Dengue";"SERTÃO CENTRAL";"14ª REGIÃO TAUÁ";"ARNEIROZ";"2022-02-19";"7";"0";"0";"0";"0";"0";"0"
"2022";"Dengue";"FORTALEZA";"06ª REGIÃO DE ITAPIPOCA";"UMIRIM";"2022-07-30";"30";"0";"0";"0";"0";"0";"0"
"2022";"Dengue";"FORTALEZA";"22ª REGIÃO CASCAVEL";"PACAJUS";"2022-04-02";"13";"0";"0";"0";"0";"0";"0"
"2022";"Dengue";"SOBRAL";"15ª REGIÃO CRATEÚS";"NOVO ORIENTE";"2022-01-22";"3";"0";"0";"0";"0";"0";"0"
"2022";"Dengue";"SOBRAL";"13ª REGIÃO TIANGUÁ";"UBAJARA";"2022-06-11";"23";"0";"2";"0";"0";"1";"0"
"2022";"Dengue";"SOBRAL";"16ª REGIÃO CAMOCIM";"MARTINOPOLE";"2022-03-26";"12";"0";"0";"0";"0";"0";"0"
"2022";"Dengue";"CARIRI";"20ª REGIÃO CRATO";"SANTANA DO CARIRI";"2022-10-08";"40";"0";"0";"0";"0";"0";"0"
"2022";"Dengue";"FORTALEZA";"01ª REGIÃO FORTALEZA";"EUSEBIO";"2022-01-29";"4";"0";"2";"0";"0";"0";"0"
"2022";"Dengue";"FORTALEZA";"02ª REGIÃO CAUCAIA";"CAUCAIA";"2022-04-30";"17";"0";"36";"0";"0";"0";"19"
"2022";"Dengue";"SERTÃO CENTRAL";"08ª REGIÃO QUIXADÁ";"SENADOR POMPEU";"2022-07-02";"26";"0";"4";"0";"0";"1";"0"
"2022";"Dengue";"LITORAL LESTE/JAGUARIBE";"10ª REGIÃO LIMOEIRO DO NORTE";"POTIRETAMA";"2022-12-03";"48";"0";"0";"0";"0";"0";"0"
"2022";"Dengue";"FORTALEZA";"06ª REGIÃO DE ITAPIPOCA";"MIRAIMA";"2022-08-20";"33";"0";"0";"0";"0";"0";"0"
"2022";"Dengue";"SOBRAL";"11ª REGIÃO SOBRAL";"SANTA QUITERIA";"2022-03-19";"11";"0";"0";"0";"0";"0";"0"
"2022";"Dengue";"SOBRAL";"11ª REGIÃO SOBRAL";"PACUJA";"2022-03-05";"9";"0";"0";"0";"0";"0";"0"
"2022";"Dengue";"CARIRI";"19ª REGIÃO BREJO SANTO";"BARRO";"2022-11-26";"47";"0";"0";"0";"0";"0";"0"
"2022";"Dengue";"SOBRAL";"13ª REGIÃO TIANGUÁ";"SAO BENEDITO";"2022-09-03";"35";"0";"0";"0";"0";"0";"0"
"2022";"Dengue";"SERTÃO CENTRAL";"14ª REGIÃO TAUÁ";"ARNEIROZ";"2022-09-24";"38";"0";"0";"0";"0";"0";"0"
"2022";"Dengue";"CARIRI";"20ª REGIÃO CRATO";"ANTONINA DO NORTE";"2022-10-08";"40";"0";"0";"0";"0";"0";"0"
"2022";"Dengue";"CARIRI";"20ª REGIÃO CRATO";"ALTANEIRA";"2022-12-03";"48";"0";"0";"0";"0";"0";"0"
"2022";"Dengue";"SOBRAL";"15ª REGIÃO CRATEÚS";"NOVA RUSSAS";"2022-12-31";"52";"0";"0";"0";"0";"0";"0"
"2022";"Dengue";"CARIRI";"17ª REGIÃO ICÓ";"BAIXIO";"2022-12-24";"51";"0";"0";"0";"0";"0";"0"
"2022";"Dengue";"SOBRAL";"12ª REGIÃO ACARAÚ";"MARCO";"2022-07-02";"26";"0";"4";"0";"0";"0";"0"
"2022";"Dengue";"CARIRI";"19ª REGIÃO BREJO SANTO";"PENAFORTE";"2022-04-16";"15";"0";"33";"0";"0";"1";"0"
"2022";"Dengue";"CARIRI";"19ª REGIÃO BREJO SANTO";"BARRO";"2022-01-15";"2";"0";"0";"0";"0";"0";"0"
"2022";"Dengue";"CARIRI";"19ª REGIÃO BREJO SANTO";"ABAIARA";"2022-03-12";"10";"0";"0";"0";"0";"0";"0"
"2022";"Dengue";"FORTALEZA";"03ª REGIÃO MARACANAÚ";"GUAIUBA";"2022-07-16";"28";"0";"0";"0";"0";"0";"0"
"2022";"Dengue";"CARIRI";"18ª REGIÃO IGUATU";"CATARINA";"2022-09-03";"35";"0";"1";"0";"0";"1";"0"
"2022";"Dengue";"SOBRAL";"15ª REGIÃO CRATEÚS";"PORANGA";"2022-04-30";"17";"0";"5";"0";"0";"5";"0"
"2022";"Dengue";"SOBRAL";"16ª REGIÃO CAMOCIM";"BARROQUINHA";"2022-11-26";"47";"0";"0";"0";"0";"0";"0"
"2022";"Dengue";"SOBRAL";"15ª REGIÃO CRATEÚS";"PORANGA";"2022-07-09";"27";"0";"0";"0";"0";"0";"1"
"2022";"Dengue";"SOBRAL";"16ª REGIÃO CAMOCIM";"CHAVAL";"2022-05-07";"18";"0";"5";"0";"0";"1";"0"
"2022";"Dengue";"FORTALEZA";"04ª REGIÃO BATURITÉ";"PACOTI";"2022-11-19";"46";"0";"0";"0";"0";"0";"0"
"2022";"Dengue";"SOBRAL";"11ª REGIÃO SOBRAL";"FORQUILHA";"2022-10-29";"43";"0";"0";"0";"0";"0";"0"
"2022";"Dengue";"SOBRAL";"15ª REGIÃO CRATEÚS";"NOVA RUSSAS";"2022-09-03";"35";"0";"0";"0";"0";"0";"0"
"2022";"Dengue";"CARIRI";"17ª REGIÃO ICÓ";"LAVRAS DA MANGABEIRA";"2022-08-06";"31";"0";"8";"0";"0";"0";"5"
"2022";"Dengue";"SOBRAL";"16ª REGIÃO CAMOCIM";"CAMOCIM";"2022-02-19";"7";"0";"0";"0";"0";"0";"0"
"2022";"Dengue";"SOBRAL";"15ª REGIÃO CRATEÚS";"NOVO ORIENTE";"2022-09-10";"36";"0";"5";"0";"0";"0";"0"
"2022";"Dengue";"SOBRAL";"11ª REGIÃO SOBRAL";"MERUOCA";"2022-04-09";"14";"0";"4";"0";"0";"3";"0"
"2022";"Dengue";"FORTALEZA";"22ª REGIÃO CASCAVEL";"PACAJUS";"2022-02-19";"7";"0";"0";"0";"0";"0";"0"
"2022";"Dengue";"SOBRAL";"13ª REGIÃO TIANGUÁ";"GUARACIABA DO NORTE";"2022-05-28";"21";"0";"10";"0";"0";"2";"6"
"2022";"Dengue";"CARIRI";"21ª REGIÃO JUAZEIRO DO NORTE";"MISSAO VELHA";"2022-03-19";"11";"0";"7";"0";"0";"1";"0"
"2022";"Dengue";"FORTALEZA";"04ª REGIÃO BATURITÉ";"MULUNGU";"2022-01-08";"1";"0";"1";"0";"0";"1";"0"
"2022";"Dengue";"FORTALEZA";"22ª REGIÃO CASCAVEL";"PINDORETAMA";"2022-06-04";"22";"0";"12";"0";"0";"4";"0"
"2022";"Dengue";"SOBRAL";"13ª REGIÃO TIANGUÁ";"CROATA";"2022-12-03";"48";"0";"0";"0";"0";"0";"0"
"2022";"Dengue";"FORTALEZA";"02ª REGIÃO CAUCAIA";"SAO LUIS DO CURU";"2022-09-24";"38";"0";"0";"0";"0";"0";"0"
"2022";"Dengue";"CARIRI";"17ª REGIÃO ICÓ";"LAVRAS DA MANGABEIRA";"2022-03-19";"11";"0";"5";"0";"0";"1";"0"
"2022";"Dengue";"SERTÃO CENTRAL";"08ª REGIÃO QUIXADÁ";"SOLONOPOLE";"2022-07-30";"30";"0";"0";"0";"0";"0";"0"
"2022";"Dengue";"FORTALEZA";"22ª REGIÃO CASCAVEL";"HORIZONTE";"2022-10-01";"39";"0";"0";"0";"0";"0";"0"
"2022";"Dengue";"LITORAL LESTE/JAGUARIBE";"10ª REGIÃO LIMOEIRO DO NORTE";"TABULEIRO DO NORTE";"2022-02-05";"5";"0";"0";"0";"0";"0";"0"
"2022";"Dengue";"CARIRI";"19ª REGIÃO BREJO SANTO";"ABAIARA";"2022-03-26";"12";"0";"12";"0";"0";"0";"0"
"2022";"Dengue";"FORTALEZA";"03ª REGIÃO MARACANAÚ";"PALMACIA";"2022-06-25";"25";"0";"16";"0";"0";"1";"0"
"2022";"Dengue";"FORTALEZA";"22ª REGIÃO CASCAVEL";"OCARA";"2022-05-28";"21";"0";"7";"0";"0";"0";"0"
"2022";"Dengue";"CARIRI";"20ª REGIÃO CRATO";"CRATO";"2022-04-30";"17";"0";"78";"0";"0";"13";"64"
"2022";"Dengue";"LITORAL LESTE/JAGUARIBE";"10ª REGIÃO LIMOEIRO DO NORTE";"POTIRETAMA";"2022-06-25";"25";"0";"0";"0";"0";"0";"0"
"2022";"Dengue";"CARIRI";"21ª REGIÃO JUAZEIRO DO NORTE";"BARBALHA";"2022-10-15";"41";"0";"1";"0";"0";"0";"0"
"2022";"Dengue";"SERTÃO CENTRAL";"05ª REGIÃO DE CANINDÉ";"PARAMOTI";"2022-09-17";"37";"0";"2";"0";"0";"0";"0"
"2022";"Dengue";"FORTALEZA";"06ª REGIÃO DE ITAPIPOCA";"MIRAIMA";"2022-08-13";"32";"0";"1";"0";"0";"0";"1"
"2022";"Dengue";"LITORAL LESTE/JAGUARIBE";"07ª REGIÃO ARACATI";"ITAICABA";"2022-09-03";"35";"0";"1";"0";"0";"0";"0"
"2022";"Dengue";"CARIRI";"18ª REGIÃO IGUATU";"ACOPIARA";"2022-08-20";"33";"0";"1";"0";"0";"0";"0"
"2022";"Dengue";"CARIRI";"19ª REGIÃO BREJO SANTO";"MILAGRES";"2022-07-16";"28";"0";"1";"0";"0";"0";"0"
"2022";"Dengue";"SOBRAL";"12ª REGIÃO ACARAÚ";"JIJOCA DE JERICOACOARA";"2022-03-05";"9";"0";"2";"0";"0";"0";"0"
"2022";"Dengue";"FORTALEZA";"03ª REGIÃO MARACANAÚ";"REDENCAO";"2022-02-19";"7";"0";"0";"0";"0";"0";"0"
"2022";"Dengue";"LITORAL LESTE/JAGUARIBE";"10ª REGIÃO LIMOEIRO DO NORTE";"PEREIRO";"2022-03-19";"11";"0";"2";"0";"0";"2";"0"
"2022";"Dengue";"CARIRI";"18ª REGIÃO IGUATU";"IGUATU";"2022-12-31";"52";"0";"0";"0";"0";"0";"0"
"2022";"Dengue";"SERTÃO CENTRAL";"08ª REGIÃO QUIXADÁ";"QUIXADA";"2022-11-19";"46";"0";"6";"0";"0";"0";"2"
"2022";"Dengue";"LITORAL LESTE/JAGUARIBE";"10ª REGIÃO LIMOEIRO DO NORTE";"ERERE";"2022-04-02";"13";"0";"0";"0";"0";"0";"0"
"2022";"Dengue";"CARIRI";"19ª REGIÃO BREJO SANTO";"BARRO";"2022-01-08";"1";"0";"0";"0";"0";"0";"0"
"2022";"Dengue";"CARIRI";"19ª REGIÃO BREJO SANTO";"BARRO";"2022-05-14";"19";"0";"19";"0";"0";"7";"7"
"2022";"Dengue";"LITORAL LESTE/JAGUARIBE";"10ª REGIÃO LIMOEIRO DO NORTE";"PEREIRO";"2022-11-05";"44";"0";"0";"0";"0";"0";"0"
"2022";"Dengue";"FORTALEZA";"06ª REGIÃO DE ITAPIPOCA";"AMONTADA";"2022-09-24";"38";"0";"0";"0";"0";"0";"0"
"2022";"Dengue";"FORTALEZA";"06ª REGIÃO DE ITAPIPOCA";"URUBURETAMA";"2022-06-11";"23";"0";"5";"0";"0";"0";"0"
"2022";"Dengue";"CARIRI";"19ª REGIÃO BREJO SANTO";"BARRO";"2022-03-12";"10";"0";"0";"0";"0";"0";"0"
"2022";"Dengue";"FORTALEZA";"01ª REGIÃO FORTALEZA";"AQUIRAZ";"2022-10-01";"39";"0";"2";"0";"0";"0";"2"
"2022";"Dengue";"SOBRAL";"11ª REGIÃO SOBRAL";"FRECHEIRINHA";"2022-12-31";"52";"0";"1";"0";"0";"0";"0"
"2022";"Dengue";"SOBRAL";"11ª REGIÃO SOBRAL";"COREAU";"2022-04-23";"16";"0";"8";"0";"0";"0";"1"
"2022";"Dengue";"SOBRAL";"12ª REGIÃO ACARAÚ";"ACARAU";"2022-02-12";"6";"0";"3";"0";"0";"0";"0"
"2022";"Dengue";"LITORAL LESTE/JAGUARIBE";"10ª REGIÃO LIMOEIRO DO NORTE";"QUIXERE";"2022-05-28";"21";"0";"6";"0";"0";"0";"2"
"2022";"Dengue";"FORTALEZA";"04ª REGIÃO BATURITÉ";"GUARAMIRANGA";"2022-12-24";"51";"0";"0";"0";"0";"0";"0"
"2022";"Dengue";"SOBRAL";"12ª REGIÃO ACARAÚ";"ACARAU";"2022-03-12";"10";"0";"0";"0";"0";"0";"0"
"2022";"Dengue";"SERTÃO CENTRAL";"08ª REGIÃO QUIXADÁ";"IBICUITINGA";"2022-12-03";"48";"0";"0";"0";"0";"0";"0"
"2022";"Dengue";"CARIRI";"20ª REGIÃO CRATO";"NOVA OLINDA";"2022-01-08";"1";"0";"0";"0";"0";"0";"0"
"2022";"Dengue";"LITORAL LESTE/JAGUARIBE";"07ª REGIÃO ARACATI";"FORTIM";"2022-07-09";"27";"0";"0";"0";"0";"0";"0"
"2022";"Dengue";"SOBRAL";"13ª REGIÃO TIANGUÁ";"CARNAUBAL";"2022-01-15";"2";"0";"1";"0";"0";"0";"0"
"2022";"Dengue";"CARIRI";"17ª REGIÃO ICÓ";"OROS";"2022-12-24";"51";"0";"0";"0";"0";"0";"0"
"2022";"Dengue";"SERTÃO CENTRAL";"05ª REGIÃO DE CANINDÉ";"MADALENA";"2022-04-16";"15";"0";"5";"0";"0";"1";"2"
"2022";"Dengue";"CARIRI";"17ª REGIÃO ICÓ";"CEDRO";"2022-03-19";"11";"0";"3";"0";"0";"0";"0"
"2022";"Dengue";"FORTALEZA";"04ª REGIÃO BATURITÉ";"ARACOIABA";"2022-12-03";"48";"0";"1";"0";"0";"0";"0"
"2022";"Dengue";"LITORAL LESTE/JAGUARIBE";"07ª REGIÃO ARACATI";"ARACATI";"2022-07-23";"29";"0";"31";"0";"0";"1";"6"
"2022";"Dengue";"CARIRI";"18ª REGIÃO IGUATU";"JUCAS";"2022-12-03";"48";"0";"0";"0";"0";"0";"0"
"2022";"Dengue";"CARIRI";"20ª REGIÃO CRATO";"ARARIPE";"2022-12-24";"51";"0";"0";"0";"0";"0";"0"
"2022";"Dengue";"SOBRAL";"13ª REGIÃO TIANGUÁ";"VICOSA DO CEARA";"2022-09-03";"35";"0";"0";"0";"0";"0";"0"
"2022";"Dengue";"SOBRAL";"13ª REGIÃO TIANGUÁ";"TIANGUA";"2022-03-19";"11";"0";"11";"0";"0";"0";"0"
"2022";"Dengue";"SOBRAL";"16ª REGIÃO CAMOCIM";"CAMOCIM";"2022-09-03";"35";"0";"4";"0";"0";"0";"0"
"2022";"Dengue";"SERTÃO CENTRAL";"08ª REGIÃO QUIXADÁ";"IBICUITINGA";"2022-01-22";"3";"0";"0";"0";"0";"0";"0"
"2022";"Dengue";"CARIRI";"21ª REGIÃO JUAZEIRO DO NORTE";"JUAZEIRO DO NORTE";"2022-12-24";"51";"0";"7";"0";"0";"1";"0"
"2022";"Dengue";"FORTALEZA";"03ª REGIÃO MARACANAÚ";"MARANGUAPE";"2022-02-26";"8";"0";"21";"0";"0";"9";"5"
"2022";"Dengue";"SERTÃO CENTRAL";"08ª REGIÃO QUIXADÁ";"MILHA";"2022-07-09";"27";"0";"0";"0";"0";"0";"0"
"2022";"Dengue";"SOBRAL";"11ª REGIÃO SOBRAL";"IRAUCUBA";"2022-05-28";"21";"0";"3";"0";"0";"0";"0"
"2022";"Dengue";"LITORAL LESTE/JAGUARIBE";"09ª REGIÃO RUSSAS";"JAGUARETAMA";"2022-07-23";"29";"0";"11";"0";"0";"2";"0"
"2022";"Dengue";"LITORAL LESTE/JAGUARIBE";"10ª REGIÃO LIMOEIRO DO NORTE";"QUIXERE";"2022-11-12";"45";"0";"5";"0";"0";"0";"0"
"2022";"Dengue";"SOBRAL";"16ª REGIÃO CAMOCIM";"GRANJA";"2022-06-18";"24";"0";"5";"0";"0";"0";"0"
"2022";"Dengue";"SOBRAL";"11ª REGIÃO SOBRAL";"FORQUILHA";"2022-09-17";"37";"0";"0";"0";"0";"0";"0"
"2022";"Dengue";"SERTÃO CENTRAL";"05ª REGIÃO DE CANINDÉ";"ITATIRA";"2022-08-20";"33";"0";"0";"0";"0";"0";"0"
"2022";"Dengue";"SERTÃO CENTRAL";"05ª REGIÃO DE CANINDÉ";"ITATIRA";"2022-06-04";"22";"0";"8";"0";"0";"1";"2"
"2022";"Dengue";"SOBRAL";"11ª REGIÃO SOBRAL";"SOBRAL";"2022-12-10";"49";"0";"9";"0";"0";"0";"0"
"2022";"Dengue";"CARIRI";"18ª REGIÃO IGUATU";"CARIUS";"2022-07-16";"28";"0";"4";"0";"0";"1";"0"
"2022";"Dengue";"FORTALEZA";"04ª REGIÃO BATURITÉ";"ARATUBA";"2022-10-15";"41";"0";"0";"0";"0";"0";"0"
"2022";"Dengue";"FORTALEZA";"04ª REGIÃO BATURITÉ";"GUARAMIRANGA";"2022-09-17";"37";"0";"0";"0";"0";"0";"0"
"2022";"Dengue";"SERTÃO CENTRAL";"08ª REGIÃO QUIXADÁ";"CHORO";"2022-05-28";"21";"0";"18";"0";"0";"8";"3"
"2022";"Dengue";"FORTALEZA";"03ª REGIÃO MARACANAÚ";"REDENCAO";"2022-04-09";"14";"0";"3";"0";"0";"0";"0"
"2022";"Dengue";"CARIRI";"20ª REGIÃO CRATO";"CRATO";"2022-09-10";"36";"0";"0";"0";"0";"0";"0"
"2022";"Dengue";"CARIRI";"20ª REGIÃO CRATO";"TARRAFAS";"2022-03-26";"12";"0";"0";"0";"0";"0";"0"
"2022";"Dengue";"SOBRAL";"11ª REGIÃO SOBRAL";"IPU";"2022-12-03";"48";"0";"1";"0";"0";"0";"0"
"2022";"Dengue";"SOBRAL";"15ª REGIÃO CRATEÚS";"NOVO ORIENTE";"2022-02-26";"8";"0";"0";"0";"0";"0";"0"
"2022";"Dengue";"CARIRI";"20ª REGIÃO CRATO";"ASSARE";"2022-02-12";"6";"0";"2";"0";"0";"1";"0"
"2022";"Dengue";"SOBRAL";"16ª REGIÃO CAMOCIM";"MARTINOPOLE";"2022-11-12";"45";"0";"0";"0";"0";"0";"0"
"2022";"Dengue";"SOBRAL";"13ª REGIÃO TIANGUÁ";"TIANGUA";"2022-06-04";"22";"0";"23";"0";"0";"5";"0"
"2022";"Dengue";"SOBRAL";"15ª REGIÃO CRATEÚS";"TAMBORIL";"2022-11-05";"44";"0";"0";"0";"0";"0";"0"
"2022";"Dengue";"CARIRI";"19ª REGIÃO BREJO SANTO";"ABAIARA";"2022-07-16";"28";"0";"0";"0";"0";"0";"0"
"2022";"Dengue";"SOBRAL";"13ª REGIÃO TIANGUÁ";"CROATA";"2022-06-11";"23";"0";"26";"0";"0";"11";"12"
"2022";"Dengue";"LITORAL LESTE/JAGUARIBE";"10ª REGIÃO LIMOEIRO DO NORTE";"PEREIRO";"2022-12-17";"50";"0";"1";"0";"0";"0";"0"
"2022";"Dengue";"SOBRAL";"11ª REGIÃO SOBRAL";"IPU";"2022-08-13";"32";"0";"1";"0";"0";"0";"0"
"2022";"Dengue";"FORTALEZA";"22ª REGIÃO CASCAVEL";"OCARA";"2022-09-10";"36";"0";"5";"0";"0";"0";"0"
"2022";"Dengue";"SOBRAL";"12ª REGIÃO ACARAÚ";"MARCO";"2022-10-29";"43";"0";"1";"0";"0";"0";"0"
"2022";"Dengue";"FORTALEZA";"03ª REGIÃO MARACANAÚ";"GUAIUBA";"2022-04-16";"15";"0";"3";"0";"0";"0";"1"
"2022";"Dengue";"CARIRI";"21ª REGIÃO JUAZEIRO DO NORTE";"JARDIM";"2022-12-31";"52";"0";"0";"0";"0";"0";"0"
"2022";"Dengue";"FORTALEZA";"22ª REGIÃO CASCAVEL";"CASCAVEL";"2022-06-11";"23";"0";"48";"0";"0";"1";"33"
"2022";"Dengue";"CARIRI";"20ª REGIÃO CRATO";"CAMPOS SALES";"2022-07-09";"27";"0";"1";"0";"0";"0";"0"
"2022";"Dengue";"FORTALEZA";"22ª REGIÃO CASCAVEL";"PINDORETAMA";"2022-12-17";"50";"0";"1";"0";"0";"0";"0"
"2022";"Dengue";"SERTÃO CENTRAL";"05ª REGIÃO DE CANINDÉ";"PARAMOTI";"2022-11-12";"45";"0";"0";"0";"0";"0";"0"
"2022";"Dengue";"LITORAL LESTE/JAGUARIBE";"10ª REGIÃO LIMOEIRO DO NORTE";"ALTO SANTO";"2022-10-01";"39";"0";"0";"0";"0";"0";"0"
"2022";"Dengue";"SERTÃO CENTRAL";"08ª REGIÃO QUIXADÁ";"MILHA";"2022-05-21";"20";"0";"0";"0";"0";"0";"0"
"2022";"Dengue";"CARIRI";"21ª REGIÃO JUAZEIRO DO NORTE";"BARBALHA";"2022-04-02";"13";"0";"60";"0";"0";"5";"0"
"2022";"Dengue";"CARIRI";"19ª REGIÃO BREJO SANTO";"MILAGRES";"2022-10-22";"42";"0";"0";"0";"0";"0";"0"
"2022";"Dengue";"FORTALEZA";"02ª REGIÃO CAUCAIA";"SAO LUIS DO CURU";"2022-07-02";"26";"0";"1";"0";"0";"0";"0"
"2022";"Dengue";"FORTALEZA";"04ª REGIÃO BATURITÉ";"PACOTI";"2022-01-15";"2";"0";"1";"0";"0";"1";"0"
"2022";"Dengue";"SOBRAL";"12ª REGIÃO ACARAÚ";"MARCO";"2022-06-18";"24";"0";"2";"0";"0";"1";"0"
"2022";"Dengue";"SOBRAL";"12ª REGIÃO ACARAÚ";"ACARAU";"2022-10-08";"40";"0";"0";"0";"0";"0";"0"
"2022";"Dengue";"CARIRI";"18ª REGIÃO IGUATU";"CARIUS";"2022-03-12";"10";"0";"0";"0";"0";"0";"0"
"2022";"Dengue";"SOBRAL";"12ª REGIÃO ACARAÚ";"BELA CRUZ";"2022-12-03";"48";"0";"31";"0";"0";"19";"3"
"2022";"Dengue";"SOBRAL";"12ª REGIÃO ACARAÚ";"ACARAU";"2022-02-19";"7";"0";"0";"0";"0";"0";"0"
"2022";"Dengue";"SOBRAL";"11ª REGIÃO SOBRAL";"PACUJA";"2022-10-22";"42";"0";"0";"0";"0";"0";"0"
"2022";"Dengue";"SOBRAL";"11ª REGIÃO SOBRAL";"IRAUCUBA";"2022-06-04";"22";"0";"0";"0";"0";"0";"0"
"2022";"Dengue";"FORTALEZA";"02ª REGIÃO CAUCAIA";"PENTECOSTE";"2022-11-19";"46";"0";"0";"0";"0";"0";"0"
"2022";"Dengue";"SOBRAL";"13ª REGIÃO TIANGUÁ";"CARNAUBAL";"2022-03-19";"11";"0";"0";"0";"0";"0";"0"
"2022";"Dengue";"SERTÃO CENTRAL";"08ª REGIÃO QUIXADÁ";"BANABUIU";"2022-11-19";"46";"0";"0";"0";"0";"0";"0"
"2022";"Dengue";"CARIRI";"17ª REGIÃO ICÓ";"IPAUMIRIM";"2022-12-24";"51";"0";"0";"0";"0";"0";"0"
"2022";"Dengue";"LITORAL LESTE/JAGUARIBE";"10ª REGIÃO LIMOEIRO DO NORTE";"QUIXERE";"2022-11-19";"46";"0";"1";"0";"0";"0";"0"
"2022";"Dengue";"FORTALEZA";"04ª REGIÃO BATURITÉ";"ARATUBA";"2022-06-25";"25";"0";"0";"0";"0";"0";"0"
"2022";"Dengue";"SOBRAL";"11ª REGIÃO SOBRAL";"CARIRE";"2022-06-25";"25";"0";"0";"0";"0";"0";"0"
"2022";"Dengue";"LITORAL LESTE/JAGUARIBE";"10ª REGIÃO LIMOEIRO DO NORTE";"ALTO SANTO";"2022-12-17";"50";"0";"0";"0";"0";"0";"0"
"2022";"Dengue";"FORTALEZA";"01ª REGIÃO FORTALEZA";"FORTALEZA";"2022-04-02";"13";"0";"910";"0";"0";"48";"211"
"2022";"Dengue";"FORTALEZA";"04ª REGIÃO BATURITÉ";"ARATUBA";"2022-02-12";"6";"0";"32";"0";"0";"10";"13"
"2022";"Dengue";"FORTALEZA";"01ª REGIÃO FORTALEZA";"AQUIRAZ";"2022-11-26";"47";"0";"0";"0";"0";"0";"0"
"2022";"Dengue";"LITORAL LESTE/JAGUARIBE";"10ª REGIÃO LIMOEIRO DO NORTE";"ALTO SANTO";"2022-02-26";"8";"0";"0";"0";"0";"0";"0"
"2022";"Dengue";"SOBRAL";"12ª REGIÃO ACARAÚ";"ACARAU";"2022-08-06";"31";"0";"0";"0";"0";"0";"0"
"2022";"Dengue";"SOBRAL";"11ª REGIÃO SOBRAL";"SOBRAL";"2022-05-07";"18";"0";"112";"0";"0";"23";"2"
"2022";"Dengue";"FORTALEZA";"22ª REGIÃO CASCAVEL";"PINDORETAMA";"2022-05-28";"21";"0";"17";"0";"0";"3";"0"
"2022";"Dengue";"LITORAL LESTE/JAGUARIBE";"09ª REGIÃO RUSSAS";"MORADA NOVA";"2022-09-17";"37";"0";"70";"0";"0";"18";"21"
"2022";"Dengue";"CARIRI";"18ª REGIÃO IGUATU";"IGUATU";"2022-06-25";"25";"0";"6";"0";"0";"1";"4"
"2022";"Dengue";"SERTÃO CENTRAL";"08ª REGIÃO QUIXADÁ";"QUIXADA";"2022-11-26";"47";"0";"6";"0";"0";"1";"4"
"2022";"Dengue";"SOBRAL";"11ª REGIÃO SOBRAL";"MORAUJO";"2022-12-17";"50";"0";"0";"0";"0";"0";"0"
"2022";"Dengue";"SOBRAL";"13ª REGIÃO TIANGUÁ";"CROATA";"2022-02-26";"8";"0";"0";"0";"0";"0";"0"
"2022";"Dengue";"LITORAL LESTE/JAGUARIBE";"07ª REGIÃO ARACATI";"ARACATI";"2022-12-10";"49";"0";"0";"0";"0";"0";"0"
"2022";"Dengue";"SOBRAL";"11ª REGIÃO SOBRAL";"SENADOR SA";"2022-01-22";"3";"0";"0";"0";"0";"0";"0"
"2022";"Dengue";"FORTALEZA";"04ª REGIÃO BATURITÉ";"BATURITE";"2022-01-08";"1";"0";"3";"0";"0";"0";"0"
"2022";"Dengue";"SERTÃO CENTRAL";"08ª REGIÃO QUIXADÁ";"MILHA";"2022-02-05";"5";"0";"0";"0";"0";"0";"0"
"2022";"Dengue";"SOBRAL";"12ª REGIÃO ACARAÚ";"ITAREMA";"2022-10-29";"43";"0";"1";"0";"0";"0";"0"
"2022";"Dengue";"FORTALEZA";"04ª REGIÃO BATURITÉ";"PACOTI";"2022-03-26";"12";"0";"37";"0";"0";"6";"0"
"2022";"Dengue";"CARIRI";"21ª REGIÃO JUAZEIRO DO NORTE";"MISSAO VELHA";"2022-10-29";"43";"0";"0";"0";"0";"0";"0"
"2022";"Dengue";"CARIRI";"20ª REGIÃO CRATO";"VARZEA ALEGRE";"2022-10-29";"43";"0";"0";"0";"0";"0";"0"
"2022";"Dengue";"SOBRAL";"11ª REGIÃO SOBRAL";"FORQUILHA";"2022-07-09";"27";"0";"13";"0";"0";"5";"2"
"2022";"Dengue";"SERTÃO CENTRAL";"08ª REGIÃO QUIXADÁ";"SENADOR POMPEU";"2022-01-22";"3";"0";"1";"0";"0";"0";"0"
"2022";"Dengue";"SOBRAL";"11ª REGIÃO SOBRAL";"MUCAMBO";"2022-04-16";"15";"0";"1";"0";"0";"0";"0"
"2022";"Dengue";"FORTALEZA";"04ª REGIÃO BATURITÉ";"BATURITE";"2022-04-23";"16";"0";"4";"0";"0";"0";"0"
"2022";"Dengue";"CARIRI";"20ª REGIÃO CRATO";"ASSARE";"2022-02-26";"8";"0";"1";"0";"0";"0";"0"
"2022";"Dengue";"FORTALEZA";"02ª REGIÃO CAUCAIA";"ITAPAJE";"2022-03-19";"11";"0";"1";"0";"0";"0";"0"
"2022";"Dengue";"LITORAL LESTE/JAGUARIBE";"10ª REGIÃO LIMOEIRO DO NORTE";"PEREIRO";"2022-12-24";"51";"0";"1";"0";"0";"0";"0"
"2022";"Dengue";"FORTALEZA";"03ª REGIÃO MARACANAÚ";"GUAIUBA";"2022-04-02";"13";"0";"3";"0";"0";"0";"0"
"2022";"Dengue";"SOBRAL";"12ª REGIÃO ACARAÚ";"BELA CRUZ";"2022-07-09";"27";"0";"16";"0";"0";"4";"5"
"2022";"Dengue";"FORTALEZA";"03ª REGIÃO MARACANAÚ";"PALMACIA";"2022-04-23";"16";"0";"12";"0";"0";"2";"0"
"2022";"Dengue";"SOBRAL";"15ª REGIÃO CRATEÚS";"TAMBORIL";"2022-01-29";"4";"0";"0";"0";"0";"0";"0"
"2022";"Dengue";"CARIRI";"17ª REGIÃO ICÓ";"OROS";"2022-07-23";"29";"0";"14";"0";"0";"0";"5"
"2022";"Dengue";"FORTALEZA";"02ª REGIÃO CAUCAIA";"TEJUCUOCA";"2022-09-03";"35";"0";"0";"0";"0";"0";"0"
"2022";"Dengue";"SOBRAL";"11ª REGIÃO SOBRAL";"CATUNDA";"2022-06-04";"22";"0";"2";"0";"0";"0";"0"
"2022";"Dengue";"FORTALEZA";"06ª REGIÃO DE ITAPIPOCA";"AMONTADA";"2022-09-10";"36";"0";"1";"0";"0";"1";"0"
"2022";"Dengue";"SOBRAL";"15ª REGIÃO CRATEÚS";"IPAPORANGA";"2022-09-10";"36";"0";"0";"0";"0";"0";"0"
"2022";"Dengue";"SOBRAL";"11ª REGIÃO SOBRAL";"VARJOTA";"2022-08-20";"33";"0";"0";"0";"0";"0";"0"
"2022";"Dengue";"FORTALEZA";"22ª REGIÃO CASCAVEL";"HORIZONTE";"2022-12-10";"49";"0";"0";"0";"0";"0";"0"
"2022";"Dengue";"SOBRAL";"11ª REGIÃO SOBRAL";"SENADOR SA";"2022-07-02";"26";"0";"0";"0";"0";"0";"0"
"2022";"Dengue";"FORTALEZA";"02ª REGIÃO CAUCAIA";"TEJUCUOCA";"2022-08-06";"31";"0";"1";"0";"0";"1";"0"
"2022";"Dengue";"CARIRI";"17ª REGIÃO ICÓ";"ICO";"2022-03-05";"9";"0";"1";"0";"0";"0";"0"
"2022";"Dengue";"CARIRI";"20ª REGIÃO CRATO";"NOVA OLINDA";"2022-07-02";"26";"0";"0";"0";"0";"0";"0"
"2022";"Dengue";"CARIRI";"18ª REGIÃO IGUATU";"IGUATU";"2022-06-18";"24";"0";"1";"0";"0";"0";"1"
"2022";"Dengue";"CARIRI";"21ª REGIÃO JUAZEIRO DO NORTE";"MISSAO VELHA";"2022-04-09";"14";"0";"29";"0";"0";"0";"3"
"2022";"Dengue";"SOBRAL";"11ª REGIÃO SOBRAL";"GROAIRAS";"2022-10-15";"41";"0";"16";"0";"0";"13";"0"
"2022";"Dengue";"SOBRAL";"11ª REGIÃO SOBRAL";"PIRES FERREIRA";"2022-04-16";"15";"0";"0";"0";"0";"0";"0"
"2022";"Dengue";"CARIRI";"19ª REGIÃO BREJO SANTO";"ABAIARA";"2022-07-23";"29";"0";"0";"0";"0";"0";"0"
"2022";"Dengue";"SERTÃO CENTRAL";"14ª REGIÃO TAUÁ";"ARNEIROZ";"2022-01-29";"4";"0";"0";"0";"0";"0";"0"
"2022";"Dengue";"SOBRAL";"16ª REGIÃO CAMOCIM";"MARTINOPOLE";"2022-01-29";"4";"0";"0";"0";"0";"0";"0"
"2022";"Dengue";"CARIRI";"20ª REGIÃO CRATO";"ALTANEIRA";"2022-03-05";"9";"0";"0";"0";"0";"0";"0"
"2022";"Dengue";"CARIRI";"19ª REGIÃO BREJO SANTO";"MILAGRES";"2022-04-16";"15";"0";"22";"0";"0";"1";"3"
"2022";"Dengue";"SOBRAL";"11ª REGIÃO SOBRAL";"RERIUTABA";"2022-02-12";"6";"0";"2";"0";"0";"0";"0"
"2022";"Dengue";"LITORAL LESTE/JAGUARIBE";"10ª REGIÃO LIMOEIRO DO NORTE";"PEREIRO";"2022-12-10";"49";"0";"0";"0";"0";"0";"0"
"2022";"Dengue";"FORTALEZA";"22ª REGIÃO CASCAVEL";"OCARA";"2022-10-15";"41";"0";"2";"0";"0";"0";"0"
"2022";"Dengue";"FORTALEZA";"01ª REGIÃO FORTALEZA";"EUSEBIO";"2022-07-16";"28";"0";"1";"0";"0";"0";"1"
"2022";"Dengue";"CARIRI";"20ª REGIÃO CRATO";"CAMPOS SALES";"2022-12-10";"49";"0";"0";"0";"0";"0";"0"
"2022";"Dengue";"SOBRAL";"12ª REGIÃO ACARAÚ";"ITAREMA";"2022-08-06";"31";"0";"0";"0";"0";"0";"0"
"2022";"Dengue";"FORTALEZA";"22ª REGIÃO CASCAVEL";"PACAJUS";"2022-03-19";"11";"0";"1";"0";"0";"0";"0"
"2022";"Dengue";"CARIRI";"20ª REGIÃO CRATO";"ANTONINA DO NORTE";"2022-09-24";"38";"0";"0";"0";"0";"0";"0"
"2022";"Dengue";"SOBRAL";"11ª REGIÃO SOBRAL";"VARJOTA";"2022-05-14";"19";"0";"0";"0";"0";"0";"0"
"2022";"Dengue";"LITORAL LESTE/JAGUARIBE";"10ª REGIÃO LIMOEIRO DO NORTE";"QUIXERE";"2022-12-17";"50";"0";"0";"0";"0";"0";"0"
"2022";"Dengue";"SERTÃO CENTRAL";"08ª REGIÃO QUIXADÁ";"SOLONOPOLE";"2022-11-19";"46";"0";"0";"0";"0";"0";"0"
"2022";"Dengue";"FORTALEZA";"06ª REGIÃO DE ITAPIPOCA";"ITAPIPOCA";"2022-12-24";"51";"0";"0";"0";"0";"0";"0"
"2022";"Dengue";"SOBRAL";"11ª REGIÃO SOBRAL";"MASSAPE";"2022-09-10";"36";"0";"0";"0";"0";"0";"0"
"2022";"Dengue";"CARIRI";"19ª REGIÃO BREJO SANTO";"ABAIARA";"2022-02-12";"6";"0";"1";"0";"0";"0";"0"
"2022";"Dengue";"FORTALEZA";"03ª REGIÃO MARACANAÚ";"PACATUBA";"2022-02-05";"5";"0";"2";"0";"0";"0";"0"
"2022";"Dengue";"LITORAL LESTE/JAGUARIBE";"10ª REGIÃO LIMOEIRO DO NORTE";"ALTO SANTO";"2022-12-10";"49";"0";"0";"0";"0";"0";"0"
"2022";"Dengue";"CARIRI";"19ª REGIÃO BREJO SANTO";"PENAFORTE";"2022-03-19";"11";"0";"8";"0";"0";"1";"0"
"2022";"Dengue";"SOBRAL";"16ª REGIÃO CAMOCIM";"CHAVAL";"2022-11-12";"45";"0";"0";"0";"0";"0";"0"
"2022";"Dengue";"LITORAL LESTE/JAGUARIBE";"09ª REGIÃO RUSSAS";"RUSSAS";"2022-02-19";"7";"0";"0";"0";"0";"0";"0"
"2022";"Dengue";"SERTÃO CENTRAL";"05ª REGIÃO DE CANINDÉ";"PARAMOTI";"2022-12-24";"51";"0";"1";"0";"0";"0";"0"
"2022";"Dengue";"SOBRAL";"11ª REGIÃO SOBRAL";"SANTANA DO ACARAU";"2022-10-22";"42";"0";"0";"0";"0";"0";"0"
"2022";"Dengue";"SOBRAL";"11ª REGIÃO SOBRAL";"ALCANTARAS";"2022-08-20";"33";"0";"15";"0";"0";"8";"6"
"2022";"Dengue";"SOBRAL";"15ª REGIÃO CRATEÚS";"IPUEIRAS";"2022-09-03";"35";"0";"0";"0";"0";"0";"0"
"2022";"Dengue";"SOBRAL";"11ª REGIÃO SOBRAL";"MORAUJO";"2022-01-29";"4";"0";"0";"0";"0";"0";"0"
"2022";"Dengue";"CARIRI";"20ª REGIÃO CRATO";"VARZEA ALEGRE";"2022-06-04";"22";"0";"14";"0";"0";"0";"0"
"2022";"Dengue";"FORTALEZA";"02ª REGIÃO CAUCAIA";"GENERAL SAMPAIO";"2022-09-24";"38";"0";"0";"0";"0";"0";"0"
"2022";"Dengue";"LITORAL LESTE/JAGUARIBE";"10ª REGIÃO LIMOEIRO DO NORTE";"ERERE";"2022-04-09";"14";"0";"0";"0";"0";"0";"0"
"2022";"Dengue";"SERTÃO CENTRAL";"08ª REGIÃO QUIXADÁ";"BANABUIU";"2022-04-16";"15";"0";"4";"0";"0";"0";"0"
"2022";"Dengue";"CARIRI";"17ª REGIÃO ICÓ";"UMARI";"2022-01-22";"3";"0";"0";"0";"0";"0";"0"
"2022";"Dengue";"SOBRAL";"11ª REGIÃO SOBRAL";"SANTANA DO ACARAU";"2022-08-20";"33";"0";"1";"0";"0";"0";"0"
"2022";"Dengue";"CARIRI";"17ª REGIÃO ICÓ";"LAVRAS DA MANGABEIRA";"2022-05-21";"20";"0";"61";"0";"0";"22";"6"
"2022";"Dengue";"SOBRAL";"12ª REGIÃO ACARAÚ";"ACARAU";"2022-08-27";"34";"0";"4";"0";"0";"0";"0"
"2022";"Dengue";"SOBRAL";"13ª REGIÃO TIANGUÁ";"TIANGUA";"2022-08-20";"33";"0";"18";"0";"0";"7";"0"
"2022";"Dengue";"SERTÃO CENTRAL";"08ª REGIÃO QUIXADÁ";"QUIXERAMOBIM";"2022-07-30";"30";"0";"4";"0";"0";"0";"1"
"2022";"Dengue";"SOBRAL";"11ª REGIÃO SOBRAL";"SOBRAL";"2022-09-03";"35";"0";"55";"0";"0";"4";"1"
"2022";"Dengue";"CARIRI";"19ª REGIÃO BREJO SANTO";"ABAIARA";"2022-05-21";"20";"0";"0";"0";"0";"0";"0"
"2022";"Dengue";"FORTALEZA";"04ª REGIÃO BATURITÉ";"ARATUBA";"2022-08-20";"33";"0";"1";"0";"0";"0";"1"
"2022";"Dengue";"SOBRAL";"12ª REGIÃO ACARAÚ";"MARCO";"2022-04-09";"14";"0";"0";"0";"0";"0";"0"
"2022";"Dengue";"LITORAL LESTE/JAGUARIBE";"09ª REGIÃO RUSSAS";"JAGUARETAMA";"2022-08-13";"32";"0";"30";"0";"0";"10";"0"
"2022";"Dengue";"FORTALEZA";"03ª REGIÃO MARACANAÚ";"PACATUBA";"2022-12-17";"50";"0";"10";"0";"0";"1";"0"
"2022";"Dengue";"FORTALEZA";"22ª REGIÃO CASCAVEL";"PINDORETAMA";"2022-05-14";"19";"0";"18";"0";"0";"5";"0"
"2022";"Dengue";"SERTÃO CENTRAL";"05ª REGIÃO DE CANINDÉ";"ITATIRA";"2022-02-26";"8";"0";"1";"0";"0";"0";"0"
"2022";"Dengue";"FORTALEZA";"22ª REGIÃO CASCAVEL";"CHOROZINHO";"2022-05-21";"20";"0";"1";"0";"0";"0";"0"
"2022";"Dengue";"SOBRAL";"16ª REGIÃO CAMOCIM";"GRANJA";"2022-08-27";"34";"0";"3";"0";"0";"0";"0"
"2022";"Dengue";"FORTALEZA";"03ª REGIÃO MARACANAÚ";"PACATUBA";"2022-05-07";"18";"0";"28";"0";"0";"4";"2"
"2022";"Dengue";"FORTALEZA";"06ª REGIÃO DE ITAPIPOCA";"TRAIRI";"2022-10-29";"43";"0";"0";"0";"0";"0";"0"
"2022";"Dengue";"SOBRAL";"16ª REGIÃO CAMOCIM";"MARTINOPOLE";"2022-10-08";"40";"0";"0";"0";"0";"0";"0"
"2022";"Dengue";"SERTÃO CENTRAL";"05ª REGIÃO DE CANINDÉ";"MADALENA";"2022-03-05";"9";"0";"0";"0";"0";"0";"0"
"2022";"Dengue";"SERTÃO CENTRAL";"08ª REGIÃO QUIXADÁ";"IBARETAMA";"2022-10-29";"43";"0";"0";"0";"0";"0";"0"
"2022";"Dengue";"FORTALEZA";"02ª REGIÃO CAUCAIA";"APUIARES";"2022-05-28";"21";"0";"0";"0";"0";"0";"0"
"2022";"Dengue";"LITORAL LESTE/JAGUARIBE";"10ª REGIÃO LIMOEIRO DO NORTE";"JAGUARIBARA";"2022-10-01";"39";"0";"13";"0";"0";"7";"0"
"2022";"Dengue";"FORTALEZA";"03ª REGIÃO MARACANAÚ";"REDENCAO";"2022-09-17";"37";"0";"1";"0";"0";"0";"0"
"2022";"Dengue";"CARIRI";"18ª REGIÃO IGUATU";"DEPUTADO IRAPUAN PINHEIRO";"2022-01-08";"1";"0";"0";"0";"0";"0";"0"
"2022";"Dengue";"FORTALEZA";"02ª REGIÃO CAUCAIA";"SAO LUIS DO CURU";"2022-08-27";"34";"0";"0";"0";"0";"0";"0"
"2022";"Dengue";"FORTALEZA";"04ª REGIÃO BATURITÉ";"ARACOIABA";"2022-04-30";"17";"0";"0";"0";"0";"0";"0"
"2022";"Dengue";"SOBRAL";"11ª REGIÃO SOBRAL";"URUOCA";"2022-07-16";"28";"0";"0";"0";"0";"0";"0"
"2022";"Dengue";"FORTALEZA";"02ª REGIÃO CAUCAIA";"TEJUCUOCA";"2022-07-23";"29";"0";"0";"0";"0";"0";"0"
"2022";"Dengue";"SERTÃO CENTRAL";"05ª REGIÃO DE CANINDÉ";"CANINDE";"2022-10-15";"41";"0";"0";"0";"0";"0";"0"
"2022";"Dengue";"LITORAL LESTE/JAGUARIBE";"10ª REGIÃO LIMOEIRO DO NORTE";"JAGUARIBARA";"2022-06-11";"23";"0";"14";"0";"0";"1";"0"
"2022";"Dengue";"SOBRAL";"13ª REGIÃO TIANGUÁ";"CROATA";"2022-04-09";"14";"0";"26";"0";"0";"10";"14"
"2022";"Dengue";"LITORAL LESTE/JAGUARIBE";"10ª REGIÃO LIMOEIRO DO NORTE";"POTIRETAMA";"2022-06-18";"24";"0";"0";"0";"0";"0";"0"
"2022";"Dengue";"SERTÃO CENTRAL";"14ª REGIÃO TAUÁ";"PARAMBU";"2022-08-13";"32";"0";"3";"0";"0";"0";"0"
"2022";"Dengue";"SOBRAL";"11ª REGIÃO SOBRAL";"FORQUILHA";"2022-12-10";"49";"0";"2";"0";"0";"0";"0"
"2022";"Dengue";"LITORAL LESTE/JAGUARIBE";"07ª REGIÃO ARACATI";"ICAPUI";"2022-07-30";"30";"0";"32";"0";"0";"1";"2"
"2022";"Dengue";"SOBRAL";"16ª REGIÃO CAMOCIM";"MARTINOPOLE";"2022-04-16";"15";"0";"0";"0";"0";"0";"0"
"2022";"Dengue";"FORTALEZA";"03ª REGIÃO MARACANAÚ";"PALMACIA";"2022-02-12";"6";"0";"11";"0";"0";"2";"0"
"2022";"Dengue";"LITORAL LESTE/JAGUARIBE";"07ª REGIÃO ARACATI";"ARACATI";"2022-07-09";"27";"0";"51";"0";"0";"5";"20"
"2022";"Dengue";"SOBRAL";"11ª REGIÃO SOBRAL";"ALCANTARAS";"2022-04-30";"17";"0";"0";"0";"0";"0";"0"
"2022";"Dengue";"CARIRI";"19ª REGIÃO BREJO SANTO";"PENAFORTE";"2022-06-18";"24";"0";"0";"0";"0";"0";"0"
"2022";"Dengue";"CARIRI";"20ª REGIÃO CRATO";"ARARIPE";"2022-08-06";"31";"0";"0";"0";"0";"0";"0"
"2022";"Dengue";"SOBRAL";"15ª REGIÃO CRATEÚS";"IPAPORANGA";"2022-02-19";"7";"0";"0";"0";"0";"0";"0"
"2022";"Dengue";"CARIRI";"18ª REGIÃO IGUATU";"CARIUS";"2022-03-19";"11";"0";"0";"0";"0";"0";"0"
"2022";"Dengue";"FORTALEZA";"06ª REGIÃO DE ITAPIPOCA";"UMIRIM";"2022-10-15";"41";"0";"0";"0";"0";"0";"0"
"2022";"Dengue";"SERTÃO CENTRAL";"08ª REGIÃO QUIXADÁ";"QUIXADA";"2022-04-16";"15";"1";"50";"1";"0";"8";"27"
"2022";"Dengue";"FORTALEZA";"06ª REGIÃO DE ITAPIPOCA";"TRAIRI";"2022-04-30";"17";"0";"3";"0";"0";"0";"0"
"2022";"Dengue";"FORTALEZA";"03ª REGIÃO MARACANAÚ";"GUAIUBA";"2022-10-01";"39";"0";"0";"0";"0";"0";"0"
"2022";"Dengue";"FORTALEZA";"02ª REGIÃO CAUCAIA";"APUIARES";"2022-02-19";"7";"0";"0";"0";"0";"0";"0"
"2022";"Dengue";"FORTALEZA";"22ª REGIÃO CASCAVEL";"OCARA";"2022-12-31";"52";"0";"1";"0";"0";"0";"0"
"2022";"Dengue";"SOBRAL";"11ª REGIÃO SOBRAL";"PACUJA";"2022-11-12";"45";"0";"0";"0";"0";"0";"0"
"2022";"Dengue";"FORTALEZA";"02ª REGIÃO CAUCAIA";"SAO LUIS DO CURU";"2022-10-29";"43";"0";"0";"0";"0";"0";"0"
"2022";"Dengue";"FORTALEZA";"06ª REGIÃO DE ITAPIPOCA";"ITAPIPOCA";"2022-04-30";"17";"0";"179";"0";"0";"27";"28"
"2022";"Dengue";"CARIRI";"18ª REGIÃO IGUATU";"DEPUTADO IRAPUAN PINHEIRO";"2022-12-17";"50";"0";"0";"0";"0";"0";"0"
"2022";"Dengue";"LITORAL LESTE/JAGUARIBE";"10ª REGIÃO LIMOEIRO DO NORTE";"IRACEMA";"2022-01-08";"1";"0";"1";"0";"0";"0";"0"
"2022";"Dengue";"SOBRAL";"12ª REGIÃO ACARAÚ";"JIJOCA DE JERICOACOARA";"2022-04-02";"13";"0";"4";"0";"0";"0";"0"
"2022";"Dengue";"FORTALEZA";"06ª REGIÃO DE ITAPIPOCA";"UMIRIM";"2022-09-10";"36";"0";"0";"0";"0";"0";"0"
"2022";"Dengue";"FORTALEZA";"04ª REGIÃO BATURITÉ";"ARACOIABA";"2022-10-15";"41";"0";"0";"0";"0";"0";"0"
"2022";"Dengue";"SOBRAL";"11ª REGIÃO SOBRAL";"MERUOCA";"2022-03-12";"10";"0";"0";"0";"0";"0";"0"
"2022";"Dengue";"SOBRAL";"13ª REGIÃO TIANGUÁ";"GUARACIABA DO NORTE";"2022-03-26";"12";"0";"2";"0";"0";"2";"0"
"2022";"Dengue";"FORTALEZA";"01ª REGIÃO FORTALEZA";"EUSEBIO";"2022-12-17";"50";"0";"1";"0";"0";"1";"0"
"2022";"Dengue";"SOBRAL";"15ª REGIÃO CRATEÚS";"ARARENDA";"2022-12-10";"49";"0";"0";"0";"0";"0";"0"
"2022";"Dengue";"SOBRAL";"12ª REGIÃO ACARAÚ";"CRUZ";"2022-12-03";"48";"0";"3";"0";"0";"1";"0"
"2022";"Dengue";"CARIRI";"19ª REGIÃO BREJO SANTO";"ABAIARA";"2022-12-24";"51";"0";"0";"0";"0";"0";"0"
"2022";"Dengue";"LITORAL LESTE/JAGUARIBE";"09ª REGIÃO RUSSAS";"JAGUARUANA";"2022-07-23";"29";"0";"29";"0";"0";"5";"2"
"2022";"Dengue";"FORTALEZA";"01ª REGIÃO FORTALEZA";"ITAITINGA";"2022-11-05";"44";"0";"0";"0";"0";"0";"0"
"2022";"Dengue";"FORTALEZA";"03ª REGIÃO MARACANAÚ";"PALMACIA";"2022-01-08";"1";"0";"1";"0";"0";"1";"0"
"2022";"Dengue";"FORTALEZA";"02ª REGIÃO CAUCAIA";"CAUCAIA";"2022-08-13";"32";"0";"27";"0";"0";"1";"24"
"2022";"Dengue";"CARIRI";"21ª REGIÃO JUAZEIRO DO NORTE";"CARIRIACU";"2022-12-24";"51";"0";"0";"0";"0";"0";"0"
"2022";"Dengue";"SOBRAL";"13ª REGIÃO TIANGUÁ";"VICOSA DO CEARA";"2022-07-09";"27";"0";"9";"0";"0";"2";"0"
"2022";"Dengue";"SOBRAL";"11ª REGIÃO SOBRAL";"IPU";"2022-01-08";"1";"0";"0";"0";"0";"0";"0"
"2022";"Dengue";"SERTÃO CENTRAL";"08ª REGIÃO QUIXADÁ";"QUIXADA";"2022-06-11";"23";"0";"53";"1";"0";"14";"31"
"2022";"Dengue";"SOBRAL";"11ª REGIÃO SOBRAL";"HIDROLANDIA";"2022-02-12";"6";"0";"0";"0";"0";"0";"0"
"2022";"Dengue";"CARIRI";"18ª REGIÃO IGUATU";"IGUATU";"2022-07-23";"29";"0";"7";"0";"0";"3";"4"
"2022";"Dengue";"CARIRI";"20ª REGIÃO CRATO";"VARZEA ALEGRE";"2022-09-17";"37";"0";"1";"0";"0";"0";"0"
"2022";"Dengue";"FORTALEZA";"02ª REGIÃO CAUCAIA";"ITAPAJE";"2022-10-22";"42";"0";"0";"0";"0";"0";"0"
"2022";"Dengue";"SERTÃO CENTRAL";"14ª REGIÃO TAUÁ";"PARAMBU";"2022-03-12";"10";"0";"1";"0";"0";"0";"0"
"2022";"Dengue";"SOBRAL";"16ª REGIÃO CAMOCIM";"BARROQUINHA";"2022-07-30";"30";"0";"1";"0";"0";"0";"0"
"2022";"Dengue";"CARIRI";"19ª REGIÃO BREJO SANTO";"AURORA";"2022-04-02";"13";"0";"0";"0";"0";"0";"0"
"2022";"Dengue";"SERTÃO CENTRAL";"08ª REGIÃO QUIXADÁ";"MILHA";"2022-01-15";"2";"0";"0";"0";"0";"0";"0"
"2022";"Dengue";"SOBRAL";"12ª REGIÃO ACARAÚ";"MORRINHOS";"2022-12-24";"51";"0";"0";"0";"0";"0";"0"
"2022";"Dengue";"SOBRAL";"16ª REGIÃO CAMOCIM";"MARTINOPOLE";"2022-04-09";"14";"0";"0";"0";"0";"0";"0"
"2022";"Dengue";"SOBRAL";"11ª REGIÃO SOBRAL";"PIRES FERREIRA";"2022-11-05";"44";"0";"0";"0";"0";"0";"0"
"2022";"Dengue";"FORTALEZA";"02ª REGIÃO CAUCAIA";"SAO LUIS DO CURU";"2022-08-20";"33";"0";"1";"0";"0";"0";"0"
"2022";"Dengue";"FORTALEZA";"02ª REGIÃO CAUCAIA";"PARACURU";"2022-06-11";"23";"0";"19";"0";"0";"0";"19"
"2022";"Dengue";"FORTALEZA";"06ª REGIÃO DE ITAPIPOCA";"AMONTADA";"2022-06-11";"23";"0";"6";"0";"0";"2";"0"
"2022";"Dengue";"SOBRAL";"11ª REGIÃO SOBRAL";"SOBRAL";"2022-10-15";"41";"0";"9";"0";"0";"0";"1"
"2022";"Dengue";"SOBRAL";"11ª REGIÃO SOBRAL";"IPU";"2022-09-17";"37";"0";"0";"0";"0";"0";"0"
"2022";"Dengue";"SOBRAL";"12ª REGIÃO ACARAÚ";"MORRINHOS";"2022-11-12";"45";"0";"0";"0";"0";"0";"0"
"2022";"Dengue";"SOBRAL";"13ª REGIÃO TIANGUÁ";"IBIAPINA";"2022-06-04";"22";"0";"1";"0";"0";"0";"0"
"2022";"Dengue";"CARIRI";"18ª REGIÃO IGUATU";"IGUATU";"2022-06-11";"23";"0";"11";"0";"0";"0";"8"
"2022";"Dengue";"SERTÃO CENTRAL";"05ª REGIÃO DE CANINDÉ";"CARIDADE";"2022-09-03";"35";"0";"0";"0";"0";"0";"0"
"2022";"Dengue";"SOBRAL";"13ª REGIÃO TIANGUÁ";"UBAJARA";"2022-11-12";"45";"0";"0";"0";"0";"0";"0"
"2022";"Dengue";"FORTALEZA";"06ª REGIÃO DE ITAPIPOCA";"TURURU";"2022-01-15";"2";"0";"1";"0";"0";"0";"0"
"2022";"Dengue";"FORTALEZA";"22ª REGIÃO CASCAVEL";"HORIZONTE";"2022-08-27";"34";"0";"1";"0";"0";"0";"0"
"2022";"Dengue";"SOBRAL";"11ª REGIÃO SOBRAL";"RERIUTABA";"2022-06-18";"24";"0";"5";"0";"0";"1";"0"
"2022";"Dengue";"LITORAL LESTE/JAGUARIBE";"10ª REGIÃO LIMOEIRO DO NORTE";"POTIRETAMA";"2022-03-05";"9";"0";"0";"0";"0";"0";"0"
"2022";"Dengue";"SOBRAL";"11ª REGIÃO SOBRAL";"PACUJA";"2022-09-24";"38";"0";"0";"0";"0";"0";"0"
"2022";"Dengue";"SERTÃO CENTRAL";"08ª REGIÃO QUIXADÁ";"IBARETAMA";"2022-12-03";"48";"0";"0";"0";"0";"0";"0"
"2022";"Dengue";"FORTALEZA";"02ª REGIÃO CAUCAIA";"GENERAL SAMPAIO";"2022-01-15";"2";"0";"0";"0";"0";"0";"0"
"2022";"Dengue";"SERTÃO CENTRAL";"08ª REGIÃO QUIXADÁ";"BANABUIU";"2022-10-01";"39";"0";"2";"0";"0";"0";"0"
"2022";"Dengue";"SOBRAL";"11ª REGIÃO SOBRAL";"SANTA QUITERIA";"2022-09-10";"36";"0";"0";"0";"0";"0";"0"
"2022";"Dengue";"SERTÃO CENTRAL";"05ª REGIÃO DE CANINDÉ";"CARIDADE";"2022-03-19";"11";"0";"0";"0";"0";"0";"0"
"2022";"Dengue";"LITORAL LESTE/JAGUARIBE";"09ª REGIÃO RUSSAS";"RUSSAS";"2022-11-26";"47";"0";"2";"0";"0";"0";"1"
"2022";"Dengue";"FORTALEZA";"06ª REGIÃO DE ITAPIPOCA";"ITAPIPOCA";"2022-12-17";"50";"0";"1";"0";"0";"0";"0"
"2022";"Dengue";"CARIRI";"21ª REGIÃO JUAZEIRO DO NORTE";"JARDIM";"2022-03-05";"9";"0";"0";"0";"0";"0";"0"
"2022";"Dengue";"SOBRAL";"11ª REGIÃO SOBRAL";"IRAUCUBA";"2022-03-26";"12";"0";"0";"0";"0";"0";"0"
"2022";"Dengue";"SOBRAL";"11ª REGIÃO SOBRAL";"URUOCA";"2022-04-02";"13";"0";"0";"0";"0";"0";"0"
"2022";"Dengue";"FORTALEZA";"02ª REGIÃO CAUCAIA";"TEJUCUOCA";"2022-07-30";"30";"0";"2";"0";"0";"1";"0"
"2022";"Dengue";"FORTALEZA";"04ª REGIÃO BATURITÉ";"ARACOIABA";"2022-01-22";"3";"0";"1";"0";"0";"1";"0"
"2022";"Dengue";"SERTÃO CENTRAL";"08ª REGIÃO QUIXADÁ";"BANABUIU";"2022-07-09";"27";"0";"6";"0";"0";"2";"0"
"2022";"Dengue";"LITORAL LESTE/JAGUARIBE";"10ª REGIÃO LIMOEIRO DO NORTE";"PEREIRO";"2022-05-21";"20";"0";"11";"0";"0";"8";"0"
"2022";"Dengue";"CARIRI";"18ª REGIÃO IGUATU";"JUCAS";"2022-05-21";"20";"0";"0";"0";"0";"0";"0"
"2022";"Dengue";"CARIRI";"20ª REGIÃO CRATO";"ANTONINA DO NORTE";"2022-03-12";"10";"0";"0";"0";"0";"0";"0"
"2022";"Dengue";"SOBRAL";"16ª REGIÃO CAMOCIM";"GRANJA";"2022-04-09";"14";"0";"3";"0";"0";"0";"0"
"2022";"Dengue";"SOBRAL";"16ª REGIÃO CAMOCIM";"BARROQUINHA";"2022-06-04";"22";"0";"2";"0";"0";"0";"0"
"2022";"Dengue";"SOBRAL";"11ª REGIÃO SOBRAL";"SENADOR SA";"2022-04-16";"15";"0";"0";"0";"0";"0";"0"
"2022";"Dengue";"LITORAL LESTE/JAGUARIBE";"07ª REGIÃO ARACATI";"ARACATI";"2022-11-12";"45";"0";"3";"0";"0";"1";"0"
"2022";"Dengue";"FORTALEZA";"02ª REGIÃO CAUCAIA";"APUIARES";"2022-11-12";"45";"0";"0";"0";"0";"0";"0"
"2022";"Dengue";"CARIRI";"19ª REGIÃO BREJO SANTO";"MILAGRES";"2022-10-01";"39";"0";"0";"0";"0";"0";"0"
"2022";"Dengue";"SOBRAL";"16ª REGIÃO CAMOCIM";"CHAVAL";"2022-03-05";"9";"0";"0";"0";"0";"0";"0"
"2022";"Dengue";"FORTALEZA";"03ª REGIÃO MARACANAÚ";"MARANGUAPE";"2022-01-15";"2";"0";"9";"0";"0";"5";"1"
"2022";"Dengue";"CARIRI";"19ª REGIÃO BREJO SANTO";"BARRO";"2022-08-20";"33";"0";"1";"0";"0";"0";"0"
"2022";"Dengue";"CARIRI";"20ª REGIÃO CRATO";"VARZEA ALEGRE";"2022-08-20";"33";"0";"1";"0";"0";"0";"0"
"2022";"Dengue";"CARIRI";"20ª REGIÃO CRATO";"TARRAFAS";"2022-09-24";"38";"0";"0";"0";"0";"0";"0"
"2022";"Dengue";"CARIRI";"20ª REGIÃO CRATO";"ALTANEIRA";"2022-08-20";"33";"0";"0";"0";"0";"0";"0"
"2022";"Dengue";"CARIRI";"20ª REGIÃO CRATO";"FARIAS BRITO";"2022-10-15";"41";"0";"0";"0";"0";"0";"0"
"2022";"Dengue";"CARIRI";"17ª REGIÃO ICÓ";"UMARI";"2022-04-23";"16";"0";"10";"0";"0";"2";"6"
"2022";"Dengue";"LITORAL LESTE/JAGUARIBE";"10ª REGIÃO LIMOEIRO DO NORTE";"JAGUARIBARA";"2022-06-25";"25";"0";"26";"0";"0";"8";"0"
"2022";"Dengue";"SOBRAL";"15ª REGIÃO CRATEÚS";"NOVA RUSSAS";"2022-08-13";"32";"0";"5";"0";"0";"1";"1"
"2022";"Dengue";"CARIRI";"20ª REGIÃO CRATO";"ARARIPE";"2022-10-01";"39";"0";"1";"0";"0";"0";"0"
"2022";"Dengue";"SOBRAL";"11ª REGIÃO SOBRAL";"FRECHEIRINHA";"2022-08-06";"31";"0";"0";"0";"0";"0";"0"
"2022";"Dengue";"SERTÃO CENTRAL";"14ª REGIÃO TAUÁ";"TAUA";"2022-01-08";"1";"0";"5";"0";"0";"0";"1"
"2022";"Dengue";"SOBRAL";"12ª REGIÃO ACARAÚ";"MARCO";"2022-02-05";"5";"0";"1";"0";"0";"0";"0"
"2022";"Dengue";"CARIRI";"18ª REGIÃO IGUATU";"DEPUTADO IRAPUAN PINHEIRO";"2022-08-13";"32";"0";"0";"0";"0";"0";"0"
"2022";"Dengue";"SOBRAL";"11ª REGIÃO SOBRAL";"MORAUJO";"2022-07-09";"27";"0";"0";"0";"0";"0";"0"
"2022";"Dengue";"CARIRI";"19ª REGIÃO BREJO SANTO";"BREJO SANTO";"2022-04-16";"15";"0";"101";"0";"0";"8";"30"
"2022";"Dengue";"CARIRI";"20ª REGIÃO CRATO";"CAMPOS SALES";"2022-03-26";"12";"0";"5";"0";"0";"1";"0"
"2022";"Dengue";"CARIRI";"20ª REGIÃO CRATO";"ANTONINA DO NORTE";"2022-05-14";"19";"0";"0";"0";"0";"0";"0"
"2022";"Dengue";"SOBRAL";"12ª REGIÃO ACARAÚ";"CRUZ";"2022-06-25";"25";"0";"7";"0";"0";"1";"0"
"2022";"Dengue";"CARIRI";"19ª REGIÃO BREJO SANTO";"BREJO SANTO";"2022-12-17";"50";"0";"6";"0";"0";"1";"4"
"2022";"Dengue";"SOBRAL";"13ª REGIÃO TIANGUÁ";"TIANGUA";"2022-01-08";"1";"0";"4";"0";"0";"3";"0"
"2022";"Dengue";"SERTÃO CENTRAL";"14ª REGIÃO TAUÁ";"AIUABA";"2022-02-12";"6";"0";"1";"0";"0";"1";"0"
"2022";"Dengue";"LITORAL LESTE/JAGUARIBE";"07ª REGIÃO ARACATI";"ICAPUI";"2022-04-09";"14";"0";"50";"0";"0";"4";"13"
"2022";"Dengue";"CARIRI";"20ª REGIÃO CRATO";"NOVA OLINDA";"2022-02-19";"7";"0";"3";"0";"0";"0";"0"
"2022";"Dengue";"CARIRI";"20ª REGIÃO CRATO";"TARRAFAS";"2022-03-19";"11";"0";"0";"0";"0";"0";"0"
"2022";"Dengue";"CARIRI";"18ª REGIÃO IGUATU";"IGUATU";"2022-07-09";"27";"0";"1";"0";"0";"0";"1"
"2022";"Dengue";"CARIRI";"20ª REGIÃO CRATO";"NOVA OLINDA";"2022-11-26";"47";"0";"0";"0";"0";"0";"0"
"2022";"Dengue";"FORTALEZA";"22ª REGIÃO CASCAVEL";"BEBERIBE";"2022-07-16";"28";"0";"3";"0";"0";"2";"1"
"2022";"Dengue";"CARIRI";"18ª REGIÃO IGUATU";"DEPUTADO IRAPUAN PINHEIRO";"2022-10-29";"43";"0";"0";"0";"0";"0";"0"
"2022";"Dengue";"CARIRI";"17ª REGIÃO ICÓ";"LAVRAS DA MANGABEIRA";"2022-12-03";"48";"0";"0";"0";"0";"0";"0"
"2022";"Dengue";"SOBRAL";"15ª REGIÃO CRATEÚS";"QUITERIANOPOLIS";"2022-08-27";"34";"0";"0";"0";"0";"0";"0"
"2022";"Dengue";"FORTALEZA";"06ª REGIÃO DE ITAPIPOCA";"ITAPIPOCA";"2022-09-03";"35";"0";"6";"0";"0";"1";"2"
"2022";"Dengue";"CARIRI";"20ª REGIÃO CRATO";"ANTONINA DO NORTE";"2022-07-16";"28";"0";"0";"0";"0";"0";"0"
"2022";"Dengue";"FORTALEZA";"06ª REGIÃO DE ITAPIPOCA";"TRAIRI";"2022-12-03";"48";"0";"0";"0";"0";"0";"0"
"2022";"Dengue";"FORTALEZA";"22ª REGIÃO CASCAVEL";"PINDORETAMA";"2022-04-09";"14";"0";"60";"0";"0";"3";"0"
"2022";"Dengue";"SOBRAL";"15ª REGIÃO CRATEÚS";"PORANGA";"2022-01-22";"3";"0";"1";"0";"0";"1";"0"
"2022";"Dengue";"CARIRI";"19ª REGIÃO BREJO SANTO";"BARRO";"2022-12-31";"52";"0";"1";"0";"0";"0";"0"
"2022";"Dengue";"SOBRAL";"13ª REGIÃO TIANGUÁ";"IBIAPINA";"2022-10-15";"41";"0";"1";"0";"0";"0";"0"
"2022";"Dengue";"SOBRAL";"11ª REGIÃO SOBRAL";"CATUNDA";"2022-10-15";"41";"0";"0";"0";"0";"0";"0"
"2022";"Dengue";"SERTÃO CENTRAL";"08ª REGIÃO QUIXADÁ";"CHORO";"2022-06-25";"25";"0";"40";"0";"0";"7";"16"
"2022";"Dengue";"FORTALEZA";"01ª REGIÃO FORTALEZA";"FORTALEZA";"2022-09-03";"35";"0";"436";"0";"0";"49";"135"
"2022";"Dengue";"FORTALEZA";"03ª REGIÃO MARACANAÚ";"ACARAPE";"2022-06-25";"25";"0";"2";"0";"0";"0";"0"
"2022";"Dengue";"CARIRI";"21ª REGIÃO JUAZEIRO DO NORTE";"JARDIM";"2022-10-08";"40";"0";"0";"0";"0";"0";"0"
"2022";"Dengue";"FORTALEZA";"03ª REGIÃO MARACANAÚ";"MARANGUAPE";"2022-05-07";"18";"0";"18";"0";"0";"0";"10"
"2022";"Dengue";"SOBRAL";"15ª REGIÃO CRATEÚS";"TAMBORIL";"2022-06-11";"23";"0";"4";"0";"0";"1";"3"
"2022";"Dengue";"CARIRI";"20ª REGIÃO CRATO";"ANTONINA DO NORTE";"2022-09-10";"36";"0";"0";"0";"0";"0";"0"
"2022";"Dengue";"CARIRI";"20ª REGIÃO CRATO";"POTENGI";"2022-10-29";"43";"0";"0";"0";"0";"0";"0"
"2022";"Dengue";"CARIRI";"17ª REGIÃO ICÓ";"ICO";"2022-03-19";"11";"0";"2";"0";"0";"0";"0"
"2022";"Dengue";"SERTÃO CENTRAL";"08ª REGIÃO QUIXADÁ";"IBARETAMA";"2022-06-11";"23";"0";"4";"0";"0";"3";"0"
"2022";"Dengue";"SOBRAL";"11ª REGIÃO SOBRAL";"CARIRE";"2022-12-24";"51";"0";"0";"0";"0";"0";"0"
"2022";"Dengue";"CARIRI";"17ª REGIÃO ICÓ";"ICO";"2022-12-31";"52";"0";"0";"0";"0";"0";"0"
"2022";"Dengue";"LITORAL LESTE/JAGUARIBE";"10ª REGIÃO LIMOEIRO DO NORTE";"ALTO SANTO";"2022-05-21";"20";"0";"2";"0";"0";"0";"1"
"2022";"Dengue";"SERTÃO CENTRAL";"05ª REGIÃO DE CANINDÉ";"BOA VIAGEM";"2022-05-07";"18";"0";"48";"0";"0";"7";"17"
"2022";"Dengue";"FORTALEZA";"01ª REGIÃO FORTALEZA";"EUSEBIO";"2022-08-06";"31";"0";"0";"0";"0";"0";"0"
"2022";"Dengue";"CARIRI";"20ª REGIÃO CRATO";"CRATO";"2022-01-08";"1";"0";"2";"0";"0";"0";"1"
"2022";"Dengue";"CARIRI";"20ª REGIÃO CRATO";"CRATO";"2022-02-19";"7";"0";"76";"0";"0";"21";"37"
"2022";"Dengue";"SOBRAL";"11ª REGIÃO SOBRAL";"SANTA QUITERIA";"2022-01-08";"1";"0";"0";"0";"0";"0";"0"
"2022";"Dengue";"SOBRAL";"15ª REGIÃO CRATEÚS";"IPAPORANGA";"2022-01-08";"1";"0";"0";"0";"0";"0";"0"
"2022";"Dengue";"CARIRI";"18ª REGIÃO IGUATU";"CATARINA";"2022-08-13";"32";"0";"0";"0";"0";"0";"0"
"2022";"Dengue";"FORTALEZA";"01ª REGIÃO FORTALEZA";"EUSEBIO";"2022-04-09";"14";"0";"6";"0";"0";"0";"0"
"2022";"Dengue";"LITORAL LESTE/JAGUARIBE";"10ª REGIÃO LIMOEIRO DO NORTE";"ERERE";"2022-08-06";"31";"0";"0";"0";"0";"0";"0"
"2022";"Dengue";"SOBRAL";"12ª REGIÃO ACARAÚ";"CRUZ";"2022-05-14";"19";"0";"10";"0";"0";"3";"0"
"2022";"Dengue";"SOBRAL";"15ª REGIÃO CRATEÚS";"PORANGA";"2022-11-26";"47";"0";"0";"0";"0";"0";"0"
"2022";"Dengue";"FORTALEZA";"01ª REGIÃO FORTALEZA";"EUSEBIO";"2022-02-05";"5";"0";"0";"0";"0";"0";"0"
"2022";"Dengue";"CARIRI";"20ª REGIÃO CRATO";"NOVA OLINDA";"2022-10-15";"41";"0";"0";"0";"0";"0";"0"
"2022";"Dengue";"CARIRI";"18ª REGIÃO IGUATU";"QUIXELO";"2022-11-12";"45";"0";"0";"0";"0";"0";"0"
"2022";"Dengue";"FORTALEZA";"22ª REGIÃO CASCAVEL";"HORIZONTE";"2022-03-05";"9";"0";"1";"0";"0";"0";"0"
"2022";"Dengue";"CARIRI";"19ª REGIÃO BREJO SANTO";"MILAGRES";"2022-06-25";"25";"0";"1";"0";"0";"0";"1"
"2022";"Dengue";"LITORAL LESTE/JAGUARIBE";"10ª REGIÃO LIMOEIRO DO NORTE";"LIMOEIRO DO NORTE";"2022-07-09";"27";"0";"48";"0";"0";"14";"22"
"2022";"Dengue";"FORTALEZA";"04ª REGIÃO BATURITÉ";"ARACOIABA";"2022-10-01";"39";"0";"0";"0";"0";"0";"0"
"2022";"Dengue";"FORTALEZA";"06ª REGIÃO DE ITAPIPOCA";"MIRAIMA";"2022-07-02";"26";"0";"1";"0";"0";"0";"1"
"2022";"Dengue";"FORTALEZA";"03ª REGIÃO MARACANAÚ";"REDENCAO";"2022-12-03";"48";"0";"0";"0";"0";"0";"0"
"2022";"Dengue";"CARIRI";"20ª REGIÃO CRATO";"ARARIPE";"2022-08-13";"32";"0";"0";"0";"0";"0";"0"
"2022";"Dengue";"CARIRI";"19ª REGIÃO BREJO SANTO";"JATI";"2022-10-01";"39";"0";"0";"0";"0";"0";"0"
"2022";"Dengue";"CARIRI";"21ª REGIÃO JUAZEIRO DO NORTE";"JARDIM";"2022-04-30";"17";"0";"28";"0";"0";"8";"0"
"2022";"Dengue";"FORTALEZA";"22ª REGIÃO CASCAVEL";"PINDORETAMA";"2022-05-21";"20";"0";"21";"0";"0";"8";"0"
"2022";"Dengue";"CARIRI";"18ª REGIÃO IGUATU";"CARIUS";"2022-02-05";"5";"0";"0";"0";"0";"0";"0"
"2022";"Dengue";"FORTALEZA";"22ª REGIÃO CASCAVEL";"PINDORETAMA";"2022-04-02";"13";"0";"55";"0";"0";"8";"0"
"2022";"Dengue";"SERTÃO CENTRAL";"05ª REGIÃO DE CANINDÉ";"MADALENA";"2022-06-25";"25";"0";"9";"0";"0";"0";"5"
"2022";"Dengue";"FORTALEZA";"22ª REGIÃO CASCAVEL";"PACAJUS";"2022-02-05";"5";"0";"0";"0";"0";"0";"0"
"2022";"Dengue";"CARIRI";"19ª REGIÃO BREJO SANTO";"BREJO SANTO";"2022-10-15";"41";"0";"2";"0";"0";"0";"0"
"2022";"Dengue";"FORTALEZA";"06ª REGIÃO DE ITAPIPOCA";"TURURU";"2022-01-29";"4";"0";"0";"0";"0";"0";"0"
"2022";"Dengue";"SOBRAL";"11ª REGIÃO SOBRAL";"SENADOR SA";"2022-10-01";"39";"0";"0";"0";"0";"0";"0"
"2022";"Dengue";"SERTÃO CENTRAL";"08ª REGIÃO QUIXADÁ";"IBICUITINGA";"2022-05-07";"18";"0";"34";"0";"0";"19";"5"
"2022";"Dengue";"SOBRAL";"11ª REGIÃO SOBRAL";"FORQUILHA";"2022-12-24";"51";"0";"0";"0";"0";"0";"0"
"2022";"Dengue";"FORTALEZA";"02ª REGIÃO CAUCAIA";"CAUCAIA";"2022-10-22";"42";"0";"13";"0";"0";"0";"13"
"2022";"Dengue";"SOBRAL";"15ª REGIÃO CRATEÚS";"TAMBORIL";"2022-05-28";"21";"0";"10";"0";"0";"1";"1"
"2022";"Dengue";"SERTÃO CENTRAL";"08ª REGIÃO QUIXADÁ";"CHORO";"2022-10-01";"39";"0";"2";"0";"0";"1";"0"
"2022";"Dengue";"SERTÃO CENTRAL";"08ª REGIÃO QUIXADÁ";"MILHA";"2022-10-01";"39";"0";"1";"0";"0";"0";"0"
"2022";"Dengue";"SOBRAL";"11ª REGIÃO SOBRAL";"CARIRE";"2022-01-08";"1";"0";"0";"0";"0";"0";"0"
"2022";"Dengue";"FORTALEZA";"06ª REGIÃO DE ITAPIPOCA";"AMONTADA";"2022-01-08";"1";"0";"0";"0";"0";"0";"0"
"2022";"Dengue";"SOBRAL";"15ª REGIÃO CRATEÚS";"INDEPENDENCIA";"2022-08-06";"31";"0";"3";"0";"0";"0";"0"
"2022";"Dengue";"SOBRAL";"16ª REGIÃO CAMOCIM";"CAMOCIM";"2022-09-17";"37";"0";"3";"0";"0";"0";"0"
"2022";"Dengue";"FORTALEZA";"01ª REGIÃO FORTALEZA";"AQUIRAZ";"2022-07-16";"28";"0";"3";"0";"0";"0";"1"
"2022";"Dengue";"FORTALEZA";"03ª REGIÃO MARACANAÚ";"BARREIRA";"2022-12-10";"49";"0";"1";"0";"0";"1";"0"
"2022";"Dengue";"SOBRAL";"13ª REGIÃO TIANGUÁ";"SAO BENEDITO";"2022-10-22";"42";"0";"1";"0";"0";"0";"0"
"2022";"Dengue";"SOBRAL";"16ª REGIÃO CAMOCIM";"CHAVAL";"2022-04-23";"16";"0";"2";"0";"0";"0";"0"
"2022";"Dengue";"LITORAL LESTE/JAGUARIBE";"09ª REGIÃO RUSSAS";"JAGUARETAMA";"2022-12-10";"49";"0";"1";"0";"0";"1";"0"
"2022";"Dengue";"FORTALEZA";"02ª REGIÃO CAUCAIA";"SAO LUIS DO CURU";"2022-04-09";"14";"0";"0";"0";"0";"0";"0"
"2022";"Dengue";"LITORAL LESTE/JAGUARIBE";"10ª REGIÃO LIMOEIRO DO NORTE";"JAGUARIBE";"2022-02-26";"8";"0";"5";"0";"0";"0";"0"
"2022";"Dengue";"FORTALEZA";"02ª REGIÃO CAUCAIA";"SAO LUIS DO CURU";"2022-05-14";"19";"0";"0";"0";"0";"0";"0"
"2022";"Dengue";"SOBRAL";"11ª REGIÃO SOBRAL";"SENADOR SA";"2022-07-23";"29";"0";"0";"0";"0";"0";"0"
"2022";"Dengue";"CARIRI";"18ª REGIÃO IGUATU";"IGUATU";"2022-09-10";"36";"0";"0";"0";"0";"0";"0"
"2022";"Dengue";"CARIRI";"21ª REGIÃO JUAZEIRO DO NORTE";"MISSAO VELHA";"2022-02-19";"7";"0";"8";"0";"0";"0";"2"
"2022";"Dengue";"CARIRI";"18ª REGIÃO IGUATU";"SABOEIRO";"2022-01-15";"2";"0";"0";"0";"0";"0";"0"
"2022";"Dengue";"FORTALEZA";"06ª REGIÃO DE ITAPIPOCA";"ITAPIPOCA";"2022-11-19";"46";"0";"1";"0";"0";"0";"0"
"2022";"Dengue";"CARIRI";"18ª REGIÃO IGUATU";"ACOPIARA";"2022-06-11";"23";"0";"3";"0";"0";"3";"0"
"2022";"Dengue";"FORTALEZA";"02ª REGIÃO CAUCAIA";"TEJUCUOCA";"2022-02-26";"8";"0";"1";"0";"0";"0";"0"
"2022";"Dengue";"SOBRAL";"11ª REGIÃO SOBRAL";"RERIUTABA";"2022-01-15";"2";"0";"1";"0";"0";"0";"0"
"2022";"Dengue";"SOBRAL";"11ª REGIÃO SOBRAL";"CATUNDA";"2022-01-29";"4";"0";"0";"0";"0";"0";"0"
"2022";"Dengue";"SOBRAL";"11ª REGIÃO SOBRAL";"FRECHEIRINHA";"2022-07-16";"28";"0";"0";"0";"0";"0";"0"
"2022";"Dengue";"FORTALEZA";"02ª REGIÃO CAUCAIA";"GENERAL SAMPAIO";"2022-12-24";"51";"0";"0";"0";"0";"0";"0"
"2022";"Dengue";"SOBRAL";"12ª REGIÃO ACARAÚ";"BELA CRUZ";"2022-04-23";"16";"0";"8";"0";"0";"3";"2"
"2022";"Dengue";"SOBRAL";"11ª REGIÃO SOBRAL";"SANTANA DO ACARAU";"2022-01-15";"2";"0";"3";"0";"0";"1";"0"
"2022";"Dengue";"SOBRAL";"16ª REGIÃO CAMOCIM";"CAMOCIM";"2022-08-27";"34";"0";"18";"0";"0";"2";"0"
"2022";"Dengue";"SOBRAL";"15ª REGIÃO CRATEÚS";"IPAPORANGA";"2022-11-19";"46";"0";"0";"0";"0";"0";"0"
"2022";"Dengue";"SERTÃO CENTRAL";"08ª REGIÃO QUIXADÁ";"BANABUIU";"2022-10-15";"41";"0";"0";"0";"0";"0";"0"
"2022";"Dengue";"SERTÃO CENTRAL";"08ª REGIÃO QUIXADÁ";"SENADOR POMPEU";"2022-02-19";"7";"0";"0";"0";"0";"0";"0"
"2022";"Dengue";"FORTALEZA";"03ª REGIÃO MARACANAÚ";"GUAIUBA";"2022-05-14";"19";"0";"11";"0";"0";"2";"4"
"2022";"Dengue";"SOBRAL";"15ª REGIÃO CRATEÚS";"QUITERIANOPOLIS";"2022-11-26";"47";"0";"1";"0";"0";"0";"0"
"2022";"Dengue";"SOBRAL";"15ª REGIÃO CRATEÚS";"INDEPENDENCIA";"2022-05-14";"19";"0";"9";"0";"0";"2";"1"
"2022";"Dengue";"FORTALEZA";"04ª REGIÃO BATURITÉ";"ARACOIABA";"2022-06-04";"22";"0";"4";"0";"0";"0";"0"
"2022";"Dengue";"FORTALEZA";"06ª REGIÃO DE ITAPIPOCA";"AMONTADA";"2022-07-30";"30";"0";"2";"0";"0";"1";"0"
"2022";"Dengue";"SOBRAL";"13ª REGIÃO TIANGUÁ";"GUARACIABA DO NORTE";"2022-11-05";"44";"0";"1";"0";"0";"1";"0"
"2022";"Dengue";"CARIRI";"21ª REGIÃO JUAZEIRO DO NORTE";"JUAZEIRO DO NORTE";"2022-08-13";"32";"0";"5";"0";"0";"0";"0"
"2022";"Dengue";"FORTALEZA";"22ª REGIÃO CASCAVEL";"CHOROZINHO";"2022-04-23";"16";"0";"0";"0";"0";"0";"0"
"2022";"Dengue";"CARIRI";"17ª REGIÃO ICÓ";"ICO";"2022-08-13";"32";"0";"16";"0";"0";"0";"9"
"2022";"Dengue";"CARIRI";"20ª REGIÃO CRATO";"ARARIPE";"2022-02-26";"8";"0";"0";"0";"0";"0";"0"
"2022";"Dengue";"SOBRAL";"11ª REGIÃO SOBRAL";"VARJOTA";"2022-08-06";"31";"0";"0";"0";"0";"0";"0"
"2022";"Dengue";"LITORAL LESTE/JAGUARIBE";"10ª REGIÃO LIMOEIRO DO NORTE";"JAGUARIBE";"2022-12-17";"50";"0";"6";"0";"0";"2";"0"
"2022";"Dengue";"FORTALEZA";"01ª REGIÃO FORTALEZA";"ITAITINGA";"2022-08-06";"31";"0";"1";"0";"0";"0";"0"
"2022";"Dengue";"SOBRAL";"15ª REGIÃO CRATEÚS";"CRATEUS";"2022-07-09";"27";"0";"11";"0";"0";"1";"3"
"2022";"Dengue";"CARIRI";"17ª REGIÃO ICÓ";"CEDRO";"2022-04-16";"15";"0";"8";"0";"0";"0";"0"
"2022";"Dengue";"CARIRI";"18ª REGIÃO IGUATU";"SABOEIRO";"2022-02-12";"6";"0";"0";"0";"0";"0";"0"
"2022";"Dengue";"SERTÃO CENTRAL";"05ª REGIÃO DE CANINDÉ";"CARIDADE";"2022-12-03";"48";"0";"0";"0";"0";"0";"0"
"2022";"Dengue";"CARIRI";"20ª REGIÃO CRATO";"SALITRE";"2022-11-05";"44";"0";"1";"0";"0";"0";"0"
"2022";"Dengue";"LITORAL LESTE/JAGUARIBE";"07ª REGIÃO ARACATI";"ICAPUI";"2022-08-06";"31";"0";"32";"0";"0";"3";"8"
"2022";"Dengue";"CARIRI";"20ª REGIÃO CRATO";"ARARIPE";"2022-07-09";"27";"0";"0";"0";"0";"0";"0"
"2022";"Dengue";"CARIRI";"20ª REGIÃO CRATO";"ANTONINA DO NORTE";"2022-03-26";"12";"0";"0";"0";"0";"0";"0"
"2022";"Dengue";"FORTALEZA";"02ª REGIÃO CAUCAIA";"CAUCAIA";"2022-12-10";"49";"0";"6";"0";"0";"0";"4"
"2022";"Dengue";"FORTALEZA";"02ª REGIÃO CAUCAIA";"ITAPAJE";"2022-08-13";"32";"0";"0";"0";"0";"0";"0"
"2022";"Dengue";"LITORAL LESTE/JAGUARIBE";"10ª REGIÃO LIMOEIRO DO NORTE";"IRACEMA";"2022-11-05";"44";"0";"0";"0";"0";"0";"0"
"2022";"Dengue";"CARIRI";"18ª REGIÃO IGUATU";"PIQUET CARNEIRO";"2022-08-06";"31";"0";"1";"0";"0";"0";"0"
"2022";"Dengue";"LITORAL LESTE/JAGUARIBE";"10ª REGIÃO LIMOEIRO DO NORTE";"ALTO SANTO";"2022-03-05";"9";"0";"0";"0";"0";"0";"0"
"2022";"Dengue";"SERTÃO CENTRAL";"14ª REGIÃO TAUÁ";"AIUABA";"2022-04-09";"14";"0";"0";"0";"0";"0";"0"
"2022";"Dengue";"FORTALEZA";"02ª REGIÃO CAUCAIA";"TEJUCUOCA";"2022-12-31";"52";"0";"0";"0";"0";"0";"0"
"2022";"Dengue";"FORTALEZA";"04ª REGIÃO BATURITÉ";"PACOTI";"2022-12-10";"49";"0";"1";"0";"0";"0";"0"
"2022";"Dengue";"CARIRI";"21ª REGIÃO JUAZEIRO DO NORTE";"CARIRIACU";"2022-03-12";"10";"0";"3";"0";"0";"0";"0"
"2022";"Dengue";"FORTALEZA";"22ª REGIÃO CASCAVEL";"OCARA";"2022-07-23";"29";"0";"8";"0";"0";"0";"0"
"2022";"Dengue";"SERTÃO CENTRAL";"08ª REGIÃO QUIXADÁ";"IBICUITINGA";"2022-04-02";"13";"0";"1";"0";"0";"1";"0"
"2022";"Dengue";"SOBRAL";"12ª REGIÃO ACARAÚ";"ACARAU";"2022-06-18";"24";"0";"2";"0";"0";"0";"0"
"2022";"Dengue";"FORTALEZA";"04ª REGIÃO BATURITÉ";"ITAPIUNA";"2022-12-17";"50";"0";"2";"0";"0";"0";"0"
"2022";"Dengue";"CARIRI";"18ª REGIÃO IGUATU";"IGUATU";"2022-02-26";"8";"0";"2";"0";"0";"1";"0"
"2022";"Dengue";"FORTALEZA";"02ª REGIÃO CAUCAIA";"APUIARES";"2022-04-09";"14";"0";"0";"0";"0";"0";"0"
"2022";"Dengue";"SOBRAL";"16ª REGIÃO CAMOCIM";"GRANJA";"2022-07-23";"29";"0";"3";"0";"0";"1";"0"
"2022";"Dengue";"CARIRI";"20ª REGIÃO CRATO";"ARARIPE";"2022-10-22";"42";"0";"0";"0";"0";"0";"0"
"2022";"Dengue";"SOBRAL";"15ª REGIÃO CRATEÚS";"NOVO ORIENTE";"2022-11-19";"46";"0";"0";"0";"0";"0";"0"
"2022";"Dengue";"FORTALEZA";"04ª REGIÃO BATURITÉ";"CAPISTRANO";"2022-04-16";"15";"0";"0";"0";"0";"0";"0"
"2022";"Dengue";"SOBRAL";"13ª REGIÃO TIANGUÁ";"GUARACIABA DO NORTE";"2022-11-12";"45";"0";"0";"0";"0";"0";"0"
"2022";"Dengue";"CARIRI";"17ª REGIÃO ICÓ";"CEDRO";"2022-05-28";"21";"0";"47";"0";"0";"4";"0"
"2022";"Dengue";"CARIRI";"21ª REGIÃO JUAZEIRO DO NORTE";"GRANJEIRO";"2022-09-10";"36";"0";"0";"0";"0";"0";"0"
"2022";"Dengue";"SERTÃO CENTRAL";"05ª REGIÃO DE CANINDÉ";"CANINDE";"2022-12-17";"50";"0";"0";"0";"0";"0";"0"
"2022";"Dengue";"CARIRI";"20ª REGIÃO CRATO";"CRATO";"2022-10-01";"39";"0";"2";"0";"0";"0";"0"
"2022";"Dengue";"SOBRAL";"11ª REGIÃO SOBRAL";"IRAUCUBA";"2022-04-30";"17";"0";"2";"0";"0";"0";"0"
"2022";"Dengue";"SOBRAL";"11ª REGIÃO SOBRAL";"FORQUILHA";"2022-05-07";"18";"0";"11";"0";"0";"4";"1"
"2022";"Dengue";"FORTALEZA";"06ª REGIÃO DE ITAPIPOCA";"AMONTADA";"2022-06-04";"22";"0";"1";"0";"0";"0";"0"
"2022";"Dengue";"CARIRI";"19ª REGIÃO BREJO SANTO";"ABAIARA";"2022-05-07";"18";"0";"4";"0";"0";"0";"0"
"2022";"Dengue";"SOBRAL";"15ª REGIÃO CRATEÚS";"NOVA RUSSAS";"2022-05-21";"20";"0";"12";"0";"0";"3";"3"
"2022";"Dengue";"CARIRI";"18ª REGIÃO IGUATU";"CATARINA";"2022-12-31";"52";"0";"0";"0";"0";"0";"0"
"2022";"Dengue";"SERTÃO CENTRAL";"08ª REGIÃO QUIXADÁ";"SENADOR POMPEU";"2022-07-30";"30";"0";"1";"0";"0";"0";"0"
"2022";"Dengue";"LITORAL LESTE/JAGUARIBE";"07ª REGIÃO ARACATI";"ICAPUI";"2022-08-20";"33";"0";"12";"0";"0";"1";"1"
"2022";"Dengue";"SERTÃO CENTRAL";"05ª REGIÃO DE CANINDÉ";"BOA VIAGEM";"2022-04-09";"14";"0";"45";"0";"0";"3";"13"
"2022";"Dengue";"SOBRAL";"11ª REGIÃO SOBRAL";"ALCANTARAS";"2022-07-09";"27";"0";"2";"0";"0";"0";"2"
"2022";"Dengue";"SOBRAL";"11ª REGIÃO SOBRAL";"MUCAMBO";"2022-05-21";"20";"0";"0";"0";"0";"0";"0"
"2022";"Dengue";"SOBRAL";"13ª REGIÃO TIANGUÁ";"VICOSA DO CEARA";"2022-06-25";"25";"0";"4";"0";"0";"0";"0"
"2022";"Dengue";"FORTALEZA";"06ª REGIÃO DE ITAPIPOCA";"TRAIRI";"2022-11-19";"46";"0";"0";"0";"0";"0";"0"
"2022";"Dengue";"CARIRI";"20ª REGIÃO CRATO";"ASSARE";"2022-03-05";"9";"0";"2";"0";"0";"1";"0"
"2022";"Dengue";"SERTÃO CENTRAL";"08ª REGIÃO QUIXADÁ";"BANABUIU";"2022-11-05";"44";"0";"1";"0";"0";"0";"0"
"2022";"Dengue";"CARIRI";"19ª REGIÃO BREJO SANTO";"MILAGRES";"2022-08-27";"34";"0";"0";"0";"0";"0";"0"
"2022";"Dengue";"CARIRI";"20ª REGIÃO CRATO";"NOVA OLINDA";"2022-06-25";"25";"0";"0";"0";"0";"0";"0"
"2022";"Dengue";"SOBRAL";"11ª REGIÃO SOBRAL";"MUCAMBO";"2022-06-11";"23";"0";"3";"0";"0";"0";"0"
"2022";"Dengue";"FORTALEZA";"02ª REGIÃO CAUCAIA";"PENTECOSTE";"2022-10-08";"40";"0";"0";"0";"0";"0";"0"
"2022";"Dengue";"SOBRAL";"11ª REGIÃO SOBRAL";"CATUNDA";"2022-03-19";"11";"0";"0";"0";"0";"0";"0"
"2022";"Dengue";"SOBRAL";"11ª REGIÃO SOBRAL";"URUOCA";"2022-11-19";"46";"0";"0";"0";"0";"0";"0"
"2022";"Dengue";"SERTÃO CENTRAL";"08ª REGIÃO QUIXADÁ";"BANABUIU";"2022-09-24";"38";"0";"4";"0";"0";"0";"0"
"2022";"Dengue";"SOBRAL";"11ª REGIÃO SOBRAL";"IRAUCUBA";"2022-08-20";"33";"0";"9";"0";"0";"0";"0"
"2022";"Dengue";"LITORAL LESTE/JAGUARIBE";"09ª REGIÃO RUSSAS";"JAGUARUANA";"2022-05-28";"21";"0";"14";"0";"0";"6";"1"
"2022";"Dengue";"SOBRAL";"15ª REGIÃO CRATEÚS";"QUITERIANOPOLIS";"2022-08-06";"31";"0";"3";"0";"0";"0";"0"
"2022";"Dengue";"SOBRAL";"15ª REGIÃO CRATEÚS";"ARARENDA";"2022-11-05";"44";"0";"1";"0";"0";"0";"0"
"2022";"Dengue";"FORTALEZA";"22ª REGIÃO CASCAVEL";"CASCAVEL";"2022-11-05";"44";"0";"2";"0";"0";"0";"0"
"2022";"Dengue";"FORTALEZA";"04ª REGIÃO BATURITÉ";"BATURITE";"2022-03-05";"9";"0";"0";"0";"0";"0";"0"
"2022";"Dengue";"SOBRAL";"11ª REGIÃO SOBRAL";"IPU";"2022-10-08";"40";"0";"1";"0";"0";"0";"0"
"2022";"Dengue";"SOBRAL";"13ª REGIÃO TIANGUÁ";"VICOSA DO CEARA";"2022-11-12";"45";"0";"4";"0";"0";"2";"0"
"2022";"Dengue";"SOBRAL";"11ª REGIÃO SOBRAL";"MUCAMBO";"2022-08-27";"34";"0";"1";"0";"0";"0";"0"
"2022";"Dengue";"SERTÃO CENTRAL";"08ª REGIÃO QUIXADÁ";"SENADOR POMPEU";"2022-05-21";"20";"0";"0";"0";"0";"0";"0"
"2022";"Dengue";"SOBRAL";"15ª REGIÃO CRATEÚS";"NOVO ORIENTE";"2022-07-23";"29";"0";"26";"0";"0";"2";"0"
"2022";"Dengue";"LITORAL LESTE/JAGUARIBE";"10ª REGIÃO LIMOEIRO DO NORTE";"JAGUARIBARA";"2022-08-06";"31";"0";"21";"0";"0";"5";"0"
"2022";"Dengue";"CARIRI";"18ª REGIÃO IGUATU";"SABOEIRO";"2022-06-18";"24";"0";"12";"0";"0";"0";"1"
"2022";"Dengue";"LITORAL LESTE/JAGUARIBE";"10ª REGIÃO LIMOEIRO DO NORTE";"PEREIRO";"2022-05-28";"21";"0";"7";"0";"0";"0";"0"
"2022";"Dengue";"CARIRI";"19ª REGIÃO BREJO SANTO";"PORTEIRAS";"2022-08-27";"34";"0";"1";"0";"0";"0";"0"
"2022";"Dengue";"FORTALEZA";"04ª REGIÃO BATURITÉ";"MULUNGU";"2022-07-16";"28";"0";"3";"0";"0";"0";"1"
"2022";"Dengue";"SOBRAL";"12ª REGIÃO ACARAÚ";"JIJOCA DE JERICOACOARA";"2022-03-19";"11";"0";"1";"0";"0";"0";"0"
"2022";"Dengue";"CARIRI";"20ª REGIÃO CRATO";"FARIAS BRITO";"2022-07-16";"28";"0";"0";"0";"0";"0";"0"
"2022";"Dengue";"SOBRAL";"12ª REGIÃO ACARAÚ";"JIJOCA DE JERICOACOARA";"2022-07-23";"29";"0";"15";"0";"0";"0";"0"
"2022";"Dengue";"SERTÃO CENTRAL";"14ª REGIÃO TAUÁ";"TAUA";"2022-12-03";"48";"0";"5";"0";"0";"0";"0"
"2022";"Dengue";"SOBRAL";"16ª REGIÃO CAMOCIM";"BARROQUINHA";"2022-04-23";"16";"0";"0";"0";"0";"0";"0"
"2022";"Dengue";"SOBRAL";"15ª REGIÃO CRATEÚS";"PORANGA";"2022-03-26";"12";"0";"1";"0";"0";"0";"1"
"2022";"Dengue";"FORTALEZA";"03ª REGIÃO MARACANAÚ";"MARANGUAPE";"2022-04-30";"17";"0";"21";"0";"0";"0";"10"
"2022";"Dengue";"CARIRI";"19ª REGIÃO BREJO SANTO";"BREJO SANTO";"2022-03-12";"10";"0";"110";"0";"0";"7";"42"
"2022";"Dengue";"SOBRAL";"11ª REGIÃO SOBRAL";"CATUNDA";"2022-07-30";"30";"0";"1";"0";"0";"0";"0"
"2022";"Dengue";"SOBRAL";"15ª REGIÃO CRATEÚS";"NOVA RUSSAS";"2022-08-20";"33";"0";"5";"0";"0";"0";"2"
"2022";"Dengue";"CARIRI";"20ª REGIÃO CRATO";"ANTONINA DO NORTE";"2022-07-02";"26";"0";"0";"0";"0";"0";"0"
"2022";"Dengue";"SOBRAL";"13ª REGIÃO TIANGUÁ";"UBAJARA";"2022-07-30";"30";"0";"0";"0";"0";"0";"0"
"2022";"Dengue";"SOBRAL";"12ª REGIÃO ACARAÚ";"ITAREMA";"2022-09-10";"36";"0";"0";"0";"0";"0";"0"
"2022";"Dengue";"FORTALEZA";"04ª REGIÃO BATURITÉ";"ITAPIUNA";"2022-06-11";"23";"0";"3";"0";"0";"0";"2"
"2022";"Dengue";"LITORAL LESTE/JAGUARIBE";"10ª REGIÃO LIMOEIRO DO NORTE";"ALTO SANTO";"2022-02-19";"7";"0";"0";"0";"0";"0";"0"
"2022";"Dengue";"SOBRAL";"15ª REGIÃO CRATEÚS";"NOVA RUSSAS";"2022-10-15";"41";"0";"0";"0";"0";"0";"0"
"2022";"Dengue";"FORTALEZA";"06ª REGIÃO DE ITAPIPOCA";"ITAPIPOCA";"2022-05-07";"18";"0";"204";"0";"0";"28";"32"
"2022";"Dengue";"SOBRAL";"11ª REGIÃO SOBRAL";"FORQUILHA";"2022-10-01";"39";"0";"0";"0";"0";"0";"0"
"2022";"Dengue";"CARIRI";"20ª REGIÃO CRATO";"POTENGI";"2022-02-26";"8";"0";"0";"0";"0";"0";"0"
"2022";"Dengue";"CARIRI";"17ª REGIÃO ICÓ";"OROS";"2022-09-10";"36";"0";"3";"0";"0";"0";"1"
"2022";"Dengue";"SOBRAL";"11ª REGIÃO SOBRAL";"FRECHEIRINHA";"2022-11-05";"44";"0";"0";"0";"0";"0";"0"
"2022";"Dengue";"LITORAL LESTE/JAGUARIBE";"10ª REGIÃO LIMOEIRO DO NORTE";"POTIRETAMA";"2022-09-03";"35";"0";"1";"0";"0";"0";"0"
"2022";"Dengue";"CARIRI";"18ª REGIÃO IGUATU";"DEPUTADO IRAPUAN PINHEIRO";"2022-12-03";"48";"0";"0";"0";"0";"0";"0"
"2022";"Dengue";"CARIRI";"21ª REGIÃO JUAZEIRO DO NORTE";"GRANJEIRO";"2022-01-22";"3";"0";"2";"0";"0";"0";"0"
"2022";"Dengue";"CARIRI";"19ª REGIÃO BREJO SANTO";"BARRO";"2022-09-10";"36";"0";"0";"0";"0";"0";"0"
"2022";"Dengue";"FORTALEZA";"04ª REGIÃO BATURITÉ";"ITAPIUNA";"2022-10-08";"40";"0";"0";"0";"0";"0";"0"
"2022";"Dengue";"SOBRAL";"15ª REGIÃO CRATEÚS";"NOVA RUSSAS";"2022-03-19";"11";"0";"0";"0";"0";"0";"0"
"2022";"Dengue";"SOBRAL";"13ª REGIÃO TIANGUÁ";"GUARACIABA DO NORTE";"2022-04-09";"14";"0";"0";"0";"0";"0";"0"
"2022";"Dengue";"SOBRAL";"15ª REGIÃO CRATEÚS";"PORANGA";"2022-01-08";"1";"0";"8";"0";"0";"9";"0"
"2022";"Dengue";"CARIRI";"18ª REGIÃO IGUATU";"IGUATU";"2022-12-03";"48";"0";"0";"0";"0";"0";"0"
"2022";"Dengue";"SOBRAL";"15ª REGIÃO CRATEÚS";"NOVO ORIENTE";"2022-12-24";"51";"0";"0";"0";"0";"0";"0"
"2022";"Dengue";"SOBRAL";"15ª REGIÃO CRATEÚS";"INDEPENDENCIA";"2022-06-25";"25";"0";"14";"0";"0";"1";"0"
"2022";"Dengue";"SERTÃO CENTRAL";"05ª REGIÃO DE CANINDÉ";"CANINDE";"2022-02-12";"6";"0";"1";"0";"0";"0";"0"
"2022";"Dengue";"SERTÃO CENTRAL";"08ª REGIÃO QUIXADÁ";"SENADOR POMPEU";"2022-09-24";"38";"0";"5";"0";"0";"0";"0"
"2022";"Dengue";"SOBRAL";"15ª REGIÃO CRATEÚS";"MONSENHOR TABOSA";"2022-06-18";"24";"0";"8";"0";"0";"0";"8"
"2022";"Dengue";"FORTALEZA";"06ª REGIÃO DE ITAPIPOCA";"TURURU";"2022-04-16";"15";"0";"37";"0";"0";"3";"11"
"2022";"Dengue";"FORTALEZA";"02ª REGIÃO CAUCAIA";"ITAPAJE";"2022-01-22";"3";"0";"0";"0";"0";"0";"0"
"2022";"Dengue";"FORTALEZA";"06ª REGIÃO DE ITAPIPOCA";"MIRAIMA";"2022-03-12";"10";"0";"1";"0";"0";"0";"2"
"2022";"Dengue";"SOBRAL";"15ª REGIÃO CRATEÚS";"IPAPORANGA";"2022-04-16";"15";"0";"1";"0";"0";"0";"0"
"2022";"Dengue";"SOBRAL";"13ª REGIÃO TIANGUÁ";"VICOSA DO CEARA";"2022-03-26";"12";"0";"4";"0";"0";"4";"0"
"2022";"Dengue";"SERTÃO CENTRAL";"14ª REGIÃO TAUÁ";"TAUA";"2022-04-02";"13";"0";"18";"0";"0";"5";"2"
"2022";"Dengue";"CARIRI";"19ª REGIÃO BREJO SANTO";"MILAGRES";"2022-05-07";"18";"0";"45";"0";"0";"0";"22"
"2022";"Dengue";"CARIRI";"17ª REGIÃO ICÓ";"IPAUMIRIM";"2022-04-23";"16";"0";"0";"0";"0";"0";"0"
"2022";"Dengue";"SOBRAL";"11ª REGIÃO SOBRAL";"FRECHEIRINHA";"2022-07-02";"26";"0";"1";"0";"0";"0";"0"
"2022";"Dengue";"SOBRAL";"11ª REGIÃO SOBRAL";"IRAUCUBA";"2022-01-22";"3";"0";"0";"0";"0";"0";"0"
"2022";"Dengue";"CARIRI";"17ª REGIÃO ICÓ";"IPAUMIRIM";"2022-10-22";"42";"0";"0";"0";"0";"0";"0"
"2022";"Dengue";"SOBRAL";"13ª REGIÃO TIANGUÁ";"CROATA";"2022-11-19";"46";"0";"0";"0";"0";"0";"0"
"2022";"Dengue";"CARIRI";"17ª REGIÃO ICÓ";"CEDRO";"2022-06-04";"22";"0";"24";"0";"0";"1";"1"
"2022";"Dengue";"CARIRI";"18ª REGIÃO IGUATU";"CARIUS";"2022-07-23";"29";"0";"0";"0";"0";"0";"0"
"2022";"Dengue";"CARIRI";"17ª REGIÃO ICÓ";"OROS";"2022-11-12";"45";"0";"1";"0";"0";"0";"0"
"2022";"Dengue";"FORTALEZA";"04ª REGIÃO BATURITÉ";"ARATUBA";"2022-09-17";"37";"0";"0";"0";"0";"0";"0"
"2022";"Dengue";"FORTALEZA";"04ª REGIÃO BATURITÉ";"MULUNGU";"2022-04-02";"13";"0";"58";"0";"0";"12";"26"
"2022";"Dengue";"SOBRAL";"16ª REGIÃO CAMOCIM";"MARTINOPOLE";"2022-01-08";"1";"0";"0";"0";"0";"0";"0"
"2022";"Dengue";"CARIRI";"21ª REGIÃO JUAZEIRO DO NORTE";"BARBALHA";"2022-01-22";"3";"0";"68";"0";"0";"0";"0"
"2022";"Dengue";"CARIRI";"19ª REGIÃO BREJO SANTO";"AURORA";"2022-05-07";"18";"0";"9";"0";"0";"0";"0"
"2022";"Dengue";"CARIRI";"21ª REGIÃO JUAZEIRO DO NORTE";"GRANJEIRO";"2022-02-05";"5";"0";"0";"0";"0";"0";"0"
"2022";"Dengue";"SOBRAL";"15ª REGIÃO CRATEÚS";"NOVA RUSSAS";"2022-12-03";"48";"0";"0";"0";"0";"0";"0"
"2022";"Dengue";"SOBRAL";"11ª REGIÃO SOBRAL";"CARIRE";"2022-06-18";"24";"0";"0";"0";"0";"0";"0"
"2022";"Dengue";"FORTALEZA";"01ª REGIÃO FORTALEZA";"FORTALEZA";"2022-02-05";"5";"0";"114";"0";"0";"10";"16"
"2022";"Dengue";"FORTALEZA";"06ª REGIÃO DE ITAPIPOCA";"URUBURETAMA";"2022-01-08";"1";"0";"2";"0";"0";"0";"0"
"2022";"Dengue";"SERTÃO CENTRAL";"08ª REGIÃO QUIXADÁ";"SOLONOPOLE";"2022-06-04";"22";"0";"3";"0";"0";"0";"0"
"2022";"Dengue";"SERTÃO CENTRAL";"08ª REGIÃO QUIXADÁ";"PEDRA BRANCA";"2022-06-25";"25";"0";"6";"0";"0";"0";"2"
"2022";"Dengue";"SOBRAL";"16ª REGIÃO CAMOCIM";"GRANJA";"2022-10-29";"43";"0";"0";"0";"0";"0";"0"
"2022";"Dengue";"SOBRAL";"15ª REGIÃO CRATEÚS";"INDEPENDENCIA";"2022-05-21";"20";"0";"7";"0";"0";"2";"0"
"2022";"Dengue";"SERTÃO CENTRAL";"08ª REGIÃO QUIXADÁ";"QUIXADA";"2022-09-03";"35";"0";"4";"0";"0";"1";"1"
"2022";"Dengue";"SOBRAL";"15ª REGIÃO CRATEÚS";"TAMBORIL";"2022-09-10";"36";"0";"1";"0";"0";"0";"0"
"2022";"Dengue";"FORTALEZA";"22ª REGIÃO CASCAVEL";"BEBERIBE";"2022-11-05";"44";"0";"1";"0";"0";"0";"1"
"2022";"Dengue";"LITORAL LESTE/JAGUARIBE";"07ª REGIÃO ARACATI";"FORTIM";"2022-07-23";"29";"0";"2";"0";"0";"0";"0"
"2022";"Dengue";"SOBRAL";"11ª REGIÃO SOBRAL";"COREAU";"2022-07-09";"27";"0";"7";"0";"0";"1";"1"
"2022";"Dengue";"SERTÃO CENTRAL";"14ª REGIÃO TAUÁ";"TAUA";"2022-11-12";"45";"0";"12";"0";"0";"1";"0"
"2022";"Dengue";"SOBRAL";"13ª REGIÃO TIANGUÁ";"SAO BENEDITO";"2022-04-30";"17";"0";"2";"0";"0";"0";"0"
"2022";"Dengue";"SERTÃO CENTRAL";"08ª REGIÃO QUIXADÁ";"QUIXADA";"2022-12-31";"52";"0";"1";"0";"0";"0";"0"
"2022";"Dengue";"CARIRI";"17ª REGIÃO ICÓ";"OROS";"2022-02-12";"6";"0";"0";"0";"0";"0";"0"
"2022";"Dengue";"FORTALEZA";"22ª REGIÃO CASCAVEL";"CHOROZINHO";"2022-06-18";"24";"0";"4";"0";"0";"0";"0"
"2022";"Dengue";"SOBRAL";"16ª REGIÃO CAMOCIM";"CHAVAL";"2022-11-26";"47";"0";"0";"0";"0";"0";"0"
"2022";"Dengue";"FORTALEZA";"02ª REGIÃO CAUCAIA";"APUIARES";"2022-03-19";"11";"0";"0";"0";"0";"0";"0"
"2022";"Dengue";"CARIRI";"20ª REGIÃO CRATO";"TARRAFAS";"2022-02-12";"6";"0";"0";"0";"0";"0";"0"
"2022";"Dengue";"LITORAL LESTE/JAGUARIBE";"09ª REGIÃO RUSSAS";"JAGUARETAMA";"2022-06-04";"22";"0";"0";"0";"0";"0";"0"
"2022";"Dengue";"SOBRAL";"11ª REGIÃO SOBRAL";"VARJOTA";"2022-02-26";"8";"0";"0";"0";"0";"0";"0"
"2022";"Dengue";"SERTÃO CENTRAL";"08ª REGIÃO QUIXADÁ";"QUIXADA";"2022-10-08";"40";"0";"3";"0";"0";"0";"2"
"2022";"Dengue";"SERTÃO CENTRAL";"05ª REGIÃO DE CANINDÉ";"CANINDE";"2022-11-05";"44";"0";"0";"0";"0";"0";"0"
"2022";"Dengue";"CARIRI";"18ª REGIÃO IGUATU";"PIQUET CARNEIRO";"2022-04-23";"16";"0";"0";"0";"0";"0";"0"
"2022";"Dengue";"CARIRI";"20ª REGIÃO CRATO";"ALTANEIRA";"2022-06-25";"25";"0";"0";"0";"0";"0";"0"
"2022";"Dengue";"CARIRI";"20ª REGIÃO CRATO";"SANTANA DO CARIRI";"2022-09-10";"36";"0";"0";"0";"0";"0";"0"
"2022";"Dengue";"SOBRAL";"15ª REGIÃO CRATEÚS";"PORANGA";"2022-08-06";"31";"0";"0";"0";"0";"0";"0"
"2022";"Dengue";"SOBRAL";"16ª REGIÃO CAMOCIM";"BARROQUINHA";"2022-10-29";"43";"0";"0";"0";"0";"0";"0"
"2022";"Dengue";"SOBRAL";"11ª REGIÃO SOBRAL";"RERIUTABA";"2022-06-04";"22";"0";"1";"0";"0";"0";"0"
"2022";"Dengue";"FORTALEZA";"03ª REGIÃO MARACANAÚ";"MARACANAU";"2022-07-30";"30";"0";"8";"0";"0";"0";"5"
"2022";"Dengue";"CARIRI";"20ª REGIÃO CRATO";"SALITRE";"2022-07-09";"27";"0";"0";"0";"0";"0";"0"
"2022";"Dengue";"CARIRI";"18ª REGIÃO IGUATU";"QUIXELO";"2022-06-04";"22";"0";"0";"0";"0";"0";"0"
"2022";"Dengue";"SOBRAL";"16ª REGIÃO CAMOCIM";"MARTINOPOLE";"2022-08-27";"34";"0";"0";"0";"0";"0";"0"
"2022";"Dengue";"SOBRAL";"11ª REGIÃO SOBRAL";"FRECHEIRINHA";"2022-04-30";"17";"0";"3";"0";"0";"0";"0"
"2022";"Dengue";"FORTALEZA";"22ª REGIÃO CASCAVEL";"PACAJUS";"2022-08-13";"32";"0";"0";"0";"0";"0";"0"
"2022";"Dengue";"CARIRI";"17ª REGIÃO ICÓ";"CEDRO";"2022-09-03";"35";"0";"0";"0";"0";"0";"0"
"2022";"Dengue";"CARIRI";"19ª REGIÃO BREJO SANTO";"BREJO SANTO";"2022-07-16";"28";"0";"18";"0";"0";"0";"15"
"2022";"Dengue";"SOBRAL";"12ª REGIÃO ACARAÚ";"MORRINHOS";"2022-07-23";"29";"0";"0";"0";"0";"0";"0"
"2022";"Dengue";"FORTALEZA";"02ª REGIÃO CAUCAIA";"PARACURU";"2022-01-29";"4";"0";"0";"0";"0";"0";"0"
"2022";"Dengue";"FORTALEZA";"06ª REGIÃO DE ITAPIPOCA";"UMIRIM";"2022-03-12";"10";"0";"0";"0";"0";"0";"0"
"2022";"Dengue";"SOBRAL";"11ª REGIÃO SOBRAL";"MERUOCA";"2022-12-31";"52";"0";"1";"0";"0";"0";"0"
"2022";"Dengue";"SOBRAL";"11ª REGIÃO SOBRAL";"PACUJA";"2022-03-12";"10";"0";"0";"0";"0";"0";"0"
"2022";"Dengue";"SOBRAL";"13ª REGIÃO TIANGUÁ";"UBAJARA";"2022-07-02";"26";"0";"0";"0";"0";"0";"0"
"2022";"Dengue";"SERTÃO CENTRAL";"05ª REGIÃO DE CANINDÉ";"CANINDE";"2022-04-16";"15";"0";"8";"0";"0";"0";"0"
"2022";"Dengue";"SOBRAL";"11ª REGIÃO SOBRAL";"IRAUCUBA";"2022-12-24";"51";"0";"0";"0";"0";"0";"0"
"2022";"Dengue";"SOBRAL";"11ª REGIÃO SOBRAL";"HIDROLANDIA";"2022-04-23";"16";"0";"1";"0";"0";"0";"0"
"2022";"Dengue";"CARIRI";"21ª REGIÃO JUAZEIRO DO NORTE";"BARBALHA";"2022-11-12";"45";"0";"0";"0";"0";"0";"0"
"2022";"Dengue";"FORTALEZA";"04ª REGIÃO BATURITÉ";"MULUNGU";"2022-11-19";"46";"0";"0";"0";"0";"0";"0"
"2022";"Dengue";"CARIRI";"21ª REGIÃO JUAZEIRO DO NORTE";"MISSAO VELHA";"2022-01-15";"2";"0";"0";"0";"0";"0";"0"
"2022";"Dengue";"SERTÃO CENTRAL";"14ª REGIÃO TAUÁ";"TAUA";"2022-07-23";"29";"0";"43";"0";"0";"18";"2"
"2022";"Dengue";"FORTALEZA";"04ª REGIÃO BATURITÉ";"PACOTI";"2022-05-21";"20";"0";"0";"0";"0";"0";"0"
"2022";"Dengue";"SOBRAL";"15ª REGIÃO CRATEÚS";"PORANGA";"2022-04-02";"13";"0";"0";"0";"0";"0";"0"
"2022";"Dengue";"CARIRI";"19ª REGIÃO BREJO SANTO";"JATI";"2022-09-03";"35";"0";"1";"0";"0";"0";"1"
"2022";"Dengue";"SOBRAL";"15ª REGIÃO CRATEÚS";"MONSENHOR TABOSA";"2022-12-24";"51";"0";"5";"0";"0";"0";"1"
"2022";"Dengue";"FORTALEZA";"04ª REGIÃO BATURITÉ";"PACOTI";"2022-11-12";"45";"0";"0";"0";"0";"0";"0"
"2022";"Dengue";"FORTALEZA";"03ª REGIÃO MARACANAÚ";"GUAIUBA";"2022-03-19";"11";"0";"0";"0";"0";"0";"0"
"2022";"Dengue";"CARIRI";"21ª REGIÃO JUAZEIRO DO NORTE";"GRANJEIRO";"2022-01-08";"1";"0";"1";"0";"0";"0";"0"
"2022";"Dengue";"FORTALEZA";"22ª REGIÃO CASCAVEL";"CASCAVEL";"2022-10-29";"43";"0";"5";"0";"0";"1";"0"
"2022";"Dengue";"FORTALEZA";"06ª REGIÃO DE ITAPIPOCA";"UMIRIM";"2022-07-09";"27";"0";"0";"0";"0";"0";"0"
"2022";"Dengue";"SOBRAL";"11ª REGIÃO SOBRAL";"PIRES FERREIRA";"2022-06-18";"24";"0";"4";"0";"0";"0";"0"
"2022";"Dengue";"SOBRAL";"13ª REGIÃO TIANGUÁ";"UBAJARA";"2022-12-03";"48";"0";"0";"0";"0";"0";"0"
"2022";"Dengue";"SOBRAL";"12ª REGIÃO ACARAÚ";"ITAREMA";"2022-08-13";"32";"0";"2";"0";"0";"1";"0"
"2022";"Dengue";"CARIRI";"21ª REGIÃO JUAZEIRO DO NORTE";"MISSAO VELHA";"2022-07-23";"29";"0";"0";"0";"0";"0";"0"
"2022";"Dengue";"SOBRAL";"11ª REGIÃO SOBRAL";"URUOCA";"2022-12-24";"51";"0";"0";"0";"0";"0";"0"
"2022";"Dengue";"FORTALEZA";"22ª REGIÃO CASCAVEL";"BEBERIBE";"2022-04-16";"15";"0";"6";"0";"0";"3";"2"
"2022";"Dengue";"SOBRAL";"12ª REGIÃO ACARAÚ";"CRUZ";"2022-10-01";"39";"0";"1";"0";"0";"0";"0"
"2022";"Dengue";"FORTALEZA";"02ª REGIÃO CAUCAIA";"TEJUCUOCA";"2022-06-18";"24";"0";"1";"0";"0";"0";"0"
"2022";"Dengue";"SERTÃO CENTRAL";"05ª REGIÃO DE CANINDÉ";"MADALENA";"2022-11-19";"46";"0";"0";"0";"0";"0";"0"
"2022";"Dengue";"SOBRAL";"11ª REGIÃO SOBRAL";"GROAIRAS";"2022-07-30";"30";"0";"4";"0";"0";"2";"0"
"2022";"Dengue";"CARIRI";"18ª REGIÃO IGUATU";"CATARINA";"2022-03-26";"12";"0";"0";"0";"0";"0";"0"
"2022";"Dengue";"FORTALEZA";"06ª REGIÃO DE ITAPIPOCA";"UMIRIM";"2022-07-02";"26";"0";"0";"0";"0";"0";"0"
"2022";"Dengue";"LITORAL LESTE/JAGUARIBE";"09ª REGIÃO RUSSAS";"PALHANO";"2022-01-15";"2";"0";"3";"0";"0";"0";"0"
"2022";"Dengue";"SOBRAL";"13ª REGIÃO TIANGUÁ";"CROATA";"2022-07-16";"28";"0";"5";"0";"0";"1";"2"
"2022";"Dengue";"FORTALEZA";"06ª REGIÃO DE ITAPIPOCA";"URUBURETAMA";"2022-11-12";"45";"0";"1";"0";"0";"0";"0"
"2022";"Dengue";"FORTALEZA";"06ª REGIÃO DE ITAPIPOCA";"ITAPIPOCA";"2022-10-22";"42";"0";"1";"0";"0";"0";"0"
"2022";"Dengue";"CARIRI";"19ª REGIÃO BREJO SANTO";"PORTEIRAS";"2022-01-08";"1";"0";"0";"0";"0";"0";"0"
"2022";"Dengue";"FORTALEZA";"22ª REGIÃO CASCAVEL";"PACAJUS";"2022-04-30";"17";"0";"27";"0";"0";"2";"7"
"2022";"Dengue";"SOBRAL";"13ª REGIÃO TIANGUÁ";"GUARACIABA DO NORTE";"2022-10-22";"42";"0";"0";"0";"0";"0";"0"
"2022";"Dengue";"FORTALEZA";"02ª REGIÃO CAUCAIA";"PENTECOSTE";"2022-10-01";"39";"0";"0";"0";"0";"0";"0"
"2022";"Dengue";"SOBRAL";"12ª REGIÃO ACARAÚ";"ITAREMA";"2022-04-23";"16";"0";"2";"0";"0";"0";"1"
"2022";"Dengue";"FORTALEZA";"01ª REGIÃO FORTALEZA";"AQUIRAZ";"2022-07-09";"27";"0";"2";"0";"0";"0";"1"
"2022";"Dengue";"SERTÃO CENTRAL";"08ª REGIÃO QUIXADÁ";"BANABUIU";"2022-03-26";"12";"0";"5";"0";"0";"0";"0"
"2022";"Dengue";"SERTÃO CENTRAL";"14ª REGIÃO TAUÁ";"ARNEIROZ";"2022-12-31";"52";"0";"0";"0";"0";"0";"0"
"2022";"Dengue";"SOBRAL";"11ª REGIÃO SOBRAL";"SOBRAL";"2022-09-10";"36";"0";"31";"0";"0";"0";"1"
"2022";"Dengue";"SOBRAL";"13ª REGIÃO TIANGUÁ";"TIANGUA";"2022-05-07";"18";"0";"27";"0";"0";"5";"0"
"2022";"Dengue";"CARIRI";"20ª REGIÃO CRATO";"ARARIPE";"2022-05-28";"21";"0";"13";"0";"0";"0";"0"
"2022";"Dengue";"CARIRI";"20ª REGIÃO CRATO";"ANTONINA DO NORTE";"2022-03-05";"9";"0";"0";"0";"0";"0";"0"
"2022";"Dengue";"FORTALEZA";"03ª REGIÃO MARACANAÚ";"ACARAPE";"2022-01-22";"3";"0";"0";"0";"0";"0";"0"
"2022";"Dengue";"SOBRAL";"15ª REGIÃO CRATEÚS";"NOVA RUSSAS";"2022-01-22";"3";"0";"0";"0";"0";"0";"0"
"2022";"Dengue";"FORTALEZA";"22ª REGIÃO CASCAVEL";"CASCAVEL";"2022-11-26";"47";"0";"0";"0";"0";"0";"0"
"2022";"Dengue";"SOBRAL";"11ª REGIÃO SOBRAL";"SANTANA DO ACARAU";"2022-01-08";"1";"0";"9";"0";"0";"3";"1"
"2022";"Dengue";"CARIRI";"21ª REGIÃO JUAZEIRO DO NORTE";"JARDIM";"2022-11-26";"47";"0";"0";"0";"0";"0";"0"
"2022";"Dengue";"LITORAL LESTE/JAGUARIBE";"10ª REGIÃO LIMOEIRO DO NORTE";"QUIXERE";"2022-08-06";"31";"0";"19";"0";"0";"1";"6"
"2022";"Dengue";"SOBRAL";"15ª REGIÃO CRATEÚS";"IPUEIRAS";"2022-01-08";"1";"0";"0";"0";"0";"0";"0"
"2022";"Dengue";"SOBRAL";"11ª REGIÃO SOBRAL";"SENADOR SA";"2022-08-06";"31";"0";"0";"0";"0";"0";"0"
"2022";"Dengue";"SOBRAL";"13ª REGIÃO TIANGUÁ";"CARNAUBAL";"2022-01-08";"1";"0";"0";"0";"0";"0";"0"
"2022";"Dengue";"LITORAL LESTE/JAGUARIBE";"09ª REGIÃO RUSSAS";"PALHANO";"2022-06-11";"23";"0";"55";"0";"0";"3";"10"
"2022";"Dengue";"SOBRAL";"11ª REGIÃO SOBRAL";"FRECHEIRINHA";"2022-12-10";"49";"0";"0";"0";"0";"0";"0"
"2022";"Dengue";"LITORAL LESTE/JAGUARIBE";"10ª REGIÃO LIMOEIRO DO NORTE";"ERERE";"2022-07-02";"26";"0";"0";"0";"0";"0";"0"
"2022";"Dengue";"CARIRI";"19ª REGIÃO BREJO SANTO";"BREJO SANTO";"2022-07-30";"30";"0";"14";"0";"0";"0";"14"
"2022";"Dengue";"SOBRAL";"15ª REGIÃO CRATEÚS";"QUITERIANOPOLIS";"2022-02-26";"8";"0";"0";"0";"0";"0";"0"
"2022";"Dengue";"FORTALEZA";"02ª REGIÃO CAUCAIA";"CAUCAIA";"2022-12-31";"52";"0";"15";"0";"0";"3";"8"
"2022";"Dengue";"SOBRAL";"15ª REGIÃO CRATEÚS";"PORANGA";"2022-06-25";"25";"0";"0";"0";"0";"0";"0"
"2022";"Dengue";"SOBRAL";"11ª REGIÃO SOBRAL";"HIDROLANDIA";"2022-10-01";"39";"0";"0";"0";"0";"0";"0"
"2022";"Dengue";"FORTALEZA";"22ª REGIÃO CASCAVEL";"OCARA";"2022-02-19";"7";"0";"0";"0";"0";"0";"0"
"2022";"Dengue";"SERTÃO CENTRAL";"14ª REGIÃO TAUÁ";"TAUA";"2022-11-26";"47";"0";"4";"0";"0";"1";"0"
"2022";"Dengue";"SOBRAL";"13ª REGIÃO TIANGUÁ";"VICOSA DO CEARA";"2022-01-15";"2";"0";"3";"0";"0";"1";"0"
"2022";"Dengue";"SOBRAL";"11ª REGIÃO SOBRAL";"MUCAMBO";"2022-04-30";"17";"0";"0";"0";"0";"0";"0"
"2022";"Dengue";"CARIRI";"19ª REGIÃO BREJO SANTO";"JATI";"2022-05-21";"20";"0";"10";"0";"0";"1";"0"
"2022";"Dengue";"SOBRAL";"16ª REGIÃO CAMOCIM";"CHAVAL";"2022-04-16";"15";"0";"0";"0";"0";"0";"0"
"2022";"Dengue";"SOBRAL";"11ª REGIÃO SOBRAL";"RERIUTABA";"2022-01-08";"1";"0";"2";"0";"0";"0";"0"
"2022";"Dengue";"SOBRAL";"11ª REGIÃO SOBRAL";"SANTA QUITERIA";"2022-07-30";"30";"0";"0";"0";"0";"0";"0"
"2022";"Dengue";"SOBRAL";"11ª REGIÃO SOBRAL";"IRAUCUBA";"2022-11-05";"44";"0";"0";"0";"0";"0";"0"
"2022";"Dengue";"SOBRAL";"11ª REGIÃO SOBRAL";"ALCANTARAS";"2022-09-03";"35";"0";"8";"0";"0";"6";"1"
"2022";"Dengue";"SERTÃO CENTRAL";"05ª REGIÃO DE CANINDÉ";"CARIDADE";"2022-09-10";"36";"0";"0";"0";"0";"0";"0"
"2022";"Dengue";"SERTÃO CENTRAL";"05ª REGIÃO DE CANINDÉ";"BOA VIAGEM";"2022-06-18";"24";"1";"17";"1";"0";"0";"6"
"2022";"Dengue";"LITORAL LESTE/JAGUARIBE";"10ª REGIÃO LIMOEIRO DO NORTE";"QUIXERE";"2022-12-24";"51";"0";"0";"0";"0";"0";"0"
"2022";"Dengue";"FORTALEZA";"04ª REGIÃO BATURITÉ";"ARATUBA";"2022-10-22";"42";"0";"1";"0";"0";"0";"1"
"2022";"Dengue";"FORTALEZA";"04ª REGIÃO BATURITÉ";"ARATUBA";"2022-07-02";"26";"0";"5";"0";"0";"1";"3"
"2022";"Dengue";"SERTÃO CENTRAL";"08ª REGIÃO QUIXADÁ";"QUIXERAMOBIM";"2022-05-14";"19";"0";"11";"0";"0";"4";"2"
"2022";"Dengue";"CARIRI";"18ª REGIÃO IGUATU";"IGUATU";"2022-03-26";"12";"0";"3";"0";"0";"1";"1"
"2022";"Dengue";"SOBRAL";"11ª REGIÃO SOBRAL";"PIRES FERREIRA";"2022-01-08";"1";"0";"0";"0";"0";"0";"0"
"2022";"Dengue";"SOBRAL";"15ª REGIÃO CRATEÚS";"ARARENDA";"2022-11-26";"47";"0";"0";"0";"0";"0";"0"
"2022";"Dengue";"LITORAL LESTE/JAGUARIBE";"10ª REGIÃO LIMOEIRO DO NORTE";"JAGUARIBARA";"2022-04-16";"15";"0";"0";"0";"0";"0";"0"
"2022";"Dengue";"SOBRAL";"11ª REGIÃO SOBRAL";"URUOCA";"2022-06-11";"23";"0";"0";"0";"0";"0";"0"
"2022";"Dengue";"FORTALEZA";"03ª REGIÃO MARACANAÚ";"BARREIRA";"2022-11-05";"44";"0";"0";"0";"0";"0";"0"
"2022";"Dengue";"SOBRAL";"11ª REGIÃO SOBRAL";"MERUOCA";"2022-12-03";"48";"0";"7";"0";"0";"1";"0"
"2022";"Dengue";"LITORAL LESTE/JAGUARIBE";"07ª REGIÃO ARACATI";"FORTIM";"2022-02-26";"8";"0";"0";"0";"0";"0";"0"
"2022";"Dengue";"CARIRI";"21ª REGIÃO JUAZEIRO DO NORTE";"JARDIM";"2022-06-25";"25";"0";"0";"0";"0";"0";"0"
"2022";"Dengue";"CARIRI";"21ª REGIÃO JUAZEIRO DO NORTE";"MISSAO VELHA";"2022-01-22";"3";"0";"0";"0";"0";"0";"0"
"2022";"Dengue";"CARIRI";"18ª REGIÃO IGUATU";"PIQUET CARNEIRO";"2022-07-02";"26";"0";"1";"0";"0";"0";"0"
"2022";"Dengue";"SOBRAL";"11ª REGIÃO SOBRAL";"SENADOR SA";"2022-09-17";"37";"0";"0";"0";"0";"0";"0"
"2022";"Dengue";"SOBRAL";"11ª REGIÃO SOBRAL";"IPU";"2022-02-05";"5";"0";"6";"0";"0";"1";"0"
"2022";"Dengue";"FORTALEZA";"04ª REGIÃO BATURITÉ";"ARATUBA";"2022-01-08";"1";"0";"11";"0";"0";"3";"6"
"2022";"Dengue";"SERTÃO CENTRAL";"08ª REGIÃO QUIXADÁ";"IBICUITINGA";"2022-04-09";"14";"0";"7";"0";"0";"4";"0"
"2022";"Dengue";"LITORAL LESTE/JAGUARIBE";"07ª REGIÃO ARACATI";"ARACATI";"2022-09-24";"38";"0";"2";"0";"0";"1";"0"
"2022";"Dengue";"SOBRAL";"15ª REGIÃO CRATEÚS";"ARARENDA";"2022-04-09";"14";"0";"0";"0";"0";"0";"0"
"2022";"Dengue";"FORTALEZA";"02ª REGIÃO CAUCAIA";"APUIARES";"2022-12-10";"49";"0";"0";"0";"0";"0";"0"
"2022";"Dengue";"CARIRI";"18ª REGIÃO IGUATU";"CATARINA";"2022-12-17";"50";"0";"0";"0";"0";"0";"0"
"2022";"Dengue";"SOBRAL";"11ª REGIÃO SOBRAL";"GROAIRAS";"2022-08-20";"33";"0";"2";"0";"0";"2";"0"
"2022";"Dengue";"CARIRI";"20ª REGIÃO CRATO";"ANTONINA DO NORTE";"2022-07-09";"27";"0";"0";"0";"0";"0";"0"
"2022";"Dengue";"SOBRAL";"11ª REGIÃO SOBRAL";"FORQUILHA";"2022-02-12";"6";"0";"0";"0";"0";"0";"0"
"2022";"Dengue";"SOBRAL";"15ª REGIÃO CRATEÚS";"QUITERIANOPOLIS";"2022-10-22";"42";"0";"0";"0";"0";"0";"0"
"2022";"Dengue";"CARIRI";"20ª REGIÃO CRATO";"CRATO";"2022-10-15";"41";"0";"0";"0";"0";"0";"0"
"2022";"Dengue";"LITORAL LESTE/JAGUARIBE";"10ª REGIÃO LIMOEIRO DO NORTE";"TABULEIRO DO NORTE";"2022-05-07";"18";"0";"4";"0";"0";"2";"0"
"2022";"Dengue";"SOBRAL";"11ª REGIÃO SOBRAL";"FORQUILHA";"2022-04-02";"13";"0";"2";"0";"0";"1";"0"
"2022";"Dengue";"SERTÃO CENTRAL";"05ª REGIÃO DE CANINDÉ";"CARIDADE";"2022-02-26";"8";"0";"1";"0";"0";"0";"1"
"2022";"Dengue";"CARIRI";"17ª REGIÃO ICÓ";"UMARI";"2022-06-04";"22";"0";"0";"0";"0";"0";"0"
"2022";"Dengue";"SOBRAL";"11ª REGIÃO SOBRAL";"GROAIRAS";"2022-12-31";"52";"0";"0";"0";"0";"0";"0"
"2022";"Dengue";"SOBRAL";"16ª REGIÃO CAMOCIM";"BARROQUINHA";"2022-02-05";"5";"0";"0";"0";"0";"0";"0"
"2022";"Dengue";"SOBRAL";"13ª REGIÃO TIANGUÁ";"UBAJARA";"2022-02-26";"8";"0";"0";"0";"0";"0";"0"
"2022";"Dengue";"CARIRI";"20ª REGIÃO CRATO";"CRATO";"2022-12-31";"52";"0";"1";"0";"0";"0";"1"
"2022";"Dengue";"SOBRAL";"13ª REGIÃO TIANGUÁ";"VICOSA DO CEARA";"2022-08-20";"33";"0";"2";"0";"0";"0";"0"
"2022";"Dengue";"SOBRAL";"11ª REGIÃO SOBRAL";"SENADOR SA";"2022-03-26";"12";"0";"0";"0";"0";"0";"0"
"2022";"Dengue";"CARIRI";"19ª REGIÃO BREJO SANTO";"MILAGRES";"2022-04-02";"13";"0";"22";"0";"0";"0";"0"
"2022";"Dengue";"SOBRAL";"15ª REGIÃO CRATEÚS";"IPUEIRAS";"2022-08-13";"32";"0";"2";"0";"0";"0";"1"
"2022";"Dengue";"CARIRI";"20ª REGIÃO CRATO";"SALITRE";"2022-01-08";"1";"0";"0";"0";"0";"0";"0"
"2022";"Dengue";"SOBRAL";"12ª REGIÃO ACARAÚ";"CRUZ";"2022-04-30";"17";"0";"4";"0";"0";"2";"0"
"2022";"Dengue";"SOBRAL";"11ª REGIÃO SOBRAL";"MORAUJO";"2022-09-24";"38";"0";"0";"0";"0";"0";"0"
"2022";"Dengue";"FORTALEZA";"22ª REGIÃO CASCAVEL";"BEBERIBE";"2022-10-29";"43";"0";"1";"0";"0";"0";"1"
"2022";"Dengue";"CARIRI";"20ª REGIÃO CRATO";"SALITRE";"2022-04-02";"13";"0";"5";"0";"0";"0";"0"
"2022";"Dengue";"FORTALEZA";"02ª REGIÃO CAUCAIA";"PARACURU";"2022-11-19";"46";"0";"1";"0";"0";"0";"1"
"2022";"Dengue";"SERTÃO CENTRAL";"14ª REGIÃO TAUÁ";"AIUABA";"2022-04-16";"15";"0";"2";"0";"0";"2";"0"
"2022";"Dengue";"CARIRI";"21ª REGIÃO JUAZEIRO DO NORTE";"JARDIM";"2022-08-20";"33";"0";"0";"0";"0";"0";"0"
"2022";"Dengue";"SERTÃO CENTRAL";"08ª REGIÃO QUIXADÁ";"SOLONOPOLE";"2022-01-22";"3";"0";"0";"0";"0";"0";"0"
"2022";"Dengue";"FORTALEZA";"01ª REGIÃO FORTALEZA";"AQUIRAZ";"2022-08-13";"32";"0";"1";"0";"0";"0";"0"
"2022";"Dengue";"FORTALEZA";"02ª REGIÃO CAUCAIA";"PARACURU";"2022-10-01";"39";"0";"1";"0";"0";"0";"1"
"2022";"Dengue";"CARIRI";"21ª REGIÃO JUAZEIRO DO NORTE";"BARBALHA";"2022-06-25";"25";"0";"3";"0";"0";"0";"0"
"2022";"Dengue";"CARIRI";"19ª REGIÃO BREJO SANTO";"MAURITI";"2022-09-03";"35";"0";"1";"0";"0";"0";"0"
"2022";"Dengue";"SERTÃO CENTRAL";"05ª REGIÃO DE CANINDÉ";"ITATIRA";"2022-01-22";"3";"0";"0";"0";"0";"0";"0"
"2022";"Dengue";"FORTALEZA";"04ª REGIÃO BATURITÉ";"GUARAMIRANGA";"2022-01-08";"1";"0";"0";"0";"0";"0";"0"
"2022";"Dengue";"SOBRAL";"15ª REGIÃO CRATEÚS";"NOVO ORIENTE";"2022-10-22";"42";"0";"0";"0";"0";"0";"0"
"2022";"Dengue";"LITORAL LESTE/JAGUARIBE";"10ª REGIÃO LIMOEIRO DO NORTE";"IRACEMA";"2022-08-06";"31";"0";"5";"0";"0";"0";"0"
"2022";"Dengue";"SOBRAL";"15ª REGIÃO CRATEÚS";"CRATEUS";"2022-09-10";"36";"0";"3";"0";"0";"0";"0"
"2022";"Dengue";"SOBRAL";"15ª REGIÃO CRATEÚS";"IPAPORANGA";"2022-12-03";"48";"0";"0";"0";"0";"0";"0"
"2022";"Dengue";"CARIRI";"17ª REGIÃO ICÓ";"ICO";"2022-11-26";"47";"0";"4";"0";"0";"0";"0"
"2022";"Dengue";"CARIRI";"19ª REGIÃO BREJO SANTO";"MILAGRES";"2022-06-18";"24";"0";"5";"0";"0";"0";"5"
"2022";"Dengue";"SOBRAL";"15ª REGIÃO CRATEÚS";"IPAPORANGA";"2022-06-04";"22";"0";"0";"0";"0";"0";"0"
"2022";"Dengue";"SOBRAL";"15ª REGIÃO CRATEÚS";"IPUEIRAS";"2022-09-17";"37";"0";"0";"0";"0";"0";"0"
"2022";"Dengue";"CARIRI";"19ª REGIÃO BREJO SANTO";"PENAFORTE";"2022-02-19";"7";"0";"24";"0";"0";"0";"11"
"2022";"Dengue";"CARIRI";"19ª REGIÃO BREJO SANTO";"PORTEIRAS";"2022-02-26";"8";"0";"3";"0";"0";"0";"0"
"2022";"Dengue";"CARIRI";"19ª REGIÃO BREJO SANTO";"MILAGRES";"2022-02-12";"6";"0";"6";"0";"0";"1";"0"
"2022";"Dengue";"SERTÃO CENTRAL";"08ª REGIÃO QUIXADÁ";"SENADOR POMPEU";"2022-04-16";"15";"0";"4";"0";"0";"0";"0"
"2022";"Dengue";"FORTALEZA";"22ª REGIÃO CASCAVEL";"PACAJUS";"2022-02-12";"6";"0";"0";"0";"0";"0";"0"
"2022";"Dengue";"FORTALEZA";"02ª REGIÃO CAUCAIA";"ITAPAJE";"2022-09-03";"35";"0";"1";"0";"0";"0";"0"
"2022";"Dengue";"SERTÃO CENTRAL";"05ª REGIÃO DE CANINDÉ";"CARIDADE";"2022-04-30";"17";"0";"5";"0";"0";"1";"3"
"2022";"Dengue";"CARIRI";"20ª REGIÃO CRATO";"FARIAS BRITO";"2022-04-02";"13";"0";"12";"0";"0";"2";"1"
"2022";"Dengue";"SERTÃO CENTRAL";"08ª REGIÃO QUIXADÁ";"IBICUITINGA";"2022-05-28";"21";"0";"17";"0";"0";"10";"1"
"2022";"Dengue";"CARIRI";"18ª REGIÃO IGUATU";"JUCAS";"2022-11-19";"46";"0";"0";"0";"0";"0";"0"
"2022";"Dengue";"SOBRAL";"15ª REGIÃO CRATEÚS";"CRATEUS";"2022-11-19";"46";"0";"0";"0";"0";"0";"0"
"2022";"Dengue";"FORTALEZA";"04ª REGIÃO BATURITÉ";"CAPISTRANO";"2022-02-26";"8";"0";"0";"0";"0";"0";"0"
"2022";"Dengue";"FORTALEZA";"01ª REGIÃO FORTALEZA";"AQUIRAZ";"2022-12-03";"48";"0";"2";"0";"0";"1";"0"
"2022";"Dengue";"LITORAL LESTE/JAGUARIBE";"10ª REGIÃO LIMOEIRO DO NORTE";"ERERE";"2022-06-04";"22";"0";"2";"0";"0";"0";"0"
"2022";"Dengue";"LITORAL LESTE/JAGUARIBE";"10ª REGIÃO LIMOEIRO DO NORTE";"PEREIRO";"2022-07-16";"28";"0";"0";"0";"0";"0";"0"
"2022";"Dengue";"FORTALEZA";"01ª REGIÃO FORTALEZA";"EUSEBIO";"2022-09-10";"36";"0";"1";"0";"0";"0";"0"
"2022";"Dengue";"CARIRI";"18ª REGIÃO IGUATU";"CARIUS";"2022-09-24";"38";"0";"0";"0";"0";"0";"0"
"2022";"Dengue";"SOBRAL";"15ª REGIÃO CRATEÚS";"ARARENDA";"2022-09-03";"35";"0";"0";"0";"0";"0";"0"
"2022";"Dengue";"LITORAL LESTE/JAGUARIBE";"07ª REGIÃO ARACATI";"ARACATI";"2022-06-04";"22";"0";"76";"0";"0";"2";"42"
"2022";"Dengue";"SOBRAL";"15ª REGIÃO CRATEÚS";"PORANGA";"2022-12-10";"49";"0";"0";"0";"0";"0";"0"
"2022";"Dengue";"FORTALEZA";"22ª REGIÃO CASCAVEL";"BEBERIBE";"2022-07-09";"27";"0";"6";"0";"0";"2";"4"
"2022";"Dengue";"SERTÃO CENTRAL";"08ª REGIÃO QUIXADÁ";"IBARETAMA";"2022-02-26";"8";"0";"0";"0";"0";"0";"0"
"2022";"Dengue";"SERTÃO CENTRAL";"08ª REGIÃO QUIXADÁ";"PEDRA BRANCA";"2022-05-28";"21";"0";"20";"0";"0";"3";"15"
"2022";"Dengue";"SERTÃO CENTRAL";"05ª REGIÃO DE CANINDÉ";"CARIDADE";"2022-07-30";"30";"0";"1";"0";"0";"0";"0"
"2022";"Dengue";"SOBRAL";"13ª REGIÃO TIANGUÁ";"VICOSA DO CEARA";"2022-12-03";"48";"0";"0";"0";"0";"0";"0"
"2022";"Dengue";"LITORAL LESTE/JAGUARIBE";"10ª REGIÃO LIMOEIRO DO NORTE";"LIMOEIRO DO NORTE";"2022-10-15";"41";"0";"15";"0";"0";"1";"12"
"2022";"Dengue";"SOBRAL";"11ª REGIÃO SOBRAL";"VARJOTA";"2022-01-08";"1";"0";"0";"0";"0";"0";"0"
"2022";"Dengue";"SERTÃO CENTRAL";"05ª REGIÃO DE CANINDÉ";"CANINDE";"2022-03-19";"11";"0";"13";"0";"0";"2";"0"
"2022";"Dengue";"FORTALEZA";"02ª REGIÃO CAUCAIA";"SAO GONCALO DO AMARANTE";"2022-05-28";"21";"0";"14";"0";"0";"2";"5"
"2022";"Dengue";"SOBRAL";"11ª REGIÃO SOBRAL";"SENADOR SA";"2022-07-09";"27";"0";"2";"0";"0";"0";"1"
"2022";"Dengue";"LITORAL LESTE/JAGUARIBE";"09ª REGIÃO RUSSAS";"RUSSAS";"2022-02-12";"6";"0";"1";"0";"0";"0";"0"
"2022";"Dengue";"CARIRI";"21ª REGIÃO JUAZEIRO DO NORTE";"MISSAO VELHA";"2022-10-08";"40";"0";"0";"0";"0";"0";"0"
"2022";"Dengue";"SOBRAL";"12ª REGIÃO ACARAÚ";"ITAREMA";"2022-12-31";"52";"0";"0";"0";"0";"0";"0"
"2022";"Dengue";"FORTALEZA";"02ª REGIÃO CAUCAIA";"PARAIPABA";"2022-06-18";"24";"0";"0";"0";"0";"0";"0"
"2022";"Dengue";"LITORAL LESTE/JAGUARIBE";"10ª REGIÃO LIMOEIRO DO NORTE";"JAGUARIBARA";"2022-10-15";"41";"0";"6";"0";"0";"5";"0"
"2022";"Dengue";"CARIRI";"18ª REGIÃO IGUATU";"QUIXELO";"2022-01-08";"1";"0";"0";"0";"0";"0";"0"
"2022";"Dengue";"FORTALEZA";"03ª REGIÃO MARACANAÚ";"PACATUBA";"2022-10-08";"40";"0";"4";"0";"0";"0";"0"
"2022";"Dengue";"CARIRI";"20ª REGIÃO CRATO";"ASSARE";"2022-07-16";"28";"0";"3";"0";"0";"1";"2"
"2022";"Dengue";"SOBRAL";"11ª REGIÃO SOBRAL";"PIRES FERREIRA";"2022-04-30";"17";"0";"3";"0";"0";"1";"1"
"2022";"Dengue";"SERTÃO CENTRAL";"05ª REGIÃO DE CANINDÉ";"MADALENA";"2022-10-08";"40";"0";"0";"0";"0";"0";"0"
"2022";"Dengue";"SOBRAL";"11ª REGIÃO SOBRAL";"SANTANA DO ACARAU";"2022-01-22";"3";"0";"0";"0";"0";"0";"0"
"2022";"Dengue";"SERTÃO CENTRAL";"05ª REGIÃO DE CANINDÉ";"ITATIRA";"2022-07-23";"29";"0";"0";"0";"0";"0";"0"
"2022";"Dengue";"SOBRAL";"11ª REGIÃO SOBRAL";"FRECHEIRINHA";"2022-04-09";"14";"0";"0";"0";"0";"0";"0"
"2022";"Dengue";"SERTÃO CENTRAL";"08ª REGIÃO QUIXADÁ";"CHORO";"2022-10-22";"42";"0";"2";"0";"0";"0";"1"
"2022";"Dengue";"SERTÃO CENTRAL";"14ª REGIÃO TAUÁ";"ARNEIROZ";"2022-07-16";"28";"0";"0";"0";"0";"0";"0"
"2022";"Dengue";"SERTÃO CENTRAL";"14ª REGIÃO TAUÁ";"ARNEIROZ";"2022-10-01";"39";"0";"0";"0";"0";"0";"0"
"2022";"Dengue";"FORTALEZA";"02ª REGIÃO CAUCAIA";"TEJUCUOCA";"2022-11-12";"45";"0";"0";"0";"0";"0";"0"
"2022";"Dengue";"SOBRAL";"12ª REGIÃO ACARAÚ";"ITAREMA";"2022-01-22";"3";"0";"0";"0";"0";"0";"0"
"2022";"Dengue";"SOBRAL";"11ª REGIÃO SOBRAL";"MERUOCA";"2022-01-15";"2";"0";"5";"0";"0";"4";"0"
"2022";"Dengue";"SOBRAL";"15ª REGIÃO CRATEÚS";"ARARENDA";"2022-01-08";"1";"0";"1";"0";"0";"1";"0"
"2022";"Dengue";"CARIRI";"17ª REGIÃO ICÓ";"UMARI";"2022-02-19";"7";"0";"0";"0";"0";"0";"0"
"2022";"Dengue";"LITORAL LESTE/JAGUARIBE";"10ª REGIÃO LIMOEIRO DO NORTE";"IRACEMA";"2022-11-19";"46";"0";"1";"0";"0";"0";"0"
"2022";"Dengue";"FORTALEZA";"02ª REGIÃO CAUCAIA";"GENERAL SAMPAIO";"2022-11-12";"45";"0";"0";"0";"0";"0";"0"
"2022";"Dengue";"FORTALEZA";"01ª REGIÃO FORTALEZA";"EUSEBIO";"2022-05-21";"20";"0";"6";"0";"0";"3";"0"
"2022";"Dengue";"FORTALEZA";"04ª REGIÃO BATURITÉ";"CAPISTRANO";"2022-10-15";"41";"0";"0";"0";"0";"0";"0"
"2022";"Dengue";"CARIRI";"17ª REGIÃO ICÓ";"LAVRAS DA MANGABEIRA";"2022-08-20";"33";"0";"6";"0";"0";"0";"5"
"2022";"Dengue";"CARIRI";"18ª REGIÃO IGUATU";"CARIUS";"2022-01-08";"1";"0";"0";"0";"0";"0";"0"
"2022";"Dengue";"LITORAL LESTE/JAGUARIBE";"07ª REGIÃO ARACATI";"ARACATI";"2022-12-24";"51";"0";"1";"0";"0";"0";"1"
"2022";"Dengue";"SERTÃO CENTRAL";"05ª REGIÃO DE CANINDÉ";"ITATIRA";"2022-09-17";"37";"0";"0";"0";"0";"0";"0"
"2022";"Dengue";"LITORAL LESTE/JAGUARIBE";"10ª REGIÃO LIMOEIRO DO NORTE";"SAO JOAO DO JAGUARIBE";"2022-03-12";"10";"0";"0";"0";"0";"0";"0"
"2022";"Dengue";"CARIRI";"20ª REGIÃO CRATO";"CRATO";"2022-09-24";"38";"0";"3";"0";"0";"0";"3"
"2022";"Dengue";"SOBRAL";"16ª REGIÃO CAMOCIM";"MARTINOPOLE";"2022-04-02";"13";"0";"0";"0";"0";"0";"0"
"2022";"Dengue";"SOBRAL";"15ª REGIÃO CRATEÚS";"CRATEUS";"2022-10-15";"41";"0";"7";"0";"0";"1";"0"
"2022";"Dengue";"LITORAL LESTE/JAGUARIBE";"07ª REGIÃO ARACATI";"ITAICABA";"2022-06-11";"23";"0";"6";"0";"0";"1";"0"
"2022";"Dengue";"SOBRAL";"15ª REGIÃO CRATEÚS";"NOVA RUSSAS";"2022-01-15";"2";"0";"0";"0";"0";"0";"0"
"2022";"Dengue";"CARIRI";"18ª REGIÃO IGUATU";"ACOPIARA";"2022-04-09";"14";"0";"1";"0";"0";"0";"0"
"2022";"Dengue";"CARIRI";"19ª REGIÃO BREJO SANTO";"ABAIARA";"2022-10-15";"41";"0";"0";"0";"0";"0";"0"
"2022";"Dengue";"SOBRAL";"15ª REGIÃO CRATEÚS";"NOVO ORIENTE";"2022-02-19";"7";"0";"2";"0";"0";"2";"0"
"2022";"Dengue";"LITORAL LESTE/JAGUARIBE";"10ª REGIÃO LIMOEIRO DO NORTE";"IRACEMA";"2022-04-30";"17";"0";"1";"0";"0";"0";"0"
"2022";"Dengue";"CARIRI";"19ª REGIÃO BREJO SANTO";"BREJO SANTO";"2022-02-26";"8";"0";"35";"0";"0";"2";"11"
"2022";"Dengue";"FORTALEZA";"04ª REGIÃO BATURITÉ";"ARATUBA";"2022-06-11";"23";"0";"13";"0";"0";"2";"6"
"2022";"Dengue";"SOBRAL";"13ª REGIÃO TIANGUÁ";"IBIAPINA";"2022-09-17";"37";"0";"0";"0";"0";"0";"0"
"2022";"Dengue";"CARIRI";"21ª REGIÃO JUAZEIRO DO NORTE";"JUAZEIRO DO NORTE";"2022-05-14";"19";"0";"117";"0";"0";"1";"0"
"2022";"Dengue";"CARIRI";"20ª REGIÃO CRATO";"ASSARE";"2022-10-08";"40";"0";"0";"0";"0";"0";"0"
"2022";"Dengue";"SOBRAL";"11ª REGIÃO SOBRAL";"PACUJA";"2022-07-30";"30";"0";"0";"0";"0";"0";"0"
"2022";"Dengue";"FORTALEZA";"02ª REGIÃO CAUCAIA";"ITAPAJE";"2022-11-26";"47";"0";"0";"0";"0";"0";"0"
"2022";"Dengue";"SOBRAL";"11ª REGIÃO SOBRAL";"IPU";"2022-03-26";"12";"0";"15";"0";"0";"9";"2"
"2022";"Dengue";"FORTALEZA";"04ª REGIÃO BATURITÉ";"ARATUBA";"2022-11-26";"47";"0";"1";"0";"0";"0";"0"
"2022";"Dengue";"SERTÃO CENTRAL";"08ª REGIÃO QUIXADÁ";"BANABUIU";"2022-06-04";"22";"0";"13";"0";"0";"7";"0"
"2022";"Dengue";"LITORAL LESTE/JAGUARIBE";"10ª REGIÃO LIMOEIRO DO NORTE";"JAGUARIBARA";"2022-12-03";"48";"0";"1";"0";"0";"0";"0"
"2022";"Dengue";"FORTALEZA";"04ª REGIÃO BATURITÉ";"MULUNGU";"2022-09-24";"38";"0";"0";"0";"0";"0";"0"
"2022";"Dengue";"LITORAL LESTE/JAGUARIBE";"07ª REGIÃO ARACATI";"ICAPUI";"2022-11-19";"46";"0";"1";"0";"0";"0";"0"
"2022";"Dengue";"SOBRAL";"13ª REGIÃO TIANGUÁ";"CROATA";"2022-08-06";"31";"0";"0";"0";"0";"0";"0"
"2022";"Dengue";"FORTALEZA";"06ª REGIÃO DE ITAPIPOCA";"UMIRIM";"2022-09-17";"37";"0";"0";"0";"0";"0";"0"
"2022";"Dengue";"SOBRAL";"11ª REGIÃO SOBRAL";"SOBRAL";"2022-04-02";"13";"0";"10";"0";"0";"0";"0"
"2022";"Dengue";"FORTALEZA";"02ª REGIÃO CAUCAIA";"PENTECOSTE";"2022-06-25";"25";"0";"0";"0";"0";"0";"0"
"2022";"Dengue";"LITORAL LESTE/JAGUARIBE";"09ª REGIÃO RUSSAS";"PALHANO";"2022-09-03";"35";"0";"1";"0";"0";"0";"0"
"2022";"Dengue";"SOBRAL";"11ª REGIÃO SOBRAL";"MERUOCA";"2022-07-02";"26";"0";"0";"0";"0";"0";"0"
"2022";"Dengue";"CARIRI";"21ª REGIÃO JUAZEIRO DO NORTE";"CARIRIACU";"2022-05-28";"21";"0";"5";"0";"0";"0";"0"
"2022";"Dengue";"CARIRI";"20ª REGIÃO CRATO";"TARRAFAS";"2022-09-03";"35";"0";"0";"0";"0";"0";"0"
"2022";"Dengue";"FORTALEZA";"04ª REGIÃO BATURITÉ";"MULUNGU";"2022-06-11";"23";"0";"13";"0";"0";"0";"8"
"2022";"Dengue";"LITORAL LESTE/JAGUARIBE";"09ª REGIÃO RUSSAS";"MORADA NOVA";"2022-10-29";"43";"0";"14";"0";"0";"6";"4"
"2022";"Dengue";"SOBRAL";"13ª REGIÃO TIANGUÁ";"TIANGUA";"2022-02-05";"5";"0";"9";"0";"0";"0";"0"
"2022";"Dengue";"LITORAL LESTE/JAGUARIBE";"07ª REGIÃO ARACATI";"ITAICABA";"2022-02-12";"6";"0";"1";"0";"0";"0";"0"
"2022";"Dengue";"CARIRI";"18ª REGIÃO IGUATU";"CATARINA";"2022-07-23";"29";"0";"1";"0";"0";"0";"0"
"2022";"Dengue";"SOBRAL";"12ª REGIÃO ACARAÚ";"JIJOCA DE JERICOACOARA";"2022-10-01";"39";"0";"2";"0";"0";"0";"0"
"2022";"Dengue";"SOBRAL";"13ª REGIÃO TIANGUÁ";"SAO BENEDITO";"2022-08-06";"31";"0";"1";"0";"0";"0";"0"
"2022";"Dengue";"SOBRAL";"11ª REGIÃO SOBRAL";"PACUJA";"2022-02-12";"6";"0";"0";"0";"0";"0";"0"
"2022";"Dengue";"CARIRI";"19ª REGIÃO BREJO SANTO";"JATI";"2022-08-27";"34";"0";"0";"0";"0";"0";"0"
"2022";"Dengue";"SOBRAL";"11ª REGIÃO SOBRAL";"MUCAMBO";"2022-12-17";"50";"0";"0";"0";"0";"0";"0"
"2022";"Dengue";"LITORAL LESTE/JAGUARIBE";"10ª REGIÃO LIMOEIRO DO NORTE";"PEREIRO";"2022-10-15";"41";"0";"0";"0";"0";"0";"0"
"2022";"Dengue";"CARIRI";"18ª REGIÃO IGUATU";"CATARINA";"2022-01-22";"3";"0";"0";"0";"0";"0";"0"
"2022";"Dengue";"CARIRI";"18ª REGIÃO IGUATU";"ACOPIARA";"2022-01-22";"3";"0";"0";"0";"0";"0";"0"
"2022";"Dengue";"SOBRAL";"15ª REGIÃO CRATEÚS";"TAMBORIL";"2022-08-06";"31";"0";"4";"0";"0";"1";"0"
"2022";"Dengue";"SERTÃO CENTRAL";"08ª REGIÃO QUIXADÁ";"QUIXADA";"2022-04-30";"17";"0";"39";"0";"0";"11";"20"
"2022";"Dengue";"LITORAL LESTE/JAGUARIBE";"07ª REGIÃO ARACATI";"ITAICABA";"2022-08-06";"31";"0";"2";"0";"0";"0";"0"
"2022";"Dengue";"CARIRI";"18ª REGIÃO IGUATU";"DEPUTADO IRAPUAN PINHEIRO";"2022-01-22";"3";"0";"0";"0";"0";"0";"0"
"2022";"Dengue";"LITORAL LESTE/JAGUARIBE";"07ª REGIÃO ARACATI";"ARACATI";"2022-09-17";"37";"0";"4";"0";"0";"0";"1"
"2022";"Dengue";"CARIRI";"17ª REGIÃO ICÓ";"IPAUMIRIM";"2022-02-19";"7";"0";"0";"0";"0";"0";"0"
"2022";"Dengue";"FORTALEZA";"03ª REGIÃO MARACANAÚ";"ACARAPE";"2022-12-10";"49";"0";"0";"0";"0";"0";"0"
"2022";"Dengue";"CARIRI";"18ª REGIÃO IGUATU";"PIQUET CARNEIRO";"2022-02-05";"5";"0";"0";"0";"0";"0";"0"
"2022";"Dengue";"FORTALEZA";"06ª REGIÃO DE ITAPIPOCA";"TURURU";"2022-12-17";"50";"0";"0";"0";"0";"0";"0"
"2022";"Dengue";"SERTÃO CENTRAL";"05ª REGIÃO DE CANINDÉ";"ITATIRA";"2022-01-15";"2";"0";"0";"0";"0";"0";"0"
"2022";"Dengue";"SOBRAL";"12ª REGIÃO ACARAÚ";"BELA CRUZ";"2022-10-01";"39";"0";"27";"0";"0";"12";"5"
"2022";"Dengue";"CARIRI";"20ª REGIÃO CRATO";"ANTONINA DO NORTE";"2022-02-12";"6";"0";"0";"0";"0";"0";"0"
"2022";"Dengue";"SERTÃO CENTRAL";"05ª REGIÃO DE CANINDÉ";"CANINDE";"2022-08-13";"32";"0";"4";"0";"0";"0";"0"
"2022";"Dengue";"CARIRI";"20ª REGIÃO CRATO";"SALITRE";"2022-02-12";"6";"0";"1";"0";"0";"0";"0"
"2022";"Dengue";"SOBRAL";"11ª REGIÃO SOBRAL";"MASSAPE";"2022-04-02";"13";"1";"3";"1";"0";"0";"1"
"2022";"Dengue";"CARIRI";"18ª REGIÃO IGUATU";"SABOEIRO";"2022-11-12";"45";"0";"0";"0";"0";"0";"0"
"2022";"Dengue";"SOBRAL";"12ª REGIÃO ACARAÚ";"ACARAU";"2022-07-30";"30";"0";"10";"0";"0";"1";"0"
"2022";"Dengue";"SERTÃO CENTRAL";"05ª REGIÃO DE CANINDÉ";"CANINDE";"2022-11-12";"45";"0";"0";"0";"0";"0";"0"
"2022";"Dengue";"FORTALEZA";"03ª REGIÃO MARACANAÚ";"REDENCAO";"2022-02-05";"5";"0";"0";"0";"0";"0";"0"
"2022";"Dengue";"LITORAL LESTE/JAGUARIBE";"07ª REGIÃO ARACATI";"ICAPUI";"2022-01-08";"1";"0";"5";"0";"0";"0";"0"
"2022";"Dengue";"LITORAL LESTE/JAGUARIBE";"10ª REGIÃO LIMOEIRO DO NORTE";"JAGUARIBARA";"2022-02-19";"7";"0";"0";"0";"0";"0";"0"
"2022";"Dengue";"FORTALEZA";"01ª REGIÃO FORTALEZA";"AQUIRAZ";"2022-08-20";"33";"0";"1";"0";"0";"0";"0"
"2022";"Dengue";"LITORAL LESTE/JAGUARIBE";"10ª REGIÃO LIMOEIRO DO NORTE";"POTIRETAMA";"2022-03-26";"12";"0";"0";"0";"0";"0";"0"
"2022";"Dengue";"LITORAL LESTE/JAGUARIBE";"10ª REGIÃO LIMOEIRO DO NORTE";"PEREIRO";"2022-08-06";"31";"0";"2";"0";"0";"0";"1"
"2022";"Dengue";"FORTALEZA";"02ª REGIÃO CAUCAIA";"GENERAL SAMPAIO";"2022-10-01";"39";"0";"0";"0";"0";"0";"0"
"2022";"Dengue";"SOBRAL";"15ª REGIÃO CRATEÚS";"NOVA RUSSAS";"2022-06-18";"24";"0";"15";"0";"0";"3";"7"
"2022";"Dengue";"CARIRI";"19ª REGIÃO BREJO SANTO";"BREJO SANTO";"2022-02-19";"7";"0";"20";"0";"0";"4";"2"
"2022";"Dengue";"FORTALEZA";"04ª REGIÃO BATURITÉ";"MULUNGU";"2022-05-14";"19";"0";"35";"0";"0";"9";"18"
"2022";"Dengue";"CARIRI";"19ª REGIÃO BREJO SANTO";"BARRO";"2022-02-05";"5";"0";"0";"0";"0";"0";"0"
"2022";"Dengue";"FORTALEZA";"06ª REGIÃO DE ITAPIPOCA";"URUBURETAMA";"2022-11-26";"47";"0";"1";"0";"0";"0";"0"
"2022";"Dengue";"SERTÃO CENTRAL";"14ª REGIÃO TAUÁ";"TAUA";"2022-01-29";"4";"0";"5";"0";"0";"0";"1"
"2022";"Dengue";"FORTALEZA";"22ª REGIÃO CASCAVEL";"OCARA";"2022-01-15";"2";"0";"0";"0";"0";"0";"0"
"2022";"Dengue";"FORTALEZA";"03ª REGIÃO MARACANAÚ";"GUAIUBA";"2022-05-21";"20";"0";"25";"0";"0";"4";"13"
"2022";"Dengue";"CARIRI";"18ª REGIÃO IGUATU";"CATARINA";"2022-05-21";"20";"0";"0";"0";"0";"0";"0"
"2022";"Dengue";"FORTALEZA";"02ª REGIÃO CAUCAIA";"PENTECOSTE";"2022-03-26";"12";"0";"0";"0";"0";"0";"0"
"2022";"Dengue";"SOBRAL";"11ª REGIÃO SOBRAL";"IPU";"2022-07-09";"27";"0";"4";"0";"0";"1";"0"
"2022";"Dengue";"FORTALEZA";"02ª REGIÃO CAUCAIA";"APUIARES";"2022-10-15";"41";"0";"0";"0";"0";"0";"0"
"2022";"Dengue";"SOBRAL";"11ª REGIÃO SOBRAL";"COREAU";"2022-09-03";"35";"0";"5";"0";"0";"1";"1"
"2022";"Dengue";"SERTÃO CENTRAL";"05ª REGIÃO DE CANINDÉ";"CANINDE";"2022-05-28";"21";"0";"14";"0";"0";"1";"1"
"2022";"Dengue";"FORTALEZA";"02ª REGIÃO CAUCAIA";"APUIARES";"2022-12-31";"52";"0";"0";"0";"0";"0";"0"
"2022";"Dengue";"SERTÃO CENTRAL";"14ª REGIÃO TAUÁ";"PARAMBU";"2022-10-22";"42";"0";"1";"0";"0";"0";"0"
"2022";"Dengue";"CARIRI";"21ª REGIÃO JUAZEIRO DO NORTE";"CARIRIACU";"2022-05-07";"18";"0";"0";"0";"0";"0";"0"
"2022";"Dengue";"FORTALEZA";"02ª REGIÃO CAUCAIA";"ITAPAJE";"2022-11-12";"45";"0";"0";"0";"0";"0";"0"
"2022";"Dengue";"SERTÃO CENTRAL";"05ª REGIÃO DE CANINDÉ";"BOA VIAGEM";"2022-12-31";"52";"0";"0";"0";"0";"0";"0"
"2022";"Dengue";"FORTALEZA";"06ª REGIÃO DE ITAPIPOCA";"URUBURETAMA";"2022-05-28";"21";"0";"10";"0";"0";"0";"0"
"2022";"Dengue";"FORTALEZA";"02ª REGIÃO CAUCAIA";"GENERAL SAMPAIO";"2022-05-14";"19";"0";"1";"0";"0";"0";"0"
"2022";"Dengue";"CARIRI";"17ª REGIÃO ICÓ";"CEDRO";"2022-07-09";"27";"0";"1";"0";"0";"0";"0"
"2022";"Dengue";"FORTALEZA";"06ª REGIÃO DE ITAPIPOCA";"UMIRIM";"2022-04-23";"16";"0";"0";"0";"0";"0";"0"
"2022";"Dengue";"SERTÃO CENTRAL";"14ª REGIÃO TAUÁ";"PARAMBU";"2022-06-25";"25";"0";"8";"0";"0";"0";"0"
"2022";"Dengue";"LITORAL LESTE/JAGUARIBE";"10ª REGIÃO LIMOEIRO DO NORTE";"IRACEMA";"2022-10-01";"39";"0";"0";"0";"0";"0";"0"
"2022";"Dengue";"CARIRI";"17ª REGIÃO ICÓ";"OROS";"2022-12-31";"52";"0";"0";"0";"0";"0";"0"
"2022";"Dengue";"FORTALEZA";"02ª REGIÃO CAUCAIA";"CAUCAIA";"2022-07-09";"27";"0";"80";"0";"0";"2";"55"
"2022";"Dengue";"FORTALEZA";"02ª REGIÃO CAUCAIA";"CAUCAIA";"2022-06-11";"23";"0";"53";"0";"0";"2";"33"
"2022";"Dengue";"SOBRAL";"11ª REGIÃO SOBRAL";"SANTA QUITERIA";"2022-05-07";"18";"0";"3";"0";"0";"1";"0"
"2022";"Dengue";"CARIRI";"18ª REGIÃO IGUATU";"SABOEIRO";"2022-07-02";"26";"0";"3";"0";"0";"1";"0"
"2022";"Dengue";"CARIRI";"20ª REGIÃO CRATO";"ALTANEIRA";"2022-11-26";"47";"0";"0";"0";"0";"0";"0"
"2022";"Dengue";"SOBRAL";"16ª REGIÃO CAMOCIM";"CHAVAL";"2022-08-06";"31";"0";"0";"0";"0";"0";"0"
"2022";"Dengue";"SOBRAL";"13ª REGIÃO TIANGUÁ";"UBAJARA";"2022-01-15";"2";"0";"0";"0";"0";"0";"0"
"2022";"Dengue";"CARIRI";"21ª REGIÃO JUAZEIRO DO NORTE";"MISSAO VELHA";"2022-03-26";"12";"0";"25";"0";"0";"0";"0"
"2022";"Dengue";"LITORAL LESTE/JAGUARIBE";"07ª REGIÃO ARACATI";"ARACATI";"2022-02-05";"5";"0";"0";"0";"0";"0";"0"
"2022";"Dengue";"LITORAL LESTE/JAGUARIBE";"09ª REGIÃO RUSSAS";"JAGUARETAMA";"2022-04-09";"14";"0";"0";"0";"0";"0";"0"
"2022";"Dengue";"LITORAL LESTE/JAGUARIBE";"07ª REGIÃO ARACATI";"ITAICABA";"2022-12-24";"51";"0";"0";"0";"0";"0";"0"
"2022";"Dengue";"SOBRAL";"13ª REGIÃO TIANGUÁ";"UBAJARA";"2022-12-31";"52";"0";"0";"0";"0";"0";"0"
"2022";"Dengue";"FORTALEZA";"04ª REGIÃO BATURITÉ";"CAPISTRANO";"2022-06-11";"23";"0";"3";"0";"0";"0";"0"
"2022";"Dengue";"SOBRAL";"12ª REGIÃO ACARAÚ";"MORRINHOS";"2022-03-12";"10";"0";"0";"0";"0";"0";"0"
"2022";"Dengue";"FORTALEZA";"04ª REGIÃO BATURITÉ";"CAPISTRANO";"2022-05-07";"18";"0";"2";"0";"0";"1";"0"
"2022";"Dengue";"CARIRI";"21ª REGIÃO JUAZEIRO DO NORTE";"JUAZEIRO DO NORTE";"2022-01-08";"1";"0";"29";"0";"0";"0";"0"
"2022";"Dengue";"LITORAL LESTE/JAGUARIBE";"07ª REGIÃO ARACATI";"FORTIM";"2022-02-12";"6";"0";"0";"0";"0";"0";"0"
"2022";"Dengue";"CARIRI";"20ª REGIÃO CRATO";"ANTONINA DO NORTE";"2022-06-18";"24";"0";"0";"0";"0";"0";"0"
"2022";"Dengue";"FORTALEZA";"04ª REGIÃO BATURITÉ";"MULUNGU";"2022-02-19";"7";"0";"24";"0";"0";"10";"6"
"2022";"Dengue";"FORTALEZA";"03ª REGIÃO MARACANAÚ";"BARREIRA";"2022-03-05";"9";"0";"0";"0";"0";"0";"0"
"2022";"Dengue";"FORTALEZA";"06ª REGIÃO DE ITAPIPOCA";"URUBURETAMA";"2022-04-30";"17";"0";"9";"0";"0";"3";"0"
"2022";"Dengue";"CARIRI";"17ª REGIÃO ICÓ";"BAIXIO";"2022-02-19";"7";"0";"0";"0";"0";"0";"0"
"2022";"Dengue";"FORTALEZA";"02ª REGIÃO CAUCAIA";"PARACURU";"2022-03-19";"11";"0";"13";"0";"0";"5";"1"
"2022";"Dengue";"FORTALEZA";"01ª REGIÃO FORTALEZA";"ITAITINGA";"2022-12-24";"51";"0";"0";"0";"0";"0";"0"
"2022";"Dengue";"FORTALEZA";"06ª REGIÃO DE ITAPIPOCA";"UMIRIM";"2022-08-06";"31";"0";"0";"0";"0";"0";"0"
"2022";"Dengue";"FORTALEZA";"02ª REGIÃO CAUCAIA";"ITAPAJE";"2022-10-01";"39";"0";"0";"0";"0";"0";"0"
"2022";"Dengue";"CARIRI";"21ª REGIÃO JUAZEIRO DO NORTE";"GRANJEIRO";"2022-09-24";"38";"0";"0";"0";"0";"0";"0"
"2022";"Dengue";"CARIRI";"20ª REGIÃO CRATO";"FARIAS BRITO";"2022-05-14";"19";"0";"13";"0";"0";"0";"1"
"2022";"Dengue";"SOBRAL";"11ª REGIÃO SOBRAL";"CARIRE";"2022-03-19";"11";"0";"1";"0";"0";"0";"0"
"2022";"Dengue";"CARIRI";"20ª REGIÃO CRATO";"ANTONINA DO NORTE";"2022-12-24";"51";"0";"0";"0";"0";"0";"0"
"2022";"Dengue";"CARIRI";"19ª REGIÃO BREJO SANTO";"JATI";"2022-12-24";"51";"0";"0";"0";"0";"0";"0"
"2022";"Dengue";"SERTÃO CENTRAL";"05ª REGIÃO DE CANINDÉ";"PARAMOTI";"2022-05-21";"20";"0";"2";"0";"0";"0";"2"
"2022";"Dengue";"SOBRAL";"11ª REGIÃO SOBRAL";"MASSAPE";"2022-11-26";"47";"0";"0";"0";"0";"0";"0"
"2022";"Dengue";"SOBRAL";"15ª REGIÃO CRATEÚS";"TAMBORIL";"2022-12-10";"49";"0";"1";"0";"0";"0";"0"
"2022";"Dengue";"CARIRI";"19ª REGIÃO BREJO SANTO";"BREJO SANTO";"2022-10-01";"39";"0";"3";"0";"0";"1";"0"
"2022";"Dengue";"FORTALEZA";"06ª REGIÃO DE ITAPIPOCA";"AMONTADA";"2022-05-14";"19";"0";"2";"0";"0";"1";"0"
"2022";"Dengue";"LITORAL LESTE/JAGUARIBE";"09ª REGIÃO RUSSAS";"PALHANO";"2022-08-13";"32";"0";"1";"0";"0";"0";"0"
"2022";"Dengue";"SOBRAL";"12ª REGIÃO ACARAÚ";"MORRINHOS";"2022-04-16";"15";"0";"0";"0";"0";"0";"0"
"2022";"Dengue";"SOBRAL";"11ª REGIÃO SOBRAL";"PACUJA";"2022-11-26";"47";"0";"0";"0";"0";"0";"0"
"2022";"Dengue";"CARIRI";"21ª REGIÃO JUAZEIRO DO NORTE";"GRANJEIRO";"2022-06-11";"23";"0";"0";"0";"0";"0";"0"
"2022";"Dengue";"FORTALEZA";"01ª REGIÃO FORTALEZA";"AQUIRAZ";"2022-04-16";"15";"0";"7";"0";"0";"1";"0"
"2022";"Dengue";"FORTALEZA";"02ª REGIÃO CAUCAIA";"PARACURU";"2022-12-10";"49";"0";"0";"0";"0";"0";"0"
"2022";"Dengue";"CARIRI";"18ª REGIÃO IGUATU";"PIQUET CARNEIRO";"2022-08-20";"33";"0";"0";"0";"0";"0";"0"
"2022";"Dengue";"SOBRAL";"15ª REGIÃO CRATEÚS";"IPAPORANGA";"2022-11-26";"47";"0";"0";"0";"0";"0";"0"
"2022";"Dengue";"SOBRAL";"11ª REGIÃO SOBRAL";"HIDROLANDIA";"2022-09-17";"37";"0";"0";"0";"0";"0";"0"
"2022";"Dengue";"SERTÃO CENTRAL";"08ª REGIÃO QUIXADÁ";"IBARETAMA";"2022-01-22";"3";"0";"0";"0";"0";"0";"0"
"2022";"Dengue";"SOBRAL";"11ª REGIÃO SOBRAL";"SENADOR SA";"2022-05-21";"20";"0";"0";"0";"0";"0";"0"
"2022";"Dengue";"CARIRI";"17ª REGIÃO ICÓ";"OROS";"2022-12-10";"49";"0";"0";"0";"0";"0";"0"
"2022";"Dengue";"SOBRAL";"13ª REGIÃO TIANGUÁ";"GUARACIABA DO NORTE";"2022-04-30";"17";"0";"2";"0";"0";"1";"0"
"2022";"Dengue";"SOBRAL";"13ª REGIÃO TIANGUÁ";"TIANGUA";"2022-03-26";"12";"0";"11";"0";"0";"1";"0"
"2022";"Dengue";"SOBRAL";"12ª REGIÃO ACARAÚ";"MARCO";"2022-04-30";"17";"0";"1";"0";"0";"0";"0"
"2022";"Dengue";"FORTALEZA";"03ª REGIÃO MARACANAÚ";"BARREIRA";"2022-12-03";"48";"0";"0";"0";"0";"0";"0"
"2022";"Dengue";"SERTÃO CENTRAL";"08ª REGIÃO QUIXADÁ";"SOLONOPOLE";"2022-08-06";"31";"0";"0";"0";"0";"0";"0"
"2022";"Dengue";"FORTALEZA";"02ª REGIÃO CAUCAIA";"APUIARES";"2022-07-30";"30";"0";"0";"0";"0";"0";"0"
"2022";"Dengue";"SOBRAL";"11ª REGIÃO SOBRAL";"HIDROLANDIA";"2022-12-24";"51";"0";"0";"0";"0";"0";"0"
"2022";"Dengue";"FORTALEZA";"03ª REGIÃO MARACANAÚ";"PACATUBA";"2022-01-29";"4";"0";"0";"0";"0";"0";"0"
"2022";"Dengue";"CARIRI";"17ª REGIÃO ICÓ";"CEDRO";"2022-06-25";"25";"0";"2";"0";"0";"0";"0"
"2022";"Dengue";"CARIRI";"21ª REGIÃO JUAZEIRO DO NORTE";"JARDIM";"2022-11-12";"45";"0";"0";"0";"0";"0";"0"
"2022";"Dengue";"SOBRAL";"11ª REGIÃO SOBRAL";"SOBRAL";"2022-03-26";"12";"0";"17";"0";"0";"4";"1"
"2022";"Dengue";"SOBRAL";"11ª REGIÃO SOBRAL";"MORAUJO";"2022-08-20";"33";"0";"0";"0";"0";"0";"0"
"2022";"Dengue";"CARIRI";"19ª REGIÃO BREJO SANTO";"PORTEIRAS";"2022-06-25";"25";"0";"17";"0";"0";"1";"13"
"2022";"Dengue";"LITORAL LESTE/JAGUARIBE";"10ª REGIÃO LIMOEIRO DO NORTE";"LIMOEIRO DO NORTE";"2022-08-13";"32";"0";"94";"0";"0";"19";"73"
"2022";"Dengue";"SOBRAL";"12ª REGIÃO ACARAÚ";"CRUZ";"2022-09-24";"38";"0";"3";"0";"0";"0";"0"
"2022";"Dengue";"FORTALEZA";"03ª REGIÃO MARACANAÚ";"PACATUBA";"2022-04-02";"13";"0";"10";"0";"0";"0";"2"
"2022";"Dengue";"FORTALEZA";"03ª REGIÃO MARACANAÚ";"GUAIUBA";"2022-11-05";"44";"0";"0";"0";"0";"0";"0"
"2022";"Dengue";"SERTÃO CENTRAL";"05ª REGIÃO DE CANINDÉ";"MADALENA";"2022-07-09";"27";"0";"3";"0";"0";"0";"2"
"2022";"Dengue";"SOBRAL";"11ª REGIÃO SOBRAL";"PACUJA";"2022-10-29";"43";"0";"0";"0";"0";"0";"0"
"2022";"Dengue";"SERTÃO CENTRAL";"14ª REGIÃO TAUÁ";"PARAMBU";"2022-07-30";"30";"0";"2";"0";"0";"1";"0"
"2022";"Dengue";"CARIRI";"18ª REGIÃO IGUATU";"JUCAS";"2022-10-01";"39";"0";"0";"0";"0";"0";"0"
"2022";"Dengue";"FORTALEZA";"02ª REGIÃO CAUCAIA";"TEJUCUOCA";"2022-10-22";"42";"0";"0";"0";"0";"0";"0"
"2022";"Dengue";"SERTÃO CENTRAL";"08ª REGIÃO QUIXADÁ";"PEDRA BRANCA";"2022-08-13";"32";"0";"1";"0";"0";"0";"1"
"2022";"Dengue";"SOBRAL";"16ª REGIÃO CAMOCIM";"CAMOCIM";"2022-03-12";"10";"0";"0";"0";"0";"0";"0"
"2022";"Dengue";"FORTALEZA";"22ª REGIÃO CASCAVEL";"PACAJUS";"2022-10-01";"39";"0";"0";"0";"0";"0";"0"
"2022";"Dengue";"LITORAL LESTE/JAGUARIBE";"10ª REGIÃO LIMOEIRO DO NORTE";"SAO JOAO DO JAGUARIBE";"2022-03-19";"11";"0";"0";"0";"0";"0";"0"
"2022";"Dengue";"SERTÃO CENTRAL";"08ª REGIÃO QUIXADÁ";"PEDRA BRANCA";"2022-05-07";"18";"0";"2";"0";"0";"0";"2"
"2022";"Dengue";"CARIRI";"17ª REGIÃO ICÓ";"UMARI";"2022-02-05";"5";"0";"1";"0";"0";"0";"1"
"2022";"Dengue";"FORTALEZA";"04ª REGIÃO BATURITÉ";"ARATUBA";"2022-10-08";"40";"0";"0";"0";"0";"0";"0"
"2022";"Dengue";"FORTALEZA";"22ª REGIÃO CASCAVEL";"PINDORETAMA";"2022-08-27";"34";"0";"0";"0";"0";"0";"0"
"2022";"Dengue";"FORTALEZA";"04ª REGIÃO BATURITÉ";"MULUNGU";"2022-07-02";"26";"0";"5";"0";"0";"0";"5"
"2022";"Dengue";"SOBRAL";"15ª REGIÃO CRATEÚS";"INDEPENDENCIA";"2022-04-23";"16";"0";"1";"0";"0";"1";"0"
"2022";"Dengue";"FORTALEZA";"22ª REGIÃO CASCAVEL";"OCARA";"2022-11-12";"45";"0";"2";"0";"0";"0";"0"
"2022";"Dengue";"SERTÃO CENTRAL";"05ª REGIÃO DE CANINDÉ";"ITATIRA";"2022-05-28";"21";"0";"1";"0";"0";"0";"1"
"2022";"Dengue";"SOBRAL";"12ª REGIÃO ACARAÚ";"CRUZ";"2022-07-02";"26";"0";"4";"0";"0";"1";"0"
"2022";"Dengue";"SOBRAL";"15ª REGIÃO CRATEÚS";"CRATEUS";"2022-04-09";"14";"0";"1";"0";"0";"0";"0"
"2022";"Dengue";"FORTALEZA";"04ª REGIÃO BATURITÉ";"ITAPIUNA";"2022-08-13";"32";"0";"0";"0";"0";"0";"0"
"2022";"Dengue";"FORTALEZA";"06ª REGIÃO DE ITAPIPOCA";"URUBURETAMA";"2022-04-09";"14";"0";"0";"0";"0";"0";"0"
"2022";"Dengue";"FORTALEZA";"04ª REGIÃO BATURITÉ";"ARATUBA";"2022-03-12";"10";"0";"40";"0";"0";"14";"21"
"2022";"Dengue";"FORTALEZA";"06ª REGIÃO DE ITAPIPOCA";"AMONTADA";"2022-04-16";"15";"0";"2";"0";"0";"0";"0"
"2022";"Dengue";"CARIRI";"18ª REGIÃO IGUATU";"IGUATU";"2022-09-17";"37";"0";"0";"0";"0";"0";"0"
"2022";"Dengue";"SOBRAL";"11ª REGIÃO SOBRAL";"CARIRE";"2022-10-22";"42";"0";"1";"0";"0";"0";"1"
"2022";"Dengue";"FORTALEZA";"22ª REGIÃO CASCAVEL";"CHOROZINHO";"2022-01-08";"1";"0";"0";"0";"0";"0";"0"
"2022";"Dengue";"SERTÃO CENTRAL";"05ª REGIÃO DE CANINDÉ";"CANINDE";"2022-02-26";"8";"0";"2";"0";"0";"0";"0"
"2022";"Dengue";"SOBRAL";"11ª REGIÃO SOBRAL";"SANTANA DO ACARAU";"2022-02-26";"8";"0";"1";"0";"0";"0";"1"
"2022";"Dengue";"LITORAL LESTE/JAGUARIBE";"10ª REGIÃO LIMOEIRO DO NORTE";"POTIRETAMA";"2022-02-26";"8";"0";"0";"0";"0";"0";"0"
"2022";"Dengue";"SERTÃO CENTRAL";"08ª REGIÃO QUIXADÁ";"CHORO";"2022-11-19";"46";"0";"0";"0";"0";"0";"0"
"2022";"Dengue";"CARIRI";"21ª REGIÃO JUAZEIRO DO NORTE";"JARDIM";"2022-12-10";"49";"0";"0";"0";"0";"0";"0"
"2022";"Dengue";"CARIRI";"19ª REGIÃO BREJO SANTO";"BARRO";"2022-05-21";"20";"0";"25";"0";"0";"5";"16"
"2022";"Dengue";"CARIRI";"20ª REGIÃO CRATO";"ALTANEIRA";"2022-10-15";"41";"0";"0";"0";"0";"0";"0"
"2022";"Dengue";"FORTALEZA";"22ª REGIÃO CASCAVEL";"OCARA";"2022-04-30";"17";"0";"3";"0";"0";"0";"0"
"2022";"Dengue";"SOBRAL";"15ª REGIÃO CRATEÚS";"TAMBORIL";"2022-05-07";"18";"0";"3";"0";"0";"0";"3"
"2022";"Dengue";"CARIRI";"19ª REGIÃO BREJO SANTO";"BARRO";"2022-09-24";"38";"0";"0";"0";"0";"0";"0"
"2022";"Dengue";"SOBRAL";"15ª REGIÃO CRATEÚS";"MONSENHOR TABOSA";"2022-11-05";"44";"0";"1";"0";"0";"0";"0"
"2022";"Dengue";"SOBRAL";"13ª REGIÃO TIANGUÁ";"UBAJARA";"2022-10-15";"41";"0";"2";"0";"0";"1";"1"
"2022";"Dengue";"SERTÃO CENTRAL";"05ª REGIÃO DE CANINDÉ";"ITATIRA";"2022-06-11";"23";"0";"5";"0";"0";"1";"1"
"2022";"Dengue";"LITORAL LESTE/JAGUARIBE";"10ª REGIÃO LIMOEIRO DO NORTE";"LIMOEIRO DO NORTE";"2022-08-27";"34";"0";"114";"0";"0";"5";"103"
"2022";"Dengue";"CARIRI";"19ª REGIÃO BREJO SANTO";"JATI";"2022-08-20";"33";"0";"1";"0";"0";"0";"0"
"2022";"Dengue";"SOBRAL";"15ª REGIÃO CRATEÚS";"INDEPENDENCIA";"2022-11-26";"47";"0";"0";"0";"0";"0";"0"
"2022";"Dengue";"CARIRI";"20ª REGIÃO CRATO";"ALTANEIRA";"2022-04-23";"16";"0";"2";"0";"0";"0";"0"
"2022";"Dengue";"LITORAL LESTE/JAGUARIBE";"09ª REGIÃO RUSSAS";"RUSSAS";"2022-08-27";"34";"0";"27";"0";"0";"0";"13"
"2022";"Dengue";"LITORAL LESTE/JAGUARIBE";"09ª REGIÃO RUSSAS";"MORADA NOVA";"2022-06-18";"24";"0";"112";"0";"0";"7";"15"
"2022";"Dengue";"FORTALEZA";"04ª REGIÃO BATURITÉ";"ARACOIABA";"2022-06-11";"23";"0";"5";"0";"0";"0";"0"
"2022";"Dengue";"SERTÃO CENTRAL";"08ª REGIÃO QUIXADÁ";"IBARETAMA";"2022-07-09";"27";"0";"3";"0";"0";"3";"0"
"2022";"Dengue";"FORTALEZA";"03ª REGIÃO MARACANAÚ";"PACATUBA";"2022-07-30";"30";"0";"3";"0";"0";"0";"2"
"2022";"Dengue";"SOBRAL";"11ª REGIÃO SOBRAL";"GROAIRAS";"2022-02-19";"7";"0";"0";"0";"0";"0";"0"
"2022";"Dengue";"LITORAL LESTE/JAGUARIBE";"10ª REGIÃO LIMOEIRO DO NORTE";"POTIRETAMA";"2022-01-29";"4";"0";"0";"0";"0";"0";"0"
"2022";"Dengue";"CARIRI";"21ª REGIÃO JUAZEIRO DO NORTE";"CARIRIACU";"2022-11-19";"46";"0";"0";"0";"0";"0";"0"
"2022";"Dengue";"SOBRAL";"15ª REGIÃO CRATEÚS";"NOVA RUSSAS";"2022-08-06";"31";"0";"8";"0";"0";"0";"1"
"2022";"Dengue";"FORTALEZA";"06ª REGIÃO DE ITAPIPOCA";"AMONTADA";"2022-06-18";"24";"0";"7";"0";"0";"1";"0"
"2022";"Dengue";"SOBRAL";"11ª REGIÃO SOBRAL";"URUOCA";"2022-06-25";"25";"0";"3";"0";"0";"1";"0"
"2022";"Dengue";"CARIRI";"18ª REGIÃO IGUATU";"JUCAS";"2022-02-12";"6";"0";"0";"0";"0";"0";"0"
"2022";"Dengue";"LITORAL LESTE/JAGUARIBE";"09ª REGIÃO RUSSAS";"RUSSAS";"2022-09-24";"38";"0";"15";"0";"0";"1";"7"
"2022";"Dengue";"FORTALEZA";"06ª REGIÃO DE ITAPIPOCA";"MIRAIMA";"2022-05-21";"20";"0";"35";"0";"0";"0";"20"
"2022";"Dengue";"FORTALEZA";"02ª REGIÃO CAUCAIA";"PENTECOSTE";"2022-11-12";"45";"0";"1";"0";"0";"1";"0"
"2022";"Dengue";"FORTALEZA";"02ª REGIÃO CAUCAIA";"PARACURU";"2022-04-16";"15";"0";"5";"0";"0";"1";"0"
"2022";"Dengue";"FORTALEZA";"04ª REGIÃO BATURITÉ";"ITAPIUNA";"2022-12-31";"52";"0";"0";"0";"0";"0";"0"
"2022";"Dengue";"SOBRAL";"13ª REGIÃO TIANGUÁ";"UBAJARA";"2022-11-19";"46";"0";"0";"0";"0";"0";"0"
"2022";"Dengue";"CARIRI";"18ª REGIÃO IGUATU";"SABOEIRO";"2022-07-23";"29";"0";"1";"0";"0";"0";"0"
"2022";"Dengue";"SOBRAL";"12ª REGIÃO ACARAÚ";"MARCO";"2022-06-25";"25";"0";"7";"0";"0";"0";"0"
"2022";"Dengue";"FORTALEZA";"22ª REGIÃO CASCAVEL";"CHOROZINHO";"2022-02-26";"8";"0";"0";"0";"0";"0";"0"
"2022";"Dengue";"LITORAL LESTE/JAGUARIBE";"10ª REGIÃO LIMOEIRO DO NORTE";"SAO JOAO DO JAGUARIBE";"2022-05-28";"21";"0";"1";"0";"0";"0";"0"
"2022";"Dengue";"FORTALEZA";"22ª REGIÃO CASCAVEL";"HORIZONTE";"2022-03-12";"10";"0";"0";"0";"0";"0";"0"
"2022";"Dengue";"FORTALEZA";"01ª REGIÃO FORTALEZA";"AQUIRAZ";"2022-03-12";"10";"0";"2";"0";"0";"1";"0"
"2022";"Dengue";"SERTÃO CENTRAL";"08ª REGIÃO QUIXADÁ";"QUIXADA";"2022-09-17";"37";"0";"6";"0";"0";"0";"5"
"2022";"Dengue";"SOBRAL";"11ª REGIÃO SOBRAL";"CARIRE";"2022-02-26";"8";"0";"0";"0";"0";"0";"0"
"2022";"Dengue";"FORTALEZA";"04ª REGIÃO BATURITÉ";"PACOTI";"2022-10-29";"43";"0";"0";"0";"0";"0";"0"
"2022";"Dengue";"SOBRAL";"15ª REGIÃO CRATEÚS";"IPUEIRAS";"2022-05-07";"18";"0";"0";"0";"0";"0";"0"
"2022";"Dengue";"CARIRI";"20ª REGIÃO CRATO";"ARARIPE";"2022-12-17";"50";"0";"0";"0";"0";"0";"0"
"2022";"Dengue";"CARIRI";"19ª REGIÃO BREJO SANTO";"MILAGRES";"2022-09-10";"36";"0";"0";"0";"0";"0";"0"
"2022";"Dengue";"FORTALEZA";"03ª REGIÃO MARACANAÚ";"REDENCAO";"2022-10-15";"41";"0";"0";"0";"0";"0";"0"
"2022";"Dengue";"LITORAL LESTE/JAGUARIBE";"10ª REGIÃO LIMOEIRO DO NORTE";"PEREIRO";"2022-08-27";"34";"0";"0";"0";"0";"0";"0"
"2022";"Dengue";"CARIRI";"18ª REGIÃO IGUATU";"JUCAS";"2022-06-04";"22";"0";"1";"0";"0";"0";"1"
"2022";"Dengue";"SOBRAL";"11ª REGIÃO SOBRAL";"PACUJA";"2022-10-15";"41";"0";"0";"0";"0";"0";"0"
"2022";"Dengue";"CARIRI";"17ª REGIÃO ICÓ";"BAIXIO";"2022-02-12";"6";"0";"0";"0";"0";"0";"0"
"2022";"Dengue";"SOBRAL";"15ª REGIÃO CRATEÚS";"NOVA RUSSAS";"2022-06-04";"22";"0";"8";"0";"0";"7";"1"
"2022";"Dengue";"CARIRI";"20ª REGIÃO CRATO";"SANTANA DO CARIRI";"2022-08-13";"32";"0";"0";"0";"0";"0";"0"
"2022";"Dengue";"FORTALEZA";"22ª REGIÃO CASCAVEL";"CASCAVEL";"2022-05-14";"19";"0";"127";"0";"0";"19";"21"
"2022";"Dengue";"LITORAL LESTE/JAGUARIBE";"09ª REGIÃO RUSSAS";"RUSSAS";"2022-11-05";"44";"0";"4";"0";"0";"0";"0"
"2022";"Dengue";"SERTÃO CENTRAL";"08ª REGIÃO QUIXADÁ";"CHORO";"2022-06-04";"22";"0";"28";"0";"0";"8";"12"
"2022";"Dengue";"FORTALEZA";"02ª REGIÃO CAUCAIA";"PARAIPABA";"2022-01-22";"3";"0";"0";"0";"0";"0";"0"
"2022";"Dengue";"CARIRI";"17ª REGIÃO ICÓ";"BAIXIO";"2022-04-02";"13";"0";"0";"0";"0";"0";"0"
"2022";"Dengue";"SOBRAL";"15ª REGIÃO CRATEÚS";"NOVO ORIENTE";"2022-08-06";"31";"0";"12";"0";"0";"0";"0"
"2022";"Dengue";"FORTALEZA";"01ª REGIÃO FORTALEZA";"ITAITINGA";"2022-04-30";"17";"0";"9";"0";"0";"3";"1"
"2022";"Dengue";"SOBRAL";"13ª REGIÃO TIANGUÁ";"UBAJARA";"2022-03-05";"9";"0";"0";"0";"0";"0";"0"
"2022";"Dengue";"SOBRAL";"15ª REGIÃO CRATEÚS";"QUITERIANOPOLIS";"2022-02-12";"6";"0";"0";"0";"0";"0";"0"
"2022";"Dengue";"CARIRI";"18ª REGIÃO IGUATU";"CATARINA";"2022-04-23";"16";"0";"0";"0";"0";"0";"0"
"2022";"Dengue";"SOBRAL";"15ª REGIÃO CRATEÚS";"PORANGA";"2022-05-14";"19";"0";"16";"0";"0";"6";"8"
"2022";"Dengue";"SERTÃO CENTRAL";"08ª REGIÃO QUIXADÁ";"IBARETAMA";"2022-11-05";"44";"0";"0";"0";"0";"0";"0"
"2022";"Dengue";"SOBRAL";"11ª REGIÃO SOBRAL";"MASSAPE";"2022-10-08";"40";"0";"1";"0";"0";"0";"0"
"2022";"Dengue";"CARIRI";"18ª REGIÃO IGUATU";"IGUATU";"2022-10-15";"41";"0";"0";"0";"0";"0";"0"
"2022";"Dengue";"CARIRI";"20ª REGIÃO CRATO";"ARARIPE";"2022-11-26";"47";"0";"0";"0";"0";"0";"0"
"2022";"Dengue";"SERTÃO CENTRAL";"14ª REGIÃO TAUÁ";"AIUABA";"2022-03-19";"11";"0";"1";"0";"0";"1";"0"
"2022";"Dengue";"SERTÃO CENTRAL";"05ª REGIÃO DE CANINDÉ";"PARAMOTI";"2022-10-08";"40";"0";"0";"0";"0";"0";"0"
"2022";"Dengue";"FORTALEZA";"22ª REGIÃO CASCAVEL";"HORIZONTE";"2022-09-24";"38";"0";"0";"0";"0";"0";"0"
"2022";"Dengue";"SOBRAL";"11ª REGIÃO SOBRAL";"CATUNDA";"2022-10-08";"40";"0";"0";"0";"0";"0";"0"
"2022";"Dengue";"SOBRAL";"12ª REGIÃO ACARAÚ";"CRUZ";"2022-08-06";"31";"0";"1";"0";"0";"0";"0"
"2022";"Dengue";"CARIRI";"17ª REGIÃO ICÓ";"UMARI";"2022-03-05";"9";"0";"1";"0";"0";"1";"0"
"2022";"Dengue";"LITORAL LESTE/JAGUARIBE";"10ª REGIÃO LIMOEIRO DO NORTE";"IRACEMA";"2022-05-14";"19";"0";"7";"0";"0";"1";"0"
"2022";"Dengue";"SOBRAL";"11ª REGIÃO SOBRAL";"MASSAPE";"2022-02-19";"7";"0";"1";"0";"0";"0";"0"
"2022";"Dengue";"LITORAL LESTE/JAGUARIBE";"09ª REGIÃO RUSSAS";"PALHANO";"2022-10-22";"42";"0";"0";"0";"0";"0";"0"
"2022";"Dengue";"SOBRAL";"15ª REGIÃO CRATEÚS";"NOVO ORIENTE";"2022-01-08";"1";"0";"0";"0";"0";"0";"0"
"2022";"Dengue";"SOBRAL";"15ª REGIÃO CRATEÚS";"NOVA RUSSAS";"2022-02-19";"7";"0";"0";"0";"0";"0";"0"
"2022";"Dengue";"CARIRI";"17ª REGIÃO ICÓ";"UMARI";"2022-10-29";"43";"0";"0";"0";"0";"0";"0"
"2022";"Dengue";"SERTÃO CENTRAL";"08ª REGIÃO QUIXADÁ";"PEDRA BRANCA";"2022-02-05";"5";"0";"13";"0";"0";"0";"8"
"2022";"Dengue";"SERTÃO CENTRAL";"08ª REGIÃO QUIXADÁ";"IBARETAMA";"2022-01-15";"2";"0";"0";"0";"0";"0";"0"
"2022";"Dengue";"CARIRI";"19ª REGIÃO BREJO SANTO";"PORTEIRAS";"2022-04-16";"15";"0";"24";"0";"0";"0";"0"
"2022";"Dengue";"SERTÃO CENTRAL";"08ª REGIÃO QUIXADÁ";"IBARETAMA";"2022-09-17";"37";"0";"0";"0";"0";"0";"0"
"2022";"Dengue";"FORTALEZA";"06ª REGIÃO DE ITAPIPOCA";"TURURU";"2022-10-15";"41";"0";"0";"0";"0";"0";"0"
"2022";"Dengue";"CARIRI";"18ª REGIÃO IGUATU";"DEPUTADO IRAPUAN PINHEIRO";"2022-02-19";"7";"0";"0";"0";"0";"0";"0"
"2022";"Dengue";"LITORAL LESTE/JAGUARIBE";"10ª REGIÃO LIMOEIRO DO NORTE";"POTIRETAMA";"2022-10-29";"43";"0";"0";"0";"0";"0";"0"
"2022";"Dengue";"SERTÃO CENTRAL";"08ª REGIÃO QUIXADÁ";"IBARETAMA";"2022-08-27";"34";"0";"0";"0";"0";"0";"0"
"2022";"Dengue";"LITORAL LESTE/JAGUARIBE";"10ª REGIÃO LIMOEIRO DO NORTE";"JAGUARIBE";"2022-12-31";"52";"0";"4";"0";"0";"1";"0"
"2022";"Dengue";"SOBRAL";"12ª REGIÃO ACARAÚ";"ITAREMA";"2022-02-12";"6";"0";"0";"0";"0";"0";"0"
"2022";"Dengue";"CARIRI";"19ª REGIÃO BREJO SANTO";"BARRO";"2022-07-23";"29";"0";"0";"0";"0";"0";"0"
"2022";"Dengue";"CARIRI";"21ª REGIÃO JUAZEIRO DO NORTE";"GRANJEIRO";"2022-05-28";"21";"0";"2";"0";"0";"0";"0"
"2022";"Dengue";"CARIRI";"19ª REGIÃO BREJO SANTO";"MAURITI";"2022-02-12";"6";"0";"0";"0";"0";"0";"0"
"2022";"Dengue";"SOBRAL";"16ª REGIÃO CAMOCIM";"CAMOCIM";"2022-11-12";"45";"0";"2";"0";"0";"0";"0"
"2022";"Dengue";"FORTALEZA";"02ª REGIÃO CAUCAIA";"CAUCAIA";"2022-08-20";"33";"0";"26";"0";"0";"2";"16"
"2022";"Dengue";"SOBRAL";"11ª REGIÃO SOBRAL";"MUCAMBO";"2022-08-06";"31";"0";"1";"0";"0";"0";"0"
"2022";"Dengue";"CARIRI";"21ª REGIÃO JUAZEIRO DO NORTE";"JUAZEIRO DO NORTE";"2022-08-27";"34";"0";"6";"0";"0";"1";"0"
"2022";"Dengue";"FORTALEZA";"04ª REGIÃO BATURITÉ";"ARACOIABA";"2022-06-25";"25";"0";"7";"0";"0";"2";"0"
"2022";"Dengue";"FORTALEZA";"03ª REGIÃO MARACANAÚ";"PALMACIA";"2022-03-26";"12";"0";"7";"0";"0";"4";"0"
"2022";"Dengue";"FORTALEZA";"02ª REGIÃO CAUCAIA";"TEJUCUOCA";"2022-04-30";"17";"0";"0";"0";"0";"0";"0"
"2022";"Dengue";"LITORAL LESTE/JAGUARIBE";"10ª REGIÃO LIMOEIRO DO NORTE";"JAGUARIBE";"2022-05-21";"20";"0";"30";"0";"0";"13";"0"
"2022";"Dengue";"CARIRI";"18ª REGIÃO IGUATU";"QUIXELO";"2022-04-02";"13";"0";"0";"0";"0";"0";"0"
"2022";"Dengue";"SOBRAL";"13ª REGIÃO TIANGUÁ";"UBAJARA";"2022-11-05";"44";"0";"1";"0";"0";"1";"0"
"2022";"Dengue";"LITORAL LESTE/JAGUARIBE";"09ª REGIÃO RUSSAS";"PALHANO";"2022-07-09";"27";"0";"17";"0";"0";"0";"1"
"2022";"Dengue";"SOBRAL";"12ª REGIÃO ACARAÚ";"ITAREMA";"2022-04-16";"15";"0";"4";"0";"0";"0";"0"
"2022";"Dengue";"SERTÃO CENTRAL";"08ª REGIÃO QUIXADÁ";"IBICUITINGA";"2022-11-19";"46";"0";"0";"0";"0";"0";"0"
"2022";"Dengue";"SOBRAL";"11ª REGIÃO SOBRAL";"MORAUJO";"2022-04-09";"14";"0";"0";"0";"0";"0";"0"
"2022";"Dengue";"FORTALEZA";"22ª REGIÃO CASCAVEL";"BEBERIBE";"2022-03-19";"11";"0";"9";"0";"0";"4";"4"
"2022";"Dengue";"SOBRAL";"15ª REGIÃO CRATEÚS";"MONSENHOR TABOSA";"2022-04-02";"13";"0";"0";"0";"0";"0";"0"
"2022";"Dengue";"FORTALEZA";"22ª REGIÃO CASCAVEL";"BEBERIBE";"2022-04-23";"16";"0";"8";"0";"0";"2";"5"
"2022";"Dengue";"SOBRAL";"11ª REGIÃO SOBRAL";"IRAUCUBA";"2022-09-10";"36";"0";"12";"0";"0";"0";"0"
"2022";"Dengue";"CARIRI";"19ª REGIÃO BREJO SANTO";"AURORA";"2022-12-17";"50";"0";"0";"0";"0";"0";"0"
"2022";"Dengue";"CARIRI";"19ª REGIÃO BREJO SANTO";"MAURITI";"2022-01-29";"4";"0";"0";"0";"0";"0";"0"
"2022";"Dengue";"CARIRI";"18ª REGIÃO IGUATU";"DEPUTADO IRAPUAN PINHEIRO";"2022-01-15";"2";"0";"0";"0";"0";"0";"0"
"2022";"Dengue";"CARIRI";"20ª REGIÃO CRATO";"ASSARE";"2022-05-21";"20";"0";"21";"0";"0";"1";"11"
"2022";"Dengue";"SOBRAL";"13ª REGIÃO TIANGUÁ";"GUARACIABA DO NORTE";"2022-11-26";"47";"0";"3";"0";"0";"1";"2"
"2022";"Dengue";"SOBRAL";"11ª REGIÃO SOBRAL";"MASSAPE";"2022-01-15";"2";"0";"0";"0";"0";"0";"0"
"2022";"Dengue";"CARIRI";"19ª REGIÃO BREJO SANTO";"ABAIARA";"2022-04-23";"16";"0";"8";"0";"0";"1";"0"
"2022";"Dengue";"FORTALEZA";"01ª REGIÃO FORTALEZA";"FORTALEZA";"2022-12-24";"51";"0";"122";"0";"0";"27";"25"
"2022";"Dengue";"SOBRAL";"13ª REGIÃO TIANGUÁ";"CARNAUBAL";"2022-04-02";"13";"0";"0";"0";"0";"0";"0"
"2022";"Dengue";"CARIRI";"17ª REGIÃO ICÓ";"LAVRAS DA MANGABEIRA";"2022-03-05";"9";"0";"2";"0";"0";"0";"0"
"2022";"Dengue";"SOBRAL";"11ª REGIÃO SOBRAL";"RERIUTABA";"2022-07-02";"26";"0";"5";"0";"0";"1";"0"
"2022";"Dengue";"CARIRI";"20ª REGIÃO CRATO";"FARIAS BRITO";"2022-10-29";"43";"0";"1";"0";"0";"1";"0"
"2022";"Dengue";"SERTÃO CENTRAL";"08ª REGIÃO QUIXADÁ";"BANABUIU";"2022-06-25";"25";"0";"13";"0";"0";"3";"2"
"2022";"Dengue";"SERTÃO CENTRAL";"08ª REGIÃO QUIXADÁ";"MILHA";"2022-04-30";"17";"0";"1";"0";"0";"1";"0"
"2022";"Dengue";"LITORAL LESTE/JAGUARIBE";"10ª REGIÃO LIMOEIRO DO NORTE";"ERERE";"2022-08-13";"32";"0";"0";"0";"0";"0";"0"
"2022";"Dengue";"FORTALEZA";"02ª REGIÃO CAUCAIA";"APUIARES";"2022-01-08";"1";"0";"0";"0";"0";"0";"0"
"2022";"Dengue";"LITORAL LESTE/JAGUARIBE";"09ª REGIÃO RUSSAS";"JAGUARUANA";"2022-04-23";"16";"0";"1";"0";"0";"0";"0"
"2022";"Dengue";"FORTALEZA";"22ª REGIÃO CASCAVEL";"HORIZONTE";"2022-11-12";"45";"0";"0";"0";"0";"0";"0"
"2022";"Dengue";"CARIRI";"19ª REGIÃO BREJO SANTO";"MILAGRES";"2022-01-15";"2";"0";"4";"0";"0";"0";"0"
"2022";"Dengue";"LITORAL LESTE/JAGUARIBE";"10ª REGIÃO LIMOEIRO DO NORTE";"SAO JOAO DO JAGUARIBE";"2022-12-24";"51";"0";"0";"0";"0";"0";"0"
"2022";"Dengue";"LITORAL LESTE/JAGUARIBE";"10ª REGIÃO LIMOEIRO DO NORTE";"JAGUARIBARA";"2022-05-07";"18";"0";"2";"0";"0";"0";"0"
"2022";"Dengue";"FORTALEZA";"03ª REGIÃO MARACANAÚ";"PACATUBA";"2022-11-05";"44";"0";"5";"0";"0";"0";"1"
"2022";"Dengue";"SOBRAL";"15ª REGIÃO CRATEÚS";"CRATEUS";"2022-04-02";"13";"0";"0";"0";"0";"0";"0"
"2022";"Dengue";"LITORAL LESTE/JAGUARIBE";"09ª REGIÃO RUSSAS";"MORADA NOVA";"2022-01-29";"4";"0";"0";"0";"0";"0";"0"
"2022";"Dengue";"FORTALEZA";"02ª REGIÃO CAUCAIA";"ITAPAJE";"2022-12-31";"52";"0";"0";"0";"0";"0";"0"
"2022";"Dengue";"CARIRI";"18ª REGIÃO IGUATU";"CARIUS";"2022-08-27";"34";"0";"1";"0";"0";"0";"0"
"2022";"Dengue";"FORTALEZA";"06ª REGIÃO DE ITAPIPOCA";"TURURU";"2022-08-27";"34";"0";"0";"0";"0";"0";"0"
"2022";"Dengue";"SOBRAL";"11ª REGIÃO SOBRAL";"CARIRE";"2022-10-29";"43";"0";"2";"0";"0";"0";"2"
"2022";"Dengue";"SOBRAL";"13ª REGIÃO TIANGUÁ";"VICOSA DO CEARA";"2022-12-17";"50";"0";"3";"0";"0";"0";"0"
"2022";"Dengue";"SOBRAL";"11ª REGIÃO SOBRAL";"VARJOTA";"2022-07-30";"30";"0";"0";"0";"0";"0";"0"
"2022";"Dengue";"FORTALEZA";"06ª REGIÃO DE ITAPIPOCA";"URUBURETAMA";"2022-03-05";"9";"0";"1";"0";"0";"0";"0"
"2022";"Dengue";"SOBRAL";"11ª REGIÃO SOBRAL";"CARIRE";"2022-03-12";"10";"0";"0";"0";"0";"0";"0"
"2022";"Dengue";"CARIRI";"19ª REGIÃO BREJO SANTO";"BARRO";"2022-02-26";"8";"0";"0";"0";"0";"0";"0"
"2022";"Dengue";"CARIRI";"20ª REGIÃO CRATO";"SANTANA DO CARIRI";"2022-02-05";"5";"0";"3";"0";"0";"0";"0"
"2022";"Dengue";"SOBRAL";"12ª REGIÃO ACARAÚ";"ACARAU";"2022-03-05";"9";"0";"0";"0";"0";"0";"0"
"2022";"Dengue";"SOBRAL";"11ª REGIÃO SOBRAL";"FORQUILHA";"2022-05-28";"21";"0";"14";"0";"0";"3";"4"
"2022";"Dengue";"LITORAL LESTE/JAGUARIBE";"09ª REGIÃO RUSSAS";"RUSSAS";"2022-11-12";"45";"0";"17";"0";"0";"4";"2"
"2022";"Dengue";"FORTALEZA";"03ª REGIÃO MARACANAÚ";"MARANGUAPE";"2022-03-26";"12";"0";"15";"0";"0";"1";"6"
"2022";"Dengue";"FORTALEZA";"03ª REGIÃO MARACANAÚ";"BARREIRA";"2022-12-17";"50";"0";"0";"0";"0";"0";"0"
"2022";"Dengue";"CARIRI";"19ª REGIÃO BREJO SANTO";"PENAFORTE";"2022-09-17";"37";"0";"0";"0";"0";"0";"0"
"2022";"Dengue";"FORTALEZA";"03ª REGIÃO MARACANAÚ";"ACARAPE";"2022-06-04";"22";"0";"2";"0";"0";"0";"0"
"2022";"Dengue";"SOBRAL";"15ª REGIÃO CRATEÚS";"PORANGA";"2022-07-16";"28";"0";"2";"0";"0";"1";"1"
"2022";"Dengue";"SERTÃO CENTRAL";"08ª REGIÃO QUIXADÁ";"IBARETAMA";"2022-10-01";"39";"0";"0";"0";"0";"0";"0"
"2022";"Dengue";"CARIRI";"19ª REGIÃO BREJO SANTO";"PENAFORTE";"2022-02-05";"5";"0";"1";"0";"0";"0";"0"
"2022";"Dengue";"FORTALEZA";"22ª REGIÃO CASCAVEL";"CASCAVEL";"2022-02-12";"6";"0";"1";"0";"0";"1";"0"
"2022";"Dengue";"LITORAL LESTE/JAGUARIBE";"09ª REGIÃO RUSSAS";"PALHANO";"2022-06-04";"22";"0";"81";"0";"0";"0";"16"
"2022";"Dengue";"LITORAL LESTE/JAGUARIBE";"10ª REGIÃO LIMOEIRO DO NORTE";"IRACEMA";"2022-12-31";"52";"0";"0";"0";"0";"0";"0"
"2022";"Dengue";"CARIRI";"17ª REGIÃO ICÓ";"OROS";"2022-04-02";"13";"0";"3";"0";"0";"1";"0"
"2022";"Dengue";"CARIRI";"18ª REGIÃO IGUATU";"ACOPIARA";"2022-11-19";"46";"0";"1";"0";"0";"0";"0"
"2022";"Dengue";"SOBRAL";"11ª REGIÃO SOBRAL";"URUOCA";"2022-05-14";"19";"0";"1";"0";"0";"0";"0"
"2022";"Dengue";"SOBRAL";"13ª REGIÃO TIANGUÁ";"TIANGUA";"2022-10-08";"40";"0";"4";"0";"0";"2";"0"
"2022";"Dengue";"FORTALEZA";"04ª REGIÃO BATURITÉ";"CAPISTRANO";"2022-02-19";"7";"0";"0";"0";"0";"0";"0"
"2022";"Dengue";"CARIRI";"21ª REGIÃO JUAZEIRO DO NORTE";"GRANJEIRO";"2022-08-27";"34";"0";"0";"0";"0";"0";"0"
"2022";"Dengue";"FORTALEZA";"22ª REGIÃO CASCAVEL";"CHOROZINHO";"2022-02-19";"7";"0";"0";"0";"0";"0";"0"
"2022";"Dengue";"FORTALEZA";"02ª REGIÃO CAUCAIA";"GENERAL SAMPAIO";"2022-02-26";"8";"0";"0";"0";"0";"0";"0"
"2022";"Dengue";"CARIRI";"21ª REGIÃO JUAZEIRO DO NORTE";"CARIRIACU";"2022-12-03";"48";"0";"0";"0";"0";"0";"0"
"2022";"Dengue";"SERTÃO CENTRAL";"14ª REGIÃO TAUÁ";"TAUA";"2022-10-15";"41";"0";"10";"0";"0";"3";"0"
"2022";"Dengue";"LITORAL LESTE/JAGUARIBE";"10ª REGIÃO LIMOEIRO DO NORTE";"TABULEIRO DO NORTE";"2022-01-15";"2";"0";"2";"0";"0";"2";"0"
"2022";"Dengue";"CARIRI";"18ª REGIÃO IGUATU";"IGUATU";"2022-10-01";"39";"0";"1";"0";"0";"0";"0"
"2022";"Dengue";"SOBRAL";"13ª REGIÃO TIANGUÁ";"GUARACIABA DO NORTE";"2022-07-16";"28";"0";"3";"0";"0";"1";"1"
"2022";"Dengue";"CARIRI";"19ª REGIÃO BREJO SANTO";"BARRO";"2022-10-08";"40";"0";"0";"0";"0";"0";"0"
"2022";"Dengue";"LITORAL LESTE/JAGUARIBE";"10ª REGIÃO LIMOEIRO DO NORTE";"LIMOEIRO DO NORTE";"2022-12-17";"50";"0";"0";"0";"0";"0";"0"
"2022";"Dengue";"LITORAL LESTE/JAGUARIBE";"09ª REGIÃO RUSSAS";"JAGUARUANA";"2022-07-09";"27";"0";"86";"0";"0";"9";"13"
"2022";"Dengue";"SOBRAL";"13ª REGIÃO TIANGUÁ";"IBIAPINA";"2022-07-09";"27";"0";"1";"0";"0";"1";"0"
"2022";"Dengue";"CARIRI";"17ª REGIÃO ICÓ";"CEDRO";"2022-07-16";"28";"0";"3";"0";"0";"1";"0"
"2022";"Dengue";"SERTÃO CENTRAL";"05ª REGIÃO DE CANINDÉ";"PARAMOTI";"2022-01-22";"3";"0";"0";"0";"0";"0";"0"
"2022";"Dengue";"SOBRAL";"15ª REGIÃO CRATEÚS";"PORANGA";"2022-01-29";"4";"0";"0";"0";"0";"0";"0"
"2022";"Dengue";"CARIRI";"21ª REGIÃO JUAZEIRO DO NORTE";"CARIRIACU";"2022-08-13";"32";"0";"0";"0";"0";"0";"0"
"2022";"Dengue";"SERTÃO CENTRAL";"08ª REGIÃO QUIXADÁ";"SOLONOPOLE";"2022-08-20";"33";"0";"0";"0";"0";"0";"0"
"2022";"Dengue";"CARIRI";"18ª REGIÃO IGUATU";"CARIUS";"2022-05-07";"18";"0";"0";"0";"0";"0";"0"
"2022";"Dengue";"CARIRI";"17ª REGIÃO ICÓ";"CEDRO";"2022-12-03";"48";"0";"1";"0";"0";"0";"0"
"2022";"Dengue";"SOBRAL";"16ª REGIÃO CAMOCIM";"GRANJA";"2022-08-20";"33";"0";"0";"0";"0";"0";"0"
"2022";"Dengue";"LITORAL LESTE/JAGUARIBE";"07ª REGIÃO ARACATI";"ITAICABA";"2022-11-19";"46";"0";"1";"0";"0";"0";"0"
"2022";"Dengue";"CARIRI";"20ª REGIÃO CRATO";"FARIAS BRITO";"2022-04-23";"16";"0";"26";"0";"0";"1";"2"
"2022";"Dengue";"FORTALEZA";"03ª REGIÃO MARACANAÚ";"BARREIRA";"2022-08-13";"32";"0";"0";"0";"0";"0";"0"
"2022";"Dengue";"CARIRI";"20ª REGIÃO CRATO";"SALITRE";"2022-06-11";"23";"0";"0";"0";"0";"0";"0"
"2022";"Dengue";"SOBRAL";"11ª REGIÃO SOBRAL";"RERIUTABA";"2022-06-25";"25";"0";"10";"0";"0";"0";"0"
"2022";"Dengue";"SERTÃO CENTRAL";"05ª REGIÃO DE CANINDÉ";"MADALENA";"2022-04-23";"16";"0";"6";"0";"0";"0";"2"
"2022";"Dengue";"CARIRI";"20ª REGIÃO CRATO";"ALTANEIRA";"2022-10-29";"43";"0";"0";"0";"0";"0";"0"
"2022";"Dengue";"FORTALEZA";"02ª REGIÃO CAUCAIA";"SAO LUIS DO CURU";"2022-09-17";"37";"0";"0";"0";"0";"0";"0"
"2022";"Dengue";"SOBRAL";"12ª REGIÃO ACARAÚ";"MARCO";"2022-12-31";"52";"0";"1";"0";"0";"0";"0"
"2022";"Dengue";"SOBRAL";"12ª REGIÃO ACARAÚ";"JIJOCA DE JERICOACOARA";"2022-10-15";"41";"0";"0";"0";"0";"0";"0"
"2022";"Dengue";"CARIRI";"21ª REGIÃO JUAZEIRO DO NORTE";"CARIRIACU";"2022-07-23";"29";"0";"0";"0";"0";"0";"0"
"2022";"Dengue";"LITORAL LESTE/JAGUARIBE";"09ª REGIÃO RUSSAS";"RUSSAS";"2022-10-15";"41";"0";"13";"0";"0";"1";"8"
"2022";"Dengue";"FORTALEZA";"03ª REGIÃO MARACANAÚ";"BARREIRA";"2022-02-26";"8";"0";"2";"0";"0";"2";"0"
"2022";"Dengue";"SOBRAL";"12ª REGIÃO ACARAÚ";"ITAREMA";"2022-01-08";"1";"0";"0";"0";"0";"0";"0"
"2022";"Dengue";"FORTALEZA";"01ª REGIÃO FORTALEZA";"EUSEBIO";"2022-12-10";"49";"0";"0";"0";"0";"0";"0"
"2022";"Dengue";"CARIRI";"18ª REGIÃO IGUATU";"SABOEIRO";"2022-02-19";"7";"0";"0";"0";"0";"0";"0"
"2022";"Dengue";"CARIRI";"21ª REGIÃO JUAZEIRO DO NORTE";"JARDIM";"2022-09-10";"36";"0";"0";"0";"0";"0";"0"
"2022";"Dengue";"SERTÃO CENTRAL";"05ª REGIÃO DE CANINDÉ";"CANINDE";"2022-08-27";"34";"0";"1";"0";"0";"0";"0"
"2022";"Dengue";"SOBRAL";"11ª REGIÃO SOBRAL";"PACUJA";"2022-05-14";"19";"0";"0";"0";"0";"0";"0"
"2022";"Dengue";"CARIRI";"20ª REGIÃO CRATO";"ARARIPE";"2022-06-11";"23";"0";"0";"0";"0";"0";"0"
"2022";"Dengue";"SOBRAL";"16ª REGIÃO CAMOCIM";"GRANJA";"2022-05-14";"19";"0";"5";"0";"0";"0";"0"
"2022";"Dengue";"FORTALEZA";"04ª REGIÃO BATURITÉ";"PACOTI";"2022-05-07";"18";"0";"2";"0";"0";"0";"0"
"2022";"Dengue";"FORTALEZA";"06ª REGIÃO DE ITAPIPOCA";"AMONTADA";"2022-03-05";"9";"0";"1";"0";"0";"1";"0"
"2022";"Dengue";"SERTÃO CENTRAL";"14ª REGIÃO TAUÁ";"PARAMBU";"2022-02-12";"6";"0";"0";"0";"0";"0";"0"
"2022";"Dengue";"SOBRAL";"11ª REGIÃO SOBRAL";"VARJOTA";"2022-10-01";"39";"0";"0";"0";"0";"0";"0"
"2022";"Dengue";"FORTALEZA";"03ª REGIÃO MARACANAÚ";"MARACANAU";"2022-05-21";"20";"0";"130";"0";"0";"3";"88"
"2022";"Dengue";"SERTÃO CENTRAL";"05ª REGIÃO DE CANINDÉ";"CARIDADE";"2022-06-11";"23";"0";"19";"0";"0";"4";"0"
"2022";"Dengue";"SERTÃO CENTRAL";"14ª REGIÃO TAUÁ";"AIUABA";"2022-01-15";"2";"0";"1";"0";"0";"0";"0"
"2022";"Dengue";"CARIRI";"19ª REGIÃO BREJO SANTO";"BREJO SANTO";"2022-04-30";"17";"0";"61";"0";"0";"3";"13"
"2022";"Dengue";"FORTALEZA";"03ª REGIÃO MARACANAÚ";"REDENCAO";"2022-04-23";"16";"0";"1";"0";"0";"0";"0"
"2022";"Dengue";"SOBRAL";"12ª REGIÃO ACARAÚ";"ACARAU";"2022-02-26";"8";"0";"0";"0";"0";"0";"0"
"2022";"Dengue";"CARIRI";"18ª REGIÃO IGUATU";"CARIUS";"2022-09-17";"37";"0";"0";"0";"0";"0";"0"
"2022";"Dengue";"FORTALEZA";"03ª REGIÃO MARACANAÚ";"ACARAPE";"2022-07-30";"30";"0";"1";"0";"0";"0";"0"
"2022";"Dengue";"SOBRAL";"11ª REGIÃO SOBRAL";"CATUNDA";"2022-08-20";"33";"0";"1";"0";"0";"1";"0"
"2022";"Dengue";"CARIRI";"19ª REGIÃO BREJO SANTO";"BREJO SANTO";"2022-01-29";"4";"0";"2";"0";"0";"0";"0"
"2022";"Dengue";"SOBRAL";"11ª REGIÃO SOBRAL";"SANTA QUITERIA";"2022-04-09";"14";"0";"0";"0";"0";"0";"0"
"2022";"Dengue";"CARIRI";"19ª REGIÃO BREJO SANTO";"MAURITI";"2022-03-26";"12";"0";"59";"0";"0";"9";"28"
"2022";"Dengue";"CARIRI";"20ª REGIÃO CRATO";"POTENGI";"2022-12-31";"52";"0";"0";"0";"0";"0";"0"
"2022";"Dengue";"LITORAL LESTE/JAGUARIBE";"07ª REGIÃO ARACATI";"ITAICABA";"2022-05-28";"21";"0";"3";"0";"0";"0";"0"
"2022";"Dengue";"FORTALEZA";"02ª REGIÃO CAUCAIA";"SAO GONCALO DO AMARANTE";"2022-12-24";"51";"0";"0";"0";"0";"0";"0"
"2022";"Dengue";"SERTÃO CENTRAL";"08ª REGIÃO QUIXADÁ";"PEDRA BRANCA";"2022-12-17";"50";"0";"2";"0";"0";"0";"0"
"2022";"Dengue";"FORTALEZA";"02ª REGIÃO CAUCAIA";"PARACURU";"2022-12-03";"48";"0";"1";"0";"0";"0";"1"
"2022";"Dengue";"SERTÃO CENTRAL";"14ª REGIÃO TAUÁ";"TAUA";"2022-05-28";"21";"0";"38";"0";"0";"12";"4"
"2022";"Dengue";"SOBRAL";"11ª REGIÃO SOBRAL";"PACUJA";"2022-11-19";"46";"0";"0";"0";"0";"0";"0"
"2022";"Dengue";"FORTALEZA";"02ª REGIÃO CAUCAIA";"GENERAL SAMPAIO";"2022-09-17";"37";"0";"1";"0";"0";"0";"0"
"2022";"Dengue";"SOBRAL";"11ª REGIÃO SOBRAL";"MUCAMBO";"2022-11-12";"45";"0";"0";"0";"0";"0";"0"
"2022";"Dengue";"FORTALEZA";"02ª REGIÃO CAUCAIA";"GENERAL SAMPAIO";"2022-12-17";"50";"0";"0";"0";"0";"0";"0"
"2022";"Dengue";"SOBRAL";"11ª REGIÃO SOBRAL";"SANTANA DO ACARAU";"2022-08-27";"34";"0";"0";"0";"0";"0";"0"
"2022";"Dengue";"SOBRAL";"15ª REGIÃO CRATEÚS";"IPUEIRAS";"2022-02-05";"5";"0";"0";"0";"0";"0";"0"
"2022";"Dengue";"LITORAL LESTE/JAGUARIBE";"09ª REGIÃO RUSSAS";"JAGUARETAMA";"2022-03-12";"10";"0";"1";"0";"0";"0";"0"
"2022";"Dengue";"CARIRI";"17ª REGIÃO ICÓ";"ICO";"2022-02-26";"8";"0";"3";"0";"0";"0";"0"
"2022";"Dengue";"SOBRAL";"13ª REGIÃO TIANGUÁ";"SAO BENEDITO";"2022-06-18";"24";"0";"6";"0";"0";"1";"0"
"2022";"Dengue";"FORTALEZA";"22ª REGIÃO CASCAVEL";"BEBERIBE";"2022-11-12";"45";"0";"0";"0";"0";"0";"0"
"2022";"Dengue";"SERTÃO CENTRAL";"05ª REGIÃO DE CANINDÉ";"CARIDADE";"2022-05-28";"21";"0";"6";"0";"0";"1";"1"
"2022";"Dengue";"FORTALEZA";"06ª REGIÃO DE ITAPIPOCA";"ITAPIPOCA";"2022-02-19";"7";"0";"13";"0";"0";"8";"0"
"2022";"Dengue";"SOBRAL";"15ª REGIÃO CRATEÚS";"INDEPENDENCIA";"2022-01-08";"1";"0";"0";"0";"0";"0";"0"
"2022";"Dengue";"CARIRI";"19ª REGIÃO BREJO SANTO";"BARRO";"2022-08-06";"31";"0";"0";"0";"0";"0";"0"
"2022";"Dengue";"SOBRAL";"11ª REGIÃO SOBRAL";"COREAU";"2022-03-05";"9";"0";"1";"0";"0";"1";"0"
"2022";"Dengue";"SOBRAL";"11ª REGIÃO SOBRAL";"GROAIRAS";"2022-01-15";"2";"0";"3";"0";"0";"0";"0"
"2022";"Dengue";"SOBRAL";"11ª REGIÃO SOBRAL";"PACUJA";"2022-06-04";"22";"0";"1";"0";"0";"1";"0"
"2022";"Dengue";"LITORAL LESTE/JAGUARIBE";"09ª REGIÃO RUSSAS";"MORADA NOVA";"2022-02-26";"8";"0";"0";"0";"0";"0";"0"
"2022";"Dengue";"CARIRI";"21ª REGIÃO JUAZEIRO DO NORTE";"JUAZEIRO DO NORTE";"2022-09-10";"36";"0";"9";"0";"0";"0";"0"
"2022";"Dengue";"SOBRAL";"11ª REGIÃO SOBRAL";"CATUNDA";"2022-08-13";"32";"0";"0";"0";"0";"0";"0"
"2022";"Dengue";"SOBRAL";"11ª REGIÃO SOBRAL";"VARJOTA";"2022-09-03";"35";"0";"0";"0";"0";"0";"0"
"2022";"Dengue";"CARIRI";"20ª REGIÃO CRATO";"SANTANA DO CARIRI";"2022-07-02";"26";"0";"1";"0";"0";"1";"0"
"2022";"Dengue";"SOBRAL";"11ª REGIÃO SOBRAL";"URUOCA";"2022-09-17";"37";"0";"0";"0";"0";"0";"0"
"2022";"Dengue";"CARIRI";"20ª REGIÃO CRATO";"ASSARE";"2022-08-13";"32";"0";"2";"0";"0";"0";"0"
"2022";"Dengue";"SOBRAL";"11ª REGIÃO SOBRAL";"CATUNDA";"2022-05-21";"20";"0";"1";"0";"0";"0";"0"
"2022";"Dengue";"SOBRAL";"12ª REGIÃO ACARAÚ";"MARCO";"2022-08-20";"33";"0";"3";"0";"0";"1";"0"
"2022";"Dengue";"SOBRAL";"15ª REGIÃO CRATEÚS";"TAMBORIL";"2022-09-03";"35";"0";"4";"0";"0";"0";"2"
"2022";"Dengue";"SERTÃO CENTRAL";"05ª REGIÃO DE CANINDÉ";"PARAMOTI";"2022-05-14";"19";"0";"0";"0";"0";"0";"0"
"2022";"Dengue";"SOBRAL";"11ª REGIÃO SOBRAL";"IRAUCUBA";"2022-10-08";"40";"0";"0";"0";"0";"0";"0"
"2022";"Dengue";"SOBRAL";"13ª REGIÃO TIANGUÁ";"CROATA";"2022-11-05";"44";"0";"1";"0";"0";"0";"0"
"2022";"Dengue";"LITORAL LESTE/JAGUARIBE";"09ª REGIÃO RUSSAS";"JAGUARETAMA";"2022-10-22";"42";"0";"4";"0";"0";"4";"0"
"2022";"Dengue";"CARIRI";"20ª REGIÃO CRATO";"TARRAFAS";"2022-06-11";"23";"0";"0";"0";"0";"0";"0"
"2022";"Dengue";"SOBRAL";"11ª REGIÃO SOBRAL";"SANTANA DO ACARAU";"2022-07-23";"29";"0";"4";"0";"0";"1";"1"
"2022";"Dengue";"SOBRAL";"13ª REGIÃO TIANGUÁ";"GUARACIABA DO NORTE";"2022-06-11";"23";"0";"13";"0";"0";"1";"12"
"2022";"Dengue";"SERTÃO CENTRAL";"08ª REGIÃO QUIXADÁ";"SOLONOPOLE";"2022-05-21";"20";"0";"1";"0";"0";"0";"0"
"2022";"Dengue";"FORTALEZA";"03ª REGIÃO MARACANAÚ";"ACARAPE";"2022-01-08";"1";"0";"0";"0";"0";"0";"0"
"2022";"Dengue";"SERTÃO CENTRAL";"05ª REGIÃO DE CANINDÉ";"PARAMOTI";"2022-04-02";"13";"0";"2";"0";"0";"0";"1"
"2022";"Dengue";"FORTALEZA";"03ª REGIÃO MARACANAÚ";"BARREIRA";"2022-06-11";"23";"0";"0";"0";"0";"0";"0"
"2022";"Dengue";"SOBRAL";"11ª REGIÃO SOBRAL";"SANTA QUITERIA";"2022-01-15";"2";"0";"0";"0";"0";"0";"0"
"2022";"Dengue";"FORTALEZA";"22ª REGIÃO CASCAVEL";"PINDORETAMA";"2022-12-03";"48";"0";"0";"0";"0";"0";"0"
"2022";"Dengue";"CARIRI";"17ª REGIÃO ICÓ";"OROS";"2022-06-18";"24";"0";"16";"0";"0";"0";"1"
"2022";"Dengue";"FORTALEZA";"04ª REGIÃO BATURITÉ";"GUARAMIRANGA";"2022-02-12";"6";"0";"0";"0";"0";"0";"0"
"2022";"Dengue";"SOBRAL";"15ª REGIÃO CRATEÚS";"TAMBORIL";"2022-12-17";"50";"0";"0";"0";"0";"0";"0"
"2022";"Dengue";"FORTALEZA";"02ª REGIÃO CAUCAIA";"PENTECOSTE";"2022-03-12";"10";"0";"0";"0";"0";"0";"0"
"2022";"Dengue";"FORTALEZA";"04ª REGIÃO BATURITÉ";"ITAPIUNA";"2022-11-19";"46";"0";"0";"0";"0";"0";"0"
"2022";"Dengue";"LITORAL LESTE/JAGUARIBE";"10ª REGIÃO LIMOEIRO DO NORTE";"JAGUARIBE";"2022-10-01";"39";"0";"15";"0";"0";"1";"0"
"2022";"Dengue";"SERTÃO CENTRAL";"08ª REGIÃO QUIXADÁ";"SENADOR POMPEU";"2022-11-26";"47";"0";"0";"0";"0";"0";"0"
"2022";"Dengue";"CARIRI";"18ª REGIÃO IGUATU";"MOMBACA";"2022-09-10";"36";"0";"0";"0";"0";"0";"0"
"2022";"Dengue";"SOBRAL";"16ª REGIÃO CAMOCIM";"MARTINOPOLE";"2022-12-17";"50";"0";"0";"0";"0";"0";"0"
"2022";"Dengue";"SOBRAL";"13ª REGIÃO TIANGUÁ";"IBIAPINA";"2022-05-14";"19";"0";"2";"0";"0";"0";"0"
"2022";"Dengue";"SERTÃO CENTRAL";"08ª REGIÃO QUIXADÁ";"SENADOR POMPEU";"2022-10-08";"40";"0";"0";"0";"0";"0";"0"
"2022";"Dengue";"FORTALEZA";"02ª REGIÃO CAUCAIA";"CAUCAIA";"2022-05-28";"21";"0";"62";"0";"0";"3";"30"
"2022";"Dengue";"FORTALEZA";"03ª REGIÃO MARACANAÚ";"MARANGUAPE";"2022-10-29";"43";"0";"7";"0";"0";"0";"0"
"2022";"Dengue";"CARIRI";"17ª REGIÃO ICÓ";"IPAUMIRIM";"2022-11-12";"45";"0";"0";"0";"0";"0";"0"
"2022";"Dengue";"FORTALEZA";"06ª REGIÃO DE ITAPIPOCA";"AMONTADA";"2022-03-12";"10";"0";"0";"0";"0";"0";"0"
"2022";"Dengue";"SOBRAL";"15ª REGIÃO CRATEÚS";"QUITERIANOPOLIS";"2022-05-21";"20";"0";"50";"0";"0";"10";"0"
"2022";"Dengue";"LITORAL LESTE/JAGUARIBE";"10ª REGIÃO LIMOEIRO DO NORTE";"JAGUARIBARA";"2022-07-23";"29";"0";"8";"0";"0";"4";"0"
"2022";"Dengue";"FORTALEZA";"02ª REGIÃO CAUCAIA";"PARAIPABA";"2022-12-31";"52";"0";"0";"0";"0";"0";"0"
"2022";"Dengue";"CARIRI";"18ª REGIÃO IGUATU";"QUIXELO";"2022-11-26";"47";"0";"0";"0";"0";"0";"0"
"2022";"Dengue";"SERTÃO CENTRAL";"08ª REGIÃO QUIXADÁ";"CHORO";"2022-06-11";"23";"0";"42";"0";"0";"8";"22"
"2022";"Dengue";"SOBRAL";"13ª REGIÃO TIANGUÁ";"SAO BENEDITO";"2022-06-25";"25";"0";"7";"0";"0";"2";"0"
"2022";"Dengue";"LITORAL LESTE/JAGUARIBE";"07ª REGIÃO ARACATI";"ARACATI";"2022-11-05";"44";"0";"1";"0";"0";"0";"0"
"2022";"Dengue";"SERTÃO CENTRAL";"08ª REGIÃO QUIXADÁ";"SENADOR POMPEU";"2022-05-28";"21";"0";"0";"0";"0";"0";"0"
"2022";"Dengue";"CARIRI";"21ª REGIÃO JUAZEIRO DO NORTE";"MISSAO VELHA";"2022-05-28";"21";"0";"0";"0";"0";"0";"0"
"2022";"Dengue";"FORTALEZA";"04ª REGIÃO BATURITÉ";"ITAPIUNA";"2022-02-05";"5";"0";"0";"0";"0";"0";"0"
"2022";"Dengue";"LITORAL LESTE/JAGUARIBE";"09ª REGIÃO RUSSAS";"JAGUARUANA";"2022-09-03";"35";"0";"20";"0";"0";"1";"15"
"2022";"Dengue";"LITORAL LESTE/JAGUARIBE";"10ª REGIÃO LIMOEIRO DO NORTE";"LIMOEIRO DO NORTE";"2022-10-01";"39";"1";"29";"1";"0";"4";"24"
"2022";"Dengue";"FORTALEZA";"04ª REGIÃO BATURITÉ";"ITAPIUNA";"2022-10-01";"39";"0";"0";"0";"0";"0";"0"
"2022";"Dengue";"SOBRAL";"11ª REGIÃO SOBRAL";"CATUNDA";"2022-05-28";"21";"0";"0";"0";"0";"0";"0"
"2022";"Dengue";"LITORAL LESTE/JAGUARIBE";"10ª REGIÃO LIMOEIRO DO NORTE";"ALTO SANTO";"2022-04-23";"16";"0";"0";"0";"0";"0";"0"
"2022";"Dengue";"LITORAL LESTE/JAGUARIBE";"10ª REGIÃO LIMOEIRO DO NORTE";"JAGUARIBARA";"2022-01-08";"1";"0";"0";"0";"0";"0";"0"
"2022";"Dengue";"CARIRI";"19ª REGIÃO BREJO SANTO";"BARRO";"2022-10-29";"43";"0";"2";"0";"0";"0";"2"
"2022";"Dengue";"SOBRAL";"12ª REGIÃO ACARAÚ";"JIJOCA DE JERICOACOARA";"2022-06-11";"23";"0";"25";"0";"0";"4";"1"
"2022";"Dengue";"CARIRI";"20ª REGIÃO CRATO";"FARIAS BRITO";"2022-03-26";"12";"0";"21";"0";"0";"1";"0"
"2022";"Dengue";"CARIRI";"18ª REGIÃO IGUATU";"ACOPIARA";"2022-06-25";"25";"0";"10";"0";"0";"4";"0"
"2022";"Dengue";"FORTALEZA";"01ª REGIÃO FORTALEZA";"FORTALEZA";"2022-12-10";"49";"0";"153";"0";"0";"13";"52"
"2022";"Dengue";"CARIRI";"19ª REGIÃO BREJO SANTO";"MAURITI";"2022-10-29";"43";"0";"0";"0";"0";"0";"0"
"2022";"Dengue";"SERTÃO CENTRAL";"08ª REGIÃO QUIXADÁ";"CHORO";"2022-12-03";"48";"0";"1";"0";"0";"1";"0"
"2022";"Dengue";"SERTÃO CENTRAL";"08ª REGIÃO QUIXADÁ";"IBARETAMA";"2022-04-30";"17";"0";"2";"0";"0";"1";"0"
"2022";"Dengue";"SERTÃO CENTRAL";"08ª REGIÃO QUIXADÁ";"SOLONOPOLE";"2022-04-16";"15";"0";"0";"0";"0";"0";"0"
"2022";"Dengue";"SOBRAL";"15ª REGIÃO CRATEÚS";"PORANGA";"2022-08-20";"33";"0";"0";"0";"0";"0";"0"
"2022";"Dengue";"SERTÃO CENTRAL";"05ª REGIÃO DE CANINDÉ";"BOA VIAGEM";"2022-09-24";"38";"0";"0";"0";"0";"0";"0"
"2022";"Dengue";"CARIRI";"18ª REGIÃO IGUATU";"ACOPIARA";"2022-01-08";"1";"0";"0";"0";"0";"0";"0"
"2022";"Dengue";"CARIRI";"20ª REGIÃO CRATO";"ARARIPE";"2022-04-16";"15";"0";"21";"0";"0";"0";"0"
"2022";"Dengue";"FORTALEZA";"02ª REGIÃO CAUCAIA";"TEJUCUOCA";"2022-10-29";"43";"0";"0";"0";"0";"0";"0"
"2022";"Dengue";"FORTALEZA";"04ª REGIÃO BATURITÉ";"CAPISTRANO";"2022-10-08";"40";"0";"0";"0";"0";"0";"0"
"2022";"Dengue";"FORTALEZA";"01ª REGIÃO FORTALEZA";"AQUIRAZ";"2022-01-29";"4";"0";"0";"0";"0";"0";"0"
"2022";"Dengue";"SOBRAL";"13ª REGIÃO TIANGUÁ";"TIANGUA";"2022-04-02";"13";"0";"18";"0";"0";"6";"0"
"2022";"Dengue";"CARIRI";"21ª REGIÃO JUAZEIRO DO NORTE";"JARDIM";"2022-11-19";"46";"0";"0";"0";"0";"0";"0"
"2022";"Dengue";"SOBRAL";"11ª REGIÃO SOBRAL";"COREAU";"2022-04-16";"15";"0";"2";"0";"0";"2";"0"
"2022";"Dengue";"SOBRAL";"11ª REGIÃO SOBRAL";"MASSAPE";"2022-05-07";"18";"0";"8";"0";"0";"3";"0"
"2022";"Dengue";"FORTALEZA";"06ª REGIÃO DE ITAPIPOCA";"MIRAIMA";"2022-05-28";"21";"0";"30";"0";"0";"0";"25"
"2022";"Dengue";"CARIRI";"18ª REGIÃO IGUATU";"DEPUTADO IRAPUAN PINHEIRO";"2022-12-31";"52";"0";"0";"0";"0";"0";"0"
"2022";"Dengue";"FORTALEZA";"02ª REGIÃO CAUCAIA";"CAUCAIA";"2022-08-06";"31";"0";"31";"0";"0";"2";"21"
"2022";"Dengue";"LITORAL LESTE/JAGUARIBE";"10ª REGIÃO LIMOEIRO DO NORTE";"PEREIRO";"2022-01-15";"2";"0";"2";"0";"0";"0";"0"
"2022";"Dengue";"FORTALEZA";"06ª REGIÃO DE ITAPIPOCA";"TURURU";"2022-07-02";"26";"0";"7";"0";"0";"0";"7"
"2022";"Dengue";"CARIRI";"18ª REGIÃO IGUATU";"PIQUET CARNEIRO";"2022-01-29";"4";"0";"0";"0";"0";"0";"0"
"2022";"Dengue";"FORTALEZA";"04ª REGIÃO BATURITÉ";"ITAPIUNA";"2022-03-05";"9";"0";"0";"0";"0";"0";"0"
"2022";"Dengue";"SOBRAL";"16ª REGIÃO CAMOCIM";"GRANJA";"2022-02-12";"6";"0";"0";"0";"0";"0";"0"
"2022";"Dengue";"SOBRAL";"16ª REGIÃO CAMOCIM";"CAMOCIM";"2022-07-30";"30";"0";"19";"0";"0";"2";"1"
"2022";"Dengue";"FORTALEZA";"02ª REGIÃO CAUCAIA";"SAO LUIS DO CURU";"2022-05-21";"20";"0";"0";"0";"0";"0";"0"
"2022";"Dengue";"CARIRI";"20ª REGIÃO CRATO";"POTENGI";"2022-01-29";"4";"0";"0";"0";"0";"0";"0"
"2022";"Dengue";"LITORAL LESTE/JAGUARIBE";"10ª REGIÃO LIMOEIRO DO NORTE";"PEREIRO";"2022-05-14";"19";"0";"6";"0";"0";"3";"0"
"2022";"Dengue";"CARIRI";"20ª REGIÃO CRATO";"ASSARE";"2022-08-06";"31";"0";"0";"0";"0";"0";"0"
"2022";"Dengue";"SOBRAL";"16ª REGIÃO CAMOCIM";"BARROQUINHA";"2022-04-30";"17";"0";"2";"0";"0";"0";"0"
"2022";"Dengue";"CARIRI";"18ª REGIÃO IGUATU";"ACOPIARA";"2022-02-05";"5";"0";"0";"0";"0";"0";"0"
"2022";"Dengue";"SOBRAL";"15ª REGIÃO CRATEÚS";"TAMBORIL";"2022-05-14";"19";"0";"18";"0";"0";"5";"5"
"2022";"Dengue";"CARIRI";"21ª REGIÃO JUAZEIRO DO NORTE";"CARIRIACU";"2022-08-20";"33";"0";"0";"0";"0";"0";"0"
"2022";"Dengue";"SOBRAL";"12ª REGIÃO ACARAÚ";"ITAREMA";"2022-06-25";"25";"0";"5";"0";"0";"0";"2"
"2022";"Dengue";"SERTÃO CENTRAL";"05ª REGIÃO DE CANINDÉ";"PARAMOTI";"2022-11-26";"47";"0";"1";"0";"0";"0";"0"
"2022";"Dengue";"SOBRAL";"12ª REGIÃO ACARAÚ";"MARCO";"2022-07-30";"30";"0";"7";"0";"0";"2";"0"
"2022";"Dengue";"SOBRAL";"11ª REGIÃO SOBRAL";"URUOCA";"2022-10-01";"39";"0";"0";"0";"0";"0";"0"
"2022";"Dengue";"SOBRAL";"11ª REGIÃO SOBRAL";"RERIUTABA";"2022-06-11";"23";"0";"4";"0";"0";"0";"0"
"2022";"Dengue";"SOBRAL";"11ª REGIÃO SOBRAL";"HIDROLANDIA";"2022-03-12";"10";"0";"0";"0";"0";"0";"0"
"2022";"Dengue";"CARIRI";"17ª REGIÃO ICÓ";"UMARI";"2022-03-26";"12";"0";"0";"0";"0";"0";"0"
"2022";"Dengue";"SOBRAL";"15ª REGIÃO CRATEÚS";"TAMBORIL";"2022-10-15";"41";"0";"0";"0";"0";"0";"0"
"2022";"Dengue";"CARIRI";"20ª REGIÃO CRATO";"ASSARE";"2022-02-05";"5";"0";"1";"0";"0";"0";"0"
"2022";"Dengue";"FORTALEZA";"01ª REGIÃO FORTALEZA";"EUSEBIO";"2022-09-03";"35";"0";"0";"0";"0";"0";"0"
"2022";"Dengue";"SOBRAL";"16ª REGIÃO CAMOCIM";"GRANJA";"2022-03-26";"12";"0";"5";"0";"0";"2";"0"
"2022";"Dengue";"SERTÃO CENTRAL";"08ª REGIÃO QUIXADÁ";"IBARETAMA";"2022-05-07";"18";"0";"0";"0";"0";"0";"0"
"2022";"Dengue";"CARIRI";"20ª REGIÃO CRATO";"ANTONINA DO NORTE";"2022-01-22";"3";"0";"0";"0";"0";"0";"0"
"2022";"Dengue";"SOBRAL";"15ª REGIÃO CRATEÚS";"NOVA RUSSAS";"2022-11-12";"45";"0";"0";"0";"0";"0";"0"
"2022";"Dengue";"SOBRAL";"11ª REGIÃO SOBRAL";"MERUOCA";"2022-10-01";"39";"0";"13";"0";"0";"1";"0"
"2022";"Dengue";"CARIRI";"19ª REGIÃO BREJO SANTO";"PENAFORTE";"2022-10-22";"42";"0";"0";"0";"0";"0";"0"
"2022";"Dengue";"CARIRI";"17ª REGIÃO ICÓ";"BAIXIO";"2022-03-12";"10";"0";"0";"0";"0";"0";"0"
"2022";"Dengue";"LITORAL LESTE/JAGUARIBE";"10ª REGIÃO LIMOEIRO DO NORTE";"QUIXERE";"2022-10-22";"42";"0";"1";"0";"0";"0";"0"
"2022";"Dengue";"LITORAL LESTE/JAGUARIBE";"09ª REGIÃO RUSSAS";"JAGUARUANA";"2022-08-06";"31";"0";"28";"0";"0";"10";"3"
"2022";"Dengue";"SOBRAL";"15ª REGIÃO CRATEÚS";"TAMBORIL";"2022-08-27";"34";"0";"3";"0";"0";"0";"3"
"2022";"Dengue";"FORTALEZA";"04ª REGIÃO BATURITÉ";"MULUNGU";"2022-11-26";"47";"0";"0";"0";"0";"0";"0"
"2022";"Dengue";"CARIRI";"20ª REGIÃO CRATO";"ANTONINA DO NORTE";"2022-08-06";"31";"0";"0";"0";"0";"0";"0"
"2022";"Dengue";"LITORAL LESTE/JAGUARIBE";"10ª REGIÃO LIMOEIRO DO NORTE";"QUIXERE";"2022-05-14";"19";"0";"8";"0";"0";"1";"3"
"2022";"Dengue";"FORTALEZA";"02ª REGIÃO CAUCAIA";"ITAPAJE";"2022-02-26";"8";"0";"0";"0";"0";"0";"0"
"2022";"Dengue";"LITORAL LESTE/JAGUARIBE";"07ª REGIÃO ARACATI";"FORTIM";"2022-10-08";"40";"0";"0";"0";"0";"0";"0"
"2022";"Dengue";"FORTALEZA";"22ª REGIÃO CASCAVEL";"PACAJUS";"2022-05-14";"19";"0";"5";"0";"0";"0";"3"
"2022";"Dengue";"CARIRI";"20ª REGIÃO CRATO";"POTENGI";"2022-09-10";"36";"0";"0";"0";"0";"0";"0"
"2022";"Dengue";"SOBRAL";"13ª REGIÃO TIANGUÁ";"CROATA";"2022-12-31";"52";"0";"0";"0";"0";"0";"0"
"2022";"Dengue";"CARIRI";"20ª REGIÃO CRATO";"ANTONINA DO NORTE";"2022-05-07";"18";"0";"3";"0";"0";"0";"0"
"2022";"Dengue";"SOBRAL";"11ª REGIÃO SOBRAL";"ALCANTARAS";"2022-03-12";"10";"0";"1";"0";"0";"0";"0"
"2022";"Dengue";"FORTALEZA";"03ª REGIÃO MARACANAÚ";"MARANGUAPE";"2022-06-11";"23";"0";"74";"0";"0";"1";"40"
"2022";"Dengue";"FORTALEZA";"04ª REGIÃO BATURITÉ";"PACOTI";"2022-10-08";"40";"0";"0";"0";"0";"0";"0"
"2022";"Dengue";"SERTÃO CENTRAL";"08ª REGIÃO QUIXADÁ";"CHORO";"2022-02-26";"8";"0";"0";"0";"0";"0";"0"
"2022";"Dengue";"SOBRAL";"12ª REGIÃO ACARAÚ";"BELA CRUZ";"2022-08-13";"32";"0";"29";"0";"0";"13";"12"
"2022";"Dengue";"FORTALEZA";"02ª REGIÃO CAUCAIA";"PARACURU";"2022-05-07";"18";"0";"13";"0";"0";"4";"5"
"2022";"Dengue";"LITORAL LESTE/JAGUARIBE";"09ª REGIÃO RUSSAS";"JAGUARUANA";"2022-11-12";"45";"0";"4";"0";"0";"0";"0"
"2022";"Dengue";"FORTALEZA";"04ª REGIÃO BATURITÉ";"GUARAMIRANGA";"2022-09-03";"35";"0";"0";"0";"0";"0";"0"
"2022";"Dengue";"CARIRI";"19ª REGIÃO BREJO SANTO";"BREJO SANTO";"2022-07-02";"26";"0";"12";"0";"0";"0";"11"
"2022";"Dengue";"LITORAL LESTE/JAGUARIBE";"10ª REGIÃO LIMOEIRO DO NORTE";"ERERE";"2022-01-29";"4";"0";"0";"0";"0";"0";"0"
"2022";"Dengue";"FORTALEZA";"03ª REGIÃO MARACANAÚ";"MARANGUAPE";"2022-04-02";"13";"0";"12";"0";"0";"3";"4"
"2022";"Dengue";"FORTALEZA";"02ª REGIÃO CAUCAIA";"GENERAL SAMPAIO";"2022-03-19";"11";"0";"0";"0";"0";"0";"0"
"2022";"Dengue";"SERTÃO CENTRAL";"08ª REGIÃO QUIXADÁ";"CHORO";"2022-08-13";"32";"0";"10";"0";"0";"2";"2"
"2022";"Dengue";"FORTALEZA";"06ª REGIÃO DE ITAPIPOCA";"URUBURETAMA";"2022-03-19";"11";"0";"2";"0";"0";"0";"0"
"2022";"Dengue";"FORTALEZA";"03ª REGIÃO MARACANAÚ";"PACATUBA";"2022-07-16";"28";"0";"5";"0";"0";"0";"4"
"2022";"Dengue";"LITORAL LESTE/JAGUARIBE";"10ª REGIÃO LIMOEIRO DO NORTE";"TABULEIRO DO NORTE";"2022-11-19";"46";"0";"0";"0";"0";"0";"0"
"2022";"Dengue";"CARIRI";"17ª REGIÃO ICÓ";"ICO";"2022-05-21";"20";"0";"44";"0";"0";"2";"6"
"2022";"Dengue";"LITORAL LESTE/JAGUARIBE";"10ª REGIÃO LIMOEIRO DO NORTE";"IRACEMA";"2022-03-12";"10";"0";"0";"0";"0";"0";"0"
"2022";"Dengue";"CARIRI";"21ª REGIÃO JUAZEIRO DO NORTE";"GRANJEIRO";"2022-04-09";"14";"0";"3";"0";"0";"0";"0"
"2022";"Dengue";"FORTALEZA";"01ª REGIÃO FORTALEZA";"FORTALEZA";"2022-10-01";"39";"0";"283";"0";"0";"37";"102"
"2022";"Dengue";"CARIRI";"17ª REGIÃO ICÓ";"IPAUMIRIM";"2022-11-26";"47";"0";"0";"0";"0";"0";"0"
"2022";"Dengue";"CARIRI";"20ª REGIÃO CRATO";"SANTANA DO CARIRI";"2022-04-30";"17";"0";"50";"0";"0";"2";"1"
"2022";"Dengue";"SOBRAL";"15ª REGIÃO CRATEÚS";"NOVO ORIENTE";"2022-06-25";"25";"0";"39";"0";"0";"2";"6"
"2022";"Dengue";"CARIRI";"17ª REGIÃO ICÓ";"UMARI";"2022-05-07";"18";"0";"3";"0";"0";"0";"1"
"2022";"Dengue";"CARIRI";"21ª REGIÃO JUAZEIRO DO NORTE";"BARBALHA";"2022-04-30";"17";"0";"15";"0";"0";"0";"0"
"2022";"Dengue";"SOBRAL";"11ª REGIÃO SOBRAL";"COREAU";"2022-04-30";"17";"0";"17";"0";"0";"2";"5"
"2022";"Dengue";"CARIRI";"18ª REGIÃO IGUATU";"SABOEIRO";"2022-04-16";"15";"0";"1";"0";"0";"0";"0"
"2022";"Dengue";"CARIRI";"21ª REGIÃO JUAZEIRO DO NORTE";"CARIRIACU";"2022-02-12";"6";"0";"0";"0";"0";"0";"0"
"2022";"Dengue";"FORTALEZA";"03ª REGIÃO MARACANAÚ";"PALMACIA";"2022-08-27";"34";"0";"0";"0";"0";"0";"0"
"2022";"Dengue";"SOBRAL";"13ª REGIÃO TIANGUÁ";"GUARACIABA DO NORTE";"2022-02-12";"6";"0";"0";"0";"0";"0";"0"
"2022";"Dengue";"SERTÃO CENTRAL";"05ª REGIÃO DE CANINDÉ";"BOA VIAGEM";"2022-09-03";"35";"0";"1";"0";"0";"0";"0"
"2022";"Dengue";"SOBRAL";"15ª REGIÃO CRATEÚS";"TAMBORIL";"2022-04-02";"13";"0";"0";"0";"0";"0";"0"
"2022";"Dengue";"FORTALEZA";"02ª REGIÃO CAUCAIA";"SAO LUIS DO CURU";"2022-07-23";"29";"0";"1";"0";"0";"0";"0"
"2022";"Dengue";"LITORAL LESTE/JAGUARIBE";"09ª REGIÃO RUSSAS";"RUSSAS";"2022-02-26";"8";"0";"1";"0";"0";"0";"0"
"2022";"Dengue";"CARIRI";"19ª REGIÃO BREJO SANTO";"PENAFORTE";"2022-01-29";"4";"0";"1";"0";"0";"0";"0"
"2022";"Dengue";"CARIRI";"18ª REGIÃO IGUATU";"CARIUS";"2022-01-15";"2";"0";"0";"0";"0";"0";"0"
"2022";"Dengue";"SERTÃO CENTRAL";"14ª REGIÃO TAUÁ";"TAUA";"2022-09-24";"38";"0";"48";"0";"0";"5";"4"
"2022";"Dengue";"SOBRAL";"11ª REGIÃO SOBRAL";"FORQUILHA";"2022-04-16";"15";"0";"1";"0";"0";"1";"0"
"2022";"Dengue";"FORTALEZA";"02ª REGIÃO CAUCAIA";"TEJUCUOCA";"2022-02-05";"5";"0";"0";"0";"0";"0";"0"
"2022";"Dengue";"SOBRAL";"15ª REGIÃO CRATEÚS";"TAMBORIL";"2022-03-12";"10";"0";"0";"0";"0";"0";"0"
"2022";"Dengue";"FORTALEZA";"03ª REGIÃO MARACANAÚ";"MARANGUAPE";"2022-07-23";"29";"0";"25";"0";"0";"0";"7"
"2022";"Dengue";"SERTÃO CENTRAL";"08ª REGIÃO QUIXADÁ";"SOLONOPOLE";"2022-09-17";"37";"0";"0";"0";"0";"0";"0"
"2022";"Dengue";"SERTÃO CENTRAL";"08ª REGIÃO QUIXADÁ";"QUIXADA";"2022-04-09";"14";"1";"13";"1";"0";"6";"5"
"2022";"Dengue";"CARIRI";"21ª REGIÃO JUAZEIRO DO NORTE";"CARIRIACU";"2022-01-22";"3";"0";"0";"0";"0";"0";"0"
"2022";"Dengue";"SERTÃO CENTRAL";"05ª REGIÃO DE CANINDÉ";"MADALENA";"2022-05-28";"21";"0";"5";"0";"0";"0";"5"
"2022";"Dengue";"LITORAL LESTE/JAGUARIBE";"07ª REGIÃO ARACATI";"FORTIM";"2022-02-19";"7";"0";"2";"0";"0";"0";"0"
"2022";"Dengue";"SERTÃO CENTRAL";"08ª REGIÃO QUIXADÁ";"BANABUIU";"2022-09-10";"36";"0";"3";"0";"0";"1";"0"
"2022";"Dengue";"SOBRAL";"12ª REGIÃO ACARAÚ";"BELA CRUZ";"2022-09-24";"38";"0";"26";"0";"0";"15";"6"
"2022";"Dengue";"LITORAL LESTE/JAGUARIBE";"10ª REGIÃO LIMOEIRO DO NORTE";"JAGUARIBARA";"2022-01-29";"4";"0";"2";"0";"0";"0";"0"
"2022";"Dengue";"SOBRAL";"11ª REGIÃO SOBRAL";"CATUNDA";"2022-09-17";"37";"0";"0";"0";"0";"0";"0"
"2022";"Dengue";"FORTALEZA";"04ª REGIÃO BATURITÉ";"GUARAMIRANGA";"2022-07-16";"28";"0";"0";"0";"0";"0";"0"
"2022";"Dengue";"LITORAL LESTE/JAGUARIBE";"10ª REGIÃO LIMOEIRO DO NORTE";"LIMOEIRO DO NORTE";"2022-01-15";"2";"0";"1";"0";"0";"0";"0"
"2022";"Dengue";"FORTALEZA";"22ª REGIÃO CASCAVEL";"OCARA";"2022-10-29";"43";"0";"3";"0";"0";"0";"0"
"2022";"Dengue";"SERTÃO CENTRAL";"08ª REGIÃO QUIXADÁ";"SENADOR POMPEU";"2022-09-03";"35";"0";"0";"0";"0";"0";"0"
"2022";"Dengue";"CARIRI";"20ª REGIÃO CRATO";"SANTANA DO CARIRI";"2022-12-10";"49";"0";"2";"0";"0";"0";"0"
"2022";"Dengue";"CARIRI";"20ª REGIÃO CRATO";"ANTONINA DO NORTE";"2022-10-29";"43";"0";"0";"0";"0";"0";"0"
"2022";"Dengue";"LITORAL LESTE/JAGUARIBE";"10ª REGIÃO LIMOEIRO DO NORTE";"IRACEMA";"2022-08-27";"34";"0";"2";"0";"0";"0";"0"
"2022";"Dengue";"FORTALEZA";"04ª REGIÃO BATURITÉ";"BATURITE";"2022-12-17";"50";"0";"1";"0";"0";"0";"0"
"2022";"Dengue";"SOBRAL";"13ª REGIÃO TIANGUÁ";"VICOSA DO CEARA";"2022-12-10";"49";"0";"6";"0";"0";"0";"0"
"2022";"Dengue";"SOBRAL";"11ª REGIÃO SOBRAL";"GROAIRAS";"2022-08-13";"32";"0";"0";"0";"0";"0";"0"
"2022";"Dengue";"FORTALEZA";"03ª REGIÃO MARACANAÚ";"PACATUBA";"2022-01-08";"1";"0";"3";"0";"0";"0";"0"
"2022";"Dengue";"FORTALEZA";"06ª REGIÃO DE ITAPIPOCA";"URUBURETAMA";"2022-07-16";"28";"0";"1";"0";"0";"0";"0"
"2022";"Dengue";"SOBRAL";"13ª REGIÃO TIANGUÁ";"TIANGUA";"2022-02-12";"6";"0";"8";"0";"0";"0";"0"
"2022";"Dengue";"CARIRI";"18ª REGIÃO IGUATU";"ACOPIARA";"2022-09-10";"36";"0";"1";"0";"0";"1";"0"
"2022";"Dengue";"CARIRI";"19ª REGIÃO BREJO SANTO";"BREJO SANTO";"2022-04-02";"13";"0";"168";"0";"0";"8";"52"
"2022";"Dengue";"CARIRI";"20ª REGIÃO CRATO";"SALITRE";"2022-12-17";"50";"0";"0";"0";"0";"0";"0"
"2022";"Dengue";"SOBRAL";"11ª REGIÃO SOBRAL";"MERUOCA";"2022-02-19";"7";"0";"3";"0";"0";"3";"0"
"2022";"Dengue";"SOBRAL";"11ª REGIÃO SOBRAL";"COREAU";"2022-02-19";"7";"0";"1";"0";"0";"0";"0"
"2022";"Dengue";"SOBRAL";"15ª REGIÃO CRATEÚS";"ARARENDA";"2022-06-04";"22";"0";"7";"0";"0";"3";"0"
"2022";"Dengue";"SERTÃO CENTRAL";"05ª REGIÃO DE CANINDÉ";"BOA VIAGEM";"2022-01-22";"3";"0";"2";"0";"0";"0";"0"
"2022";"Dengue";"LITORAL LESTE/JAGUARIBE";"09ª REGIÃO RUSSAS";"JAGUARETAMA";"2022-01-29";"4";"0";"3";"0";"0";"0";"0"
"2022";"Dengue";"SOBRAL";"15ª REGIÃO CRATEÚS";"IPUEIRAS";"2022-05-21";"20";"0";"2";"0";"0";"2";"0"
"2022";"Dengue";"SOBRAL";"15ª REGIÃO CRATEÚS";"INDEPENDENCIA";"2022-07-23";"29";"0";"7";"0";"0";"3";"0"
"2022";"Dengue";"CARIRI";"19ª REGIÃO BREJO SANTO";"BARRO";"2022-05-07";"18";"0";"24";"0";"0";"4";"12"
"2022";"Dengue";"CARIRI";"19ª REGIÃO BREJO SANTO";"PENAFORTE";"2022-07-02";"26";"0";"0";"0";"0";"0";"0"
"2022";"Dengue";"LITORAL LESTE/JAGUARIBE";"10ª REGIÃO LIMOEIRO DO NORTE";"LIMOEIRO DO NORTE";"2022-03-05";"9";"0";"3";"0";"0";"0";"3"
"2022";"Dengue";"FORTALEZA";"06ª REGIÃO DE ITAPIPOCA";"TRAIRI";"2022-01-22";"3";"0";"0";"0";"0";"0";"0"
"2022";"Dengue";"SOBRAL";"12ª REGIÃO ACARAÚ";"CRUZ";"2022-10-15";"41";"0";"0";"0";"0";"0";"0"
"2022";"Dengue";"CARIRI";"18ª REGIÃO IGUATU";"JUCAS";"2022-04-16";"15";"0";"2";"0";"0";"0";"0"
"2022";"Dengue";"LITORAL LESTE/JAGUARIBE";"09ª REGIÃO RUSSAS";"PALHANO";"2022-04-02";"13";"0";"5";"0";"0";"0";"0"
"2022";"Dengue";"SOBRAL";"16ª REGIÃO CAMOCIM";"CAMOCIM";"2022-04-23";"16";"0";"21";"0";"0";"1";"0"
"2022";"Dengue";"LITORAL LESTE/JAGUARIBE";"09ª REGIÃO RUSSAS";"PALHANO";"2022-03-12";"10";"0";"0";"0";"0";"0";"0"
"2022";"Dengue";"FORTALEZA";"03ª REGIÃO MARACANAÚ";"MARACANAU";"2022-10-01";"39";"0";"2";"0";"0";"0";"1"
"2022";"Dengue";"CARIRI";"20ª REGIÃO CRATO";"CAMPOS SALES";"2022-04-23";"16";"0";"13";"0";"0";"0";"0"
"2022";"Dengue";"CARIRI";"20ª REGIÃO CRATO";"SANTANA DO CARIRI";"2022-06-25";"25";"0";"1";"0";"0";"0";"0"
"2022";"Dengue";"SERTÃO CENTRAL";"08ª REGIÃO QUIXADÁ";"QUIXERAMOBIM";"2022-09-10";"36";"0";"1";"0";"0";"0";"1"
"2022";"Dengue";"SERTÃO CENTRAL";"08ª REGIÃO QUIXADÁ";"MILHA";"2022-06-18";"24";"0";"0";"0";"0";"0";"0"
"2022";"Dengue";"SOBRAL";"15ª REGIÃO CRATEÚS";"ARARENDA";"2022-05-28";"21";"0";"9";"0";"0";"5";"0"
"2022";"Dengue";"FORTALEZA";"03ª REGIÃO MARACANAÚ";"MARANGUAPE";"2022-04-23";"16";"0";"14";"0";"0";"3";"4"
"2022";"Dengue";"CARIRI";"17ª REGIÃO ICÓ";"CEDRO";"2022-08-13";"32";"0";"0";"0";"0";"0";"0"
"2022";"Dengue";"SOBRAL";"11ª REGIÃO SOBRAL";"VARJOTA";"2022-09-10";"36";"0";"0";"0";"0";"0";"0"
"2022";"Dengue";"CARIRI";"20ª REGIÃO CRATO";"CAMPOS SALES";"2022-11-12";"45";"0";"0";"0";"0";"0";"0"
"2022";"Dengue";"SOBRAL";"16ª REGIÃO CAMOCIM";"GRANJA";"2022-01-15";"2";"0";"0";"0";"0";"0";"0"
"2022";"Dengue";"CARIRI";"20ª REGIÃO CRATO";"CRATO";"2022-07-09";"27";"0";"8";"0";"0";"0";"8"
"2022";"Dengue";"CARIRI";"20ª REGIÃO CRATO";"POTENGI";"2022-08-20";"33";"0";"0";"0";"0";"0";"0"
"2022";"Dengue";"SERTÃO CENTRAL";"14ª REGIÃO TAUÁ";"AIUABA";"2022-05-21";"20";"0";"14";"0";"0";"5";"7"
"2022";"Dengue";"CARIRI";"21ª REGIÃO JUAZEIRO DO NORTE";"JUAZEIRO DO NORTE";"2022-06-18";"24";"0";"39";"0";"0";"2";"1"
"2022";"Dengue";"CARIRI";"20ª REGIÃO CRATO";"CAMPOS SALES";"2022-11-05";"44";"0";"1";"0";"0";"0";"0"
"2022";"Dengue";"SOBRAL";"16ª REGIÃO CAMOCIM";"CHAVAL";"2022-01-08";"1";"0";"0";"0";"0";"0";"0"
"2022";"Dengue";"SERTÃO CENTRAL";"08ª REGIÃO QUIXADÁ";"BANABUIU";"2022-09-03";"35";"0";"0";"0";"0";"0";"0"
"2022";"Dengue";"SERTÃO CENTRAL";"14ª REGIÃO TAUÁ";"ARNEIROZ";"2022-01-15";"2";"0";"0";"0";"0";"0";"0"
"2022";"Dengue";"CARIRI";"20ª REGIÃO CRATO";"SANTANA DO CARIRI";"2022-09-17";"37";"0";"0";"0";"0";"0";"0"
"2022";"Dengue";"FORTALEZA";"22ª REGIÃO CASCAVEL";"CASCAVEL";"2022-07-16";"28";"0";"5";"0";"0";"0";"5"
"2022";"Dengue";"CARIRI";"17ª REGIÃO ICÓ";"BAIXIO";"2022-10-22";"42";"0";"3";"0";"0";"0";"0"
"2022";"Dengue";"SOBRAL";"15ª REGIÃO CRATEÚS";"IPUEIRAS";"2022-04-30";"17";"0";"1";"0";"0";"0";"1"
"2022";"Dengue";"FORTALEZA";"03ª REGIÃO MARACANAÚ";"PALMACIA";"2022-11-05";"44";"0";"0";"0";"0";"0";"0"
"2022";"Dengue";"SOBRAL";"11ª REGIÃO SOBRAL";"SANTA QUITERIA";"2022-11-26";"47";"0";"0";"0";"0";"0";"0"
"2022";"Dengue";"CARIRI";"17ª REGIÃO ICÓ";"LAVRAS DA MANGABEIRA";"2022-11-12";"45";"0";"0";"0";"0";"0";"0"
"2022";"Dengue";"LITORAL LESTE/JAGUARIBE";"10ª REGIÃO LIMOEIRO DO NORTE";"TABULEIRO DO NORTE";"2022-11-12";"45";"0";"0";"0";"0";"0";"0"
"2022";"Dengue";"FORTALEZA";"03ª REGIÃO MARACANAÚ";"REDENCAO";"2022-03-19";"11";"0";"0";"0";"0";"0";"0"
"2022";"Dengue";"SOBRAL";"16ª REGIÃO CAMOCIM";"BARROQUINHA";"2022-03-05";"9";"0";"0";"0";"0";"0";"0"
"2022";"Dengue";"CARIRI";"19ª REGIÃO BREJO SANTO";"BARRO";"2022-01-29";"4";"0";"0";"0";"0";"0";"0"
"2022";"Dengue";"CARIRI";"18ª REGIÃO IGUATU";"QUIXELO";"2022-05-21";"20";"0";"2";"0";"0";"0";"0"
"2022";"Dengue";"SERTÃO CENTRAL";"08ª REGIÃO QUIXADÁ";"QUIXADA";"2022-03-19";"11";"0";"4";"0";"0";"1";"1"
"2022";"Dengue";"CARIRI";"20ª REGIÃO CRATO";"ANTONINA DO NORTE";"2022-10-15";"41";"0";"0";"0";"0";"0";"0"
"2022";"Dengue";"SERTÃO CENTRAL";"08ª REGIÃO QUIXADÁ";"QUIXERAMOBIM";"2022-01-08";"1";"0";"2";"0";"0";"0";"0"
"2022";"Dengue";"CARIRI";"20ª REGIÃO CRATO";"NOVA OLINDA";"2022-02-05";"5";"0";"0";"0";"0";"0";"0"
"2022";"Dengue";"FORTALEZA";"22ª REGIÃO CASCAVEL";"HORIZONTE";"2022-01-15";"2";"0";"2";"0";"0";"0";"1"
"2022";"Dengue";"SERTÃO CENTRAL";"05ª REGIÃO DE CANINDÉ";"CANINDE";"2022-07-16";"28";"0";"4";"0";"0";"1";"0"
"2022";"Dengue";"CARIRI";"18ª REGIÃO IGUATU";"CARIUS";"2022-12-17";"50";"0";"1";"0";"0";"0";"0"
"2022";"Dengue";"LITORAL LESTE/JAGUARIBE";"10ª REGIÃO LIMOEIRO DO NORTE";"IRACEMA";"2022-07-09";"27";"0";"7";"0";"0";"0";"0"
"2022";"Dengue";"CARIRI";"21ª REGIÃO JUAZEIRO DO NORTE";"CARIRIACU";"2022-04-09";"14";"0";"3";"0";"0";"0";"0"
"2022";"Dengue";"CARIRI";"18ª REGIÃO IGUATU";"JUCAS";"2022-10-22";"42";"0";"0";"0";"0";"0";"0"
"2022";"Dengue";"LITORAL LESTE/JAGUARIBE";"07ª REGIÃO ARACATI";"ICAPUI";"2022-04-16";"15";"0";"98";"0";"0";"4";"21"
"2022";"Dengue";"CARIRI";"20ª REGIÃO CRATO";"POTENGI";"2022-03-26";"12";"0";"0";"0";"0";"0";"0"
"2022";"Dengue";"SOBRAL";"15ª REGIÃO CRATEÚS";"PORANGA";"2022-11-12";"45";"0";"0";"0";"0";"0";"0"
"2022";"Dengue";"SOBRAL";"11ª REGIÃO SOBRAL";"IPU";"2022-02-26";"8";"0";"7";"0";"0";"3";"2"
"2022";"Dengue";"CARIRI";"20ª REGIÃO CRATO";"ASSARE";"2022-06-18";"24";"0";"1";"0";"0";"0";"0"
"2022";"Dengue";"FORTALEZA";"22ª REGIÃO CASCAVEL";"BEBERIBE";"2022-11-26";"47";"0";"0";"0";"0";"0";"0"
"2022";"Dengue";"SOBRAL";"12ª REGIÃO ACARAÚ";"ITAREMA";"2022-06-11";"23";"0";"21";"0";"0";"9";"7"
"2022";"Dengue";"SOBRAL";"16ª REGIÃO CAMOCIM";"GRANJA";"2022-01-08";"1";"0";"0";"0";"0";"0";"0"
"2022";"Dengue";"SERTÃO CENTRAL";"08ª REGIÃO QUIXADÁ";"IBICUITINGA";"2022-05-21";"20";"0";"13";"0";"0";"10";"1"
"2022";"Dengue";"FORTALEZA";"04ª REGIÃO BATURITÉ";"BATURITE";"2022-06-04";"22";"0";"11";"0";"0";"0";"2"
"2022";"Dengue";"FORTALEZA";"06ª REGIÃO DE ITAPIPOCA";"MIRAIMA";"2022-02-05";"5";"0";"0";"0";"0";"0";"0"
"2022";"Dengue";"SOBRAL";"15ª REGIÃO CRATEÚS";"ARARENDA";"2022-03-26";"12";"0";"0";"0";"0";"0";"0"
"2022";"Dengue";"SOBRAL";"12ª REGIÃO ACARAÚ";"BELA CRUZ";"2022-11-26";"47";"0";"35";"0";"0";"21";"7"
"2022";"Dengue";"SOBRAL";"11ª REGIÃO SOBRAL";"RERIUTABA";"2022-05-07";"18";"0";"4";"0";"0";"0";"0"
"2022";"Dengue";"SERTÃO CENTRAL";"14ª REGIÃO TAUÁ";"AIUABA";"2022-04-02";"13";"0";"4";"0";"0";"1";"1"
"2022";"Dengue";"CARIRI";"20ª REGIÃO CRATO";"CRATO";"2022-09-03";"35";"0";"1";"0";"0";"0";"0"
"2022";"Dengue";"CARIRI";"18ª REGIÃO IGUATU";"QUIXELO";"2022-04-16";"15";"0";"0";"0";"0";"0";"0"
"2022";"Dengue";"SOBRAL";"13ª REGIÃO TIANGUÁ";"UBAJARA";"2022-05-28";"21";"0";"2";"0";"0";"1";"0"
"2022";"Dengue";"FORTALEZA";"03ª REGIÃO MARACANAÚ";"PACATUBA";"2022-08-06";"31";"0";"10";"0";"0";"1";"7"
"2022";"Dengue";"LITORAL LESTE/JAGUARIBE";"10ª REGIÃO LIMOEIRO DO NORTE";"JAGUARIBE";"2022-04-30";"17";"0";"3";"0";"0";"2";"0"
"2022";"Dengue";"SERTÃO CENTRAL";"05ª REGIÃO DE CANINDÉ";"BOA VIAGEM";"2022-11-12";"45";"0";"0";"0";"0";"0";"0"
"2022";"Dengue";"CARIRI";"21ª REGIÃO JUAZEIRO DO NORTE";"GRANJEIRO";"2022-11-12";"45";"0";"0";"0";"0";"0";"0"
"2022";"Dengue";"SERTÃO CENTRAL";"05ª REGIÃO DE CANINDÉ";"ITATIRA";"2022-09-24";"38";"0";"0";"0";"0";"0";"0"
"2022";"Dengue";"CARIRI";"18ª REGIÃO IGUATU";"CATARINA";"2022-09-10";"36";"0";"0";"0";"0";"0";"0"
"2022";"Dengue";"SOBRAL";"11ª REGIÃO SOBRAL";"COREAU";"2022-01-15";"2";"0";"0";"0";"0";"0";"0"
"2022";"Dengue";"SOBRAL";"13ª REGIÃO TIANGUÁ";"GUARACIABA DO NORTE";"2022-10-01";"39";"0";"0";"0";"0";"0";"0"
"2022";"Dengue";"FORTALEZA";"03ª REGIÃO MARACANAÚ";"PALMACIA";"2022-04-16";"15";"0";"4";"0";"0";"2";"0"
"2022";"Dengue";"FORTALEZA";"22ª REGIÃO CASCAVEL";"CASCAVEL";"2022-09-10";"36";"0";"4";"0";"0";"0";"0"
"2022";"Dengue";"FORTALEZA";"02ª REGIÃO CAUCAIA";"PARAIPABA";"2022-09-03";"35";"0";"0";"0";"0";"0";"0"
"2022";"Dengue";"FORTALEZA";"03ª REGIÃO MARACANAÚ";"MARACANAU";"2022-11-05";"44";"0";"1";"0";"0";"0";"1"
"2022";"Dengue";"SOBRAL";"13ª REGIÃO TIANGUÁ";"VICOSA DO CEARA";"2022-04-16";"15";"0";"3";"0";"0";"1";"0"
"2022";"Dengue";"CARIRI";"21ª REGIÃO JUAZEIRO DO NORTE";"GRANJEIRO";"2022-06-25";"25";"0";"1";"0";"0";"1";"0"
"2022";"Dengue";"CARIRI";"19ª REGIÃO BREJO SANTO";"ABAIARA";"2022-01-29";"4";"0";"0";"0";"0";"0";"0"
"2022";"Dengue";"FORTALEZA";"04ª REGIÃO BATURITÉ";"PACOTI";"2022-09-24";"38";"0";"0";"0";"0";"0";"0"
"2022";"Dengue";"SOBRAL";"15ª REGIÃO CRATEÚS";"IPUEIRAS";"2022-06-18";"24";"0";"12";"0";"0";"3";"9"
"2022";"Dengue";"SERTÃO CENTRAL";"05ª REGIÃO DE CANINDÉ";"CANINDE";"2022-10-22";"42";"0";"1";"0";"0";"0";"0"
"2022";"Dengue";"LITORAL LESTE/JAGUARIBE";"10ª REGIÃO LIMOEIRO DO NORTE";"TABULEIRO DO NORTE";"2022-06-04";"22";"0";"3";"0";"0";"1";"0"
"2022";"Dengue";"FORTALEZA";"02ª REGIÃO CAUCAIA";"SAO LUIS DO CURU";"2022-12-03";"48";"0";"0";"0";"0";"0";"0"
"2022";"Dengue";"SOBRAL";"12ª REGIÃO ACARAÚ";"MARCO";"2022-12-17";"50";"0";"2";"0";"0";"0";"0"
"2022";"Dengue";"CARIRI";"17ª REGIÃO ICÓ";"OROS";"2022-06-11";"23";"0";"5";"0";"0";"0";"1"
"2022";"Dengue";"CARIRI";"19ª REGIÃO BREJO SANTO";"MAURITI";"2022-03-19";"11";"0";"60";"0";"0";"14";"30"
"2022";"Dengue";"SOBRAL";"15ª REGIÃO CRATEÚS";"INDEPENDENCIA";"2022-11-12";"45";"0";"0";"0";"0";"0";"0"
"2022";"Dengue";"CARIRI";"20ª REGIÃO CRATO";"CRATO";"2022-12-17";"50";"0";"0";"0";"0";"0";"0"
"2022";"Dengue";"CARIRI";"18ª REGIÃO IGUATU";"CARIUS";"2022-05-21";"20";"0";"1";"0";"0";"0";"0"
"2022";"Dengue";"SERTÃO CENTRAL";"08ª REGIÃO QUIXADÁ";"SOLONOPOLE";"2022-09-24";"38";"0";"0";"0";"0";"0";"0"
"2022";"Dengue";"FORTALEZA";"03ª REGIÃO MARACANAÚ";"MARANGUAPE";"2022-03-12";"10";"0";"16";"0";"0";"7";"2"
"2022";"Dengue";"SOBRAL";"16ª REGIÃO CAMOCIM";"GRANJA";"2022-03-12";"10";"0";"1";"0";"0";"0";"0"
"2022";"Dengue";"CARIRI";"21ª REGIÃO JUAZEIRO DO NORTE";"JARDIM";"2022-09-03";"35";"0";"0";"0";"0";"0";"0"
"2022";"Dengue";"CARIRI";"21ª REGIÃO JUAZEIRO DO NORTE";"CARIRIACU";"2022-04-16";"15";"0";"0";"0";"0";"0";"0"
"2022";"Dengue";"FORTALEZA";"04ª REGIÃO BATURITÉ";"BATURITE";"2022-11-12";"45";"0";"0";"0";"0";"0";"0"
"2022";"Dengue";"CARIRI";"19ª REGIÃO BREJO SANTO";"BARRO";"2022-03-19";"11";"0";"2";"0";"0";"1";"0"
"2022";"Dengue";"SERTÃO CENTRAL";"14ª REGIÃO TAUÁ";"ARNEIROZ";"2022-02-05";"5";"0";"0";"0";"0";"0";"0"
"2022";"Dengue";"CARIRI";"19ª REGIÃO BREJO SANTO";"PORTEIRAS";"2022-10-29";"43";"0";"1";"0";"0";"0";"1"
"2022";"Dengue";"CARIRI";"21ª REGIÃO JUAZEIRO DO NORTE";"CARIRIACU";"2022-06-18";"24";"0";"0";"0";"0";"0";"0"
"2022";"Dengue";"FORTALEZA";"06ª REGIÃO DE ITAPIPOCA";"TURURU";"2022-12-03";"48";"0";"0";"0";"0";"0";"0"
"2022";"Dengue";"LITORAL LESTE/JAGUARIBE";"07ª REGIÃO ARACATI";"ARACATI";"2022-03-26";"12";"0";"2";"0";"0";"0";"1"
"2022";"Dengue";"SERTÃO CENTRAL";"05ª REGIÃO DE CANINDÉ";"CARIDADE";"2022-03-26";"12";"0";"3";"0";"0";"0";"3"
"2022";"Dengue";"LITORAL LESTE/JAGUARIBE";"07ª REGIÃO ARACATI";"ITAICABA";"2022-10-29";"43";"0";"0";"0";"0";"0";"0"
"2022";"Dengue";"SERTÃO CENTRAL";"14ª REGIÃO TAUÁ";"PARAMBU";"2022-11-12";"45";"0";"0";"0";"0";"0";"0"
"2022";"Dengue";"SOBRAL";"16ª REGIÃO CAMOCIM";"CHAVAL";"2022-02-26";"8";"0";"0";"0";"0";"0";"0"
"2022";"Dengue";"SOBRAL";"11ª REGIÃO SOBRAL";"SANTANA DO ACARAU";"2022-02-12";"6";"0";"0";"0";"0";"0";"0"
"2022";"Dengue";"SOBRAL";"15ª REGIÃO CRATEÚS";"PORANGA";"2022-09-03";"35";"0";"0";"0";"0";"0";"0"
"2022";"Dengue";"SOBRAL";"15ª REGIÃO CRATEÚS";"PORANGA";"2022-10-01";"39";"0";"0";"0";"0";"0";"0"
"2022";"Dengue";"SERTÃO CENTRAL";"08ª REGIÃO QUIXADÁ";"QUIXADA";"2022-01-22";"3";"0";"1";"0";"0";"0";"0"
"2022";"Dengue";"SOBRAL";"15ª REGIÃO CRATEÚS";"IPAPORANGA";"2022-03-26";"12";"0";"0";"0";"0";"0";"0"
"2022";"Dengue";"FORTALEZA";"02ª REGIÃO CAUCAIA";"PENTECOSTE";"2022-08-06";"31";"0";"1";"0";"0";"0";"0"
"2022";"Dengue";"FORTALEZA";"01ª REGIÃO FORTALEZA";"ITAITINGA";"2022-07-23";"29";"0";"0";"0";"0";"0";"0"
"2022";"Dengue";"SOBRAL";"11ª REGIÃO SOBRAL";"ALCANTARAS";"2022-07-23";"29";"0";"6";"0";"0";"1";"4"
"2022";"Dengue";"SOBRAL";"11ª REGIÃO SOBRAL";"URUOCA";"2022-12-17";"50";"0";"0";"0";"0";"0";"0"
"2022";"Dengue";"SOBRAL";"11ª REGIÃO SOBRAL";"SOBRAL";"2022-10-01";"39";"0";"14";"0";"0";"1";"0"
"2022";"Dengue";"SOBRAL";"13ª REGIÃO TIANGUÁ";"CARNAUBAL";"2022-11-19";"46";"0";"0";"0";"0";"0";"0"
"2022";"Dengue";"CARIRI";"19ª REGIÃO BREJO SANTO";"PENAFORTE";"2022-12-24";"51";"0";"0";"0";"0";"0";"0"
"2022";"Dengue";"SOBRAL";"12ª REGIÃO ACARAÚ";"ACARAU";"2022-04-09";"14";"0";"1";"0";"0";"0";"0"
"2022";"Dengue";"LITORAL LESTE/JAGUARIBE";"09ª REGIÃO RUSSAS";"PALHANO";"2022-05-07";"18";"0";"32";"0";"0";"4";"1"
"2022";"Dengue";"CARIRI";"20ª REGIÃO CRATO";"FARIAS BRITO";"2022-08-06";"31";"0";"0";"0";"0";"0";"0"
"2022";"Dengue";"SOBRAL";"11ª REGIÃO SOBRAL";"MASSAPE";"2022-02-12";"6";"0";"0";"0";"0";"0";"0"
"2022";"Dengue";"LITORAL LESTE/JAGUARIBE";"10ª REGIÃO LIMOEIRO DO NORTE";"IRACEMA";"2022-06-11";"23";"0";"0";"0";"0";"0";"0"
"2022";"Dengue";"FORTALEZA";"03ª REGIÃO MARACANAÚ";"GUAIUBA";"2022-10-22";"42";"0";"0";"0";"0";"0";"0"
"2022";"Dengue";"FORTALEZA";"02ª REGIÃO CAUCAIA";"APUIARES";"2022-12-17";"50";"0";"0";"0";"0";"0";"0"
"2022";"Dengue";"LITORAL LESTE/JAGUARIBE";"09ª REGIÃO RUSSAS";"MORADA NOVA";"2022-11-26";"47";"0";"8";"0";"0";"2";"1"
"2022";"Dengue";"CARIRI";"20ª REGIÃO CRATO";"POTENGI";"2022-04-23";"16";"0";"0";"0";"0";"0";"0"
"2022";"Dengue";"SERTÃO CENTRAL";"14ª REGIÃO TAUÁ";"ARNEIROZ";"2022-01-08";"1";"0";"0";"0";"0";"0";"0"
"2022";"Dengue";"SOBRAL";"15ª REGIÃO CRATEÚS";"MONSENHOR TABOSA";"2022-02-05";"5";"0";"2";"0";"0";"0";"2"
"2022";"Dengue";"CARIRI";"18ª REGIÃO IGUATU";"DEPUTADO IRAPUAN PINHEIRO";"2022-11-05";"44";"0";"0";"0";"0";"0";"0"
"2022";"Dengue";"FORTALEZA";"02ª REGIÃO CAUCAIA";"ITAPAJE";"2022-11-19";"46";"0";"2";"0";"0";"0";"0"
"2022";"Dengue";"SOBRAL";"12ª REGIÃO ACARAÚ";"JIJOCA DE JERICOACOARA";"2022-02-26";"8";"0";"0";"0";"0";"0";"0"
"2022";"Dengue";"FORTALEZA";"04ª REGIÃO BATURITÉ";"ITAPIUNA";"2022-09-10";"36";"0";"0";"0";"0";"0";"0"
"2022";"Dengue";"SOBRAL";"11ª REGIÃO SOBRAL";"SANTANA DO ACARAU";"2022-11-26";"47";"0";"0";"0";"0";"0";"0"
"2022";"Dengue";"SOBRAL";"15ª REGIÃO CRATEÚS";"CRATEUS";"2022-07-16";"28";"0";"4";"0";"0";"1";"1"
"2022";"Dengue";"LITORAL LESTE/JAGUARIBE";"09ª REGIÃO RUSSAS";"MORADA NOVA";"2022-05-07";"18";"0";"30";"0";"0";"0";"17"
"2022";"Dengue";"FORTALEZA";"04ª REGIÃO BATURITÉ";"CAPISTRANO";"2022-07-02";"26";"0";"5";"0";"0";"0";"0"
"2022";"Dengue";"LITORAL LESTE/JAGUARIBE";"07ª REGIÃO ARACATI";"ARACATI";"2022-05-07";"18";"0";"20";"0";"0";"5";"8"
"2022";"Dengue";"SERTÃO CENTRAL";"05ª REGIÃO DE CANINDÉ";"ITATIRA";"2022-02-12";"6";"0";"0";"0";"0";"0";"0"
"2022";"Dengue";"CARIRI";"19ª REGIÃO BREJO SANTO";"PORTEIRAS";"2022-10-01";"39";"0";"0";"0";"0";"0";"0"
"2022";"Dengue";"SOBRAL";"15ª REGIÃO CRATEÚS";"PORANGA";"2022-05-28";"21";"0";"4";"0";"0";"0";"4"
"2022";"Dengue";"SOBRAL";"15ª REGIÃO CRATEÚS";"CRATEUS";"2022-05-28";"21";"0";"10";"0";"0";"3";"0"
"2022";"Dengue";"CARIRI";"20ª REGIÃO CRATO";"POTENGI";"2022-04-02";"13";"0";"5";"0";"0";"1";"0"
"2022";"Dengue";"SOBRAL";"11ª REGIÃO SOBRAL";"MERUOCA";"2022-01-29";"4";"0";"2";"0";"0";"1";"0"
"2022";"Dengue";"CARIRI";"20ª REGIÃO CRATO";"TARRAFAS";"2022-03-12";"10";"0";"0";"0";"0";"0";"0"
"2022";"Dengue";"SOBRAL";"11ª REGIÃO SOBRAL";"FORQUILHA";"2022-03-19";"11";"0";"0";"0";"0";"0";"0"
"2022";"Dengue";"SOBRAL";"16ª REGIÃO CAMOCIM";"BARROQUINHA";"2022-07-16";"28";"0";"13";"0";"0";"0";"0"
"2022";"Dengue";"SOBRAL";"13ª REGIÃO TIANGUÁ";"CROATA";"2022-11-12";"45";"0";"0";"0";"0";"0";"0"
"2022";"Dengue";"CARIRI";"18ª REGIÃO IGUATU";"QUIXELO";"2022-02-19";"7";"0";"0";"0";"0";"0";"0"
"2022";"Dengue";"SOBRAL";"13ª REGIÃO TIANGUÁ";"IBIAPINA";"2022-04-23";"16";"0";"4";"0";"0";"2";"0"
"2022";"Dengue";"CARIRI";"19ª REGIÃO BREJO SANTO";"JATI";"2022-11-12";"45";"0";"0";"0";"0";"0";"0"
"2022";"Dengue";"LITORAL LESTE/JAGUARIBE";"10ª REGIÃO LIMOEIRO DO NORTE";"PEREIRO";"2022-10-29";"43";"0";"1";"0";"0";"0";"0"
"2022";"Dengue";"SOBRAL";"12ª REGIÃO ACARAÚ";"ITAREMA";"2022-09-24";"38";"0";"1";"0";"0";"0";"1"
"2022";"Dengue";"SOBRAL";"13ª REGIÃO TIANGUÁ";"CARNAUBAL";"2022-07-16";"28";"0";"1";"0";"0";"0";"0"
"2022";"Dengue";"FORTALEZA";"04ª REGIÃO BATURITÉ";"MULUNGU";"2022-08-27";"34";"0";"0";"0";"0";"0";"0"
"2022";"Dengue";"LITORAL LESTE/JAGUARIBE";"10ª REGIÃO LIMOEIRO DO NORTE";"ERERE";"2022-12-24";"51";"0";"0";"0";"0";"0";"0"
"2022";"Dengue";"SOBRAL";"13ª REGIÃO TIANGUÁ";"CROATA";"2022-04-23";"16";"0";"37";"0";"0";"12";"17"
"2022";"Dengue";"SOBRAL";"11ª REGIÃO SOBRAL";"GROAIRAS";"2022-06-11";"23";"0";"33";"0";"0";"14";"12"
"2022";"Dengue";"SOBRAL";"11ª REGIÃO SOBRAL";"FRECHEIRINHA";"2022-05-21";"20";"0";"1";"0";"0";"0";"0"
"2022";"Dengue";"CARIRI";"19ª REGIÃO BREJO SANTO";"AURORA";"2022-09-17";"37";"0";"0";"0";"0";"0";"0"
"2022";"Dengue";"SERTÃO CENTRAL";"08ª REGIÃO QUIXADÁ";"PEDRA BRANCA";"2022-10-15";"41";"0";"1";"0";"0";"0";"0"
"2022";"Dengue";"SERTÃO CENTRAL";"14ª REGIÃO TAUÁ";"ARNEIROZ";"2022-03-12";"10";"0";"0";"0";"0";"0";"0"
"2022";"Dengue";"SOBRAL";"11ª REGIÃO SOBRAL";"SOBRAL";"2022-09-24";"38";"0";"25";"0";"0";"4";"2"
"2022";"Dengue";"LITORAL LESTE/JAGUARIBE";"10ª REGIÃO LIMOEIRO DO NORTE";"PEREIRO";"2022-04-30";"17";"0";"6";"0";"0";"4";"0"
"2022";"Dengue";"SOBRAL";"15ª REGIÃO CRATEÚS";"TAMBORIL";"2022-06-25";"25";"0";"7";"0";"0";"2";"0"
"2022";"Dengue";"CARIRI";"18ª REGIÃO IGUATU";"PIQUET CARNEIRO";"2022-04-02";"13";"0";"0";"0";"0";"0";"0"
"2022";"Dengue";"SOBRAL";"11ª REGIÃO SOBRAL";"FORQUILHA";"2022-08-06";"31";"0";"7";"0";"0";"0";"2"
"2022";"Dengue";"FORTALEZA";"02ª REGIÃO CAUCAIA";"PARAIPABA";"2022-05-14";"19";"0";"3";"0";"0";"2";"0"
"2022";"Dengue";"CARIRI";"20ª REGIÃO CRATO";"SALITRE";"2022-02-05";"5";"0";"0";"0";"0";"0";"0"
"2022";"Dengue";"CARIRI";"19ª REGIÃO BREJO SANTO";"BARRO";"2022-12-24";"51";"0";"2";"0";"0";"0";"0"
"2022";"Dengue";"FORTALEZA";"06ª REGIÃO DE ITAPIPOCA";"URUBURETAMA";"2022-02-12";"6";"0";"0";"0";"0";"0";"0"
"2022";"Dengue";"LITORAL LESTE/JAGUARIBE";"09ª REGIÃO RUSSAS";"JAGUARUANA";"2022-10-08";"40";"0";"0";"0";"0";"0";"0"
"2022";"Dengue";"SOBRAL";"15ª REGIÃO CRATEÚS";"INDEPENDENCIA";"2022-12-31";"52";"0";"0";"0";"0";"0";"0"
"2022";"Dengue";"SOBRAL";"11ª REGIÃO SOBRAL";"MASSAPE";"2022-01-08";"1";"0";"1";"0";"0";"0";"0"
"2022";"Dengue";"CARIRI";"17ª REGIÃO ICÓ";"LAVRAS DA MANGABEIRA";"2022-01-08";"1";"0";"0";"0";"0";"0";"0"
"2022";"Dengue";"FORTALEZA";"01ª REGIÃO FORTALEZA";"EUSEBIO";"2022-11-19";"46";"0";"0";"0";"0";"0";"0"
"2022";"Dengue";"FORTALEZA";"06ª REGIÃO DE ITAPIPOCA";"UMIRIM";"2022-05-14";"19";"0";"0";"0";"0";"0";"0"
"2022";"Dengue";"CARIRI";"20ª REGIÃO CRATO";"SALITRE";"2022-07-30";"30";"0";"0";"0";"0";"0";"0"
"2022";"Dengue";"CARIRI";"17ª REGIÃO ICÓ";"IPAUMIRIM";"2022-12-10";"49";"0";"0";"0";"0";"0";"0"
"2022";"Dengue";"SOBRAL";"11ª REGIÃO SOBRAL";"VARJOTA";"2022-07-23";"29";"0";"0";"0";"0";"0";"0"
"2022";"Dengue";"SOBRAL";"11ª REGIÃO SOBRAL";"RERIUTABA";"2022-07-30";"30";"0";"3";"0";"0";"0";"0"
"2022";"Dengue";"SOBRAL";"15ª REGIÃO CRATEÚS";"MONSENHOR TABOSA";"2022-10-01";"39";"0";"0";"0";"0";"0";"0"
"2022";"Dengue";"LITORAL LESTE/JAGUARIBE";"09ª REGIÃO RUSSAS";"JAGUARUANA";"2022-06-18";"24";"0";"67";"0";"0";"9";"27"
"2022";"Dengue";"FORTALEZA";"04ª REGIÃO BATURITÉ";"BATURITE";"2022-01-22";"3";"0";"1";"0";"0";"0";"0"
"2022";"Dengue";"SOBRAL";"13ª REGIÃO TIANGUÁ";"IBIAPINA";"2022-08-13";"32";"0";"0";"0";"0";"0";"0"
"2022";"Dengue";"FORTALEZA";"04ª REGIÃO BATURITÉ";"PACOTI";"2022-02-19";"7";"0";"13";"0";"0";"4";"0"
"2022";"Dengue";"SOBRAL";"15ª REGIÃO CRATEÚS";"MONSENHOR TABOSA";"2022-02-12";"6";"0";"0";"0";"0";"0";"0"
"2022";"Dengue";"SERTÃO CENTRAL";"08ª REGIÃO QUIXADÁ";"IBARETAMA";"2022-10-15";"41";"0";"0";"0";"0";"0";"0"
"2022";"Dengue";"CARIRI";"19ª REGIÃO BREJO SANTO";"BREJO SANTO";"2022-11-05";"44";"0";"8";"0";"0";"0";"4"
"2022";"Dengue";"SOBRAL";"16ª REGIÃO CAMOCIM";"BARROQUINHA";"2022-06-18";"24";"0";"1";"0";"0";"0";"0"
"2022";"Dengue";"FORTALEZA";"04ª REGIÃO BATURITÉ";"PACOTI";"2022-01-29";"4";"0";"0";"0";"0";"0";"0"
"2022";"Dengue";"CARIRI";"18ª REGIÃO IGUATU";"QUIXELO";"2022-09-17";"37";"0";"3";"0";"0";"3";"0"
"2022";"Dengue";"FORTALEZA";"06ª REGIÃO DE ITAPIPOCA";"MIRAIMA";"2022-09-17";"37";"0";"0";"0";"0";"0";"0"
"2022";"Dengue";"CARIRI";"20ª REGIÃO CRATO";"ARARIPE";"2022-05-21";"20";"0";"18";"0";"0";"0";"0"
"2022";"Dengue";"CARIRI";"21ª REGIÃO JUAZEIRO DO NORTE";"MISSAO VELHA";"2022-12-31";"52";"0";"0";"0";"0";"0";"0"
"2022";"Dengue";"SOBRAL";"11ª REGIÃO SOBRAL";"MORAUJO";"2022-05-07";"18";"0";"2";"0";"0";"0";"0"
"2022";"Dengue";"SOBRAL";"13ª REGIÃO TIANGUÁ";"IBIAPINA";"2022-01-22";"3";"0";"0";"0";"0";"0";"0"
"2022";"Dengue";"CARIRI";"20ª REGIÃO CRATO";"ALTANEIRA";"2022-09-10";"36";"0";"0";"0";"0";"0";"0"
"2022";"Dengue";"SOBRAL";"16ª REGIÃO CAMOCIM";"BARROQUINHA";"2022-07-02";"26";"0";"4";"0";"0";"1";"0"
"2022";"Dengue";"SERTÃO CENTRAL";"08ª REGIÃO QUIXADÁ";"MILHA";"2022-08-20";"33";"0";"0";"0";"0";"0";"0"
"2022";"Dengue";"CARIRI";"18ª REGIÃO IGUATU";"JUCAS";"2022-12-10";"49";"0";"0";"0";"0";"0";"0"
"2022";"Dengue";"CARIRI";"20ª REGIÃO CRATO";"SANTANA DO CARIRI";"2022-04-16";"15";"0";"45";"0";"0";"3";"16"
"2022";"Dengue";"FORTALEZA";"06ª REGIÃO DE ITAPIPOCA";"AMONTADA";"2022-12-10";"49";"0";"0";"0";"0";"0";"0"
"2022";"Dengue";"CARIRI";"18ª REGIÃO IGUATU";"CARIUS";"2022-10-22";"42";"0";"2";"0";"0";"1";"0"
"2022";"Dengue";"CARIRI";"20ª REGIÃO CRATO";"ALTANEIRA";"2022-07-23";"29";"0";"0";"0";"0";"0";"0"
"2022";"Dengue";"FORTALEZA";"22ª REGIÃO CASCAVEL";"OCARA";"2022-08-06";"31";"0";"0";"0";"0";"0";"0"
"2022";"Dengue";"FORTALEZA";"02ª REGIÃO CAUCAIA";"PENTECOSTE";"2022-02-26";"8";"0";"0";"0";"0";"0";"0"
"2022";"Dengue";"LITORAL LESTE/JAGUARIBE";"09ª REGIÃO RUSSAS";"MORADA NOVA";"2022-05-21";"20";"0";"50";"0";"0";"3";"12"
"2022";"Dengue";"SOBRAL";"13ª REGIÃO TIANGUÁ";"IBIAPINA";"2022-01-15";"2";"0";"0";"0";"0";"0";"0"
"2022";"Dengue";"CARIRI";"21ª REGIÃO JUAZEIRO DO NORTE";"CARIRIACU";"2022-06-25";"25";"0";"0";"0";"0";"0";"0"
"2022";"Dengue";"CARIRI";"20ª REGIÃO CRATO";"NOVA OLINDA";"2022-08-20";"33";"0";"0";"0";"0";"0";"0"
"2022";"Dengue";"CARIRI";"17ª REGIÃO ICÓ";"ICO";"2022-09-03";"35";"0";"39";"0";"0";"4";"11"
"2022";"Dengue";"SOBRAL";"16ª REGIÃO CAMOCIM";"CHAVAL";"2022-10-08";"40";"0";"0";"0";"0";"0";"0"
"2022";"Dengue";"FORTALEZA";"01ª REGIÃO FORTALEZA";"AQUIRAZ";"2022-02-05";"5";"0";"0";"0";"0";"0";"0"
"2022";"Dengue";"FORTALEZA";"06ª REGIÃO DE ITAPIPOCA";"ITAPIPOCA";"2022-10-01";"39";"0";"1";"0";"0";"0";"0"
"2022";"Dengue";"SOBRAL";"11ª REGIÃO SOBRAL";"URUOCA";"2022-12-31";"52";"0";"0";"0";"0";"0";"0"
"2022";"Dengue";"SOBRAL";"13ª REGIÃO TIANGUÁ";"IBIAPINA";"2022-02-12";"6";"0";"0";"0";"0";"0";"0"
"2022";"Dengue";"SOBRAL";"12ª REGIÃO ACARAÚ";"MARCO";"2022-09-17";"37";"0";"4";"0";"0";"2";"0"
"2022";"Dengue";"CARIRI";"20ª REGIÃO CRATO";"NOVA OLINDA";"2022-09-17";"37";"0";"0";"0";"0";"0";"0"
"2022";"Dengue";"SOBRAL";"16ª REGIÃO CAMOCIM";"CHAVAL";"2022-02-19";"7";"0";"0";"0";"0";"0";"0"
"2022";"Dengue";"SOBRAL";"11ª REGIÃO SOBRAL";"FORQUILHA";"2022-01-29";"4";"0";"0";"0";"0";"0";"0"
"2022";"Dengue";"SOBRAL";"16ª REGIÃO CAMOCIM";"CHAVAL";"2022-05-21";"20";"0";"5";"0";"0";"4";"0"
"2022";"Dengue";"SOBRAL";"13ª REGIÃO TIANGUÁ";"CARNAUBAL";"2022-09-03";"35";"0";"2";"0";"0";"1";"0"
"2022";"Dengue";"FORTALEZA";"02ª REGIÃO CAUCAIA";"SAO GONCALO DO AMARANTE";"2022-02-12";"6";"0";"1";"0";"0";"0";"0"
"2022";"Dengue";"CARIRI";"18ª REGIÃO IGUATU";"PIQUET CARNEIRO";"2022-03-05";"9";"0";"0";"0";"0";"0";"0"
"2022";"Dengue";"CARIRI";"19ª REGIÃO BREJO SANTO";"PORTEIRAS";"2022-03-05";"9";"0";"5";"0";"0";"0";"0"
"2022";"Dengue";"SOBRAL";"11ª REGIÃO SOBRAL";"MORAUJO";"2022-06-25";"25";"0";"1";"0";"0";"0";"1"
"2022";"Dengue";"FORTALEZA";"04ª REGIÃO BATURITÉ";"BATURITE";"2022-01-15";"2";"0";"0";"0";"0";"0";"0"
"2022";"Dengue";"SERTÃO CENTRAL";"08ª REGIÃO QUIXADÁ";"MILHA";"2022-12-24";"51";"0";"0";"0";"0";"0";"0"
"2022";"Dengue";"LITORAL LESTE/JAGUARIBE";"10ª REGIÃO LIMOEIRO DO NORTE";"ALTO SANTO";"2022-03-19";"11";"0";"0";"0";"0";"0";"0"
"2022";"Dengue";"LITORAL LESTE/JAGUARIBE";"10ª REGIÃO LIMOEIRO DO NORTE";"ERERE";"2022-11-19";"46";"0";"0";"0";"0";"0";"0"
"2022";"Dengue";"FORTALEZA";"02ª REGIÃO CAUCAIA";"PARAIPABA";"2022-03-12";"10";"0";"0";"0";"0";"0";"0"
"2022";"Dengue";"FORTALEZA";"03ª REGIÃO MARACANAÚ";"PALMACIA";"2022-04-09";"14";"0";"5";"0";"0";"1";"0"
"2022";"Dengue";"SOBRAL";"11ª REGIÃO SOBRAL";"CATUNDA";"2022-04-09";"14";"0";"0";"0";"0";"0";"0"
"2022";"Dengue";"SERTÃO CENTRAL";"14ª REGIÃO TAUÁ";"AIUABA";"2022-08-13";"32";"0";"13";"0";"0";"4";"2"
"2022";"Dengue";"CARIRI";"19ª REGIÃO BREJO SANTO";"BARRO";"2022-07-09";"27";"0";"1";"0";"0";"0";"0"
"2022";"Dengue";"SERTÃO CENTRAL";"08ª REGIÃO QUIXADÁ";"BANABUIU";"2022-07-16";"28";"0";"9";"0";"0";"3";"0"
"2022";"Dengue";"SOBRAL";"15ª REGIÃO CRATEÚS";"MONSENHOR TABOSA";"2022-05-07";"18";"0";"13";"0";"0";"2";"1"
"2022";"Dengue";"SOBRAL";"15ª REGIÃO CRATEÚS";"IPAPORANGA";"2022-04-30";"17";"0";"6";"0";"0";"0";"0"
"2022";"Dengue";"SERTÃO CENTRAL";"08ª REGIÃO QUIXADÁ";"SENADOR POMPEU";"2022-06-25";"25";"0";"5";"0";"0";"0";"0"
"2022";"Dengue";"FORTALEZA";"06ª REGIÃO DE ITAPIPOCA";"MIRAIMA";"2022-12-24";"51";"0";"0";"0";"0";"0";"0"
"2022";"Dengue";"LITORAL LESTE/JAGUARIBE";"07ª REGIÃO ARACATI";"FORTIM";"2022-12-31";"52";"0";"1";"0";"0";"0";"0"
"2022";"Dengue";"FORTALEZA";"22ª REGIÃO CASCAVEL";"HORIZONTE";"2022-02-26";"8";"0";"3";"0";"0";"0";"3"
"2022";"Dengue";"FORTALEZA";"04ª REGIÃO BATURITÉ";"CAPISTRANO";"2022-12-17";"50";"0";"0";"0";"0";"0";"0"
"2022";"Dengue";"CARIRI";"18ª REGIÃO IGUATU";"JUCAS";"2022-08-27";"34";"0";"2";"0";"0";"0";"0"
"2022";"Dengue";"CARIRI";"20ª REGIÃO CRATO";"CAMPOS SALES";"2022-10-29";"43";"0";"0";"0";"0";"0";"0"
"2022";"Dengue";"CARIRI";"18ª REGIÃO IGUATU";"MOMBACA";"2022-05-21";"20";"0";"34";"0";"0";"11";"13"
"2022";"Dengue";"SOBRAL";"16ª REGIÃO CAMOCIM";"MARTINOPOLE";"2022-05-21";"20";"0";"7";"0";"0";"1";"0"
"2022";"Dengue";"LITORAL LESTE/JAGUARIBE";"10ª REGIÃO LIMOEIRO DO NORTE";"SAO JOAO DO JAGUARIBE";"2022-05-21";"20";"0";"0";"0";"0";"0";"0"
"2022";"Dengue";"CARIRI";"18ª REGIÃO IGUATU";"DEPUTADO IRAPUAN PINHEIRO";"2022-05-28";"21";"0";"0";"0";"0";"0";"0"
"2022";"Dengue";"LITORAL LESTE/JAGUARIBE";"09ª REGIÃO RUSSAS";"JAGUARUANA";"2022-12-17";"50";"0";"0";"0";"0";"0";"0"
"2022";"Dengue";"SOBRAL";"11ª REGIÃO SOBRAL";"CATUNDA";"2022-01-08";"1";"0";"0";"0";"0";"0";"0"
"2022";"Dengue";"CARIRI";"19ª REGIÃO BREJO SANTO";"AURORA";"2022-02-26";"8";"0";"0";"0";"0";"0";"0"
"2022";"Dengue";"CARIRI";"20ª REGIÃO CRATO";"VARZEA ALEGRE";"2022-04-30";"17";"0";"35";"0";"0";"1";"0"
"2022";"Dengue";"SOBRAL";"11ª REGIÃO SOBRAL";"GROAIRAS";"2022-11-26";"47";"0";"4";"0";"0";"3";"0"
"2022";"Dengue";"CARIRI";"20ª REGIÃO CRATO";"CAMPOS SALES";"2022-09-24";"38";"0";"0";"0";"0";"0";"0"
"2022";"Dengue";"SOBRAL";"16ª REGIÃO CAMOCIM";"GRANJA";"2022-04-02";"13";"0";"1";"0";"0";"1";"0"
"2022";"Dengue";"CARIRI";"19ª REGIÃO BREJO SANTO";"PENAFORTE";"2022-01-22";"3";"0";"0";"0";"0";"0";"0"
"2022";"Dengue";"FORTALEZA";"02ª REGIÃO CAUCAIA";"PENTECOSTE";"2022-10-15";"41";"0";"0";"0";"0";"0";"0"
"2022";"Dengue";"CARIRI";"17ª REGIÃO ICÓ";"UMARI";"2022-08-13";"32";"0";"0";"0";"0";"0";"0"
"2022";"Dengue";"SOBRAL";"15ª REGIÃO CRATEÚS";"IPUEIRAS";"2022-05-28";"21";"0";"23";"0";"0";"7";"11"
"2022";"Dengue";"CARIRI";"18ª REGIÃO IGUATU";"CATARINA";"2022-04-02";"13";"0";"0";"0";"0";"0";"0"
"2022";"Dengue";"LITORAL LESTE/JAGUARIBE";"09ª REGIÃO RUSSAS";"JAGUARETAMA";"2022-08-27";"34";"0";"21";"0";"0";"3";"0"
"2022";"Dengue";"FORTALEZA";"03ª REGIÃO MARACANAÚ";"ACARAPE";"2022-10-08";"40";"0";"0";"0";"0";"0";"0"
"2022";"Dengue";"SOBRAL";"15ª REGIÃO CRATEÚS";"CRATEUS";"2022-04-30";"17";"0";"3";"0";"0";"1";"0"
"2022";"Dengue";"SOBRAL";"11ª REGIÃO SOBRAL";"HIDROLANDIA";"2022-11-05";"44";"0";"0";"0";"0";"0";"0"
"2022";"Dengue";"CARIRI";"21ª REGIÃO JUAZEIRO DO NORTE";"GRANJEIRO";"2022-07-02";"26";"0";"1";"0";"0";"1";"0"
"2022";"Dengue";"FORTALEZA";"01ª REGIÃO FORTALEZA";"EUSEBIO";"2022-06-04";"22";"0";"5";"0";"0";"0";"0"
"2022";"Dengue";"CARIRI";"19ª REGIÃO BREJO SANTO";"PENAFORTE";"2022-05-28";"21";"0";"0";"0";"0";"0";"0"
"2022";"Dengue";"SOBRAL";"13ª REGIÃO TIANGUÁ";"VICOSA DO CEARA";"2022-11-26";"47";"0";"2";"0";"0";"0";"0"
"2022";"Dengue";"SERTÃO CENTRAL";"08ª REGIÃO QUIXADÁ";"QUIXERAMOBIM";"2022-04-09";"14";"0";"1";"0";"0";"0";"0"
"2022";"Dengue";"CARIRI";"21ª REGIÃO JUAZEIRO DO NORTE";"MISSAO VELHA";"2022-05-07";"18";"0";"10";"0";"0";"0";"1"
"2022";"Dengue";"SOBRAL";"15ª REGIÃO CRATEÚS";"INDEPENDENCIA";"2022-09-17";"37";"0";"0";"0";"0";"0";"0"
"2022";"Dengue";"SOBRAL";"11ª REGIÃO SOBRAL";"SANTA QUITERIA";"2022-06-04";"22";"0";"14";"0";"0";"6";"0"
"2022";"Dengue";"CARIRI";"20ª REGIÃO CRATO";"NOVA OLINDA";"2022-07-30";"30";"0";"0";"0";"0";"0";"0"
"2022";"Dengue";"FORTALEZA";"02ª REGIÃO CAUCAIA";"SAO LUIS DO CURU";"2022-11-26";"47";"0";"0";"0";"0";"0";"0"
"2022";"Dengue";"SERTÃO CENTRAL";"08ª REGIÃO QUIXADÁ";"BANABUIU";"2022-04-23";"16";"0";"5";"0";"0";"2";"1"
"2022";"Dengue";"SOBRAL";"11ª REGIÃO SOBRAL";"ALCANTARAS";"2022-09-24";"38";"0";"7";"0";"0";"2";"2"
"2022";"Dengue";"SERTÃO CENTRAL";"08ª REGIÃO QUIXADÁ";"BANABUIU";"2022-12-31";"52";"0";"1";"0";"0";"0";"0"
"2022";"Dengue";"CARIRI";"18ª REGIÃO IGUATU";"ACOPIARA";"2022-03-05";"9";"0";"0";"0";"0";"0";"0"
"2022";"Dengue";"CARIRI";"18ª REGIÃO IGUATU";"JUCAS";"2022-07-09";"27";"0";"3";"0";"0";"0";"0"
"2022";"Dengue";"FORTALEZA";"02ª REGIÃO CAUCAIA";"APUIARES";"2022-02-05";"5";"0";"0";"0";"0";"0";"0"
"2022";"Dengue";"SOBRAL";"13ª REGIÃO TIANGUÁ";"SAO BENEDITO";"2022-02-26";"8";"0";"0";"0";"0";"0";"0"
"2022";"Dengue";"CARIRI";"17ª REGIÃO ICÓ";"LAVRAS DA MANGABEIRA";"2022-12-17";"50";"0";"0";"0";"0";"0";"0"
"2022";"Dengue";"SOBRAL";"13ª REGIÃO TIANGUÁ";"IBIAPINA";"2022-12-03";"48";"0";"1";"0";"0";"0";"0"
"2022";"Dengue";"SOBRAL";"16ª REGIÃO CAMOCIM";"MARTINOPOLE";"2022-11-05";"44";"0";"0";"0";"0";"0";"0"
"2022";"Dengue";"LITORAL LESTE/JAGUARIBE";"10ª REGIÃO LIMOEIRO DO NORTE";"ALTO SANTO";"2022-01-29";"4";"0";"0";"0";"0";"0";"0"
"2022";"Dengue";"SOBRAL";"11ª REGIÃO SOBRAL";"MASSAPE";"2022-11-05";"44";"0";"0";"0";"0";"0";"0"
"2022";"Dengue";"CARIRI";"20ª REGIÃO CRATO";"ASSARE";"2022-10-01";"39";"0";"1";"0";"0";"0";"0"
"2022";"Dengue";"FORTALEZA";"22ª REGIÃO CASCAVEL";"CHOROZINHO";"2022-04-09";"14";"0";"1";"0";"0";"1";"0"
"2022";"Dengue";"FORTALEZA";"03ª REGIÃO MARACANAÚ";"ACARAPE";"2022-04-30";"17";"0";"1";"0";"0";"0";"0"
"2022";"Dengue";"CARIRI";"21ª REGIÃO JUAZEIRO DO NORTE";"JARDIM";"2022-12-24";"51";"0";"0";"0";"0";"0";"0"
"2022";"Dengue";"FORTALEZA";"22ª REGIÃO CASCAVEL";"BEBERIBE";"2022-01-29";"4";"0";"1";"0";"0";"0";"1"
"2022";"Dengue";"LITORAL LESTE/JAGUARIBE";"09ª REGIÃO RUSSAS";"MORADA NOVA";"2022-06-11";"23";"0";"103";"0";"0";"6";"34"
"2022";"Dengue";"SERTÃO CENTRAL";"08ª REGIÃO QUIXADÁ";"MILHA";"2022-03-26";"12";"0";"0";"0";"0";"0";"0"
"2022";"Dengue";"SOBRAL";"15ª REGIÃO CRATEÚS";"IPUEIRAS";"2022-05-14";"19";"0";"1";"0";"0";"1";"0"
"2022";"Dengue";"CARIRI";"20ª REGIÃO CRATO";"SALITRE";"2022-09-17";"37";"0";"0";"0";"0";"0";"0"
"2022";"Dengue";"SOBRAL";"12ª REGIÃO ACARAÚ";"ITAREMA";"2022-03-12";"10";"0";"0";"0";"0";"0";"0"
"2022";"Dengue";"FORTALEZA";"22ª REGIÃO CASCAVEL";"CHOROZINHO";"2022-11-19";"46";"0";"0";"0";"0";"0";"0"
"2022";"Dengue";"LITORAL LESTE/JAGUARIBE";"09ª REGIÃO RUSSAS";"JAGUARETAMA";"2022-03-26";"12";"0";"2";"0";"0";"0";"0"
"2022";"Dengue";"SOBRAL";"11ª REGIÃO SOBRAL";"URUOCA";"2022-12-10";"49";"0";"1";"0";"0";"0";"0"
"2022";"Dengue";"CARIRI";"20ª REGIÃO CRATO";"POTENGI";"2022-09-17";"37";"0";"0";"0";"0";"0";"0"
"2022";"Dengue";"SOBRAL";"11ª REGIÃO SOBRAL";"GROAIRAS";"2022-01-22";"3";"0";"1";"0";"0";"0";"0"
"2022";"Dengue";"FORTALEZA";"04ª REGIÃO BATURITÉ";"ARACOIABA";"2022-12-10";"49";"0";"0";"0";"0";"0";"0"
"2022";"Dengue";"SOBRAL";"12ª REGIÃO ACARAÚ";"CRUZ";"2022-06-18";"24";"0";"5";"0";"0";"2";"0"
"2022";"Dengue";"LITORAL LESTE/JAGUARIBE";"10ª REGIÃO LIMOEIRO DO NORTE";"LIMOEIRO DO NORTE";"2022-05-14";"19";"0";"8";"0";"0";"1";"7"
"2022";"Dengue";"FORTALEZA";"04ª REGIÃO BATURITÉ";"BATURITE";"2022-06-11";"23";"0";"8";"0";"0";"0";"0"
"2022";"Dengue";"FORTALEZA";"06ª REGIÃO DE ITAPIPOCA";"MIRAIMA";"2022-07-16";"28";"0";"5";"0";"0";"0";"4"
"2022";"Dengue";"SOBRAL";"15ª REGIÃO CRATEÚS";"NOVA RUSSAS";"2022-03-05";"9";"0";"0";"0";"0";"0";"0"
"2022";"Dengue";"FORTALEZA";"02ª REGIÃO CAUCAIA";"APUIARES";"2022-04-16";"15";"0";"0";"0";"0";"0";"0"
"2022";"Dengue";"FORTALEZA";"02ª REGIÃO CAUCAIA";"PENTECOSTE";"2022-02-12";"6";"0";"0";"0";"0";"0";"0"
"2022";"Dengue";"FORTALEZA";"04ª REGIÃO BATURITÉ";"ARATUBA";"2022-01-29";"4";"0";"20";"0";"0";"6";"7"
"2022";"Dengue";"SOBRAL";"11ª REGIÃO SOBRAL";"URUOCA";"2022-05-07";"18";"0";"0";"0";"0";"0";"0"
"2022";"Dengue";"LITORAL LESTE/JAGUARIBE";"10ª REGIÃO LIMOEIRO DO NORTE";"POTIRETAMA";"2022-07-23";"29";"0";"0";"0";"0";"0";"0"
"2022";"Dengue";"SERTÃO CENTRAL";"08ª REGIÃO QUIXADÁ";"SENADOR POMPEU";"2022-04-02";"13";"0";"0";"0";"0";"0";"0"
"2022";"Dengue";"SOBRAL";"15ª REGIÃO CRATEÚS";"QUITERIANOPOLIS";"2022-11-12";"45";"0";"0";"0";"0";"0";"0"
"2022";"Dengue";"SERTÃO CENTRAL";"05ª REGIÃO DE CANINDÉ";"CANINDE";"2022-12-03";"48";"0";"0";"0";"0";"0";"0"
"2022";"Dengue";"CARIRI";"21ª REGIÃO JUAZEIRO DO NORTE";"JUAZEIRO DO NORTE";"2022-10-08";"40";"0";"6";"0";"0";"1";"0"
"2022";"Dengue";"SOBRAL";"16ª REGIÃO CAMOCIM";"MARTINOPOLE";"2022-06-18";"24";"0";"2";"0";"0";"0";"0"
"2022";"Dengue";"FORTALEZA";"22ª REGIÃO CASCAVEL";"BEBERIBE";"2022-10-08";"40";"0";"1";"0";"0";"0";"0"
"2022";"Dengue";"SOBRAL";"11ª REGIÃO SOBRAL";"FORQUILHA";"2022-05-14";"19";"0";"7";"0";"0";"5";"0"
"2022";"Dengue";"LITORAL LESTE/JAGUARIBE";"10ª REGIÃO LIMOEIRO DO NORTE";"IRACEMA";"2022-10-29";"43";"0";"0";"0";"0";"0";"0"
"2022";"Dengue";"CARIRI";"19ª REGIÃO BREJO SANTO";"BARRO";"2022-01-22";"3";"0";"0";"0";"0";"0";"0"
"2022";"Dengue";"SOBRAL";"15ª REGIÃO CRATEÚS";"ARARENDA";"2022-04-16";"15";"0";"0";"0";"0";"0";"0"
"2022";"Dengue";"CARIRI";"17ª REGIÃO ICÓ";"OROS";"2022-09-03";"35";"0";"0";"0";"0";"0";"0"
"2022";"Dengue";"SOBRAL";"12ª REGIÃO ACARAÚ";"MORRINHOS";"2022-12-03";"48";"0";"0";"0";"0";"0";"0"
"2022";"Dengue";"FORTALEZA";"03ª REGIÃO MARACANAÚ";"ACARAPE";"2022-09-17";"37";"0";"0";"0";"0";"0";"0"
"2022";"Dengue";"CARIRI";"18ª REGIÃO IGUATU";"IGUATU";"2022-12-10";"49";"0";"0";"0";"0";"0";"0"
"2022";"Dengue";"FORTALEZA";"06ª REGIÃO DE ITAPIPOCA";"URUBURETAMA";"2022-08-20";"33";"0";"4";"0";"0";"0";"0"
"2022";"Dengue";"SERTÃO CENTRAL";"08ª REGIÃO QUIXADÁ";"MILHA";"2022-02-26";"8";"0";"0";"0";"0";"0";"0"
"2022";"Dengue";"LITORAL LESTE/JAGUARIBE";"07ª REGIÃO ARACATI";"ARACATI";"2022-10-01";"39";"0";"5";"0";"0";"1";"1"
"2022";"Dengue";"CARIRI";"18ª REGIÃO IGUATU";"JUCAS";"2022-02-19";"7";"0";"3";"0";"0";"0";"0"
"2022";"Dengue";"SOBRAL";"13ª REGIÃO TIANGUÁ";"CROATA";"2022-11-26";"47";"0";"0";"0";"0";"0";"0"
"2022";"Dengue";"SERTÃO CENTRAL";"08ª REGIÃO QUIXADÁ";"CHORO";"2022-09-24";"38";"0";"1";"0";"0";"0";"1"
"2022";"Dengue";"CARIRI";"20ª REGIÃO CRATO";"TARRAFAS";"2022-05-21";"20";"0";"3";"0";"0";"0";"1"
"2022";"Dengue";"CARIRI";"19ª REGIÃO BREJO SANTO";"AURORA";"2022-11-05";"44";"0";"0";"0";"0";"0";"0"
"2022";"Dengue";"SERTÃO CENTRAL";"14ª REGIÃO TAUÁ";"AIUABA";"2022-04-23";"16";"0";"4";"0";"0";"2";"1"
"2022";"Dengue";"SOBRAL";"13ª REGIÃO TIANGUÁ";"VICOSA DO CEARA";"2022-01-29";"4";"0";"1";"0";"0";"0";"0"
"2022";"Dengue";"SERTÃO CENTRAL";"05ª REGIÃO DE CANINDÉ";"MADALENA";"2022-07-16";"28";"0";"1";"0";"0";"0";"0"
"2022";"Dengue";"SOBRAL";"13ª REGIÃO TIANGUÁ";"CARNAUBAL";"2022-08-27";"34";"0";"1";"0";"0";"0";"0"
"2022";"Dengue";"FORTALEZA";"22ª REGIÃO CASCAVEL";"HORIZONTE";"2022-01-22";"3";"0";"1";"0";"0";"0";"1"
"2022";"Dengue";"SOBRAL";"11ª REGIÃO SOBRAL";"CARIRE";"2022-11-19";"46";"0";"1";"0";"0";"0";"1"
"2022";"Dengue";"CARIRI";"18ª REGIÃO IGUATU";"PIQUET CARNEIRO";"2022-02-26";"8";"0";"0";"0";"0";"0";"0"
"2022";"Dengue";"FORTALEZA";"03ª REGIÃO MARACANAÚ";"PACATUBA";"2022-03-26";"12";"0";"8";"0";"0";"3";"0"
"2022";"Dengue";"LITORAL LESTE/JAGUARIBE";"10ª REGIÃO LIMOEIRO DO NORTE";"IRACEMA";"2022-04-23";"16";"0";"0";"0";"0";"0";"0"
"2022";"Dengue";"CARIRI";"20ª REGIÃO CRATO";"VARZEA ALEGRE";"2022-06-18";"24";"0";"12";"0";"0";"1";"0"
"2022";"Dengue";"SOBRAL";"11ª REGIÃO SOBRAL";"SOBRAL";"2022-06-18";"24";"2";"288";"0";"0";"57";"12"
"2022";"Dengue";"SERTÃO CENTRAL";"08ª REGIÃO QUIXADÁ";"SENADOR POMPEU";"2022-01-15";"2";"0";"1";"0";"0";"0";"0"
"2022";"Dengue";"SOBRAL";"11ª REGIÃO SOBRAL";"URUOCA";"2022-03-05";"9";"0";"0";"0";"0";"0";"0"
"2022";"Dengue";"SOBRAL";"11ª REGIÃO SOBRAL";"RERIUTABA";"2022-03-05";"9";"0";"0";"0";"0";"0";"0"
"2022";"Dengue";"CARIRI";"19ª REGIÃO BREJO SANTO";"AURORA";"2022-10-01";"39";"0";"0";"0";"0";"0";"0"
"2022";"Dengue";"CARIRI";"18ª REGIÃO IGUATU";"CARIUS";"2022-03-05";"9";"0";"0";"0";"0";"0";"0"
"2022";"Dengue";"CARIRI";"20ª REGIÃO CRATO";"CAMPOS SALES";"2022-09-03";"35";"0";"0";"0";"0";"0";"0"
"2022";"Dengue";"SOBRAL";"15ª REGIÃO CRATEÚS";"PORANGA";"2022-07-02";"26";"0";"3";"0";"0";"2";"1"
"2022";"Dengue";"CARIRI";"18ª REGIÃO IGUATU";"CATARINA";"2022-05-14";"19";"0";"0";"0";"0";"0";"0"
"2022";"Dengue";"FORTALEZA";"04ª REGIÃO BATURITÉ";"BATURITE";"2022-05-21";"20";"0";"6";"0";"0";"1";"0"
"2022";"Dengue";"CARIRI";"17ª REGIÃO ICÓ";"LAVRAS DA MANGABEIRA";"2022-07-30";"30";"0";"13";"0";"0";"0";"9"
"2022";"Dengue";"CARIRI";"17ª REGIÃO ICÓ";"OROS";"2022-11-19";"46";"0";"1";"0";"0";"0";"0"
"2022";"Dengue";"CARIRI";"20ª REGIÃO CRATO";"SANTANA DO CARIRI";"2022-07-09";"27";"0";"0";"0";"0";"0";"0"
"2022";"Dengue";"CARIRI";"19ª REGIÃO BREJO SANTO";"MAURITI";"2022-05-28";"21";"1";"58";"1";"0";"13";"20"
"2022";"Dengue";"SOBRAL";"12ª REGIÃO ACARAÚ";"BELA CRUZ";"2022-02-12";"6";"0";"0";"0";"0";"0";"0"
"2022";"Dengue";"SERTÃO CENTRAL";"08ª REGIÃO QUIXADÁ";"IBARETAMA";"2022-09-24";"38";"0";"0";"0";"0";"0";"0"
"2022";"Dengue";"LITORAL LESTE/JAGUARIBE";"10ª REGIÃO LIMOEIRO DO NORTE";"QUIXERE";"2022-01-15";"2";"0";"1";"0";"0";"0";"0"
"2022";"Dengue";"FORTALEZA";"06ª REGIÃO DE ITAPIPOCA";"UMIRIM";"2022-05-21";"20";"0";"0";"0";"0";"0";"0"
"2022";"Dengue";"CARIRI";"20ª REGIÃO CRATO";"ASSARE";"2022-07-02";"26";"0";"6";"0";"0";"1";"1"
"2022";"Dengue";"SOBRAL";"11ª REGIÃO SOBRAL";"SOBRAL";"2022-11-26";"47";"0";"12";"0";"0";"1";"0"
"2022";"Dengue";"FORTALEZA";"22ª REGIÃO CASCAVEL";"HORIZONTE";"2022-11-05";"44";"0";"2";"0";"0";"0";"1"
"2022";"Dengue";"CARIRI";"20ª REGIÃO CRATO";"NOVA OLINDA";"2022-12-31";"52";"0";"0";"0";"0";"0";"0"
"2022";"Dengue";"LITORAL LESTE/JAGUARIBE";"09ª REGIÃO RUSSAS";"MORADA NOVA";"2022-07-09";"27";"0";"90";"0";"0";"11";"14"
"2022";"Dengue";"FORTALEZA";"02ª REGIÃO CAUCAIA";"SAO LUIS DO CURU";"2022-12-10";"49";"0";"0";"0";"0";"0";"0"
"2022";"Dengue";"SOBRAL";"11ª REGIÃO SOBRAL";"FRECHEIRINHA";"2022-08-20";"33";"0";"0";"0";"0";"0";"0"
"2022";"Dengue";"SOBRAL";"11ª REGIÃO SOBRAL";"RERIUTABA";"2022-11-26";"47";"0";"2";"0";"0";"0";"0"
"2022";"Dengue";"LITORAL LESTE/JAGUARIBE";"10ª REGIÃO LIMOEIRO DO NORTE";"POTIRETAMA";"2022-07-09";"27";"0";"0";"0";"0";"0";"0"
"2022";"Dengue";"FORTALEZA";"03ª REGIÃO MARACANAÚ";"PALMACIA";"2022-07-30";"30";"0";"5";"0";"0";"0";"0"
"2022";"Dengue";"CARIRI";"20ª REGIÃO CRATO";"ASSARE";"2022-12-24";"51";"0";"1";"0";"0";"0";"0"
"2022";"Dengue";"FORTALEZA";"03ª REGIÃO MARACANAÚ";"REDENCAO";"2022-10-29";"43";"0";"1";"0";"0";"0";"0"
"2022";"Dengue";"SERTÃO CENTRAL";"05ª REGIÃO DE CANINDÉ";"CARIDADE";"2022-05-14";"19";"0";"6";"0";"0";"2";"0"
"2022";"Dengue";"CARIRI";"17ª REGIÃO ICÓ";"BAIXIO";"2022-10-15";"41";"0";"1";"0";"0";"0";"0"
"2022";"Dengue";"SOBRAL";"13ª REGIÃO TIANGUÁ";"CARNAUBAL";"2022-07-02";"26";"0";"2";"0";"0";"0";"0"
"2022";"Dengue";"CARIRI";"20ª REGIÃO CRATO";"ARARIPE";"2022-06-18";"24";"0";"1";"0";"0";"0";"0"
"2022";"Dengue";"SERTÃO CENTRAL";"14ª REGIÃO TAUÁ";"TAUA";"2022-05-14";"19";"0";"34";"0";"0";"18";"3"
"2022";"Dengue";"LITORAL LESTE/JAGUARIBE";"10ª REGIÃO LIMOEIRO DO NORTE";"SAO JOAO DO JAGUARIBE";"2022-02-12";"6";"0";"0";"0";"0";"0";"0"
"2022";"Dengue";"SOBRAL";"11ª REGIÃO SOBRAL";"SENADOR SA";"2022-11-19";"46";"0";"0";"0";"0";"0";"0"
"2022";"Dengue";"CARIRI";"18ª REGIÃO IGUATU";"MOMBACA";"2022-08-06";"31";"0";"4";"0";"0";"1";"0"
"2022";"Dengue";"FORTALEZA";"22ª REGIÃO CASCAVEL";"BEBERIBE";"2022-11-19";"46";"0";"2";"0";"0";"0";"0"
"2022";"Dengue";"CARIRI";"21ª REGIÃO JUAZEIRO DO NORTE";"JARDIM";"2022-04-23";"16";"0";"31";"0";"0";"2";"0"
"2022";"Dengue";"CARIRI";"17ª REGIÃO ICÓ";"OROS";"2022-04-16";"15";"0";"2";"0";"0";"0";"0"
"2022";"Dengue";"SOBRAL";"11ª REGIÃO SOBRAL";"CATUNDA";"2022-02-26";"8";"0";"0";"0";"0";"0";"0"
"2022";"Dengue";"FORTALEZA";"22ª REGIÃO CASCAVEL";"CASCAVEL";"2022-01-22";"3";"0";"2";"0";"0";"0";"0"
"2022";"Dengue";"FORTALEZA";"22ª REGIÃO CASCAVEL";"PINDORETAMA";"2022-03-19";"11";"0";"57";"0";"0";"16";"0"
"2022";"Dengue";"LITORAL LESTE/JAGUARIBE";"07ª REGIÃO ARACATI";"ITAICABA";"2022-06-18";"24";"0";"1";"0";"0";"0";"0"
"2022";"Dengue";"SOBRAL";"15ª REGIÃO CRATEÚS";"ARARENDA";"2022-03-19";"11";"0";"0";"0";"0";"0";"0"
"2022";"Dengue";"SOBRAL";"12ª REGIÃO ACARAÚ";"ITAREMA";"2022-07-23";"29";"0";"4";"0";"0";"3";"0"
"2022";"Dengue";"SOBRAL";"13ª REGIÃO TIANGUÁ";"VICOSA DO CEARA";"2022-05-07";"18";"0";"13";"0";"0";"2";"0"
"2022";"Dengue";"SOBRAL";"11ª REGIÃO SOBRAL";"MERUOCA";"2022-04-16";"15";"0";"2";"0";"0";"1";"1"
"2022";"Dengue";"SERTÃO CENTRAL";"08ª REGIÃO QUIXADÁ";"IBICUITINGA";"2022-12-24";"51";"0";"0";"0";"0";"0";"0"
"2022";"Dengue";"SERTÃO CENTRAL";"14ª REGIÃO TAUÁ";"AIUABA";"2022-01-08";"1";"0";"0";"0";"0";"0";"0"
"2022";"Dengue";"FORTALEZA";"02ª REGIÃO CAUCAIA";"PARACURU";"2022-10-22";"42";"0";"0";"0";"0";"0";"0"
"2022";"Dengue";"CARIRI";"19ª REGIÃO BREJO SANTO";"BARRO";"2022-06-18";"24";"0";"0";"0";"0";"0";"0"
"2022";"Dengue";"FORTALEZA";"04ª REGIÃO BATURITÉ";"BATURITE";"2022-02-05";"5";"0";"0";"0";"0";"0";"0"
"2022";"Dengue";"FORTALEZA";"22ª REGIÃO CASCAVEL";"BEBERIBE";"2022-02-26";"8";"0";"10";"0";"0";"3";"2"
"2022";"Dengue";"SOBRAL";"13ª REGIÃO TIANGUÁ";"SAO BENEDITO";"2022-06-11";"23";"0";"3";"0";"0";"0";"0"
"2022";"Dengue";"FORTALEZA";"22ª REGIÃO CASCAVEL";"CASCAVEL";"2022-10-22";"42";"0";"0";"0";"0";"0";"0"
"2022";"Dengue";"CARIRI";"19ª REGIÃO BREJO SANTO";"PORTEIRAS";"2022-04-30";"17";"0";"57";"0";"0";"1";"1"
"2022";"Dengue";"FORTALEZA";"04ª REGIÃO BATURITÉ";"GUARAMIRANGA";"2022-11-26";"47";"0";"0";"0";"0";"0";"0"
"2022";"Dengue";"LITORAL LESTE/JAGUARIBE";"07ª REGIÃO ARACATI";"ITAICABA";"2022-07-23";"29";"0";"1";"0";"0";"0";"0"
"2022";"Dengue";"LITORAL LESTE/JAGUARIBE";"10ª REGIÃO LIMOEIRO DO NORTE";"ERERE";"2022-01-08";"1";"0";"0";"0";"0";"0";"0"
"2022";"Dengue";"SOBRAL";"13ª REGIÃO TIANGUÁ";"GUARACIABA DO NORTE";"2022-02-05";"5";"0";"0";"0";"0";"0";"0"
"2022";"Dengue";"CARIRI";"18ª REGIÃO IGUATU";"ACOPIARA";"2022-10-08";"40";"0";"2";"0";"0";"0";"0"
"2022";"Dengue";"SOBRAL";"11ª REGIÃO SOBRAL";"FRECHEIRINHA";"2022-10-22";"42";"0";"0";"0";"0";"0";"0"
"2022";"Dengue";"FORTALEZA";"06ª REGIÃO DE ITAPIPOCA";"ITAPIPOCA";"2022-11-05";"44";"0";"1";"0";"0";"0";"0"
"2022";"Dengue";"FORTALEZA";"06ª REGIÃO DE ITAPIPOCA";"UMIRIM";"2022-06-04";"22";"0";"0";"0";"0";"0";"0"
"2022";"Dengue";"SOBRAL";"15ª REGIÃO CRATEÚS";"IPAPORANGA";"2022-08-06";"31";"0";"1";"0";"0";"0";"0"
"2022";"Dengue";"SOBRAL";"11ª REGIÃO SOBRAL";"GROAIRAS";"2022-09-17";"37";"0";"14";"0";"0";"14";"0"
"2022";"Dengue";"FORTALEZA";"03ª REGIÃO MARACANAÚ";"MARACANAU";"2022-12-10";"49";"0";"0";"0";"0";"0";"0"
"2022";"Dengue";"CARIRI";"19ª REGIÃO BREJO SANTO";"PENAFORTE";"2022-05-07";"18";"0";"0";"0";"0";"0";"0"
"2022";"Dengue";"CARIRI";"17ª REGIÃO ICÓ";"LAVRAS DA MANGABEIRA";"2022-06-25";"25";"0";"27";"0";"0";"0";"6"
"2022";"Dengue";"LITORAL LESTE/JAGUARIBE";"07ª REGIÃO ARACATI";"ITAICABA";"2022-09-10";"36";"0";"0";"0";"0";"0";"0"
"2022";"Dengue";"CARIRI";"18ª REGIÃO IGUATU";"QUIXELO";"2022-01-29";"4";"0";"0";"0";"0";"0";"0"
"2022";"Dengue";"FORTALEZA";"01ª REGIÃO FORTALEZA";"FORTALEZA";"2022-11-26";"47";"1";"280";"1";"0";"44";"62"
"2022";"Dengue";"FORTALEZA";"03ª REGIÃO MARACANAÚ";"ACARAPE";"2022-05-14";"19";"0";"1";"0";"0";"1";"0"
"2022";"Dengue";"CARIRI";"18ª REGIÃO IGUATU";"PIQUET CARNEIRO";"2022-03-26";"12";"0";"0";"0";"0";"0";"0"
"2022";"Dengue";"SERTÃO CENTRAL";"08ª REGIÃO QUIXADÁ";"MILHA";"2022-06-04";"22";"0";"1";"0";"0";"1";"0"
"2022";"Dengue";"SERTÃO CENTRAL";"05ª REGIÃO DE CANINDÉ";"MADALENA";"2022-07-23";"29";"0";"0";"0";"0";"0";"0"
"2022";"Dengue";"CARIRI";"21ª REGIÃO JUAZEIRO DO NORTE";"JARDIM";"2022-01-22";"3";"0";"0";"0";"0";"0";"0"
"2022";"Dengue";"CARIRI";"21ª REGIÃO JUAZEIRO DO NORTE";"JUAZEIRO DO NORTE";"2022-11-26";"47";"0";"4";"0";"0";"3";"0"
"2022";"Dengue";"LITORAL LESTE/JAGUARIBE";"09ª REGIÃO RUSSAS";"JAGUARETAMA";"2022-03-19";"11";"0";"1";"0";"0";"0";"0"
"2022";"Dengue";"CARIRI";"19ª REGIÃO BREJO SANTO";"MAURITI";"2022-08-13";"32";"0";"0";"0";"0";"0";"0"
"2022";"Dengue";"SERTÃO CENTRAL";"14ª REGIÃO TAUÁ";"ARNEIROZ";"2022-11-26";"47";"0";"0";"0";"0";"0";"0"
"2022";"Dengue";"SOBRAL";"11ª REGIÃO SOBRAL";"CATUNDA";"2022-05-07";"18";"0";"0";"0";"0";"0";"0"
"2022";"Dengue";"LITORAL LESTE/JAGUARIBE";"10ª REGIÃO LIMOEIRO DO NORTE";"TABULEIRO DO NORTE";"2022-08-27";"34";"0";"46";"0";"0";"17";"24"
"2022";"Dengue";"SERTÃO CENTRAL";"08ª REGIÃO QUIXADÁ";"QUIXERAMOBIM";"2022-04-16";"15";"0";"2";"0";"0";"0";"1"
"2022";"Dengue";"CARIRI";"17ª REGIÃO ICÓ";"LAVRAS DA MANGABEIRA";"2022-04-23";"16";"0";"21";"0";"0";"2";"2"
"2022";"Dengue";"FORTALEZA";"02ª REGIÃO CAUCAIA";"PENTECOSTE";"2022-08-13";"32";"0";"0";"0";"0";"0";"0"
"2022";"Dengue";"CARIRI";"18ª REGIÃO IGUATU";"JUCAS";"2022-12-17";"50";"0";"0";"0";"0";"0";"0"
"2022";"Dengue";"LITORAL LESTE/JAGUARIBE";"10ª REGIÃO LIMOEIRO DO NORTE";"PEREIRO";"2022-06-04";"22";"0";"5";"0";"0";"2";"0"
"2022";"Dengue";"CARIRI";"17ª REGIÃO ICÓ";"LAVRAS DA MANGABEIRA";"2022-05-28";"21";"0";"80";"0";"0";"36";"5"
"2022";"Dengue";"FORTALEZA";"06ª REGIÃO DE ITAPIPOCA";"TRAIRI";"2022-10-01";"39";"0";"1";"0";"0";"1";"0"
"2022";"Dengue";"CARIRI";"20ª REGIÃO CRATO";"CRATO";"2022-12-10";"49";"0";"0";"0";"0";"0";"0"
"2022";"Dengue";"FORTALEZA";"02ª REGIÃO CAUCAIA";"PENTECOSTE";"2022-04-16";"15";"0";"1";"0";"0";"0";"0"
"2022";"Dengue";"SERTÃO CENTRAL";"08ª REGIÃO QUIXADÁ";"IBARETAMA";"2022-11-19";"46";"0";"0";"0";"0";"0";"0"
"2022";"Dengue";"SOBRAL";"16ª REGIÃO CAMOCIM";"GRANJA";"2022-06-11";"23";"0";"10";"0";"0";"3";"0"
"2022";"Dengue";"FORTALEZA";"04ª REGIÃO BATURITÉ";"PACOTI";"2022-10-15";"41";"0";"0";"0";"0";"0";"0"
"2022";"Dengue";"SOBRAL";"11ª REGIÃO SOBRAL";"CARIRE";"2022-03-05";"9";"0";"0";"0";"0";"0";"0"
"2022";"Dengue";"SERTÃO CENTRAL";"08ª REGIÃO QUIXADÁ";"PEDRA BRANCA";"2022-03-12";"10";"0";"41";"0";"0";"1";"27"
"2022";"Dengue";"CARIRI";"20ª REGIÃO CRATO";"CRATO";"2022-11-26";"47";"0";"1";"0";"0";"1";"0"
"2022";"Dengue";"CARIRI";"20ª REGIÃO CRATO";"VARZEA ALEGRE";"2022-01-15";"2";"0";"0";"0";"0";"0";"0"
"2022";"Dengue";"FORTALEZA";"04ª REGIÃO BATURITÉ";"GUARAMIRANGA";"2022-07-23";"29";"0";"3";"0";"0";"0";"0"
"2022";"Dengue";"SOBRAL";"11ª REGIÃO SOBRAL";"VARJOTA";"2022-12-31";"52";"0";"0";"0";"0";"0";"0"
"2022";"Dengue";"FORTALEZA";"02ª REGIÃO CAUCAIA";"SAO GONCALO DO AMARANTE";"2022-02-26";"8";"0";"2";"0";"0";"1";"0"
"2022";"Dengue";"SERTÃO CENTRAL";"08ª REGIÃO QUIXADÁ";"QUIXERAMOBIM";"2022-02-12";"6";"0";"0";"0";"0";"0";"0"
"2022";"Dengue";"LITORAL LESTE/JAGUARIBE";"10ª REGIÃO LIMOEIRO DO NORTE";"TABULEIRO DO NORTE";"2022-06-25";"25";"0";"5";"0";"0";"2";"1"
"2022";"Dengue";"CARIRI";"17ª REGIÃO ICÓ";"OROS";"2022-01-15";"2";"0";"0";"0";"0";"0";"0"
"2022";"Dengue";"LITORAL LESTE/JAGUARIBE";"10ª REGIÃO LIMOEIRO DO NORTE";"ALTO SANTO";"2022-09-03";"35";"0";"0";"0";"0";"0";"0"
"2022";"Dengue";"SOBRAL";"15ª REGIÃO CRATEÚS";"QUITERIANOPOLIS";"2022-07-02";"26";"0";"11";"0";"0";"0";"0"
"2022";"Dengue";"CARIRI";"19ª REGIÃO BREJO SANTO";"AURORA";"2022-04-16";"15";"0";"1";"0";"0";"0";"0"
"2022";"Dengue";"SOBRAL";"11ª REGIÃO SOBRAL";"URUOCA";"2022-08-27";"34";"0";"0";"0";"0";"0";"0"
"2022";"Dengue";"LITORAL LESTE/JAGUARIBE";"07ª REGIÃO ARACATI";"ITAICABA";"2022-10-08";"40";"0";"1";"0";"0";"0";"0"
"2022";"Dengue";"CARIRI";"20ª REGIÃO CRATO";"ASSARE";"2022-11-05";"44";"0";"0";"0";"0";"0";"0"
"2022";"Dengue";"LITORAL LESTE/JAGUARIBE";"10ª REGIÃO LIMOEIRO DO NORTE";"SAO JOAO DO JAGUARIBE";"2022-10-29";"43";"0";"0";"0";"0";"0";"0"
"2022";"Dengue";"LITORAL LESTE/JAGUARIBE";"09ª REGIÃO RUSSAS";"JAGUARUANA";"2022-06-04";"22";"0";"27";"0";"0";"5";"13"
"2022";"Dengue";"FORTALEZA";"04ª REGIÃO BATURITÉ";"GUARAMIRANGA";"2022-04-23";"16";"0";"6";"0";"0";"4";"0"
"2022";"Dengue";"CARIRI";"21ª REGIÃO JUAZEIRO DO NORTE";"BARBALHA";"2022-02-19";"7";"0";"373";"0";"0";"19";"6"
"2022";"Dengue";"LITORAL LESTE/JAGUARIBE";"07ª REGIÃO ARACATI";"ICAPUI";"2022-04-02";"13";"0";"16";"0";"0";"1";"3"
"2022";"Dengue";"SERTÃO CENTRAL";"08ª REGIÃO QUIXADÁ";"QUIXERAMOBIM";"2022-12-03";"48";"0";"1";"0";"0";"0";"0"
"2022";"Dengue";"SOBRAL";"12ª REGIÃO ACARAÚ";"JIJOCA DE JERICOACOARA";"2022-08-27";"34";"0";"8";"0";"0";"2";"0"
"2022";"Dengue";"FORTALEZA";"06ª REGIÃO DE ITAPIPOCA";"URUBURETAMA";"2022-12-31";"52";"0";"0";"0";"0";"0";"0"
"2022";"Dengue";"LITORAL LESTE/JAGUARIBE";"10ª REGIÃO LIMOEIRO DO NORTE";"LIMOEIRO DO NORTE";"2022-10-22";"42";"0";"21";"0";"0";"0";"5"
"2022";"Dengue";"FORTALEZA";"04ª REGIÃO BATURITÉ";"BATURITE";"2022-03-12";"10";"0";"2";"0";"0";"0";"0"
"2022";"Dengue";"FORTALEZA";"03ª REGIÃO MARACANAÚ";"PALMACIA";"2022-12-03";"48";"0";"0";"0";"0";"0";"0"
"2022";"Dengue";"CARIRI";"18ª REGIÃO IGUATU";"QUIXELO";"2022-03-19";"11";"0";"0";"0";"0";"0";"0"
"2022";"Dengue";"SOBRAL";"11ª REGIÃO SOBRAL";"RERIUTABA";"2022-11-12";"45";"0";"0";"0";"0";"0";"0"
"2022";"Dengue";"FORTALEZA";"03ª REGIÃO MARACANAÚ";"MARANGUAPE";"2022-09-17";"37";"0";"18";"0";"0";"0";"8"
"2022";"Dengue";"LITORAL LESTE/JAGUARIBE";"10ª REGIÃO LIMOEIRO DO NORTE";"SAO JOAO DO JAGUARIBE";"2022-07-16";"28";"0";"0";"0";"0";"0";"0"
"2022";"Dengue";"SOBRAL";"13ª REGIÃO TIANGUÁ";"CROATA";"2022-10-22";"42";"0";"0";"0";"0";"0";"0"
"2022";"Dengue";"FORTALEZA";"04ª REGIÃO BATURITÉ";"GUARAMIRANGA";"2022-05-28";"21";"0";"5";"0";"0";"2";"0"
"2022";"Dengue";"LITORAL LESTE/JAGUARIBE";"07ª REGIÃO ARACATI";"ITAICABA";"2022-02-19";"7";"0";"1";"0";"0";"0";"0"
"2022";"Dengue";"CARIRI";"17ª REGIÃO ICÓ";"CEDRO";"2022-02-05";"5";"0";"0";"0";"0";"0";"0"
"2022";"Dengue";"CARIRI";"20ª REGIÃO CRATO";"TARRAFAS";"2022-11-19";"46";"0";"0";"0";"0";"0";"0"
"2022";"Dengue";"FORTALEZA";"22ª REGIÃO CASCAVEL";"BEBERIBE";"2022-12-10";"49";"0";"0";"0";"0";"0";"0"
"2022";"Dengue";"FORTALEZA";"02ª REGIÃO CAUCAIA";"TEJUCUOCA";"2022-01-15";"2";"0";"0";"0";"0";"0";"0"
"2022";"Dengue";"CARIRI";"20ª REGIÃO CRATO";"ARARIPE";"2022-05-07";"18";"0";"16";"0";"0";"0";"0"
"2022";"Dengue";"FORTALEZA";"22ª REGIÃO CASCAVEL";"BEBERIBE";"2022-06-11";"23";"0";"58";"0";"0";"18";"16"
"2022";"Dengue";"FORTALEZA";"06ª REGIÃO DE ITAPIPOCA";"TURURU";"2022-10-29";"43";"0";"0";"0";"0";"0";"0"
"2022";"Dengue";"CARIRI";"21ª REGIÃO JUAZEIRO DO NORTE";"MISSAO VELHA";"2022-11-19";"46";"0";"1";"0";"0";"0";"1"
"2022";"Dengue";"CARIRI";"18ª REGIÃO IGUATU";"CATARINA";"2022-02-05";"5";"0";"0";"0";"0";"0";"0"
"2022";"Dengue";"SERTÃO CENTRAL";"08ª REGIÃO QUIXADÁ";"MILHA";"2022-04-16";"15";"0";"0";"0";"0";"0";"0"
"2022";"Dengue";"FORTALEZA";"04ª REGIÃO BATURITÉ";"ARACOIABA";"2022-04-23";"16";"0";"0";"0";"0";"0";"0"
"2022";"Dengue";"LITORAL LESTE/JAGUARIBE";"10ª REGIÃO LIMOEIRO DO NORTE";"QUIXERE";"2022-08-20";"33";"0";"19";"0";"0";"0";"2"
"2022";"Dengue";"SOBRAL";"11ª REGIÃO SOBRAL";"MASSAPE";"2022-09-03";"35";"0";"4";"0";"0";"1";"0"
"2022";"Dengue";"SERTÃO CENTRAL";"05ª REGIÃO DE CANINDÉ";"BOA VIAGEM";"2022-02-12";"6";"0";"1";"0";"0";"0";"0"
"2022";"Dengue";"CARIRI";"20ª REGIÃO CRATO";"POTENGI";"2022-11-19";"46";"0";"0";"0";"0";"0";"0"
"2022";"Dengue";"CARIRI";"17ª REGIÃO ICÓ";"ICO";"2022-02-05";"5";"0";"6";"0";"0";"0";"0"
"2022";"Dengue";"CARIRI";"20ª REGIÃO CRATO";"FARIAS BRITO";"2022-08-20";"33";"0";"1";"0";"0";"0";"0"
"2022";"Dengue";"CARIRI";"20ª REGIÃO CRATO";"NOVA OLINDA";"2022-12-03";"48";"0";"0";"0";"0";"0";"0"
"2022";"Dengue";"SOBRAL";"13ª REGIÃO TIANGUÁ";"SAO BENEDITO";"2022-10-01";"39";"0";"1";"0";"0";"0";"0"
"2022";"Dengue";"CARIRI";"19ª REGIÃO BREJO SANTO";"ABAIARA";"2022-07-02";"26";"0";"0";"0";"0";"0";"0"
"2022";"Dengue";"CARIRI";"18ª REGIÃO IGUATU";"ACOPIARA";"2022-10-15";"41";"0";"0";"0";"0";"0";"0"
"2022";"Dengue";"SOBRAL";"12ª REGIÃO ACARAÚ";"ACARAU";"2022-01-08";"1";"0";"0";"0";"0";"0";"0"
"2022";"Dengue";"FORTALEZA";"02ª REGIÃO CAUCAIA";"ITAPAJE";"2022-10-15";"41";"0";"0";"0";"0";"0";"0"
"2022";"Dengue";"CARIRI";"20ª REGIÃO CRATO";"CRATO";"2022-02-26";"8";"0";"108";"0";"0";"15";"74"
"2022";"Dengue";"SOBRAL";"15ª REGIÃO CRATEÚS";"CRATEUS";"2022-07-30";"30";"0";"3";"0";"0";"0";"0"
"2022";"Dengue";"SOBRAL";"11ª REGIÃO SOBRAL";"SENADOR SA";"2022-12-17";"50";"0";"0";"0";"0";"0";"0"
"2022";"Dengue";"CARIRI";"20ª REGIÃO CRATO";"CAMPOS SALES";"2022-10-08";"40";"0";"0";"0";"0";"0";"0"
"2022";"Dengue";"SOBRAL";"11ª REGIÃO SOBRAL";"CATUNDA";"2022-11-05";"44";"0";"0";"0";"0";"0";"0"
"2022";"Dengue";"SOBRAL";"15ª REGIÃO CRATEÚS";"NOVO ORIENTE";"2022-07-09";"27";"0";"1";"0";"0";"0";"0"
"2022";"Dengue";"CARIRI";"19ª REGIÃO BREJO SANTO";"BREJO SANTO";"2022-05-28";"21";"0";"31";"0";"0";"4";"15"
"2022";"Dengue";"LITORAL LESTE/JAGUARIBE";"07ª REGIÃO ARACATI";"FORTIM";"2022-08-13";"32";"0";"0";"0";"0";"0";"0"
"2022";"Dengue";"FORTALEZA";"04ª REGIÃO BATURITÉ";"ARATUBA";"2022-07-16";"28";"0";"1";"0";"0";"0";"1"
"2022";"Dengue";"SOBRAL";"11ª REGIÃO SOBRAL";"COREAU";"2022-10-29";"43";"0";"0";"0";"0";"0";"0"
"2022";"Dengue";"SERTÃO CENTRAL";"05ª REGIÃO DE CANINDÉ";"PARAMOTI";"2022-10-22";"42";"0";"0";"0";"0";"0";"0"
"2022";"Dengue";"CARIRI";"21ª REGIÃO JUAZEIRO DO NORTE";"GRANJEIRO";"2022-04-16";"15";"0";"8";"0";"0";"1";"0"
"2022";"Dengue";"FORTALEZA";"02ª REGIÃO CAUCAIA";"TEJUCUOCA";"2022-04-23";"16";"0";"1";"0";"0";"0";"0"
"2022";"Dengue";"CARIRI";"20ª REGIÃO CRATO";"ARARIPE";"2022-06-25";"25";"0";"0";"0";"0";"0";"0"
"2022";"Dengue";"FORTALEZA";"06ª REGIÃO DE ITAPIPOCA";"TRAIRI";"2022-09-03";"35";"0";"0";"0";"0";"0";"0"
"2022";"Dengue";"FORTALEZA";"06ª REGIÃO DE ITAPIPOCA";"ITAPIPOCA";"2022-09-17";"37";"0";"0";"0";"0";"0";"0"
"2022";"Dengue";"CARIRI";"20ª REGIÃO CRATO";"CAMPOS SALES";"2022-07-23";"29";"0";"1";"0";"0";"0";"0"
"2022";"Dengue";"SOBRAL";"13ª REGIÃO TIANGUÁ";"TIANGUA";"2022-12-31";"52";"0";"4";"0";"0";"0";"0"
"2022";"Dengue";"FORTALEZA";"22ª REGIÃO CASCAVEL";"CHOROZINHO";"2022-08-06";"31";"0";"0";"0";"0";"0";"0"
"2022";"Dengue";"FORTALEZA";"02ª REGIÃO CAUCAIA";"GENERAL SAMPAIO";"2022-04-30";"17";"0";"0";"0";"0";"0";"0"
"2022";"Dengue";"LITORAL LESTE/JAGUARIBE";"09ª REGIÃO RUSSAS";"MORADA NOVA";"2022-12-31";"52";"0";"0";"0";"0";"0";"0"
"2022";"Dengue";"SERTÃO CENTRAL";"05ª REGIÃO DE CANINDÉ";"CANINDE";"2022-05-14";"19";"0";"29";"0";"0";"8";"0"
"2022";"Dengue";"SOBRAL";"13ª REGIÃO TIANGUÁ";"UBAJARA";"2022-03-19";"11";"0";"0";"0";"0";"0";"0"
"2022";"Dengue";"FORTALEZA";"22ª REGIÃO CASCAVEL";"PACAJUS";"2022-10-29";"43";"0";"0";"0";"0";"0";"0"
"2022";"Dengue";"SERTÃO CENTRAL";"08ª REGIÃO QUIXADÁ";"CHORO";"2022-03-05";"9";"0";"0";"0";"0";"0";"0"
"2022";"Dengue";"FORTALEZA";"06ª REGIÃO DE ITAPIPOCA";"TRAIRI";"2022-09-17";"37";"0";"0";"0";"0";"0";"0"
"2022";"Dengue";"LITORAL LESTE/JAGUARIBE";"10ª REGIÃO LIMOEIRO DO NORTE";"PEREIRO";"2022-04-16";"15";"0";"1";"0";"0";"1";"0"
"2022";"Dengue";"SOBRAL";"13ª REGIÃO TIANGUÁ";"CARNAUBAL";"2022-06-04";"22";"0";"7";"0";"0";"0";"0"
"2022";"Dengue";"CARIRI";"17ª REGIÃO ICÓ";"UMARI";"2022-12-31";"52";"0";"0";"0";"0";"0";"0"
"2022";"Dengue";"SERTÃO CENTRAL";"05ª REGIÃO DE CANINDÉ";"ITATIRA";"2022-08-13";"32";"0";"0";"0";"0";"0";"0"
"2022";"Dengue";"CARIRI";"18ª REGIÃO IGUATU";"DEPUTADO IRAPUAN PINHEIRO";"2022-04-02";"13";"0";"0";"0";"0";"0";"0"
"2022";"Dengue";"FORTALEZA";"06ª REGIÃO DE ITAPIPOCA";"UMIRIM";"2022-06-25";"25";"0";"0";"0";"0";"0";"0"
"2022";"Dengue";"SERTÃO CENTRAL";"05ª REGIÃO DE CANINDÉ";"MADALENA";"2022-12-03";"48";"0";"0";"0";"0";"0";"0"
"2022";"Dengue";"FORTALEZA";"02ª REGIÃO CAUCAIA";"PARAIPABA";"2022-10-08";"40";"0";"1";"0";"0";"0";"0"
"2022";"Dengue";"CARIRI";"19ª REGIÃO BREJO SANTO";"ABAIARA";"2022-10-08";"40";"0";"1";"0";"0";"0";"1"
"2022";"Dengue";"CARIRI";"20ª REGIÃO CRATO";"ARARIPE";"2022-08-27";"34";"0";"0";"0";"0";"0";"0"
"2022";"Dengue";"SOBRAL";"11ª REGIÃO SOBRAL";"SANTA QUITERIA";"2022-04-02";"13";"0";"1";"0";"0";"0";"0"
"2022";"Dengue";"SOBRAL";"16ª REGIÃO CAMOCIM";"GRANJA";"2022-03-05";"9";"0";"2";"0";"0";"0";"0"
"2022";"Dengue";"FORTALEZA";"03ª REGIÃO MARACANAÚ";"MARACANAU";"2022-07-02";"26";"0";"24";"0";"0";"0";"12"
"2022";"Dengue";"SOBRAL";"13ª REGIÃO TIANGUÁ";"CARNAUBAL";"2022-08-06";"31";"0";"1";"0";"0";"0";"0"
"2022";"Dengue";"FORTALEZA";"03ª REGIÃO MARACANAÚ";"REDENCAO";"2022-11-05";"44";"0";"1";"0";"0";"0";"0"
"2022";"Dengue";"SERTÃO CENTRAL";"08ª REGIÃO QUIXADÁ";"IBICUITINGA";"2022-03-05";"9";"0";"0";"0";"0";"0";"0"
"2022";"Dengue";"CARIRI";"19ª REGIÃO BREJO SANTO";"BARRO";"2022-12-10";"49";"0";"0";"0";"0";"0";"0"
"2022";"Dengue";"FORTALEZA";"22ª REGIÃO CASCAVEL";"CHOROZINHO";"2022-11-05";"44";"0";"0";"0";"0";"0";"0"
"2022";"Dengue";"LITORAL LESTE/JAGUARIBE";"07ª REGIÃO ARACATI";"FORTIM";"2022-01-29";"4";"0";"2";"0";"0";"0";"0"
"2022";"Dengue";"LITORAL LESTE/JAGUARIBE";"09ª REGIÃO RUSSAS";"MORADA NOVA";"2022-09-10";"36";"0";"49";"0";"0";"9";"16"
"2022";"Dengue";"FORTALEZA";"04ª REGIÃO BATURITÉ";"BATURITE";"2022-12-31";"52";"0";"0";"0";"0";"0";"0"
"2022";"Dengue";"FORTALEZA";"06ª REGIÃO DE ITAPIPOCA";"UMIRIM";"2022-02-19";"7";"0";"0";"0";"0";"0";"0"
"2022";"Dengue";"SOBRAL";"12ª REGIÃO ACARAÚ";"MARCO";"2022-05-07";"18";"0";"4";"0";"0";"2";"0"
"2022";"Dengue";"SERTÃO CENTRAL";"14ª REGIÃO TAUÁ";"AIUABA";"2022-02-26";"8";"0";"1";"0";"0";"1";"0"
"2022";"Dengue";"SOBRAL";"11ª REGIÃO SOBRAL";"SANTA QUITERIA";"2022-04-16";"15";"0";"0";"0";"0";"0";"0"
"2022";"Dengue";"CARIRI";"20ª REGIÃO CRATO";"ALTANEIRA";"2022-08-06";"31";"0";"0";"0";"0";"0";"0"
"2022";"Dengue";"CARIRI";"18ª REGIÃO IGUATU";"ACOPIARA";"2022-12-03";"48";"0";"3";"0";"0";"1";"0"
"2022";"Dengue";"FORTALEZA";"22ª REGIÃO CASCAVEL";"HORIZONTE";"2022-01-08";"1";"0";"10";"0";"0";"1";"4"
"2022";"Dengue";"LITORAL LESTE/JAGUARIBE";"10ª REGIÃO LIMOEIRO DO NORTE";"TABULEIRO DO NORTE";"2022-07-16";"28";"0";"20";"0";"0";"5";"11"
"2022";"Dengue";"SOBRAL";"11ª REGIÃO SOBRAL";"SANTANA DO ACARAU";"2022-06-25";"25";"0";"8";"0";"0";"6";"0"
"2022";"Dengue";"SERTÃO CENTRAL";"08ª REGIÃO QUIXADÁ";"CHORO";"2022-04-30";"17";"0";"21";"0";"0";"2";"0"
"2022";"Dengue";"FORTALEZA";"03ª REGIÃO MARACANAÚ";"GUAIUBA";"2022-09-10";"36";"0";"0";"0";"0";"0";"0"
"2022";"Dengue";"SOBRAL";"12ª REGIÃO ACARAÚ";"MORRINHOS";"2022-08-20";"33";"0";"0";"0";"0";"0";"0"
"2022";"Dengue";"FORTALEZA";"03ª REGIÃO MARACANAÚ";"MARACANAU";"2022-12-24";"51";"0";"2";"0";"0";"0";"0"
"2022";"Dengue";"FORTALEZA";"01ª REGIÃO FORTALEZA";"EUSEBIO";"2022-01-22";"3";"0";"3";"0";"0";"0";"0"
"2022";"Dengue";"CARIRI";"20ª REGIÃO CRATO";"VARZEA ALEGRE";"2022-08-06";"31";"0";"0";"0";"0";"0";"0"
"2022";"Dengue";"FORTALEZA";"06ª REGIÃO DE ITAPIPOCA";"URUBURETAMA";"2022-06-18";"24";"0";"0";"0";"0";"0";"0"
"2022";"Dengue";"FORTALEZA";"22ª REGIÃO CASCAVEL";"PINDORETAMA";"2022-08-20";"33";"0";"0";"0";"0";"0";"0"
"2022";"Dengue";"SOBRAL";"12ª REGIÃO ACARAÚ";"MARCO";"2022-04-16";"15";"0";"1";"0";"0";"0";"0"
"2022";"Dengue";"CARIRI";"19ª REGIÃO BREJO SANTO";"PORTEIRAS";"2022-06-11";"23";"0";"17";"0";"0";"1";"14"
"2022";"Dengue";"CARIRI";"20ª REGIÃO CRATO";"SALITRE";"2022-04-09";"14";"0";"12";"0";"0";"0";"0"
"2022";"Dengue";"LITORAL LESTE/JAGUARIBE";"09ª REGIÃO RUSSAS";"JAGUARUANA";"2022-04-30";"17";"0";"2";"0";"0";"0";"0"
"2022";"Dengue";"LITORAL LESTE/JAGUARIBE";"10ª REGIÃO LIMOEIRO DO NORTE";"QUIXERE";"2022-09-03";"35";"0";"7";"0";"0";"1";"2"
"2022";"Dengue";"SOBRAL";"11ª REGIÃO SOBRAL";"ALCANTARAS";"2022-05-28";"21";"0";"3";"0";"0";"0";"1"
"2022";"Dengue";"CARIRI";"19ª REGIÃO BREJO SANTO";"MILAGRES";"2022-06-11";"23";"0";"8";"0";"0";"0";"8"
"2022";"Dengue";"CARIRI";"20ª REGIÃO CRATO";"SALITRE";"2022-11-26";"47";"0";"0";"0";"0";"0";"0"
"2022";"Dengue";"CARIRI";"17ª REGIÃO ICÓ";"IPAUMIRIM";"2022-07-30";"30";"0";"0";"0";"0";"0";"0"
"2022";"Dengue";"SOBRAL";"11ª REGIÃO SOBRAL";"HIDROLANDIA";"2022-07-02";"26";"0";"3";"0";"0";"0";"0"
"2022";"Dengue";"FORTALEZA";"06ª REGIÃO DE ITAPIPOCA";"AMONTADA";"2022-02-12";"6";"0";"0";"0";"0";"0";"0"
"2022";"Dengue";"FORTALEZA";"02ª REGIÃO CAUCAIA";"APUIARES";"2022-04-23";"16";"0";"0";"0";"0";"0";"0"
"2022";"Dengue";"LITORAL LESTE/JAGUARIBE";"10ª REGIÃO LIMOEIRO DO NORTE";"POTIRETAMA";"2022-10-08";"40";"0";"0";"0";"0";"0";"0"
"2022";"Dengue";"LITORAL LESTE/JAGUARIBE";"09ª REGIÃO RUSSAS";"JAGUARUANA";"2022-12-03";"48";"0";"1";"0";"0";"1";"0"
"2022";"Dengue";"FORTALEZA";"01ª REGIÃO FORTALEZA";"EUSEBIO";"2022-06-18";"24";"0";"6";"0";"0";"0";"0"
"2022";"Dengue";"FORTALEZA";"03ª REGIÃO MARACANAÚ";"BARREIRA";"2022-01-29";"4";"0";"0";"0";"0";"0";"0"
"2022";"Dengue";"SOBRAL";"13ª REGIÃO TIANGUÁ";"SAO BENEDITO";"2022-03-26";"12";"0";"3";"0";"0";"0";"0"
"2022";"Dengue";"SOBRAL";"15ª REGIÃO CRATEÚS";"CRATEUS";"2022-01-29";"4";"0";"0";"0";"0";"0";"0"
"2022";"Dengue";"SOBRAL";"16ª REGIÃO CAMOCIM";"CHAVAL";"2022-09-24";"38";"0";"0";"0";"0";"0";"0"
"2022";"Dengue";"CARIRI";"20ª REGIÃO CRATO";"SALITRE";"2022-05-07";"18";"0";"19";"0";"0";"0";"0"
"2022";"Dengue";"CARIRI";"21ª REGIÃO JUAZEIRO DO NORTE";"MISSAO VELHA";"2022-07-30";"30";"0";"0";"0";"0";"0";"0"
"2022";"Dengue";"SERTÃO CENTRAL";"14ª REGIÃO TAUÁ";"AIUABA";"2022-05-14";"19";"0";"8";"0";"0";"1";"4"
"2022";"Dengue";"FORTALEZA";"02ª REGIÃO CAUCAIA";"TEJUCUOCA";"2022-03-05";"9";"0";"0";"0";"0";"0";"0"
"2022";"Dengue";"CARIRI";"18ª REGIÃO IGUATU";"CARIUS";"2022-06-25";"25";"0";"4";"0";"0";"0";"0"
"2022";"Dengue";"SOBRAL";"11ª REGIÃO SOBRAL";"SENADOR SA";"2022-05-28";"21";"0";"0";"0";"0";"0";"0"
"2022";"Dengue";"LITORAL LESTE/JAGUARIBE";"09ª REGIÃO RUSSAS";"JAGUARETAMA";"2022-12-17";"50";"0";"1";"0";"0";"1";"0"
"2022";"Dengue";"SOBRAL";"15ª REGIÃO CRATEÚS";"ARARENDA";"2022-09-24";"38";"0";"0";"0";"0";"0";"0"
"2022";"Dengue";"SOBRAL";"11ª REGIÃO SOBRAL";"MUCAMBO";"2022-07-02";"26";"0";"1";"0";"0";"0";"0"
"2022";"Dengue";"LITORAL LESTE/JAGUARIBE";"10ª REGIÃO LIMOEIRO DO NORTE";"LIMOEIRO DO NORTE";"2022-04-23";"16";"0";"1";"0";"0";"0";"0"
"2022";"Dengue";"CARIRI";"20ª REGIÃO CRATO";"CRATO";"2022-09-17";"37";"0";"2";"0";"0";"0";"2"
"2022";"Dengue";"SOBRAL";"13ª REGIÃO TIANGUÁ";"CROATA";"2022-04-30";"17";"0";"54";"0";"0";"13";"31"
"2022";"Dengue";"FORTALEZA";"06ª REGIÃO DE ITAPIPOCA";"UMIRIM";"2022-01-08";"1";"0";"0";"0";"0";"0";"0"
"2022";"Dengue";"FORTALEZA";"04ª REGIÃO BATURITÉ";"BATURITE";"2022-04-16";"15";"0";"2";"0";"0";"0";"0"
"2022";"Dengue";"SOBRAL";"11ª REGIÃO SOBRAL";"HIDROLANDIA";"2022-10-08";"40";"0";"0";"0";"0";"0";"0"
"2022";"Dengue";"CARIRI";"18ª REGIÃO IGUATU";"CATARINA";"2022-05-07";"18";"0";"1";"0";"0";"0";"0"
"2022";"Dengue";"SERTÃO CENTRAL";"05ª REGIÃO DE CANINDÉ";"PARAMOTI";"2022-01-08";"1";"0";"2";"0";"0";"0";"1"
"2022";"Dengue";"SOBRAL";"11ª REGIÃO SOBRAL";"RERIUTABA";"2022-10-29";"43";"0";"0";"0";"0";"0";"0"
"2022";"Dengue";"SOBRAL";"11ª REGIÃO SOBRAL";"PACUJA";"2022-09-17";"37";"0";"0";"0";"0";"0";"0"
"2022";"Dengue";"CARIRI";"20ª REGIÃO CRATO";"NOVA OLINDA";"2022-02-26";"8";"0";"2";"0";"0";"0";"0"
"2022";"Dengue";"FORTALEZA";"02ª REGIÃO CAUCAIA";"TEJUCUOCA";"2022-04-16";"15";"0";"3";"0";"0";"0";"0"
"2022";"Dengue";"SOBRAL";"12ª REGIÃO ACARAÚ";"JIJOCA DE JERICOACOARA";"2022-12-10";"49";"0";"4";"0";"0";"0";"0"
"2022";"Dengue";"SERTÃO CENTRAL";"08ª REGIÃO QUIXADÁ";"MILHA";"2022-09-24";"38";"0";"0";"0";"0";"0";"0"
"2022";"Dengue";"SOBRAL";"16ª REGIÃO CAMOCIM";"CAMOCIM";"2022-08-13";"32";"0";"25";"0";"0";"5";"0"
"2022";"Dengue";"SOBRAL";"11ª REGIÃO SOBRAL";"MERUOCA";"2022-01-22";"3";"0";"3";"0";"0";"3";"0"
"2022";"Dengue";"FORTALEZA";"22ª REGIÃO CASCAVEL";"CHOROZINHO";"2022-04-30";"17";"0";"0";"0";"0";"0";"0"
"2022";"Dengue";"SOBRAL";"11ª REGIÃO SOBRAL";"PIRES FERREIRA";"2022-06-25";"25";"0";"0";"0";"0";"0";"0"
"2022";"Dengue";"SOBRAL";"12ª REGIÃO ACARAÚ";"MORRINHOS";"2022-12-17";"50";"0";"0";"0";"0";"0";"0"
"2022";"Dengue";"CARIRI";"19ª REGIÃO BREJO SANTO";"MAURITI";"2022-04-23";"16";"0";"63";"0";"0";"10";"42"
"2022";"Dengue";"CARIRI";"19ª REGIÃO BREJO SANTO";"PORTEIRAS";"2022-07-09";"27";"0";"9";"0";"0";"0";"5"
"2022";"Dengue";"SOBRAL";"11ª REGIÃO SOBRAL";"CATUNDA";"2022-08-06";"31";"0";"1";"0";"0";"0";"0"
"2022";"Dengue";"CARIRI";"20ª REGIÃO CRATO";"ARARIPE";"2022-01-15";"2";"0";"0";"0";"0";"0";"0"
"2022";"Dengue";"SOBRAL";"12ª REGIÃO ACARAÚ";"CRUZ";"2022-10-29";"43";"0";"2";"0";"0";"0";"0"
"2022";"Dengue";"SOBRAL";"13ª REGIÃO TIANGUÁ";"CARNAUBAL";"2022-06-25";"25";"0";"4";"0";"0";"1";"0"
"2022";"Dengue";"CARIRI";"21ª REGIÃO JUAZEIRO DO NORTE";"JARDIM";"2022-11-05";"44";"0";"0";"0";"0";"0";"1"
"2022";"Dengue";"FORTALEZA";"06ª REGIÃO DE ITAPIPOCA";"ITAPIPOCA";"2022-08-13";"32";"0";"13";"0";"0";"0";"7"
"2022";"Dengue";"SOBRAL";"16ª REGIÃO CAMOCIM";"CHAVAL";"2022-10-15";"41";"0";"0";"0";"0";"0";"0"
"2022";"Dengue";"SOBRAL";"16ª REGIÃO CAMOCIM";"CHAVAL";"2022-07-30";"30";"0";"0";"0";"0";"0";"0"
"2022";"Dengue";"LITORAL LESTE/JAGUARIBE";"09ª REGIÃO RUSSAS";"JAGUARETAMA";"2022-12-24";"51";"0";"0";"0";"0";"0";"0"
"2022";"Dengue";"SOBRAL";"11ª REGIÃO SOBRAL";"IPU";"2022-10-15";"41";"0";"0";"0";"0";"0";"0"
"2022";"Dengue";"FORTALEZA";"03ª REGIÃO MARACANAÚ";"BARREIRA";"2022-07-02";"26";"0";"0";"0";"0";"0";"0"
"2022";"Dengue";"SERTÃO CENTRAL";"05ª REGIÃO DE CANINDÉ";"BOA VIAGEM";"2022-01-29";"4";"0";"0";"0";"0";"0";"0"
"2022";"Dengue";"SOBRAL";"11ª REGIÃO SOBRAL";"RERIUTABA";"2022-10-08";"40";"0";"1";"0";"0";"0";"0"
"2022";"Dengue";"SOBRAL";"11ª REGIÃO SOBRAL";"HIDROLANDIA";"2022-04-09";"14";"0";"0";"0";"0";"0";"0"
"2022";"Dengue";"CARIRI";"18ª REGIÃO IGUATU";"ACOPIARA";"2022-01-15";"2";"0";"0";"0";"0";"0";"0"
"2022";"Dengue";"CARIRI";"17ª REGIÃO ICÓ";"UMARI";"2022-08-27";"34";"0";"0";"0";"0";"0";"0"
"2022";"Dengue";"FORTALEZA";"02ª REGIÃO CAUCAIA";"TEJUCUOCA";"2022-03-19";"11";"0";"0";"0";"0";"0";"0"
"2022";"Dengue";"SOBRAL";"13ª REGIÃO TIANGUÁ";"SAO BENEDITO";"2022-05-14";"19";"0";"3";"0";"0";"1";"0"
"2022";"Dengue";"SOBRAL";"15ª REGIÃO CRATEÚS";"IPUEIRAS";"2022-06-04";"22";"0";"15";"0";"0";"3";"11"
"2022";"Dengue";"FORTALEZA";"04ª REGIÃO BATURITÉ";"MULUNGU";"2022-06-04";"22";"0";"10";"0";"0";"1";"7"
"2022";"Dengue";"SOBRAL";"13ª REGIÃO TIANGUÁ";"IBIAPINA";"2022-12-31";"52";"0";"0";"0";"0";"0";"0"
"2022";"Dengue";"LITORAL LESTE/JAGUARIBE";"09ª REGIÃO RUSSAS";"MORADA NOVA";"2022-10-22";"42";"0";"16";"0";"0";"5";"4"
"2022";"Dengue";"FORTALEZA";"03ª REGIÃO MARACANAÚ";"MARANGUAPE";"2022-08-27";"34";"0";"41";"0";"0";"1";"26"
"2022";"Dengue";"SOBRAL";"11ª REGIÃO SOBRAL";"SOBRAL";"2022-11-05";"44";"0";"13";"0";"0";"0";"0"
"2022";"Dengue";"SOBRAL";"11ª REGIÃO SOBRAL";"CARIRE";"2022-10-08";"40";"0";"0";"0";"0";"0";"0"
"2022";"Dengue";"FORTALEZA";"04ª REGIÃO BATURITÉ";"MULUNGU";"2022-05-28";"21";"0";"19";"0";"0";"1";"11"
"2022";"Dengue";"SOBRAL";"11ª REGIÃO SOBRAL";"MASSAPE";"2022-12-03";"48";"0";"1";"0";"0";"0";"0"
"2022";"Dengue";"CARIRI";"20ª REGIÃO CRATO";"FARIAS BRITO";"2022-07-09";"27";"0";"0";"0";"0";"0";"0"
"2022";"Dengue";"CARIRI";"18ª REGIÃO IGUATU";"PIQUET CARNEIRO";"2022-02-12";"6";"0";"0";"0";"0";"0";"0"
"2022";"Dengue";"CARIRI";"20ª REGIÃO CRATO";"CAMPOS SALES";"2022-10-01";"39";"0";"0";"0";"0";"0";"0"
"2022";"Dengue";"LITORAL LESTE/JAGUARIBE";"07ª REGIÃO ARACATI";"ICAPUI";"2022-01-15";"2";"0";"5";"0";"0";"0";"0"
"2022";"Dengue";"CARIRI";"17ª REGIÃO ICÓ";"OROS";"2022-01-08";"1";"0";"2";"0";"0";"1";"0"
"2022";"Dengue";"SOBRAL";"11ª REGIÃO SOBRAL";"HIDROLANDIA";"2022-02-19";"7";"0";"0";"0";"0";"0";"0"
"2022";"Dengue";"CARIRI";"18ª REGIÃO IGUATU";"CATARINA";"2022-05-28";"21";"0";"0";"0";"0";"0";"0"
"2022";"Dengue";"FORTALEZA";"03ª REGIÃO MARACANAÚ";"BARREIRA";"2022-05-14";"19";"0";"2";"0";"0";"2";"0"
"2022";"Dengue";"CARIRI";"18ª REGIÃO IGUATU";"DEPUTADO IRAPUAN PINHEIRO";"2022-04-09";"14";"0";"0";"0";"0";"0";"0"
"2022";"Dengue";"SERTÃO CENTRAL";"14ª REGIÃO TAUÁ";"AIUABA";"2022-09-17";"37";"0";"15";"0";"0";"9";"5"
"2022";"Dengue";"FORTALEZA";"22ª REGIÃO CASCAVEL";"PINDORETAMA";"2022-07-09";"27";"0";"5";"0";"0";"0";"0"
"2022";"Dengue";"SOBRAL";"11ª REGIÃO SOBRAL";"MORAUJO";"2022-04-16";"15";"0";"0";"0";"0";"0";"0"
"2022";"Dengue";"SERTÃO CENTRAL";"05ª REGIÃO DE CANINDÉ";"ITATIRA";"2022-05-07";"18";"0";"2";"0";"0";"0";"2"
"2022";"Dengue";"CARIRI";"20ª REGIÃO CRATO";"VARZEA ALEGRE";"2022-11-19";"46";"0";"0";"0";"0";"0";"0"
"2022";"Dengue";"CARIRI";"21ª REGIÃO JUAZEIRO DO NORTE";"BARBALHA";"2022-02-12";"6";"0";"288";"0";"0";"6";"0"
"2022";"Dengue";"FORTALEZA";"06ª REGIÃO DE ITAPIPOCA";"TRAIRI";"2022-03-05";"9";"0";"5";"0";"0";"2";"0"
"2022";"Dengue";"SERTÃO CENTRAL";"08ª REGIÃO QUIXADÁ";"MILHA";"2022-01-08";"1";"0";"0";"0";"0";"0";"0"
"2022";"Dengue";"CARIRI";"21ª REGIÃO JUAZEIRO DO NORTE";"JARDIM";"2022-07-23";"29";"0";"0";"0";"0";"0";"0"
"2022";"Dengue";"SOBRAL";"11ª REGIÃO SOBRAL";"COREAU";"2022-01-08";"1";"0";"0";"0";"0";"0";"0"
"2022";"Dengue";"CARIRI";"19ª REGIÃO BREJO SANTO";"BARRO";"2022-02-12";"6";"0";"1";"0";"0";"1";"0"
"2022";"Dengue";"SERTÃO CENTRAL";"14ª REGIÃO TAUÁ";"TAUA";"2022-07-09";"27";"0";"63";"0";"0";"14";"10"
"2022";"Dengue";"FORTALEZA";"02ª REGIÃO CAUCAIA";"SAO GONCALO DO AMARANTE";"2022-10-15";"41";"0";"1";"0";"0";"0";"0"
"2022";"Dengue";"CARIRI";"18ª REGIÃO IGUATU";"CARIUS";"2022-02-26";"8";"0";"0";"0";"0";"0";"0"
"2022";"Dengue";"FORTALEZA";"22ª REGIÃO CASCAVEL";"HORIZONTE";"2022-01-29";"4";"0";"6";"0";"0";"0";"1"
"2022";"Dengue";"FORTALEZA";"06ª REGIÃO DE ITAPIPOCA";"ITAPIPOCA";"2022-05-28";"21";"0";"191";"0";"0";"29";"40"
"2022";"Dengue";"SOBRAL";"15ª REGIÃO CRATEÚS";"IPAPORANGA";"2022-12-10";"49";"0";"0";"0";"0";"0";"0"
"2022";"Dengue";"CARIRI";"20ª REGIÃO CRATO";"FARIAS BRITO";"2022-04-09";"14";"0";"39";"0";"0";"3";"2"
"2022";"Dengue";"FORTALEZA";"03ª REGIÃO MARACANAÚ";"PALMACIA";"2022-11-26";"47";"0";"0";"0";"0";"0";"0"
"2022";"Dengue";"CARIRI";"18ª REGIÃO IGUATU";"CARIUS";"2022-11-05";"44";"0";"0";"0";"0";"0";"0"
"2022";"Dengue";"LITORAL LESTE/JAGUARIBE";"10ª REGIÃO LIMOEIRO DO NORTE";"PEREIRO";"2022-07-30";"30";"0";"3";"0";"0";"0";"0"
"2022";"Dengue";"CARIRI";"17ª REGIÃO ICÓ";"IPAUMIRIM";"2022-12-03";"48";"0";"0";"0";"0";"0";"0"
"2022";"Dengue";"FORTALEZA";"04ª REGIÃO BATURITÉ";"ARACOIABA";"2022-05-21";"20";"0";"7";"0";"0";"2";"0"
"2022";"Dengue";"CARIRI";"18ª REGIÃO IGUATU";"DEPUTADO IRAPUAN PINHEIRO";"2022-08-06";"31";"0";"0";"0";"0";"0";"0"
"2022";"Dengue";"SERTÃO CENTRAL";"08ª REGIÃO QUIXADÁ";"SOLONOPOLE";"2022-09-10";"36";"0";"0";"0";"0";"0";"0"
"2022";"Dengue";"FORTALEZA";"02ª REGIÃO CAUCAIA";"SAO GONCALO DO AMARANTE";"2022-03-19";"11";"0";"5";"0";"0";"3";"1"
"2022";"Dengue";"FORTALEZA";"04ª REGIÃO BATURITÉ";"MULUNGU";"2022-09-03";"35";"0";"0";"0";"0";"0";"0"
"2022";"Dengue";"FORTALEZA";"06ª REGIÃO DE ITAPIPOCA";"TRAIRI";"2022-04-16";"15";"0";"28";"0";"0";"8";"0"
"2022";"Dengue";"FORTALEZA";"22ª REGIÃO CASCAVEL";"HORIZONTE";"2022-10-08";"40";"0";"0";"0";"0";"0";"0"
"2022";"Dengue";"SERTÃO CENTRAL";"14ª REGIÃO TAUÁ";"ARNEIROZ";"2022-03-19";"11";"0";"0";"0";"0";"0";"0"
"2022";"Dengue";"FORTALEZA";"01ª REGIÃO FORTALEZA";"ITAITINGA";"2022-10-29";"43";"0";"0";"0";"0";"0";"0"
"2022";"Dengue";"SOBRAL";"13ª REGIÃO TIANGUÁ";"TIANGUA";"2022-03-05";"9";"0";"10";"0";"0";"2";"0"
"2022";"Dengue";"SOBRAL";"11ª REGIÃO SOBRAL";"SANTA QUITERIA";"2022-03-12";"10";"0";"0";"0";"0";"0";"0"
"2022";"Dengue";"LITORAL LESTE/JAGUARIBE";"10ª REGIÃO LIMOEIRO DO NORTE";"PEREIRO";"2022-01-08";"1";"0";"0";"0";"0";"0";"0"
"2022";"Dengue";"SOBRAL";"12ª REGIÃO ACARAÚ";"MORRINHOS";"2022-07-02";"26";"0";"0";"0";"0";"0";"0"
"2022";"Dengue";"SOBRAL";"13ª REGIÃO TIANGUÁ";"VICOSA DO CEARA";"2022-06-04";"22";"0";"9";"0";"0";"0";"0"
"2022";"Dengue";"SOBRAL";"12ª REGIÃO ACARAÚ";"ITAREMA";"2022-11-12";"45";"0";"0";"0";"0";"0";"0"
"2022";"Dengue";"FORTALEZA";"04ª REGIÃO BATURITÉ";"ITAPIUNA";"2022-04-23";"16";"0";"3";"0";"0";"0";"0"
"2022";"Dengue";"FORTALEZA";"06ª REGIÃO DE ITAPIPOCA";"AMONTADA";"2022-07-02";"26";"0";"5";"0";"0";"1";"0"
"2022";"Dengue";"FORTALEZA";"02ª REGIÃO CAUCAIA";"ITAPAJE";"2022-05-21";"20";"0";"1";"0";"0";"0";"0"
"2022";"Dengue";"CARIRI";"17ª REGIÃO ICÓ";"UMARI";"2022-07-09";"27";"0";"0";"0";"0";"0";"0"
"2022";"Dengue";"LITORAL LESTE/JAGUARIBE";"07ª REGIÃO ARACATI";"ICAPUI";"2022-02-12";"6";"0";"1";"0";"0";"0";"0"
"2022";"Dengue";"FORTALEZA";"02ª REGIÃO CAUCAIA";"TEJUCUOCA";"2022-08-13";"32";"0";"3";"0";"0";"1";"1"
"2022";"Dengue";"CARIRI";"21ª REGIÃO JUAZEIRO DO NORTE";"JARDIM";"2022-10-29";"43";"0";"0";"0";"0";"0";"0"
"2022";"Dengue";"FORTALEZA";"02ª REGIÃO CAUCAIA";"SAO GONCALO DO AMARANTE";"2022-04-23";"16";"0";"6";"0";"0";"2";"0"
"2022";"Dengue";"FORTALEZA";"01ª REGIÃO FORTALEZA";"ITAITINGA";"2022-01-22";"3";"0";"1";"0";"0";"1";"0"
"2022";"Dengue";"FORTALEZA";"03ª REGIÃO MARACANAÚ";"ACARAPE";"2022-04-02";"13";"0";"0";"0";"0";"0";"0"
"2022";"Dengue";"SOBRAL";"13ª REGIÃO TIANGUÁ";"GUARACIABA DO NORTE";"2022-05-07";"18";"0";"1";"0";"0";"1";"0"
"2022";"Dengue";"CARIRI";"17ª REGIÃO ICÓ";"UMARI";"2022-08-06";"31";"0";"0";"0";"0";"0";"0"
"2022";"Dengue";"FORTALEZA";"06ª REGIÃO DE ITAPIPOCA";"ITAPIPOCA";"2022-08-20";"33";"0";"4";"0";"0";"0";"2"
"2022";"Dengue";"FORTALEZA";"04ª REGIÃO BATURITÉ";"BATURITE";"2022-01-29";"4";"0";"1";"0";"0";"1";"0"
"2022";"Dengue";"CARIRI";"18ª REGIÃO IGUATU";"CATARINA";"2022-12-03";"48";"0";"1";"0";"0";"0";"0"
"2022";"Dengue";"SOBRAL";"12ª REGIÃO ACARAÚ";"BELA CRUZ";"2022-12-10";"49";"0";"37";"0";"0";"31";"3"
"2022";"Dengue";"SOBRAL";"11ª REGIÃO SOBRAL";"RERIUTABA";"2022-03-12";"10";"0";"1";"0";"0";"0";"0"
"2022";"Dengue";"LITORAL LESTE/JAGUARIBE";"09ª REGIÃO RUSSAS";"MORADA NOVA";"2022-06-04";"22";"0";"83";"0";"0";"6";"27"
"2022";"Dengue";"FORTALEZA";"03ª REGIÃO MARACANAÚ";"PALMACIA";"2022-04-30";"17";"0";"7";"0";"0";"3";"0"
"2022";"Dengue";"CARIRI";"21ª REGIÃO JUAZEIRO DO NORTE";"BARBALHA";"2022-12-24";"51";"0";"3";"0";"0";"0";"0"
"2022";"Dengue";"LITORAL LESTE/JAGUARIBE";"10ª REGIÃO LIMOEIRO DO NORTE";"ALTO SANTO";"2022-03-12";"10";"0";"1";"0";"0";"0";"0"
"2022";"Dengue";"FORTALEZA";"03ª REGIÃO MARACANAÚ";"PALMACIA";"2022-10-08";"40";"0";"1";"0";"0";"0";"0"
"2022";"Dengue";"LITORAL LESTE/JAGUARIBE";"10ª REGIÃO LIMOEIRO DO NORTE";"ERERE";"2022-01-22";"3";"0";"0";"0";"0";"0";"0"
"2022";"Dengue";"FORTALEZA";"03ª REGIÃO MARACANAÚ";"MARACANAU";"2022-07-23";"29";"0";"20";"0";"0";"0";"13"
"2022";"Dengue";"CARIRI";"17ª REGIÃO ICÓ";"CEDRO";"2022-08-06";"31";"0";"0";"0";"0";"0";"0"
"2022";"Dengue";"CARIRI";"19ª REGIÃO BREJO SANTO";"MILAGRES";"2022-07-30";"30";"0";"0";"0";"0";"0";"0"
"2022";"Dengue";"CARIRI";"20ª REGIÃO CRATO";"SANTANA DO CARIRI";"2022-05-28";"21";"0";"74";"0";"0";"5";"0"
"2022";"Dengue";"CARIRI";"19ª REGIÃO BREJO SANTO";"AURORA";"2022-06-25";"25";"0";"0";"0";"0";"0";"0"
"2022";"Dengue";"CARIRI";"19ª REGIÃO BREJO SANTO";"JATI";"2022-03-12";"10";"0";"5";"0";"0";"0";"1"
"2022";"Dengue";"SOBRAL";"12ª REGIÃO ACARAÚ";"BELA CRUZ";"2022-06-11";"23";"0";"9";"0";"0";"1";"7"
"2022";"Dengue";"CARIRI";"20ª REGIÃO CRATO";"ALTANEIRA";"2022-02-05";"5";"0";"0";"0";"0";"0";"0"
"2022";"Dengue";"SOBRAL";"11ª REGIÃO SOBRAL";"MUCAMBO";"2022-06-18";"24";"0";"3";"0";"0";"0";"0"
"2022";"Dengue";"SOBRAL";"16ª REGIÃO CAMOCIM";"CHAVAL";"2022-03-12";"10";"0";"0";"0";"0";"0";"0"
"2022";"Dengue";"SOBRAL";"11ª REGIÃO SOBRAL";"MORAUJO";"2022-10-08";"40";"0";"0";"0";"0";"0";"0"
"2022";"Dengue";"SOBRAL";"11ª REGIÃO SOBRAL";"RERIUTABA";"2022-02-05";"5";"0";"1";"0";"0";"0";"0"
"2022";"Dengue";"LITORAL LESTE/JAGUARIBE";"10ª REGIÃO LIMOEIRO DO NORTE";"QUIXERE";"2022-10-01";"39";"0";"3";"0";"0";"0";"1"
"2022";"Dengue";"SOBRAL";"13ª REGIÃO TIANGUÁ";"CROATA";"2022-02-05";"5";"0";"0";"0";"0";"0";"0"
"2022";"Dengue";"SOBRAL";"11ª REGIÃO SOBRAL";"COREAU";"2022-09-10";"36";"0";"3";"0";"0";"0";"2"
"2022";"Dengue";"SERTÃO CENTRAL";"08ª REGIÃO QUIXADÁ";"QUIXADA";"2022-04-02";"13";"0";"8";"0";"0";"1";"0"
"2022";"Dengue";"SOBRAL";"12ª REGIÃO ACARAÚ";"MORRINHOS";"2022-12-10";"49";"0";"0";"0";"0";"0";"0"
"2022";"Dengue";"LITORAL LESTE/JAGUARIBE";"09ª REGIÃO RUSSAS";"PALHANO";"2022-05-14";"19";"0";"48";"0";"0";"6";"5"
"2022";"Dengue";"SOBRAL";"11ª REGIÃO SOBRAL";"FORQUILHA";"2022-03-05";"9";"0";"0";"0";"0";"0";"0"
"2022";"Dengue";"CARIRI";"20ª REGIÃO CRATO";"ARARIPE";"2022-09-10";"36";"0";"0";"0";"0";"0";"0"
"2022";"Dengue";"FORTALEZA";"06ª REGIÃO DE ITAPIPOCA";"UMIRIM";"2022-04-09";"14";"0";"0";"0";"0";"0";"0"
"2022";"Dengue";"CARIRI";"20ª REGIÃO CRATO";"ASSARE";"2022-04-09";"14";"0";"9";"0";"0";"0";"1"
"2022";"Dengue";"SERTÃO CENTRAL";"14ª REGIÃO TAUÁ";"AIUABA";"2022-03-05";"9";"0";"0";"0";"0";"0";"0"
"2022";"Dengue";"SERTÃO CENTRAL";"05ª REGIÃO DE CANINDÉ";"CARIDADE";"2022-05-21";"20";"0";"14";"0";"0";"1";"1"
"2022";"Dengue";"SERTÃO CENTRAL";"05ª REGIÃO DE CANINDÉ";"PARAMOTI";"2022-07-09";"27";"0";"4";"0";"0";"1";"2"
"2022";"Dengue";"SOBRAL";"16ª REGIÃO CAMOCIM";"GRANJA";"2022-09-10";"36";"0";"1";"0";"0";"0";"0"
"2022";"Dengue";"FORTALEZA";"06ª REGIÃO DE ITAPIPOCA";"URUBURETAMA";"2022-10-08";"40";"0";"0";"0";"0";"0";"0"
"2022";"Dengue";"CARIRI";"19ª REGIÃO BREJO SANTO";"AURORA";"2022-06-18";"24";"0";"1";"0";"0";"0";"0"
"2022";"Dengue";"SOBRAL";"13ª REGIÃO TIANGUÁ";"VICOSA DO CEARA";"2022-07-16";"28";"0";"6";"0";"0";"0";"0"
"2022";"Dengue";"SOBRAL";"11ª REGIÃO SOBRAL";"FORQUILHA";"2022-07-30";"30";"0";"16";"0";"0";"5";"3"
"2022";"Dengue";"FORTALEZA";"02ª REGIÃO CAUCAIA";"CAUCAIA";"2022-05-14";"19";"0";"50";"0";"0";"2";"20"
"2022";"Dengue";"SOBRAL";"16ª REGIÃO CAMOCIM";"CAMOCIM";"2022-06-25";"25";"0";"60";"0";"0";"13";"0"
"2022";"Dengue";"FORTALEZA";"04ª REGIÃO BATURITÉ";"CAPISTRANO";"2022-08-20";"33";"0";"0";"0";"0";"0";"0"
"2022";"Dengue";"LITORAL LESTE/JAGUARIBE";"10ª REGIÃO LIMOEIRO DO NORTE";"JAGUARIBARA";"2022-03-26";"12";"0";"1";"0";"0";"0";"0"
"2022";"Dengue";"CARIRI";"18ª REGIÃO IGUATU";"DEPUTADO IRAPUAN PINHEIRO";"2022-12-10";"49";"0";"0";"0";"0";"0";"0"
"2022";"Dengue";"CARIRI";"21ª REGIÃO JUAZEIRO DO NORTE";"CARIRIACU";"2022-08-27";"34";"0";"0";"0";"0";"0";"0"
"2022";"Dengue";"CARIRI";"20ª REGIÃO CRATO";"ARARIPE";"2022-10-29";"43";"0";"0";"0";"0";"0";"0"
"2022";"Dengue";"SOBRAL";"11ª REGIÃO SOBRAL";"COREAU";"2022-12-31";"52";"0";"1";"0";"0";"0";"0"
"2022";"Dengue";"FORTALEZA";"04ª REGIÃO BATURITÉ";"GUARAMIRANGA";"2022-09-10";"36";"0";"0";"0";"0";"0";"0"
"2022";"Dengue";"SOBRAL";"13ª REGIÃO TIANGUÁ";"UBAJARA";"2022-02-05";"5";"0";"0";"0";"0";"0";"0"
"2022";"Dengue";"SOBRAL";"11ª REGIÃO SOBRAL";"HIDROLANDIA";"2022-11-19";"46";"0";"0";"0";"0";"0";"0"
"2022";"Dengue";"CARIRI";"18ª REGIÃO IGUATU";"PIQUET CARNEIRO";"2022-08-27";"34";"0";"0";"0";"0";"0";"0"
"2022";"Dengue";"SOBRAL";"15ª REGIÃO CRATEÚS";"PORANGA";"2022-12-31";"52";"0";"0";"0";"0";"0";"0"
"2022";"Dengue";"LITORAL LESTE/JAGUARIBE";"07ª REGIÃO ARACATI";"ITAICABA";"2022-01-15";"2";"0";"2";"0";"0";"0";"0"
"2022";"Dengue";"SERTÃO CENTRAL";"08ª REGIÃO QUIXADÁ";"BANABUIU";"2022-05-28";"21";"0";"12";"0";"0";"3";"1"
"2022";"Dengue";"FORTALEZA";"06ª REGIÃO DE ITAPIPOCA";"TURURU";"2022-08-13";"32";"0";"0";"0";"0";"0";"0"
"2022";"Dengue";"FORTALEZA";"04ª REGIÃO BATURITÉ";"PACOTI";"2022-07-30";"30";"0";"0";"0";"0";"0";"0"
"2022";"Dengue";"LITORAL LESTE/JAGUARIBE";"09ª REGIÃO RUSSAS";"MORADA NOVA";"2022-10-08";"40";"0";"35";"0";"0";"11";"11"
"2022";"Dengue";"FORTALEZA";"02ª REGIÃO CAUCAIA";"CAUCAIA";"2022-02-19";"7";"0";"13";"0";"0";"1";"3"
"2022";"Dengue";"FORTALEZA";"04ª REGIÃO BATURITÉ";"BATURITE";"2022-03-19";"11";"0";"0";"0";"0";"0";"0"
"2022";"Dengue";"FORTALEZA";"06ª REGIÃO DE ITAPIPOCA";"URUBURETAMA";"2022-01-22";"3";"0";"0";"0";"0";"0";"0"
"2022";"Dengue";"FORTALEZA";"02ª REGIÃO CAUCAIA";"SAO GONCALO DO AMARANTE";"2022-07-16";"28";"0";"4";"0";"0";"0";"3"
"2022";"Dengue";"FORTALEZA";"22ª REGIÃO CASCAVEL";"CHOROZINHO";"2022-10-22";"42";"0";"0";"0";"0";"0";"0"
"2022";"Dengue";"SERTÃO CENTRAL";"14ª REGIÃO TAUÁ";"TAUA";"2022-04-30";"17";"0";"13";"0";"0";"7";"0"
"2022";"Dengue";"CARIRI";"17ª REGIÃO ICÓ";"CEDRO";"2022-03-26";"12";"0";"4";"0";"0";"0";"0"
"2022";"Dengue";"SOBRAL";"11ª REGIÃO SOBRAL";"VARJOTA";"2022-10-15";"41";"0";"0";"0";"0";"0";"0"
"2022";"Dengue";"CARIRI";"18ª REGIÃO IGUATU";"CARIUS";"2022-07-02";"26";"0";"4";"0";"0";"0";"0"
"2022";"Dengue";"SOBRAL";"11ª REGIÃO SOBRAL";"COREAU";"2022-10-22";"42";"0";"1";"0";"0";"0";"0"
"2022";"Dengue";"SOBRAL";"15ª REGIÃO CRATEÚS";"CRATEUS";"2022-02-19";"7";"0";"0";"0";"0";"0";"0"
"2022";"Dengue";"FORTALEZA";"02ª REGIÃO CAUCAIA";"APUIARES";"2022-09-17";"37";"0";"1";"0";"0";"0";"0"
"2022";"Dengue";"SOBRAL";"15ª REGIÃO CRATEÚS";"TAMBORIL";"2022-12-24";"51";"0";"0";"0";"0";"0";"0"
"2022";"Dengue";"LITORAL LESTE/JAGUARIBE";"07ª REGIÃO ARACATI";"ARACATI";"2022-05-14";"19";"0";"48";"0";"0";"5";"25"
"2022";"Dengue";"FORTALEZA";"03ª REGIÃO MARACANAÚ";"PACATUBA";"2022-02-26";"8";"0";"2";"0";"0";"1";"0"
"2022";"Dengue";"SOBRAL";"15ª REGIÃO CRATEÚS";"IPUEIRAS";"2022-01-29";"4";"0";"0";"0";"0";"0";"0"
"2022";"Dengue";"FORTALEZA";"22ª REGIÃO CASCAVEL";"CHOROZINHO";"2022-03-05";"9";"0";"0";"0";"0";"0";"0"
"2022";"Dengue";"FORTALEZA";"22ª REGIÃO CASCAVEL";"CASCAVEL";"2022-11-12";"45";"0";"1";"0";"0";"0";"0"
"2022";"Dengue";"CARIRI";"19ª REGIÃO BREJO SANTO";"PENAFORTE";"2022-08-27";"34";"0";"0";"0";"0";"0";"0"
"2022";"Dengue";"FORTALEZA";"04ª REGIÃO BATURITÉ";"ITAPIUNA";"2022-05-21";"20";"0";"1";"0";"0";"0";"0"
"2022";"Dengue";"CARIRI";"18ª REGIÃO IGUATU";"QUIXELO";"2022-10-01";"39";"0";"2";"0";"0";"1";"0"
"2022";"Dengue";"CARIRI";"19ª REGIÃO BREJO SANTO";"MAURITI";"2022-08-06";"31";"0";"1";"0";"0";"0";"1"
"2022";"Dengue";"SERTÃO CENTRAL";"14ª REGIÃO TAUÁ";"ARNEIROZ";"2022-04-30";"17";"0";"0";"0";"0";"0";"0"
"2022";"Dengue";"LITORAL LESTE/JAGUARIBE";"09ª REGIÃO RUSSAS";"JAGUARUANA";"2022-08-20";"33";"0";"20";"0";"0";"7";"4"
"2022";"Dengue";"LITORAL LESTE/JAGUARIBE";"07ª REGIÃO ARACATI";"ITAICABA";"2022-10-15";"41";"0";"1";"0";"0";"0";"0"
"2022";"Dengue";"SOBRAL";"11ª REGIÃO SOBRAL";"RERIUTABA";"2022-01-29";"4";"0";"0";"0";"0";"0";"0"
"2022";"Dengue";"SOBRAL";"11ª REGIÃO SOBRAL";"ALCANTARAS";"2022-03-05";"9";"0";"0";"0";"0";"0";"0"
"2022";"Dengue";"SOBRAL";"11ª REGIÃO SOBRAL";"SENADOR SA";"2022-09-10";"36";"0";"0";"0";"0";"0";"0"
"2022";"Dengue";"CARIRI";"17ª REGIÃO ICÓ";"ICO";"2022-07-02";"26";"0";"31";"0";"0";"7";"3"
"2022";"Dengue";"SOBRAL";"13ª REGIÃO TIANGUÁ";"CARNAUBAL";"2022-09-10";"36";"0";"2";"0";"0";"0";"0"
"2022";"Dengue";"FORTALEZA";"02ª REGIÃO CAUCAIA";"TEJUCUOCA";"2022-10-15";"41";"0";"0";"0";"0";"0";"0"
"2022";"Dengue";"FORTALEZA";"03ª REGIÃO MARACANAÚ";"REDENCAO";"2022-12-17";"50";"0";"0";"0";"0";"0";"0"
"2022";"Dengue";"SERTÃO CENTRAL";"08ª REGIÃO QUIXADÁ";"QUIXADA";"2022-05-14";"19";"0";"30";"0";"0";"9";"10"
"2022";"Dengue";"SOBRAL";"15ª REGIÃO CRATEÚS";"NOVA RUSSAS";"2022-12-24";"51";"0";"0";"0";"0";"0";"0"
"2022";"Dengue";"SOBRAL";"15ª REGIÃO CRATEÚS";"NOVA RUSSAS";"2022-06-11";"23";"0";"6";"0";"0";"3";"1"
"2022";"Dengue";"CARIRI";"20ª REGIÃO CRATO";"SANTANA DO CARIRI";"2022-03-26";"12";"0";"47";"0";"0";"2";"1"
"2022";"Dengue";"LITORAL LESTE/JAGUARIBE";"07ª REGIÃO ARACATI";"ARACATI";"2022-12-03";"48";"0";"0";"0";"0";"0";"0"
"2022";"Dengue";"CARIRI";"20ª REGIÃO CRATO";"ANTONINA DO NORTE";"2022-01-29";"4";"0";"0";"0";"0";"0";"0"
"2022";"Dengue";"FORTALEZA";"06ª REGIÃO DE ITAPIPOCA";"TRAIRI";"2022-10-08";"40";"0";"1";"0";"0";"0";"0"
"2022";"Dengue";"FORTALEZA";"02ª REGIÃO CAUCAIA";"TEJUCUOCA";"2022-01-22";"3";"0";"0";"0";"0";"0";"0"
"2022";"Dengue";"CARIRI";"17ª REGIÃO ICÓ";"BAIXIO";"2022-12-03";"48";"0";"0";"0";"0";"0";"0"
"2022";"Dengue";"LITORAL LESTE/JAGUARIBE";"10ª REGIÃO LIMOEIRO DO NORTE";"TABULEIRO DO NORTE";"2022-08-06";"31";"0";"36";"0";"0";"22";"6"
"2022";"Dengue";"SOBRAL";"15ª REGIÃO CRATEÚS";"MONSENHOR TABOSA";"2022-03-12";"10";"0";"0";"0";"0";"0";"0"
"2022";"Dengue";"SOBRAL";"11ª REGIÃO SOBRAL";"FRECHEIRINHA";"2022-03-12";"10";"0";"0";"0";"0";"0";"0"
"2022";"Dengue";"FORTALEZA";"03ª REGIÃO MARACANAÚ";"ACARAPE";"2022-11-05";"44";"0";"0";"0";"0";"0";"0"
"2022";"Dengue";"SOBRAL";"16ª REGIÃO CAMOCIM";"CHAVAL";"2022-07-23";"29";"0";"0";"0";"0";"0";"0"
"2022";"Dengue";"FORTALEZA";"06ª REGIÃO DE ITAPIPOCA";"URUBURETAMA";"2022-09-24";"38";"0";"2";"0";"0";"0";"0"
"2022";"Dengue";"CARIRI";"19ª REGIÃO BREJO SANTO";"BREJO SANTO";"2022-08-06";"31";"0";"5";"0";"0";"0";"5"
"2022";"Dengue";"CARIRI";"17ª REGIÃO ICÓ";"CEDRO";"2022-02-12";"6";"0";"1";"0";"0";"0";"0"
"2022";"Dengue";"CARIRI";"17ª REGIÃO ICÓ";"BAIXIO";"2022-04-30";"17";"0";"0";"0";"0";"0";"0"
"2022";"Dengue";"CARIRI";"19ª REGIÃO BREJO SANTO";"PORTEIRAS";"2022-10-15";"41";"0";"0";"0";"0";"0";"0"
"2022";"Dengue";"LITORAL LESTE/JAGUARIBE";"09ª REGIÃO RUSSAS";"MORADA NOVA";"2022-10-01";"39";"0";"16";"0";"0";"6";"4"
"2022";"Dengue";"LITORAL LESTE/JAGUARIBE";"09ª REGIÃO RUSSAS";"MORADA NOVA";"2022-04-23";"16";"0";"2";"0";"0";"0";"0"
"2022";"Dengue";"CARIRI";"21ª REGIÃO JUAZEIRO DO NORTE";"BARBALHA";"2022-12-03";"48";"0";"1";"0";"0";"1";"0"
"2022";"Dengue";"FORTALEZA";"01ª REGIÃO FORTALEZA";"EUSEBIO";"2022-04-16";"15";"0";"2";"0";"0";"1";"0"
"2022";"Dengue";"CARIRI";"21ª REGIÃO JUAZEIRO DO NORTE";"JARDIM";"2022-03-26";"12";"0";"9";"0";"0";"1";"0"
"2022";"Dengue";"SERTÃO CENTRAL";"08ª REGIÃO QUIXADÁ";"SENADOR POMPEU";"2022-07-16";"28";"0";"1";"0";"0";"0";"0"
"2022";"Dengue";"LITORAL LESTE/JAGUARIBE";"07ª REGIÃO ARACATI";"FORTIM";"2022-12-03";"48";"0";"1";"0";"0";"0";"0"
"2022";"Dengue";"CARIRI";"18ª REGIÃO IGUATU";"PIQUET CARNEIRO";"2022-10-08";"40";"0";"0";"0";"0";"0";"0"
"2022";"Dengue";"SOBRAL";"11ª REGIÃO SOBRAL";"MERUOCA";"2022-10-22";"42";"0";"19";"0";"0";"1";"1"
"2022";"Dengue";"SOBRAL";"15ª REGIÃO CRATEÚS";"NOVO ORIENTE";"2022-06-04";"22";"0";"50";"0";"0";"3";"5"
"2022";"Dengue";"SOBRAL";"12ª REGIÃO ACARAÚ";"JIJOCA DE JERICOACOARA";"2022-09-10";"36";"0";"3";"0";"0";"0";"0"
"2022";"Dengue";"FORTALEZA";"02ª REGIÃO CAUCAIA";"APUIARES";"2022-02-26";"8";"0";"0";"0";"0";"0";"0"
"2022";"Dengue";"LITORAL LESTE/JAGUARIBE";"09ª REGIÃO RUSSAS";"JAGUARETAMA";"2022-01-08";"1";"0";"1";"0";"0";"0";"0"
"2022";"Dengue";"FORTALEZA";"22ª REGIÃO CASCAVEL";"PACAJUS";"2022-07-30";"30";"0";"0";"0";"0";"0";"0"
"2022";"Dengue";"CARIRI";"17ª REGIÃO ICÓ";"LAVRAS DA MANGABEIRA";"2022-10-22";"42";"0";"0";"0";"0";"0";"0"
"2022";"Dengue";"LITORAL LESTE/JAGUARIBE";"09ª REGIÃO RUSSAS";"JAGUARETAMA";"2022-08-06";"31";"0";"30";"0";"0";"7";"0"
"2022";"Dengue";"SOBRAL";"11ª REGIÃO SOBRAL";"ALCANTARAS";"2022-02-12";"6";"0";"1";"0";"0";"0";"0"
"2022";"Dengue";"LITORAL LESTE/JAGUARIBE";"10ª REGIÃO LIMOEIRO DO NORTE";"ERERE";"2022-02-19";"7";"0";"0";"0";"0";"0";"0"
"2022";"Dengue";"CARIRI";"21ª REGIÃO JUAZEIRO DO NORTE";"CARIRIACU";"2022-10-01";"39";"0";"0";"0";"0";"0";"0"
"2022";"Dengue";"CARIRI";"21ª REGIÃO JUAZEIRO DO NORTE";"BARBALHA";"2022-07-16";"28";"0";"3";"0";"0";"0";"0"
"2022";"Dengue";"LITORAL LESTE/JAGUARIBE";"09ª REGIÃO RUSSAS";"JAGUARUANA";"2022-02-26";"8";"0";"0";"0";"0";"0";"0"
"2022";"Dengue";"SERTÃO CENTRAL";"05ª REGIÃO DE CANINDÉ";"PARAMOTI";"2022-08-20";"33";"0";"1";"0";"0";"0";"0"
"2022";"Dengue";"SOBRAL";"15ª REGIÃO CRATEÚS";"IPAPORANGA";"2022-01-29";"4";"0";"0";"0";"0";"0";"0"
"2022";"Dengue";"SOBRAL";"16ª REGIÃO CAMOCIM";"CHAVAL";"2022-08-20";"33";"0";"0";"0";"0";"0";"0"
"2022";"Dengue";"CARIRI";"20ª REGIÃO CRATO";"NOVA OLINDA";"2022-12-17";"50";"0";"0";"0";"0";"0";"0"
"2022";"Dengue";"FORTALEZA";"01ª REGIÃO FORTALEZA";"FORTALEZA";"2022-11-19";"46";"0";"221";"0";"0";"25";"45"
"2022";"Dengue";"SOBRAL";"13ª REGIÃO TIANGUÁ";"TIANGUA";"2022-01-15";"2";"0";"3";"0";"0";"0";"0"
"2022";"Dengue";"CARIRI";"18ª REGIÃO IGUATU";"SABOEIRO";"2022-08-13";"32";"0";"0";"0";"0";"0";"0"
"2022";"Dengue";"CARIRI";"17ª REGIÃO ICÓ";"CEDRO";"2022-05-07";"18";"0";"41";"0";"0";"0";"0"
"2022";"Dengue";"FORTALEZA";"02ª REGIÃO CAUCAIA";"PENTECOSTE";"2022-12-17";"50";"0";"0";"0";"0";"0";"0"
"2022";"Dengue";"LITORAL LESTE/JAGUARIBE";"10ª REGIÃO LIMOEIRO DO NORTE";"ALTO SANTO";"2022-05-14";"19";"0";"1";"0";"0";"0";"0"
"2022";"Dengue";"FORTALEZA";"02ª REGIÃO CAUCAIA";"SAO LUIS DO CURU";"2022-01-15";"2";"0";"0";"0";"0";"0";"0"
"2022";"Dengue";"LITORAL LESTE/JAGUARIBE";"10ª REGIÃO LIMOEIRO DO NORTE";"JAGUARIBE";"2022-07-30";"30";"0";"171";"0";"0";"8";"0"
"2022";"Dengue";"FORTALEZA";"02ª REGIÃO CAUCAIA";"CAUCAIA";"2022-07-23";"29";"0";"35";"0";"0";"0";"25"
"2022";"Dengue";"LITORAL LESTE/JAGUARIBE";"10ª REGIÃO LIMOEIRO DO NORTE";"ERERE";"2022-07-16";"28";"0";"0";"0";"0";"0";"0"
"2022";"Dengue";"FORTALEZA";"02ª REGIÃO CAUCAIA";"PENTECOSTE";"2022-07-23";"29";"0";"0";"0";"0";"0";"0"
"2022";"Dengue";"SOBRAL";"12ª REGIÃO ACARAÚ";"CRUZ";"2022-03-05";"9";"0";"0";"0";"0";"0";"0"
"2022";"Dengue";"CARIRI";"18ª REGIÃO IGUATU";"CATARINA";"2022-04-16";"15";"0";"0";"0";"0";"0";"0"
"2022";"Dengue";"FORTALEZA";"02ª REGIÃO CAUCAIA";"TEJUCUOCA";"2022-11-26";"47";"0";"0";"0";"0";"0";"0"
"2022";"Dengue";"CARIRI";"21ª REGIÃO JUAZEIRO DO NORTE";"JUAZEIRO DO NORTE";"2022-02-12";"6";"0";"291";"0";"0";"2";"0"
"2022";"Dengue";"CARIRI";"17ª REGIÃO ICÓ";"BAIXIO";"2022-12-10";"49";"0";"0";"0";"0";"0";"0"
"2022";"Dengue";"CARIRI";"19ª REGIÃO BREJO SANTO";"BREJO SANTO";"2022-09-17";"37";"0";"3";"0";"0";"0";"0"
"2022";"Dengue";"SOBRAL";"11ª REGIÃO SOBRAL";"SANTANA DO ACARAU";"2022-06-04";"22";"0";"4";"0";"0";"0";"0"
"2022";"Dengue";"SOBRAL";"13ª REGIÃO TIANGUÁ";"IBIAPINA";"2022-02-05";"5";"0";"0";"0";"0";"0";"0"
"2022";"Dengue";"LITORAL LESTE/JAGUARIBE";"07ª REGIÃO ARACATI";"ITAICABA";"2022-12-17";"50";"0";"1";"0";"0";"0";"0"
"2022";"Dengue";"SERTÃO CENTRAL";"05ª REGIÃO DE CANINDÉ";"CARIDADE";"2022-08-06";"31";"0";"0";"0";"0";"0";"0"
"2022";"Dengue";"CARIRI";"17ª REGIÃO ICÓ";"LAVRAS DA MANGABEIRA";"2022-06-11";"23";"0";"52";"0";"0";"12";"10"
"2022";"Dengue";"FORTALEZA";"03ª REGIÃO MARACANAÚ";"PALMACIA";"2022-09-17";"37";"0";"1";"0";"0";"0";"0"
"2022";"Dengue";"SOBRAL";"15ª REGIÃO CRATEÚS";"ARARENDA";"2022-02-26";"8";"0";"0";"0";"0";"0";"0"
"2022";"Dengue";"LITORAL LESTE/JAGUARIBE";"10ª REGIÃO LIMOEIRO DO NORTE";"IRACEMA";"2022-11-26";"47";"0";"0";"0";"0";"0";"0"
"2022";"Dengue";"LITORAL LESTE/JAGUARIBE";"10ª REGIÃO LIMOEIRO DO NORTE";"PEREIRO";"2022-06-11";"23";"0";"9";"0";"0";"0";"2"
"2022";"Dengue";"SOBRAL";"11ª REGIÃO SOBRAL";"MERUOCA";"2022-05-14";"19";"0";"1";"0";"0";"1";"0"
"2022";"Dengue";"LITORAL LESTE/JAGUARIBE";"10ª REGIÃO LIMOEIRO DO NORTE";"IRACEMA";"2022-02-12";"6";"0";"0";"0";"0";"0";"0"
"2022";"Dengue";"FORTALEZA";"02ª REGIÃO CAUCAIA";"APUIARES";"2022-04-02";"13";"0";"0";"0";"0";"0";"0"
"2022";"Dengue";"FORTALEZA";"06ª REGIÃO DE ITAPIPOCA";"TURURU";"2022-09-03";"35";"0";"0";"0";"0";"0";"0"
"2022";"Dengue";"SOBRAL";"15ª REGIÃO CRATEÚS";"CRATEUS";"2022-07-23";"29";"0";"8";"0";"0";"0";"3"
"2022";"Dengue";"CARIRI";"17ª REGIÃO ICÓ";"LAVRAS DA MANGABEIRA";"2022-12-10";"49";"0";"0";"0";"0";"0";"0"
"2022";"Dengue";"FORTALEZA";"06ª REGIÃO DE ITAPIPOCA";"TRAIRI";"2022-08-13";"32";"0";"0";"0";"0";"0";"0"
"2022";"Dengue";"CARIRI";"18ª REGIÃO IGUATU";"ACOPIARA";"2022-12-31";"52";"0";"0";"0";"0";"0";"0"
"2022";"Dengue";"CARIRI";"17ª REGIÃO ICÓ";"CEDRO";"2022-03-12";"10";"0";"0";"0";"0";"0";"0"
"2022";"Dengue";"SOBRAL";"16ª REGIÃO CAMOCIM";"BARROQUINHA";"2022-06-11";"23";"0";"4";"0";"0";"0";"1"
"2022";"Dengue";"FORTALEZA";"22ª REGIÃO CASCAVEL";"CHOROZINHO";"2022-01-22";"3";"0";"0";"0";"0";"0";"0"
"2022";"Dengue";"FORTALEZA";"01ª REGIÃO FORTALEZA";"FORTALEZA";"2022-11-05";"44";"0";"162";"0";"0";"22";"38"
"2022";"Dengue";"SERTÃO CENTRAL";"08ª REGIÃO QUIXADÁ";"QUIXADA";"2022-08-06";"31";"0";"16";"0";"0";"1";"7"
"2022";"Dengue";"LITORAL LESTE/JAGUARIBE";"07ª REGIÃO ARACATI";"ICAPUI";"2022-01-22";"3";"0";"4";"0";"0";"0";"0"
"2022";"Dengue";"FORTALEZA";"02ª REGIÃO CAUCAIA";"PENTECOSTE";"2022-02-19";"7";"0";"0";"0";"0";"0";"0"
"2022";"Dengue";"FORTALEZA";"02ª REGIÃO CAUCAIA";"SAO GONCALO DO AMARANTE";"2022-10-08";"40";"0";"1";"0";"0";"0";"0"
"2022";"Dengue";"CARIRI";"18ª REGIÃO IGUATU";"CARIUS";"2022-05-28";"21";"0";"3";"0";"0";"0";"0"
"2022";"Dengue";"CARIRI";"19ª REGIÃO BREJO SANTO";"PORTEIRAS";"2022-02-19";"7";"0";"0";"0";"0";"0";"0"
"2022";"Dengue";"SOBRAL";"15ª REGIÃO CRATEÚS";"TAMBORIL";"2022-10-01";"39";"0";"0";"0";"0";"0";"0"
"2022";"Dengue";"CARIRI";"20ª REGIÃO CRATO";"CRATO";"2022-12-24";"51";"0";"0";"0";"0";"0";"0"
"2022";"Dengue";"SOBRAL";"11ª REGIÃO SOBRAL";"SANTA QUITERIA";"2022-04-23";"16";"0";"1";"0";"0";"0";"0"
"2022";"Dengue";"SOBRAL";"11ª REGIÃO SOBRAL";"SOBRAL";"2022-03-12";"10";"0";"13";"0";"0";"1";"0"
"2022";"Dengue";"FORTALEZA";"01ª REGIÃO FORTALEZA";"AQUIRAZ";"2022-06-11";"23";"0";"7";"0";"0";"0";"3"
"2022";"Dengue";"SOBRAL";"13ª REGIÃO TIANGUÁ";"CARNAUBAL";"2022-11-05";"44";"0";"0";"0";"0";"0";"0"
"2022";"Dengue";"SOBRAL";"11ª REGIÃO SOBRAL";"MUCAMBO";"2022-01-08";"1";"0";"0";"0";"0";"0";"0"
"2022";"Dengue";"FORTALEZA";"22ª REGIÃO CASCAVEL";"CASCAVEL";"2022-09-03";"35";"0";"9";"0";"0";"0";"2"
"2022";"Dengue";"FORTALEZA";"04ª REGIÃO BATURITÉ";"MULUNGU";"2022-09-10";"36";"0";"0";"0";"0";"0";"0"
"2022";"Dengue";"SOBRAL";"13ª REGIÃO TIANGUÁ";"CROATA";"2022-12-17";"50";"0";"0";"0";"0";"0";"0"
"2022";"Dengue";"FORTALEZA";"04ª REGIÃO BATURITÉ";"CAPISTRANO";"2022-08-06";"31";"0";"0";"0";"0";"0";"0"
"2022";"Dengue";"CARIRI";"20ª REGIÃO CRATO";"ARARIPE";"2022-11-12";"45";"0";"0";"0";"0";"0";"0"
"2022";"Dengue";"LITORAL LESTE/JAGUARIBE";"09ª REGIÃO RUSSAS";"JAGUARUANA";"2022-01-08";"1";"0";"3";"0";"0";"0";"0"
"2022";"Dengue";"CARIRI";"21ª REGIÃO JUAZEIRO DO NORTE";"CARIRIACU";"2022-11-12";"45";"0";"0";"0";"0";"0";"0"
"2022";"Dengue";"SOBRAL";"11ª REGIÃO SOBRAL";"PACUJA";"2022-08-20";"33";"0";"0";"0";"0";"0";"0"
"2022";"Dengue";"SOBRAL";"11ª REGIÃO SOBRAL";"FRECHEIRINHA";"2022-03-26";"12";"0";"0";"0";"0";"0";"0"
"2022";"Dengue";"CARIRI";"18ª REGIÃO IGUATU";"QUIXELO";"2022-08-13";"32";"0";"3";"0";"0";"3";"0"
"2022";"Dengue";"SOBRAL";"16ª REGIÃO CAMOCIM";"BARROQUINHA";"2022-08-06";"31";"0";"0";"0";"0";"0";"0"
"2022";"Dengue";"LITORAL LESTE/JAGUARIBE";"10ª REGIÃO LIMOEIRO DO NORTE";"SAO JOAO DO JAGUARIBE";"2022-04-23";"16";"0";"0";"0";"0";"0";"0"
"2022";"Dengue";"CARIRI";"19ª REGIÃO BREJO SANTO";"MAURITI";"2022-12-17";"50";"0";"0";"0";"0";"0";"0"
"2022";"Dengue";"FORTALEZA";"03ª REGIÃO MARACANAÚ";"PALMACIA";"2022-07-09";"27";"0";"10";"0";"0";"0";"0"
"2022";"Dengue";"CARIRI";"20ª REGIÃO CRATO";"CRATO";"2022-06-04";"22";"0";"21";"0";"0";"0";"19"
"2022";"Dengue";"SOBRAL";"13ª REGIÃO TIANGUÁ";"SAO BENEDITO";"2022-03-05";"9";"0";"0";"0";"0";"0";"0"
"2022";"Dengue";"CARIRI";"20ª REGIÃO CRATO";"TARRAFAS";"2022-12-10";"49";"0";"0";"0";"0";"0";"0"
"2022";"Dengue";"SOBRAL";"16ª REGIÃO CAMOCIM";"GRANJA";"2022-11-05";"44";"0";"0";"0";"0";"0";"0"
"2022";"Dengue";"CARIRI";"20ª REGIÃO CRATO";"POTENGI";"2022-08-27";"34";"0";"0";"0";"0";"0";"0"
"2022";"Dengue";"SOBRAL";"13ª REGIÃO TIANGUÁ";"TIANGUA";"2022-10-29";"43";"0";"6";"0";"0";"2";"0"
"2022";"Dengue";"SERTÃO CENTRAL";"08ª REGIÃO QUIXADÁ";"IBARETAMA";"2022-12-17";"50";"0";"0";"0";"0";"0";"0"
"2022";"Dengue";"FORTALEZA";"22ª REGIÃO CASCAVEL";"CASCAVEL";"2022-10-15";"41";"0";"5";"0";"0";"0";"0"
"2022";"Dengue";"CARIRI";"20ª REGIÃO CRATO";"SALITRE";"2022-05-14";"19";"0";"13";"0";"0";"0";"0"
"2022";"Dengue";"SERTÃO CENTRAL";"08ª REGIÃO QUIXADÁ";"PEDRA BRANCA";"2022-04-23";"16";"0";"9";"0";"0";"0";"4"
"2022";"Dengue";"SERTÃO CENTRAL";"08ª REGIÃO QUIXADÁ";"CHORO";"2022-08-27";"34";"0";"2";"0";"0";"1";"1"
"2022";"Dengue";"CARIRI";"21ª REGIÃO JUAZEIRO DO NORTE";"JARDIM";"2022-04-09";"14";"0";"28";"0";"0";"1";"0"
"2022";"Dengue";"SOBRAL";"11ª REGIÃO SOBRAL";"RERIUTABA";"2022-12-03";"48";"0";"1";"0";"0";"0";"0"
"2022";"Dengue";"FORTALEZA";"03ª REGIÃO MARACANAÚ";"MARANGUAPE";"2022-10-01";"39";"0";"4";"0";"0";"1";"0"
"2022";"Dengue";"SERTÃO CENTRAL";"08ª REGIÃO QUIXADÁ";"IBICUITINGA";"2022-07-23";"29";"0";"0";"0";"0";"0";"0"
"2022";"Dengue";"SOBRAL";"15ª REGIÃO CRATEÚS";"ARARENDA";"2022-02-12";"6";"0";"0";"0";"0";"0";"0"
"2022";"Dengue";"CARIRI";"17ª REGIÃO ICÓ";"LAVRAS DA MANGABEIRA";"2022-07-16";"28";"0";"21";"0";"0";"1";"7"
"2022";"Dengue";"CARIRI";"21ª REGIÃO JUAZEIRO DO NORTE";"MISSAO VELHA";"2022-09-17";"37";"0";"0";"0";"0";"0";"0"
"2022";"Dengue";"CARIRI";"17ª REGIÃO ICÓ";"IPAUMIRIM";"2022-08-20";"33";"0";"0";"0";"0";"0";"0"
"2022";"Dengue";"LITORAL LESTE/JAGUARIBE";"10ª REGIÃO LIMOEIRO DO NORTE";"ERERE";"2022-08-27";"34";"0";"0";"0";"0";"0";"0"
"2022";"Dengue";"SOBRAL";"11ª REGIÃO SOBRAL";"MERUOCA";"2022-06-25";"25";"0";"1";"0";"0";"1";"0"
"2022";"Dengue";"SOBRAL";"15ª REGIÃO CRATEÚS";"PORANGA";"2022-10-08";"40";"0";"0";"0";"0";"0";"0"
"2022";"Dengue";"FORTALEZA";"03ª REGIÃO MARACANAÚ";"PALMACIA";"2022-09-03";"35";"0";"3";"0";"0";"0";"0"
"2022";"Dengue";"CARIRI";"17ª REGIÃO ICÓ";"CEDRO";"2022-05-21";"20";"0";"24";"0";"0";"1";"0"
"2022";"Dengue";"CARIRI";"20ª REGIÃO CRATO";"SALITRE";"2022-12-31";"52";"0";"0";"0";"0";"0";"0"
"2022";"Dengue";"SOBRAL";"15ª REGIÃO CRATEÚS";"CRATEUS";"2022-08-20";"33";"0";"7";"0";"0";"0";"0"
"2022";"Dengue";"CARIRI";"17ª REGIÃO ICÓ";"ICO";"2022-01-22";"3";"0";"6";"0";"0";"0";"0"
"2022";"Dengue";"FORTALEZA";"04ª REGIÃO BATURITÉ";"CAPISTRANO";"2022-01-22";"3";"0";"0";"0";"0";"0";"0"
"2022";"Dengue";"FORTALEZA";"02ª REGIÃO CAUCAIA";"CAUCAIA";"2022-03-26";"12";"0";"12";"0";"0";"0";"5"
"2022";"Dengue";"CARIRI";"20ª REGIÃO CRATO";"ALTANEIRA";"2022-03-19";"11";"0";"0";"0";"0";"0";"0"
"2022";"Dengue";"CARIRI";"21ª REGIÃO JUAZEIRO DO NORTE";"JUAZEIRO DO NORTE";"2022-03-19";"11";"0";"308";"0";"0";"1";"3"
"2022";"Dengue";"SOBRAL";"12ª REGIÃO ACARAÚ";"BELA CRUZ";"2022-01-08";"1";"0";"0";"0";"0";"0";"0"
"2022";"Dengue";"SERTÃO CENTRAL";"08ª REGIÃO QUIXADÁ";"SENADOR POMPEU";"2022-12-03";"48";"0";"0";"0";"0";"0";"0"
"2022";"Dengue";"SOBRAL";"11ª REGIÃO SOBRAL";"COREAU";"2022-11-05";"44";"0";"0";"0";"0";"0";"0"
"2022";"Dengue";"SOBRAL";"12ª REGIÃO ACARAÚ";"ACARAU";"2022-11-19";"46";"0";"5";"0";"0";"5";"0"
"2022";"Dengue";"FORTALEZA";"06ª REGIÃO DE ITAPIPOCA";"MIRAIMA";"2022-08-06";"31";"0";"2";"0";"0";"0";"2"
"2022";"Dengue";"SERTÃO CENTRAL";"08ª REGIÃO QUIXADÁ";"SENADOR POMPEU";"2022-04-09";"14";"0";"2";"0";"0";"0";"0"
"2022";"Dengue";"SERTÃO CENTRAL";"08ª REGIÃO QUIXADÁ";"QUIXADA";"2022-08-20";"33";"0";"8";"0";"0";"2";"4"
"2022";"Dengue";"SOBRAL";"11ª REGIÃO SOBRAL";"SANTA QUITERIA";"2022-07-16";"28";"0";"3";"0";"0";"3";"0"
"2022";"Dengue";"SOBRAL";"11ª REGIÃO SOBRAL";"RERIUTABA";"2022-04-16";"15";"0";"3";"0";"0";"0";"0"
"2022";"Dengue";"SERTÃO CENTRAL";"14ª REGIÃO TAUÁ";"PARAMBU";"2022-01-29";"4";"0";"1";"0";"0";"0";"0"
"2022";"Dengue";"CARIRI";"21ª REGIÃO JUAZEIRO DO NORTE";"JARDIM";"2022-01-29";"4";"0";"0";"0";"0";"0";"0"
"2022";"Dengue";"CARIRI";"19ª REGIÃO BREJO SANTO";"ABAIARA";"2022-06-04";"22";"0";"0";"0";"0";"0";"0"
"2022";"Dengue";"SERTÃO CENTRAL";"14ª REGIÃO TAUÁ";"TAUA";"2022-03-26";"12";"0";"9";"0";"0";"2";"2"
"2022";"Dengue";"CARIRI";"20ª REGIÃO CRATO";"POTENGI";"2022-03-19";"11";"0";"0";"0";"0";"0";"0"
"2022";"Dengue";"SOBRAL";"12ª REGIÃO ACARAÚ";"MARCO";"2022-01-22";"3";"0";"0";"0";"0";"0";"0"
"2022";"Dengue";"FORTALEZA";"06ª REGIÃO DE ITAPIPOCA";"UMIRIM";"2022-11-05";"44";"0";"0";"0";"0";"0";"0"
"2022";"Dengue";"CARIRI";"21ª REGIÃO JUAZEIRO DO NORTE";"JARDIM";"2022-12-17";"50";"0";"0";"0";"0";"0";"0"
"2022";"Dengue";"SOBRAL";"11ª REGIÃO SOBRAL";"HIDROLANDIA";"2022-12-17";"50";"0";"1";"0";"0";"0";"0"
"2022";"Dengue";"SOBRAL";"13ª REGIÃO TIANGUÁ";"VICOSA DO CEARA";"2022-11-05";"44";"0";"0";"0";"0";"0";"0"
"2022";"Dengue";"LITORAL LESTE/JAGUARIBE";"09ª REGIÃO RUSSAS";"MORADA NOVA";"2022-11-12";"45";"0";"8";"0";"0";"3";"2"
"2022";"Dengue";"CARIRI";"20ª REGIÃO CRATO";"CRATO";"2022-07-02";"26";"0";"17";"0";"0";"0";"17"
"2022";"Dengue";"CARIRI";"19ª REGIÃO BREJO SANTO";"MAURITI";"2022-04-16";"15";"0";"59";"0";"0";"8";"33"
"2022";"Dengue";"FORTALEZA";"02ª REGIÃO CAUCAIA";"APUIARES";"2022-01-22";"3";"0";"1";"0";"0";"0";"0"
"2022";"Dengue";"SOBRAL";"16ª REGIÃO CAMOCIM";"GRANJA";"2022-02-05";"5";"0";"0";"0";"0";"0";"0"
"2022";"Dengue";"FORTALEZA";"22ª REGIÃO CASCAVEL";"CHOROZINHO";"2022-12-17";"50";"0";"0";"0";"0";"0";"0"
"2022";"Dengue";"FORTALEZA";"01ª REGIÃO FORTALEZA";"ITAITINGA";"2022-03-12";"10";"0";"1";"0";"0";"1";"0"
"2022";"Dengue";"FORTALEZA";"22ª REGIÃO CASCAVEL";"OCARA";"2022-07-02";"26";"0";"19";"0";"0";"0";"0"
"2022";"Dengue";"SOBRAL";"15ª REGIÃO CRATEÚS";"PORANGA";"2022-12-24";"51";"0";"0";"0";"0";"0";"0"
"2022";"Dengue";"CARIRI";"20ª REGIÃO CRATO";"VARZEA ALEGRE";"2022-09-03";"35";"0";"1";"0";"0";"0";"0"
"2022";"Dengue";"SERTÃO CENTRAL";"14ª REGIÃO TAUÁ";"PARAMBU";"2022-12-31";"52";"0";"2";"0";"0";"0";"1"
"2022";"Dengue";"SOBRAL";"11ª REGIÃO SOBRAL";"MUCAMBO";"2022-01-22";"3";"0";"1";"0";"0";"0";"0"
"2022";"Dengue";"LITORAL LESTE/JAGUARIBE";"10ª REGIÃO LIMOEIRO DO NORTE";"PEREIRO";"2022-05-07";"18";"0";"7";"0";"0";"3";"0"
"2022";"Dengue";"SOBRAL";"15ª REGIÃO CRATEÚS";"CRATEUS";"2022-02-26";"8";"0";"0";"0";"0";"0";"0"
"2022";"Dengue";"CARIRI";"20ª REGIÃO CRATO";"TARRAFAS";"2022-08-20";"33";"0";"0";"0";"0";"0";"0"
"2022";"Dengue";"SOBRAL";"13ª REGIÃO TIANGUÁ";"CARNAUBAL";"2022-02-12";"6";"0";"1";"0";"0";"0";"0"
"2022";"Dengue";"SOBRAL";"11ª REGIÃO SOBRAL";"CARIRE";"2022-11-12";"45";"0";"0";"0";"0";"0";"0"
"2022";"Dengue";"CARIRI";"21ª REGIÃO JUAZEIRO DO NORTE";"JARDIM";"2022-02-26";"8";"0";"0";"0";"0";"0";"0"
"2022";"Dengue";"CARIRI";"19ª REGIÃO BREJO SANTO";"BARRO";"2022-03-05";"9";"0";"0";"0";"0";"0";"0"
"2022";"Dengue";"CARIRI";"19ª REGIÃO BREJO SANTO";"BREJO SANTO";"2022-05-14";"19";"0";"36";"0";"0";"3";"7"
"2022";"Dengue";"LITORAL LESTE/JAGUARIBE";"09ª REGIÃO RUSSAS";"RUSSAS";"2022-07-16";"28";"0";"34";"0";"0";"0";"22"
"2022";"Dengue";"FORTALEZA";"01ª REGIÃO FORTALEZA";"FORTALEZA";"2022-06-11";"23";"0";"2459";"0";"0";"106";"1179"
"2022";"Dengue";"SOBRAL";"13ª REGIÃO TIANGUÁ";"IBIAPINA";"2022-04-30";"17";"0";"2";"0";"0";"0";"0"
"2022";"Dengue";"SOBRAL";"11ª REGIÃO SOBRAL";"FRECHEIRINHA";"2022-05-14";"19";"0";"0";"0";"0";"0";"0"
"2022";"Dengue";"CARIRI";"17ª REGIÃO ICÓ";"IPAUMIRIM";"2022-06-25";"25";"0";"0";"0";"0";"0";"0"
"2022";"Dengue";"FORTALEZA";"02ª REGIÃO CAUCAIA";"APUIARES";"2022-03-05";"9";"0";"0";"0";"0";"0";"0"
"2022";"Dengue";"CARIRI";"19ª REGIÃO BREJO SANTO";"JATI";"2022-11-26";"47";"0";"0";"0";"0";"0";"0"
"2022";"Dengue";"SERTÃO CENTRAL";"08ª REGIÃO QUIXADÁ";"QUIXADA";"2022-06-04";"22";"0";"39";"0";"0";"13";"16"
"2022";"Dengue";"SOBRAL";"13ª REGIÃO TIANGUÁ";"TIANGUA";"2022-12-17";"50";"0";"3";"0";"0";"0";"0"
"2022";"Dengue";"FORTALEZA";"02ª REGIÃO CAUCAIA";"SAO GONCALO DO AMARANTE";"2022-10-22";"42";"0";"0";"0";"0";"0";"0"
"2022";"Dengue";"SERTÃO CENTRAL";"05ª REGIÃO DE CANINDÉ";"CANINDE";"2022-09-10";"36";"0";"2";"0";"0";"0";"0"
"2022";"Dengue";"CARIRI";"19ª REGIÃO BREJO SANTO";"AURORA";"2022-03-12";"10";"0";"0";"0";"0";"0";"0"
"2022";"Dengue";"LITORAL LESTE/JAGUARIBE";"10ª REGIÃO LIMOEIRO DO NORTE";"TABULEIRO DO NORTE";"2022-11-05";"44";"0";"2";"0";"0";"1";"1"
"2022";"Dengue";"CARIRI";"17ª REGIÃO ICÓ";"UMARI";"2022-09-17";"37";"0";"0";"0";"0";"0";"0"
"2022";"Dengue";"CARIRI";"17ª REGIÃO ICÓ";"ICO";"2022-07-09";"27";"0";"31";"0";"0";"1";"8"
"2022";"Dengue";"SOBRAL";"16ª REGIÃO CAMOCIM";"CAMOCIM";"2022-11-19";"46";"0";"1";"0";"0";"0";"0"
"2022";"Dengue";"FORTALEZA";"04ª REGIÃO BATURITÉ";"ARATUBA";"2022-10-01";"39";"0";"0";"0";"0";"0";"0"
"2022";"Dengue";"SOBRAL";"12ª REGIÃO ACARAÚ";"ITAREMA";"2022-07-09";"27";"0";"0";"0";"0";"0";"0"
"2022";"Dengue";"SOBRAL";"16ª REGIÃO CAMOCIM";"CAMOCIM";"2022-10-01";"39";"0";"2";"0";"0";"0";"0"
"2022";"Dengue";"FORTALEZA";"03ª REGIÃO MARACANAÚ";"MARACANAU";"2022-12-17";"50";"0";"1";"0";"0";"0";"0"
"2022";"Dengue";"CARIRI";"17ª REGIÃO ICÓ";"BAIXIO";"2022-11-05";"44";"0";"3";"0";"0";"0";"0"
"2022";"Dengue";"LITORAL LESTE/JAGUARIBE";"07ª REGIÃO ARACATI";"ARACATI";"2022-12-17";"50";"0";"2";"0";"0";"0";"1"
"2022";"Dengue";"CARIRI";"21ª REGIÃO JUAZEIRO DO NORTE";"BARBALHA";"2022-07-30";"30";"0";"1";"0";"0";"0";"0"
"2022";"Dengue";"FORTALEZA";"04ª REGIÃO BATURITÉ";"CAPISTRANO";"2022-01-08";"1";"0";"0";"0";"0";"0";"0"
"2022";"Dengue";"CARIRI";"20ª REGIÃO CRATO";"ALTANEIRA";"2022-01-15";"2";"0";"0";"0";"0";"0";"0"
"2022";"Dengue";"SERTÃO CENTRAL";"05ª REGIÃO DE CANINDÉ";"ITATIRA";"2022-11-12";"45";"0";"2";"0";"0";"0";"0"
"2022";"Dengue";"SOBRAL";"13ª REGIÃO TIANGUÁ";"IBIAPINA";"2022-03-12";"10";"0";"2";"0";"0";"0";"0"
"2022";"Dengue";"SOBRAL";"11ª REGIÃO SOBRAL";"SANTANA DO ACARAU";"2022-12-31";"52";"0";"0";"0";"0";"0";"0"
"2022";"Dengue";"FORTALEZA";"03ª REGIÃO MARACANAÚ";"REDENCAO";"2022-05-07";"18";"0";"8";"0";"0";"1";"0"
"2022";"Dengue";"SOBRAL";"15ª REGIÃO CRATEÚS";"INDEPENDENCIA";"2022-01-22";"3";"0";"0";"0";"0";"0";"0"
"2022";"Dengue";"CARIRI";"18ª REGIÃO IGUATU";"MOMBACA";"2022-01-22";"3";"0";"0";"0";"0";"0";"0"
"2022";"Dengue";"SOBRAL";"11ª REGIÃO SOBRAL";"COREAU";"2022-10-08";"40";"0";"1";"0";"0";"0";"0"
"2022";"Dengue";"CARIRI";"20ª REGIÃO CRATO";"VARZEA ALEGRE";"2022-04-16";"15";"0";"36";"0";"0";"0";"0"
"2022";"Dengue";"CARIRI";"18ª REGIÃO IGUATU";"SABOEIRO";"2022-09-10";"36";"0";"0";"0";"0";"0";"0"
"2022";"Dengue";"CARIRI";"17ª REGIÃO ICÓ";"BAIXIO";"2022-04-16";"15";"0";"0";"0";"0";"0";"0"
"2022";"Dengue";"FORTALEZA";"03ª REGIÃO MARACANAÚ";"GUAIUBA";"2022-02-12";"6";"0";"2";"0";"0";"0";"1"
"2022";"Dengue";"SERTÃO CENTRAL";"14ª REGIÃO TAUÁ";"PARAMBU";"2022-05-14";"19";"0";"20";"0";"0";"0";"0"
"2022";"Dengue";"CARIRI";"21ª REGIÃO JUAZEIRO DO NORTE";"MISSAO VELHA";"2022-11-12";"45";"0";"0";"0";"0";"0";"0"
"2022";"Dengue";"SOBRAL";"11ª REGIÃO SOBRAL";"MERUOCA";"2022-02-12";"6";"0";"3";"0";"0";"2";"0"
"2022";"Dengue";"CARIRI";"19ª REGIÃO BREJO SANTO";"PENAFORTE";"2022-10-08";"40";"0";"0";"0";"0";"0";"0"
"2022";"Dengue";"CARIRI";"20ª REGIÃO CRATO";"CRATO";"2022-10-22";"42";"0";"0";"0";"0";"0";"0"
"2022";"Dengue";"FORTALEZA";"06ª REGIÃO DE ITAPIPOCA";"URUBURETAMA";"2022-08-06";"31";"0";"0";"0";"0";"0";"0"
"2022";"Dengue";"SOBRAL";"11ª REGIÃO SOBRAL";"IRAUCUBA";"2022-07-30";"30";"0";"3";"0";"0";"0";"0"
"2022";"Dengue";"SOBRAL";"11ª REGIÃO SOBRAL";"MERUOCA";"2022-09-17";"37";"0";"13";"0";"0";"4";"3"
"2022";"Dengue";"SOBRAL";"13ª REGIÃO TIANGUÁ";"CARNAUBAL";"2022-02-19";"7";"0";"0";"0";"0";"0";"0"
"2022";"Dengue";"LITORAL LESTE/JAGUARIBE";"09ª REGIÃO RUSSAS";"MORADA NOVA";"2022-02-05";"5";"0";"2";"0";"0";"0";"0"
"2022";"Dengue";"FORTALEZA";"06ª REGIÃO DE ITAPIPOCA";"UMIRIM";"2022-11-26";"47";"0";"0";"0";"0";"0";"0"
"2022";"Dengue";"FORTALEZA";"02ª REGIÃO CAUCAIA";"CAUCAIA";"2022-10-29";"43";"0";"11";"0";"0";"1";"9"
"2022";"Dengue";"SOBRAL";"13ª REGIÃO TIANGUÁ";"IBIAPINA";"2022-09-03";"35";"0";"0";"0";"0";"0";"0"
"2022";"Dengue";"CARIRI";"20ª REGIÃO CRATO";"TARRAFAS";"2022-06-04";"22";"0";"1";"0";"0";"0";"1"
"2022";"Dengue";"CARIRI";"20ª REGIÃO CRATO";"ARARIPE";"2022-07-16";"28";"0";"0";"0";"0";"0";"0"
"2022";"Dengue";"FORTALEZA";"01ª REGIÃO FORTALEZA";"AQUIRAZ";"2022-02-12";"6";"0";"2";"0";"0";"0";"0"
"2022";"Dengue";"SOBRAL";"13ª REGIÃO TIANGUÁ";"UBAJARA";"2022-06-25";"25";"0";"2";"0";"0";"1";"0"
"2022";"Dengue";"SOBRAL";"13ª REGIÃO TIANGUÁ";"SAO BENEDITO";"2022-08-20";"33";"0";"0";"0";"0";"0";"0"
"2022";"Dengue";"SOBRAL";"11ª REGIÃO SOBRAL";"PACUJA";"2022-11-05";"44";"0";"0";"0";"0";"0";"0"
"2022";"Dengue";"CARIRI";"20ª REGIÃO CRATO";"POTENGI";"2022-04-09";"14";"0";"0";"0";"0";"0";"0"
"2022";"Dengue";"CARIRI";"17ª REGIÃO ICÓ";"IPAUMIRIM";"2022-08-06";"31";"0";"0";"0";"0";"0";"0"
"2022";"Dengue";"CARIRI";"18ª REGIÃO IGUATU";"JUCAS";"2022-07-23";"29";"0";"1";"0";"0";"0";"0"
"2022";"Dengue";"SERTÃO CENTRAL";"14ª REGIÃO TAUÁ";"PARAMBU";"2022-01-15";"2";"0";"1";"0";"0";"0";"0"
"2022";"Dengue";"FORTALEZA";"01ª REGIÃO FORTALEZA";"EUSEBIO";"2022-02-19";"7";"0";"1";"0";"0";"0";"0"
"2022";"Dengue";"CARIRI";"19ª REGIÃO BREJO SANTO";"BARRO";"2022-04-16";"15";"0";"9";"0";"0";"2";"1"
"2022";"Dengue";"SOBRAL";"11ª REGIÃO SOBRAL";"HIDROLANDIA";"2022-02-05";"5";"0";"0";"0";"0";"0";"0"
"2022";"Dengue";"SOBRAL";"11ª REGIÃO SOBRAL";"MUCAMBO";"2022-11-19";"46";"0";"0";"0";"0";"0";"0"
"2022";"Dengue";"FORTALEZA";"06ª REGIÃO DE ITAPIPOCA";"ITAPIPOCA";"2022-05-21";"20";"0";"247";"0";"0";"48";"74"
"2022";"Dengue";"FORTALEZA";"03ª REGIÃO MARACANAÚ";"ACARAPE";"2022-07-23";"29";"0";"0";"0";"0";"0";"0"
"2022";"Dengue";"SERTÃO CENTRAL";"08ª REGIÃO QUIXADÁ";"QUIXADA";"2022-06-25";"25";"0";"54";"0";"0";"13";"21"
"2022";"Dengue";"CARIRI";"20ª REGIÃO CRATO";"CRATO";"2022-07-30";"30";"0";"3";"0";"0";"0";"3"
"2022";"Dengue";"CARIRI";"19ª REGIÃO BREJO SANTO";"BREJO SANTO";"2022-08-20";"33";"0";"9";"0";"0";"2";"6"
"2022";"Dengue";"CARIRI";"19ª REGIÃO BREJO SANTO";"PORTEIRAS";"2022-01-15";"2";"0";"1";"0";"0";"0";"0"
"2022";"Dengue";"SOBRAL";"11ª REGIÃO SOBRAL";"IPU";"2022-10-29";"43";"0";"0";"0";"0";"0";"0"
"2022";"Dengue";"CARIRI";"17ª REGIÃO ICÓ";"IPAUMIRIM";"2022-07-16";"28";"0";"0";"0";"0";"0";"0"
"2022";"Dengue";"SERTÃO CENTRAL";"14ª REGIÃO TAUÁ";"AIUABA";"2022-10-22";"42";"0";"11";"0";"0";"2";"0"
"2022";"Dengue";"FORTALEZA";"01ª REGIÃO FORTALEZA";"AQUIRAZ";"2022-12-10";"49";"0";"0";"0";"0";"0";"0"
"2022";"Dengue";"CARIRI";"21ª REGIÃO JUAZEIRO DO NORTE";"CARIRIACU";"2022-11-05";"44";"0";"0";"0";"0";"0";"0"
"2022";"Dengue";"CARIRI";"17ª REGIÃO ICÓ";"UMARI";"2022-04-02";"13";"0";"3";"0";"0";"2";"1"
"2022";"Dengue";"SOBRAL";"12ª REGIÃO ACARAÚ";"ACARAU";"2022-07-16";"28";"0";"3";"0";"0";"0";"0"
"2022";"Dengue";"FORTALEZA";"01ª REGIÃO FORTALEZA";"FORTALEZA";"2022-11-12";"45";"0";"192";"0";"0";"15";"60"
"2022";"Dengue";"SOBRAL";"15ª REGIÃO CRATEÚS";"PORANGA";"2022-04-09";"14";"0";"0";"0";"0";"0";"0"
"2022";"Dengue";"SERTÃO CENTRAL";"08ª REGIÃO QUIXADÁ";"IBARETAMA";"2022-06-25";"25";"0";"5";"0";"0";"3";"1"
"2022";"Dengue";"SERTÃO CENTRAL";"08ª REGIÃO QUIXADÁ";"MILHA";"2022-01-22";"3";"0";"0";"0";"0";"0";"0"
"2022";"Dengue";"CARIRI";"20ª REGIÃO CRATO";"FARIAS BRITO";"2022-12-31";"52";"0";"0";"0";"0";"0";"0"
"2022";"Dengue";"SOBRAL";"12ª REGIÃO ACARAÚ";"MORRINHOS";"2022-01-08";"1";"0";"0";"0";"0";"0";"0"
"2022";"Dengue";"SOBRAL";"11ª REGIÃO SOBRAL";"CATUNDA";"2022-03-05";"9";"0";"0";"0";"0";"0";"0"
"2022";"Dengue";"LITORAL LESTE/JAGUARIBE";"10ª REGIÃO LIMOEIRO DO NORTE";"TABULEIRO DO NORTE";"2022-10-08";"40";"0";"17";"0";"0";"15";"2"
"2022";"Dengue";"SOBRAL";"15ª REGIÃO CRATEÚS";"INDEPENDENCIA";"2022-03-05";"9";"0";"0";"0";"0";"0";"0"
"2022";"Dengue";"LITORAL LESTE/JAGUARIBE";"10ª REGIÃO LIMOEIRO DO NORTE";"JAGUARIBARA";"2022-02-26";"8";"0";"0";"0";"0";"0";"0"
"2022";"Dengue";"SOBRAL";"12ª REGIÃO ACARAÚ";"BELA CRUZ";"2022-03-19";"11";"0";"0";"0";"0";"0";"0"
"2022";"Dengue";"LITORAL LESTE/JAGUARIBE";"10ª REGIÃO LIMOEIRO DO NORTE";"ALTO SANTO";"2022-09-10";"36";"0";"1";"0";"0";"0";"0"
"2022";"Dengue";"SOBRAL";"12ª REGIÃO ACARAÚ";"ACARAU";"2022-11-12";"45";"0";"0";"0";"0";"0";"0"
"2022";"Dengue";"CARIRI";"17ª REGIÃO ICÓ";"LAVRAS DA MANGABEIRA";"2022-01-15";"2";"0";"0";"0";"0";"0";"0"
"2022";"Dengue";"CARIRI";"19ª REGIÃO BREJO SANTO";"BREJO SANTO";"2022-10-29";"43";"0";"3";"0";"0";"1";"1"
"2022";"Dengue";"SERTÃO CENTRAL";"14ª REGIÃO TAUÁ";"PARAMBU";"2022-10-01";"39";"0";"1";"0";"0";"1";"0"
"2022";"Dengue";"FORTALEZA";"01ª REGIÃO FORTALEZA";"ITAITINGA";"2022-10-22";"42";"0";"0";"0";"0";"0";"0"
"2022";"Dengue";"SOBRAL";"15ª REGIÃO CRATEÚS";"TAMBORIL";"2022-06-04";"22";"0";"7";"0";"0";"2";"4"
"2022";"Dengue";"FORTALEZA";"06ª REGIÃO DE ITAPIPOCA";"URUBURETAMA";"2022-04-16";"15";"0";"0";"0";"0";"0";"0"
"2022";"Dengue";"FORTALEZA";"22ª REGIÃO CASCAVEL";"HORIZONTE";"2022-10-15";"41";"0";"0";"0";"0";"0";"0"
"2022";"Dengue";"CARIRI";"20ª REGIÃO CRATO";"SALITRE";"2022-08-20";"33";"0";"0";"0";"0";"0";"0"
"2022";"Dengue";"SOBRAL";"11ª REGIÃO SOBRAL";"COREAU";"2022-12-24";"51";"0";"0";"0";"0";"0";"0"
"2022";"Dengue";"SERTÃO CENTRAL";"05ª REGIÃO DE CANINDÉ";"PARAMOTI";"2022-12-03";"48";"0";"0";"0";"0";"0";"0"
"2022";"Dengue";"FORTALEZA";"22ª REGIÃO CASCAVEL";"OCARA";"2022-10-08";"40";"0";"1";"0";"0";"0";"0"
"2022";"Dengue";"FORTALEZA";"06ª REGIÃO DE ITAPIPOCA";"MIRAIMA";"2022-07-23";"29";"0";"2";"0";"0";"0";"2"
"2022";"Dengue";"FORTALEZA";"06ª REGIÃO DE ITAPIPOCA";"ITAPIPOCA";"2022-10-29";"43";"0";"2";"0";"0";"0";"0"
"2022";"Dengue";"SOBRAL";"11ª REGIÃO SOBRAL";"RERIUTABA";"2022-05-28";"21";"0";"3";"0";"0";"1";"0"
"2022";"Dengue";"SERTÃO CENTRAL";"08ª REGIÃO QUIXADÁ";"SENADOR POMPEU";"2022-03-26";"12";"0";"0";"0";"0";"0";"0"
"2022";"Dengue";"SERTÃO CENTRAL";"14ª REGIÃO TAUÁ";"PARAMBU";"2022-08-06";"31";"0";"2";"0";"0";"0";"0"
"2022";"Dengue";"SOBRAL";"13ª REGIÃO TIANGUÁ";"CARNAUBAL";"2022-12-10";"49";"0";"0";"0";"0";"0";"0"
"2022";"Dengue";"LITORAL LESTE/JAGUARIBE";"10ª REGIÃO LIMOEIRO DO NORTE";"QUIXERE";"2022-10-08";"40";"0";"4";"0";"0";"0";"0"
"2022";"Dengue";"CARIRI";"17ª REGIÃO ICÓ";"CEDRO";"2022-07-23";"29";"0";"1";"0";"0";"0";"0"
"2022";"Dengue";"CARIRI";"18ª REGIÃO IGUATU";"QUIXELO";"2022-06-18";"24";"0";"0";"0";"0";"0";"0"
"2022";"Dengue";"SERTÃO CENTRAL";"05ª REGIÃO DE CANINDÉ";"PARAMOTI";"2022-02-05";"5";"0";"1";"0";"0";"1";"0"
"2022";"Dengue";"LITORAL LESTE/JAGUARIBE";"07ª REGIÃO ARACATI";"ITAICABA";"2022-03-12";"10";"0";"1";"0";"0";"0";"0"
"2022";"Dengue";"SOBRAL";"11ª REGIÃO SOBRAL";"HIDROLANDIA";"2022-11-12";"45";"0";"0";"0";"0";"0";"0"
"2022";"Dengue";"FORTALEZA";"01ª REGIÃO FORTALEZA";"AQUIRAZ";"2022-04-09";"14";"0";"1";"0";"0";"0";"0"
"2022";"Dengue";"SOBRAL";"11ª REGIÃO SOBRAL";"PACUJA";"2022-08-27";"34";"0";"0";"0";"0";"0";"0"
"2022";"Dengue";"SOBRAL";"11ª REGIÃO SOBRAL";"PIRES FERREIRA";"2022-06-11";"23";"0";"2";"0";"0";"1";"0"
"2022";"Dengue";"SOBRAL";"13ª REGIÃO TIANGUÁ";"GUARACIABA DO NORTE";"2022-07-02";"26";"0";"3";"0";"0";"0";"3"
"2022";"Dengue";"SERTÃO CENTRAL";"08ª REGIÃO QUIXADÁ";"BANABUIU";"2022-10-29";"43";"0";"1";"0";"0";"0";"0"
"2022";"Dengue";"SOBRAL";"11ª REGIÃO SOBRAL";"MASSAPE";"2022-01-29";"4";"0";"0";"0";"0";"0";"0"
"2022";"Dengue";"CARIRI";"17ª REGIÃO ICÓ";"IPAUMIRIM";"2022-05-14";"19";"0";"3";"0";"0";"2";"0"
"2022";"Dengue";"SERTÃO CENTRAL";"08ª REGIÃO QUIXADÁ";"IBICUITINGA";"2022-02-12";"6";"0";"0";"0";"0";"0";"0"
"2022";"Dengue";"CARIRI";"19ª REGIÃO BREJO SANTO";"ABAIARA";"2022-02-26";"8";"0";"0";"0";"0";"0";"0"
"2022";"Dengue";"LITORAL LESTE/JAGUARIBE";"10ª REGIÃO LIMOEIRO DO NORTE";"QUIXERE";"2022-06-11";"23";"0";"21";"0";"0";"1";"8"
"2022";"Dengue";"SOBRAL";"12ª REGIÃO ACARAÚ";"MARCO";"2022-05-28";"21";"0";"2";"0";"0";"0";"0"
"2022";"Dengue";"CARIRI";"21ª REGIÃO JUAZEIRO DO NORTE";"CARIRIACU";"2022-06-04";"22";"0";"1";"0";"0";"0";"0"
"2022";"Dengue";"CARIRI";"21ª REGIÃO JUAZEIRO DO NORTE";"JARDIM";"2022-04-02";"13";"0";"25";"0";"0";"4";"0"
"2022";"Dengue";"FORTALEZA";"06ª REGIÃO DE ITAPIPOCA";"MIRAIMA";"2022-11-19";"46";"0";"1";"0";"0";"0";"0"
"2022";"Dengue";"SOBRAL";"13ª REGIÃO TIANGUÁ";"CROATA";"2022-08-20";"33";"0";"0";"0";"0";"0";"0"
"2022";"Dengue";"CARIRI";"19ª REGIÃO BREJO SANTO";"MAURITI";"2022-07-23";"29";"0";"8";"0";"0";"0";"4"
"2022";"Dengue";"SOBRAL";"11ª REGIÃO SOBRAL";"FORQUILHA";"2022-04-23";"16";"0";"3";"0";"0";"1";"0"
"2022";"Dengue";"CARIRI";"20ª REGIÃO CRATO";"VARZEA ALEGRE";"2022-12-03";"48";"0";"1";"0";"0";"0";"0"
"2022";"Dengue";"FORTALEZA";"03ª REGIÃO MARACANAÚ";"PACATUBA";"2022-12-24";"51";"0";"1";"0";"0";"1";"0"
"2022";"Dengue";"CARIRI";"18ª REGIÃO IGUATU";"SABOEIRO";"2022-02-05";"5";"0";"0";"0";"0";"0";"0"
"2022";"Dengue";"SOBRAL";"11ª REGIÃO SOBRAL";"VARJOTA";"2022-08-27";"34";"0";"0";"0";"0";"0";"0"
"2022";"Dengue";"SOBRAL";"12ª REGIÃO ACARAÚ";"CRUZ";"2022-01-22";"3";"0";"1";"0";"0";"0";"0"
"2022";"Dengue";"LITORAL LESTE/JAGUARIBE";"09ª REGIÃO RUSSAS";"MORADA NOVA";"2022-06-25";"25";"0";"143";"0";"0";"8";"19"
"2022";"Dengue";"FORTALEZA";"02ª REGIÃO CAUCAIA";"PARAIPABA";"2022-09-10";"36";"0";"0";"0";"0";"0";"0"
"2022";"Dengue";"SOBRAL";"13ª REGIÃO TIANGUÁ";"CROATA";"2022-07-02";"26";"0";"5";"0";"0";"2";"1"
"2022";"Dengue";"FORTALEZA";"04ª REGIÃO BATURITÉ";"BATURITE";"2022-12-10";"49";"0";"3";"0";"0";"0";"0"
"2022";"Dengue";"CARIRI";"20ª REGIÃO CRATO";"CRATO";"2022-04-09";"14";"0";"125";"0";"0";"25";"95"
"2022";"Dengue";"SOBRAL";"12ª REGIÃO ACARAÚ";"ACARAU";"2022-11-05";"44";"0";"0";"0";"0";"0";"0"
"2022";"Dengue";"SERTÃO CENTRAL";"08ª REGIÃO QUIXADÁ";"SENADOR POMPEU";"2022-12-24";"51";"0";"0";"0";"0";"0";"0"
"2022";"Dengue";"SOBRAL";"16ª REGIÃO CAMOCIM";"MARTINOPOLE";"2022-04-30";"17";"0";"0";"0";"0";"0";"0"
"2022";"Dengue";"SOBRAL";"12ª REGIÃO ACARAÚ";"MARCO";"2022-08-27";"34";"0";"4";"0";"0";"1";"0"
"2022";"Dengue";"CARIRI";"21ª REGIÃO JUAZEIRO DO NORTE";"GRANJEIRO";"2022-10-22";"42";"0";"0";"0";"0";"0";"0"
"2022";"Dengue";"LITORAL LESTE/JAGUARIBE";"09ª REGIÃO RUSSAS";"RUSSAS";"2022-12-03";"48";"0";"2";"0";"0";"0";"1"
"2022";"Dengue";"FORTALEZA";"03ª REGIÃO MARACANAÚ";"GUAIUBA";"2022-12-31";"52";"0";"0";"0";"0";"0";"0"
"2022";"Dengue";"FORTALEZA";"01ª REGIÃO FORTALEZA";"FORTALEZA";"2022-02-19";"7";"0";"201";"0";"0";"9";"14"
"2022";"Dengue";"SOBRAL";"16ª REGIÃO CAMOCIM";"CAMOCIM";"2022-07-09";"27";"0";"68";"0";"0";"5";"0"
"2022";"Dengue";"CARIRI";"20ª REGIÃO CRATO";"NOVA OLINDA";"2022-01-22";"3";"0";"1";"0";"0";"0";"0"
"2022";"Dengue";"SOBRAL";"15ª REGIÃO CRATEÚS";"TAMBORIL";"2022-11-26";"47";"0";"1";"0";"0";"0";"0"
"2022";"Dengue";"FORTALEZA";"06ª REGIÃO DE ITAPIPOCA";"AMONTADA";"2022-09-03";"35";"0";"3";"0";"0";"1";"0"
"2022";"Dengue";"SOBRAL";"16ª REGIÃO CAMOCIM";"BARROQUINHA";"2022-07-23";"29";"0";"1";"0";"0";"0";"0"
"2022";"Dengue";"LITORAL LESTE/JAGUARIBE";"10ª REGIÃO LIMOEIRO DO NORTE";"LIMOEIRO DO NORTE";"2022-12-10";"49";"0";"5";"0";"0";"0";"0"
"2022";"Dengue";"LITORAL LESTE/JAGUARIBE";"07ª REGIÃO ARACATI";"FORTIM";"2022-05-28";"21";"0";"26";"0";"0";"5";"0"
"2022";"Dengue";"SOBRAL";"11ª REGIÃO SOBRAL";"SANTA QUITERIA";"2022-08-13";"32";"0";"0";"0";"0";"0";"0"
"2022";"Dengue";"SOBRAL";"12ª REGIÃO ACARAÚ";"MARCO";"2022-05-14";"19";"0";"4";"0";"0";"0";"0"
"2022";"Dengue";"LITORAL LESTE/JAGUARIBE";"07ª REGIÃO ARACATI";"FORTIM";"2022-08-06";"31";"0";"2";"0";"0";"0";"0"
"2022";"Dengue";"CARIRI";"21ª REGIÃO JUAZEIRO DO NORTE";"CARIRIACU";"2022-09-10";"36";"0";"0";"0";"0";"0";"0"
"2022";"Dengue";"LITORAL LESTE/JAGUARIBE";"07ª REGIÃO ARACATI";"ARACATI";"2022-04-16";"15";"0";"5";"0";"0";"0";"5"
"2022";"Dengue";"FORTALEZA";"06ª REGIÃO DE ITAPIPOCA";"ITAPIPOCA";"2022-02-12";"6";"0";"8";"0";"0";"3";"0"
"2022";"Dengue";"SOBRAL";"11ª REGIÃO SOBRAL";"IPU";"2022-05-21";"20";"0";"32";"0";"0";"13";"6"
"2022";"Dengue";"SERTÃO CENTRAL";"08ª REGIÃO QUIXADÁ";"SOLONOPOLE";"2022-07-16";"28";"0";"0";"0";"0";"0";"0"
"2022";"Dengue";"FORTALEZA";"06ª REGIÃO DE ITAPIPOCA";"TRAIRI";"2022-09-24";"38";"0";"0";"0";"0";"0";"0"
"2022";"Dengue";"FORTALEZA";"22ª REGIÃO CASCAVEL";"OCARA";"2022-09-17";"37";"0";"4";"0";"0";"0";"0"
"2022";"Dengue";"FORTALEZA";"22ª REGIÃO CASCAVEL";"PINDORETAMA";"2022-03-05";"9";"0";"35";"0";"0";"6";"0"
"2022";"Dengue";"FORTALEZA";"06ª REGIÃO DE ITAPIPOCA";"MIRAIMA";"2022-02-26";"8";"0";"3";"0";"0";"0";"2"
"2022";"Dengue";"FORTALEZA";"22ª REGIÃO CASCAVEL";"BEBERIBE";"2022-03-12";"10";"0";"1";"0";"0";"0";"0"
"2022";"Dengue";"LITORAL LESTE/JAGUARIBE";"10ª REGIÃO LIMOEIRO DO NORTE";"POTIRETAMA";"2022-01-08";"1";"0";"0";"0";"0";"0";"0"
"2022";"Dengue";"SERTÃO CENTRAL";"08ª REGIÃO QUIXADÁ";"QUIXADA";"2022-07-16";"28";"0";"50";"0";"0";"9";"33"
"2022";"Dengue";"LITORAL LESTE/JAGUARIBE";"10ª REGIÃO LIMOEIRO DO NORTE";"JAGUARIBARA";"2022-09-10";"36";"0";"17";"0";"0";"7";"0"
"2022";"Dengue";"CARIRI";"18ª REGIÃO IGUATU";"PIQUET CARNEIRO";"2022-09-24";"38";"0";"0";"0";"0";"0";"0"
"2022";"Dengue";"SOBRAL";"11ª REGIÃO SOBRAL";"FORQUILHA";"2022-07-23";"29";"0";"11";"0";"0";"2";"3"
"2022";"Dengue";"SOBRAL";"13ª REGIÃO TIANGUÁ";"IBIAPINA";"2022-03-19";"11";"0";"1";"0";"0";"0";"0"
"2022";"Dengue";"CARIRI";"19ª REGIÃO BREJO SANTO";"PORTEIRAS";"2022-09-03";"35";"0";"2";"0";"0";"0";"2"
"2022";"Dengue";"CARIRI";"18ª REGIÃO IGUATU";"CARIUS";"2022-08-06";"31";"0";"1";"0";"0";"0";"0"
"2022";"Dengue";"FORTALEZA";"02ª REGIÃO CAUCAIA";"TEJUCUOCA";"2022-11-05";"44";"0";"0";"0";"0";"0";"0"
"2022";"Dengue";"SOBRAL";"11ª REGIÃO SOBRAL";"IPU";"2022-01-15";"2";"0";"0";"0";"0";"0";"0"
"2022";"Dengue";"SOBRAL";"11ª REGIÃO SOBRAL";"ALCANTARAS";"2022-09-10";"36";"0";"5";"0";"0";"2";"1"
"2022";"Dengue";"CARIRI";"20ª REGIÃO CRATO";"FARIAS BRITO";"2022-11-12";"45";"0";"0";"0";"0";"0";"0"
"2022";"Dengue";"SERTÃO CENTRAL";"14ª REGIÃO TAUÁ";"ARNEIROZ";"2022-07-02";"26";"0";"2";"0";"0";"0";"1"
"2022";"Dengue";"FORTALEZA";"02ª REGIÃO CAUCAIA";"SAO GONCALO DO AMARANTE";"2022-11-19";"46";"0";"0";"0";"0";"0";"0"
"2022";"Dengue";"FORTALEZA";"02ª REGIÃO CAUCAIA";"ITAPAJE";"2022-12-24";"51";"0";"1";"0";"0";"0";"0"
"2022";"Dengue";"FORTALEZA";"22ª REGIÃO CASCAVEL";"PACAJUS";"2022-01-29";"4";"0";"0";"0";"0";"0";"0"
"2022";"Dengue";"LITORAL LESTE/JAGUARIBE";"09ª REGIÃO RUSSAS";"MORADA NOVA";"2022-08-20";"33";"0";"34";"0";"0";"16";"4"
"2022";"Dengue";"FORTALEZA";"04ª REGIÃO BATURITÉ";"GUARAMIRANGA";"2022-11-12";"45";"0";"0";"0";"0";"0";"0"
"2022";"Dengue";"LITORAL LESTE/JAGUARIBE";"09ª REGIÃO RUSSAS";"JAGUARETAMA";"2022-09-24";"38";"0";"8";"0";"0";"6";"0"
"2022";"Dengue";"CARIRI";"18ª REGIÃO IGUATU";"DEPUTADO IRAPUAN PINHEIRO";"2022-05-14";"19";"0";"0";"0";"0";"0";"0"
"2022";"Dengue";"FORTALEZA";"22ª REGIÃO CASCAVEL";"PACAJUS";"2022-12-17";"50";"0";"0";"0";"0";"0";"0"
"2022";"Dengue";"SOBRAL";"15ª REGIÃO CRATEÚS";"INDEPENDENCIA";"2022-10-15";"41";"0";"0";"0";"0";"0";"0"
"2022";"Dengue";"FORTALEZA";"04ª REGIÃO BATURITÉ";"ARACOIABA";"2022-10-29";"43";"0";"0";"0";"0";"0";"0"
"2022";"Dengue";"SOBRAL";"15ª REGIÃO CRATEÚS";"INDEPENDENCIA";"2022-01-15";"2";"0";"0";"0";"0";"0";"0"
"2022";"Dengue";"SOBRAL";"15ª REGIÃO CRATEÚS";"IPUEIRAS";"2022-02-19";"7";"0";"0";"0";"0";"0";"0"
"2022";"Dengue";"SOBRAL";"11ª REGIÃO SOBRAL";"GROAIRAS";"2022-12-10";"49";"0";"2";"0";"0";"2";"0"
"2022";"Dengue";"FORTALEZA";"02ª REGIÃO CAUCAIA";"SAO GONCALO DO AMARANTE";"2022-08-06";"31";"0";"2";"0";"0";"1";"0"
"2022";"Dengue";"CARIRI";"18ª REGIÃO IGUATU";"SABOEIRO";"2022-07-30";"30";"0";"0";"0";"0";"0";"0"
"2022";"Dengue";"FORTALEZA";"04ª REGIÃO BATURITÉ";"MULUNGU";"2022-12-24";"51";"0";"0";"0";"0";"0";"0"
"2022";"Dengue";"FORTALEZA";"03ª REGIÃO MARACANAÚ";"BARREIRA";"2022-01-15";"2";"0";"0";"0";"0";"0";"0"
"2022";"Dengue";"SERTÃO CENTRAL";"14ª REGIÃO TAUÁ";"ARNEIROZ";"2022-04-09";"14";"0";"0";"0";"0";"0";"0"
"2022";"Dengue";"CARIRI";"20ª REGIÃO CRATO";"ANTONINA DO NORTE";"2022-09-17";"37";"0";"0";"0";"0";"0";"0"
"2022";"Dengue";"FORTALEZA";"02ª REGIÃO CAUCAIA";"TEJUCUOCA";"2022-02-19";"7";"0";"0";"0";"0";"0";"0"
"2022";"Dengue";"FORTALEZA";"03ª REGIÃO MARACANAÚ";"MARANGUAPE";"2022-05-28";"21";"0";"43";"0";"0";"4";"17"
"2022";"Dengue";"SERTÃO CENTRAL";"08ª REGIÃO QUIXADÁ";"BANABUIU";"2022-12-17";"50";"0";"2";"0";"0";"0";"1"
"2022";"Dengue";"SERTÃO CENTRAL";"05ª REGIÃO DE CANINDÉ";"MADALENA";"2022-12-17";"50";"0";"0";"0";"0";"0";"0"
"2022";"Dengue";"FORTALEZA";"01ª REGIÃO FORTALEZA";"AQUIRAZ";"2022-05-07";"18";"0";"11";"0";"0";"1";"3"
"2022";"Dengue";"CARIRI";"18ª REGIÃO IGUATU";"DEPUTADO IRAPUAN PINHEIRO";"2022-03-26";"12";"0";"0";"0";"0";"0";"0"
"2022";"Dengue";"CARIRI";"19ª REGIÃO BREJO SANTO";"PORTEIRAS";"2022-02-05";"5";"0";"1";"0";"0";"0";"0"
"2022";"Dengue";"FORTALEZA";"22ª REGIÃO CASCAVEL";"CASCAVEL";"2022-07-02";"26";"0";"8";"0";"0";"0";"3"
"2022";"Dengue";"FORTALEZA";"22ª REGIÃO CASCAVEL";"PINDORETAMA";"2022-06-18";"24";"0";"5";"0";"0";"1";"0"
"2022";"Dengue";"LITORAL LESTE/JAGUARIBE";"10ª REGIÃO LIMOEIRO DO NORTE";"JAGUARIBARA";"2022-07-09";"27";"0";"13";"0";"0";"2";"0"
"2022";"Dengue";"CARIRI";"20ª REGIÃO CRATO";"CAMPOS SALES";"2022-08-20";"33";"0";"1";"0";"0";"1";"0"
"2022";"Dengue";"CARIRI";"19ª REGIÃO BREJO SANTO";"ABAIARA";"2022-06-18";"24";"0";"0";"0";"0";"0";"0"
"2022";"Dengue";"FORTALEZA";"03ª REGIÃO MARACANAÚ";"GUAIUBA";"2022-02-05";"5";"0";"0";"0";"0";"0";"0"
"2022";"Dengue";"SERTÃO CENTRAL";"08ª REGIÃO QUIXADÁ";"SENADOR POMPEU";"2022-06-18";"24";"0";"2";"0";"0";"1";"0"
"2022";"Dengue";"CARIRI";"17ª REGIÃO ICÓ";"LAVRAS DA MANGABEIRA";"2022-08-27";"34";"0";"3";"0";"0";"0";"0"
"2022";"Dengue";"LITORAL LESTE/JAGUARIBE";"09ª REGIÃO RUSSAS";"JAGUARUANA";"2022-01-15";"2";"0";"1";"0";"0";"0";"0"
"2022";"Dengue";"CARIRI";"20ª REGIÃO CRATO";"CAMPOS SALES";"2022-12-03";"48";"0";"0";"0";"0";"0";"0"
"2022";"Dengue";"LITORAL LESTE/JAGUARIBE";"09ª REGIÃO RUSSAS";"MORADA NOVA";"2022-11-19";"46";"0";"5";"0";"0";"1";"2"
"2022";"Dengue";"FORTALEZA";"03ª REGIÃO MARACANAÚ";"MARACANAU";"2022-04-23";"16";"0";"105";"0";"0";"5";"43"
"2022";"Dengue";"CARIRI";"20ª REGIÃO CRATO";"SALITRE";"2022-07-02";"26";"0";"0";"0";"0";"0";"0"
"2022";"Dengue";"FORTALEZA";"04ª REGIÃO BATURITÉ";"PACOTI";"2022-10-22";"42";"0";"0";"0";"0";"0";"0"
"2022";"Dengue";"CARIRI";"18ª REGIÃO IGUATU";"PIQUET CARNEIRO";"2022-08-13";"32";"0";"0";"0";"0";"0";"0"
"2022";"Dengue";"SOBRAL";"15ª REGIÃO CRATEÚS";"PORANGA";"2022-02-12";"6";"0";"0";"0";"0";"0";"0"
"2022";"Dengue";"LITORAL LESTE/JAGUARIBE";"09ª REGIÃO RUSSAS";"PALHANO";"2022-07-16";"28";"0";"9";"0";"0";"0";"3"
"2022";"Dengue";"SOBRAL";"15ª REGIÃO CRATEÚS";"QUITERIANOPOLIS";"2022-01-08";"1";"0";"0";"0";"0";"0";"0"
"2022";"Dengue";"SOBRAL";"16ª REGIÃO CAMOCIM";"GRANJA";"2022-09-17";"37";"0";"1";"0";"0";"0";"0"
"2022";"Dengue";"SOBRAL";"13ª REGIÃO TIANGUÁ";"TIANGUA";"2022-07-30";"30";"0";"12";"0";"0";"5";"0"
"2022";"Dengue";"SOBRAL";"15ª REGIÃO CRATEÚS";"QUITERIANOPOLIS";"2022-12-31";"52";"0";"0";"0";"0";"0";"0"
"2022";"Dengue";"CARIRI";"17ª REGIÃO ICÓ";"IPAUMIRIM";"2022-09-17";"37";"0";"0";"0";"0";"0";"0"
"2022";"Dengue";"CARIRI";"21ª REGIÃO JUAZEIRO DO NORTE";"MISSAO VELHA";"2022-02-05";"5";"0";"0";"0";"0";"0";"0"
"2022";"Dengue";"FORTALEZA";"02ª REGIÃO CAUCAIA";"SAO GONCALO DO AMARANTE";"2022-04-09";"14";"0";"0";"0";"0";"0";"0"
"2022";"Dengue";"SOBRAL";"11ª REGIÃO SOBRAL";"FORQUILHA";"2022-02-19";"7";"0";"0";"0";"0";"0";"0"
"2022";"Dengue";"FORTALEZA";"01ª REGIÃO FORTALEZA";"AQUIRAZ";"2022-05-21";"20";"0";"3";"0";"0";"0";"0"
"2022";"Dengue";"SOBRAL";"11ª REGIÃO SOBRAL";"VARJOTA";"2022-12-24";"51";"0";"0";"0";"0";"0";"0"
"2022";"Dengue";"SERTÃO CENTRAL";"05ª REGIÃO DE CANINDÉ";"CARIDADE";"2022-10-01";"39";"0";"0";"0";"0";"0";"0"
"2022";"Dengue";"FORTALEZA";"01ª REGIÃO FORTALEZA";"FORTALEZA";"2022-06-25";"25";"0";"1778";"0";"0";"107";"937"
"2022";"Dengue";"SERTÃO CENTRAL";"14ª REGIÃO TAUÁ";"ARNEIROZ";"2022-06-25";"25";"0";"1";"0";"0";"0";"0"
"2022";"Dengue";"LITORAL LESTE/JAGUARIBE";"10ª REGIÃO LIMOEIRO DO NORTE";"ERERE";"2022-10-22";"42";"0";"0";"0";"0";"0";"0"
"2022";"Dengue";"CARIRI";"20ª REGIÃO CRATO";"TARRAFAS";"2022-02-26";"8";"0";"0";"0";"0";"0";"0"
"2022";"Dengue";"FORTALEZA";"02ª REGIÃO CAUCAIA";"PENTECOSTE";"2022-10-22";"42";"0";"0";"0";"0";"0";"0"
"2022";"Dengue";"LITORAL LESTE/JAGUARIBE";"10ª REGIÃO LIMOEIRO DO NORTE";"JAGUARIBARA";"2022-09-03";"35";"0";"19";"0";"0";"4";"1"
"2022";"Dengue";"SERTÃO CENTRAL";"08ª REGIÃO QUIXADÁ";"PEDRA BRANCA";"2022-02-12";"6";"0";"2";"0";"0";"0";"1"
"2022";"Dengue";"SERTÃO CENTRAL";"14ª REGIÃO TAUÁ";"PARAMBU";"2022-06-11";"23";"0";"11";"0";"0";"0";"0"
"2022";"Dengue";"CARIRI";"17ª REGIÃO ICÓ";"OROS";"2022-03-19";"11";"0";"0";"0";"0";"0";"0"
"2022";"Dengue";"SERTÃO CENTRAL";"14ª REGIÃO TAUÁ";"AIUABA";"2022-12-17";"50";"0";"0";"0";"0";"0";"0"
"2022";"Dengue";"FORTALEZA";"04ª REGIÃO BATURITÉ";"CAPISTRANO";"2022-02-05";"5";"0";"0";"0";"0";"0";"0"
"2022";"Dengue";"CARIRI";"20ª REGIÃO CRATO";"ALTANEIRA";"2022-01-22";"3";"0";"0";"0";"0";"0";"0"
"2022";"Dengue";"SOBRAL";"11ª REGIÃO SOBRAL";"HIDROLANDIA";"2022-04-02";"13";"0";"0";"0";"0";"0";"0"
"2022";"Dengue";"SOBRAL";"11ª REGIÃO SOBRAL";"MERUOCA";"2022-08-06";"31";"0";"2";"0";"0";"0";"0"
"2022";"Dengue";"SERTÃO CENTRAL";"08ª REGIÃO QUIXADÁ";"PEDRA BRANCA";"2022-07-23";"29";"0";"3";"0";"0";"0";"3"
"2022";"Dengue";"FORTALEZA";"02ª REGIÃO CAUCAIA";"SAO GONCALO DO AMARANTE";"2022-07-02";"26";"0";"4";"0";"0";"1";"2"
"2022";"Dengue";"LITORAL LESTE/JAGUARIBE";"10ª REGIÃO LIMOEIRO DO NORTE";"SAO JOAO DO JAGUARIBE";"2022-11-19";"46";"0";"1";"0";"0";"0";"0"
"2022";"Dengue";"SOBRAL";"11ª REGIÃO SOBRAL";"CATUNDA";"2022-12-03";"48";"0";"1";"0";"0";"0";"0"
"2022";"Dengue";"FORTALEZA";"22ª REGIÃO CASCAVEL";"PACAJUS";"2022-10-08";"40";"0";"0";"0";"0";"0";"0"
"2022";"Dengue";"FORTALEZA";"06ª REGIÃO DE ITAPIPOCA";"MIRAIMA";"2022-06-04";"22";"0";"17";"0";"0";"0";"15"
"2022";"Dengue";"SOBRAL";"11ª REGIÃO SOBRAL";"SENADOR SA";"2022-06-25";"25";"0";"0";"0";"0";"0";"0"
"2022";"Dengue";"LITORAL LESTE/JAGUARIBE";"07ª REGIÃO ARACATI";"FORTIM";"2022-06-04";"22";"0";"16";"0";"0";"6";"0"
"2022";"Dengue";"FORTALEZA";"03ª REGIÃO MARACANAÚ";"REDENCAO";"2022-09-03";"35";"0";"0";"0";"0";"0";"0"
"2022";"Dengue";"FORTALEZA";"03ª REGIÃO MARACANAÚ";"REDENCAO";"2022-08-27";"34";"0";"0";"0";"0";"0";"0"
"2022";"Dengue";"FORTALEZA";"22ª REGIÃO CASCAVEL";"PINDORETAMA";"2022-01-29";"4";"0";"2";"0";"0";"0";"0"
"2022";"Dengue";"FORTALEZA";"04ª REGIÃO BATURITÉ";"ARACOIABA";"2022-10-08";"40";"0";"0";"0";"0";"0";"0"
"2022";"Dengue";"SOBRAL";"11ª REGIÃO SOBRAL";"SANTANA DO ACARAU";"2022-08-06";"31";"0";"1";"0";"0";"0";"0"
"2022";"Dengue";"SOBRAL";"11ª REGIÃO SOBRAL";"PACUJA";"2022-10-08";"40";"0";"0";"0";"0";"0";"0"
"2022";"Dengue";"SOBRAL";"11ª REGIÃO SOBRAL";"FRECHEIRINHA";"2022-11-19";"46";"0";"0";"0";"0";"0";"0"
"2022";"Dengue";"SOBRAL";"15ª REGIÃO CRATEÚS";"QUITERIANOPOLIS";"2022-06-25";"25";"0";"12";"0";"0";"2";"0"
"2022";"Dengue";"SOBRAL";"12ª REGIÃO ACARAÚ";"ITAREMA";"2022-03-26";"12";"0";"0";"0";"0";"0";"0"
"2022";"Dengue";"FORTALEZA";"22ª REGIÃO CASCAVEL";"PINDORETAMA";"2022-06-11";"23";"0";"8";"0";"0";"3";"0"
"2022";"Dengue";"SOBRAL";"11ª REGIÃO SOBRAL";"SOBRAL";"2022-12-24";"51";"0";"14";"0";"0";"3";"0"
"2022";"Dengue";"SOBRAL";"15ª REGIÃO CRATEÚS";"NOVO ORIENTE";"2022-05-14";"19";"0";"13";"0";"0";"4";"0"
"2022";"Dengue";"CARIRI";"17ª REGIÃO ICÓ";"CEDRO";"2022-10-15";"41";"0";"0";"0";"0";"0";"0"
"2022";"Dengue";"CARIRI";"20ª REGIÃO CRATO";"ASSARE";"2022-01-08";"1";"0";"0";"0";"0";"0";"0"
"2022";"Dengue";"SOBRAL";"13ª REGIÃO TIANGUÁ";"SAO BENEDITO";"2022-02-05";"5";"0";"0";"0";"0";"0";"0"
"2022";"Dengue";"FORTALEZA";"03ª REGIÃO MARACANAÚ";"PALMACIA";"2022-12-10";"49";"0";"0";"0";"0";"0";"0"
"2022";"Dengue";"FORTALEZA";"04ª REGIÃO BATURITÉ";"ITAPIUNA";"2022-05-28";"21";"0";"1";"0";"0";"0";"0"
"2022";"Dengue";"LITORAL LESTE/JAGUARIBE";"10ª REGIÃO LIMOEIRO DO NORTE";"POTIRETAMA";"2022-04-23";"16";"0";"0";"0";"0";"0";"0"
"2022";"Dengue";"SERTÃO CENTRAL";"08ª REGIÃO QUIXADÁ";"SOLONOPOLE";"2022-10-08";"40";"0";"0";"0";"0";"0";"0"
"2022";"Dengue";"FORTALEZA";"01ª REGIÃO FORTALEZA";"FORTALEZA";"2022-07-30";"30";"0";"731";"0";"0";"55";"331"
"2022";"Dengue";"CARIRI";"18ª REGIÃO IGUATU";"MOMBACA";"2022-10-01";"39";"0";"1";"0";"0";"0";"0"
"2022";"Dengue";"FORTALEZA";"03ª REGIÃO MARACANAÚ";"GUAIUBA";"2022-12-24";"51";"0";"0";"0";"0";"0";"0"
"2022";"Dengue";"CARIRI";"20ª REGIÃO CRATO";"CAMPOS SALES";"2022-05-14";"19";"0";"20";"0";"0";"1";"0"
"2022";"Dengue";"SOBRAL";"11ª REGIÃO SOBRAL";"IPU";"2022-01-22";"3";"0";"1";"0";"0";"0";"0"
"2022";"Dengue";"SERTÃO CENTRAL";"05ª REGIÃO DE CANINDÉ";"ITATIRA";"2022-03-12";"10";"0";"0";"0";"0";"0";"0"
"2022";"Dengue";"CARIRI";"19ª REGIÃO BREJO SANTO";"BARRO";"2022-10-15";"41";"0";"0";"0";"0";"0";"0"
"2022";"Dengue";"SOBRAL";"16ª REGIÃO CAMOCIM";"MARTINOPOLE";"2022-02-26";"8";"0";"0";"0";"0";"0";"0"
"2022";"Dengue";"SERTÃO CENTRAL";"05ª REGIÃO DE CANINDÉ";"BOA VIAGEM";"2022-11-05";"44";"0";"0";"0";"0";"0";"0"
"2022";"Dengue";"FORTALEZA";"06ª REGIÃO DE ITAPIPOCA";"TRAIRI";"2022-06-11";"23";"0";"2";"0";"0";"0";"0"
"2022";"Dengue";"FORTALEZA";"02ª REGIÃO CAUCAIA";"CAUCAIA";"2022-04-09";"14";"0";"15";"0";"0";"0";"9"
"2022";"Dengue";"SOBRAL";"11ª REGIÃO SOBRAL";"SOBRAL";"2022-06-04";"22";"0";"279";"0";"0";"53";"17"
"2022";"Dengue";"CARIRI";"19ª REGIÃO BREJO SANTO";"JATI";"2022-07-02";"26";"0";"2";"0";"0";"0";"0"
"2022";"Dengue";"SERTÃO CENTRAL";"14ª REGIÃO TAUÁ";"AIUABA";"2022-10-01";"39";"0";"11";"0";"0";"9";"3"
"2022";"Dengue";"SOBRAL";"15ª REGIÃO CRATEÚS";"IPAPORANGA";"2022-06-25";"25";"0";"4";"0";"0";"0";"0"
"2022";"Dengue";"SOBRAL";"11ª REGIÃO SOBRAL";"URUOCA";"2022-04-23";"16";"0";"0";"0";"0";"0";"0"
"2022";"Dengue";"SOBRAL";"11ª REGIÃO SOBRAL";"MERUOCA";"2022-07-16";"28";"0";"3";"0";"0";"1";"0"
"2022";"Dengue";"FORTALEZA";"03ª REGIÃO MARACANAÚ";"MARANGUAPE";"2022-06-25";"25";"0";"79";"0";"0";"6";"26"
"2022";"Dengue";"LITORAL LESTE/JAGUARIBE";"10ª REGIÃO LIMOEIRO DO NORTE";"LIMOEIRO DO NORTE";"2022-01-22";"3";"0";"0";"0";"0";"0";"0"
"2022";"Dengue";"SOBRAL";"12ª REGIÃO ACARAÚ";"BELA CRUZ";"2022-07-23";"29";"0";"9";"0";"0";"4";"2"
"2022";"Dengue";"FORTALEZA";"06ª REGIÃO DE ITAPIPOCA";"MIRAIMA";"2022-03-05";"9";"0";"0";"0";"0";"0";"0"
"2022";"Dengue";"FORTALEZA";"06ª REGIÃO DE ITAPIPOCA";"TRAIRI";"2022-07-02";"26";"0";"3";"0";"0";"0";"0"
"2022";"Dengue";"CARIRI";"20ª REGIÃO CRATO";"CAMPOS SALES";"2022-12-17";"50";"0";"0";"0";"0";"0";"0"
"2022";"Dengue";"LITORAL LESTE/JAGUARIBE";"07ª REGIÃO ARACATI";"ARACATI";"2022-03-19";"11";"0";"1";"0";"0";"0";"1"
"2022";"Dengue";"SOBRAL";"11ª REGIÃO SOBRAL";"MUCAMBO";"2022-07-16";"28";"0";"3";"0";"0";"0";"0"
"2022";"Dengue";"LITORAL LESTE/JAGUARIBE";"10ª REGIÃO LIMOEIRO DO NORTE";"JAGUARIBE";"2022-01-29";"4";"0";"1";"0";"0";"0";"0"
"2022";"Dengue";"LITORAL LESTE/JAGUARIBE";"10ª REGIÃO LIMOEIRO DO NORTE";"POTIRETAMA";"2022-04-02";"13";"0";"0";"0";"0";"0";"0"
"2022";"Dengue";"SERTÃO CENTRAL";"05ª REGIÃO DE CANINDÉ";"CARIDADE";"2022-12-17";"50";"0";"0";"0";"0";"0";"0"
"2022";"Dengue";"CARIRI";"18ª REGIÃO IGUATU";"QUIXELO";"2022-07-02";"26";"0";"1";"0";"0";"0";"0"
"2022";"Dengue";"SOBRAL";"11ª REGIÃO SOBRAL";"SANTA QUITERIA";"2022-12-24";"51";"0";"0";"0";"0";"0";"0"
"2022";"Dengue";"SERTÃO CENTRAL";"05ª REGIÃO DE CANINDÉ";"PARAMOTI";"2022-03-12";"10";"0";"0";"0";"0";"0";"0"
"2022";"Dengue";"CARIRI";"17ª REGIÃO ICÓ";"IPAUMIRIM";"2022-11-19";"46";"0";"0";"0";"0";"0";"0"
"2022";"Dengue";"SOBRAL";"11ª REGIÃO SOBRAL";"SOBRAL";"2022-01-22";"3";"0";"10";"0";"0";"0";"0"
"2022";"Dengue";"CARIRI";"18ª REGIÃO IGUATU";"ACOPIARA";"2022-11-26";"47";"0";"1";"0";"0";"0";"0"
"2022";"Dengue";"FORTALEZA";"03ª REGIÃO MARACANAÚ";"MARACANAU";"2022-01-08";"1";"0";"3";"0";"0";"0";"0"
"2022";"Dengue";"FORTALEZA";"06ª REGIÃO DE ITAPIPOCA";"TURURU";"2022-06-04";"22";"0";"9";"0";"0";"0";"8"
"2022";"Dengue";"SERTÃO CENTRAL";"08ª REGIÃO QUIXADÁ";"QUIXADA";"2022-09-10";"36";"0";"4";"0";"0";"3";"0"
"2022";"Dengue";"FORTALEZA";"04ª REGIÃO BATURITÉ";"CAPISTRANO";"2022-07-09";"27";"0";"2";"0";"0";"0";"0"
"2022";"Dengue";"CARIRI";"19ª REGIÃO BREJO SANTO";"BREJO SANTO";"2022-04-09";"14";"0";"127";"0";"0";"5";"55"
"2022";"Dengue";"CARIRI";"18ª REGIÃO IGUATU";"DEPUTADO IRAPUAN PINHEIRO";"2022-09-24";"38";"0";"0";"0";"0";"0";"0"
"2022";"Dengue";"FORTALEZA";"06ª REGIÃO DE ITAPIPOCA";"TURURU";"2022-11-19";"46";"0";"0";"0";"0";"0";"0"
"2022";"Dengue";"SOBRAL";"15ª REGIÃO CRATEÚS";"QUITERIANOPOLIS";"2022-10-08";"40";"0";"0";"0";"0";"0";"0"
"2022";"Dengue";"SERTÃO CENTRAL";"14ª REGIÃO TAUÁ";"ARNEIROZ";"2022-04-16";"15";"0";"0";"0";"0";"0";"0"
"2022";"Dengue";"FORTALEZA";"04ª REGIÃO BATURITÉ";"MULUNGU";"2022-05-21";"20";"0";"20";"0";"0";"6";"4"
"2022";"Dengue";"SERTÃO CENTRAL";"08ª REGIÃO QUIXADÁ";"MILHA";"2022-07-16";"28";"0";"0";"0";"0";"0";"0"
"2022";"Dengue";"CARIRI";"20ª REGIÃO CRATO";"ALTANEIRA";"2022-06-18";"24";"0";"0";"0";"0";"0";"0"
"2022";"Dengue";"FORTALEZA";"04ª REGIÃO BATURITÉ";"MULUNGU";"2022-08-20";"33";"0";"1";"0";"0";"0";"1"
"2022";"Dengue";"CARIRI";"20ª REGIÃO CRATO";"SALITRE";"2022-06-18";"24";"0";"0";"0";"0";"0";"0"
"2022";"Dengue";"SOBRAL";"11ª REGIÃO SOBRAL";"MASSAPE";"2022-05-14";"19";"0";"2";"0";"0";"0";"0"
"2022";"Dengue";"FORTALEZA";"22ª REGIÃO CASCAVEL";"PINDORETAMA";"2022-10-22";"42";"0";"0";"0";"0";"0";"0"
"2022";"Dengue";"FORTALEZA";"22ª REGIÃO CASCAVEL";"OCARA";"2022-10-01";"39";"0";"0";"0";"0";"0";"0"
"2022";"Dengue";"SOBRAL";"15ª REGIÃO CRATEÚS";"NOVO ORIENTE";"2022-08-27";"34";"0";"2";"0";"0";"0";"0"
"2022";"Dengue";"CARIRI";"20ª REGIÃO CRATO";"SANTANA DO CARIRI";"2022-10-29";"43";"0";"1";"0";"0";"0";"0"
"2022";"Dengue";"FORTALEZA";"03ª REGIÃO MARACANAÚ";"MARACANAU";"2022-12-31";"52";"0";"0";"0";"0";"0";"0"
"2022";"Dengue";"SERTÃO CENTRAL";"05ª REGIÃO DE CANINDÉ";"CARIDADE";"2022-12-10";"49";"0";"0";"0";"0";"0";"0"
"2022";"Dengue";"SOBRAL";"11ª REGIÃO SOBRAL";"PACUJA";"2022-07-23";"29";"0";"0";"0";"0";"0";"0"
"2022";"Dengue";"SOBRAL";"11ª REGIÃO SOBRAL";"PACUJA";"2022-09-03";"35";"0";"2";"0";"0";"0";"0"
"2022";"Dengue";"FORTALEZA";"22ª REGIÃO CASCAVEL";"PINDORETAMA";"2022-11-12";"45";"0";"0";"0";"0";"0";"0"
"2022";"Dengue";"SOBRAL";"12ª REGIÃO ACARAÚ";"MORRINHOS";"2022-08-27";"34";"0";"0";"0";"0";"0";"0"
"2022";"Dengue";"CARIRI";"20ª REGIÃO CRATO";"TARRAFAS";"2022-05-07";"18";"0";"0";"0";"0";"0";"0"
"2022";"Dengue";"FORTALEZA";"03ª REGIÃO MARACANAÚ";"PACATUBA";"2022-05-21";"20";"0";"37";"0";"0";"14";"1"
"2022";"Dengue";"FORTALEZA";"01ª REGIÃO FORTALEZA";"AQUIRAZ";"2022-10-08";"40";"0";"0";"0";"0";"0";"0"
"2022";"Dengue";"SOBRAL";"11ª REGIÃO SOBRAL";"IRAUCUBA";"2022-02-19";"7";"0";"0";"0";"0";"0";"0"
"2022";"Dengue";"FORTALEZA";"04ª REGIÃO BATURITÉ";"GUARAMIRANGA";"2022-04-30";"17";"0";"7";"0";"0";"2";"1"
"2022";"Dengue";"SOBRAL";"11ª REGIÃO SOBRAL";"FORQUILHA";"2022-08-13";"32";"0";"5";"0";"0";"0";"1"
"2022";"Dengue";"CARIRI";"18ª REGIÃO IGUATU";"JUCAS";"2022-07-16";"28";"0";"1";"0";"0";"0";"0"
"2022";"Dengue";"FORTALEZA";"06ª REGIÃO DE ITAPIPOCA";"TURURU";"2022-04-30";"17";"0";"31";"0";"0";"1";"3"
"2022";"Dengue";"FORTALEZA";"22ª REGIÃO CASCAVEL";"HORIZONTE";"2022-08-06";"31";"0";"2";"0";"0";"0";"0"
"2022";"Dengue";"SOBRAL";"11ª REGIÃO SOBRAL";"FRECHEIRINHA";"2022-12-17";"50";"0";"1";"0";"0";"0";"0"
"2022";"Dengue";"SOBRAL";"15ª REGIÃO CRATEÚS";"NOVA RUSSAS";"2022-10-22";"42";"0";"0";"0";"0";"0";"0"
"2022";"Dengue";"CARIRI";"18ª REGIÃO IGUATU";"QUIXELO";"2022-09-10";"36";"0";"0";"0";"0";"0";"0"
"2022";"Dengue";"SOBRAL";"11ª REGIÃO SOBRAL";"URUOCA";"2022-07-02";"26";"0";"1";"0";"0";"1";"0"
"2022";"Dengue";"SERTÃO CENTRAL";"14ª REGIÃO TAUÁ";"PARAMBU";"2022-11-19";"46";"0";"0";"0";"0";"0";"0"
"2022";"Dengue";"SERTÃO CENTRAL";"08ª REGIÃO QUIXADÁ";"IBICUITINGA";"2022-04-23";"16";"0";"6";"0";"0";"1";"1"
"2022";"Dengue";"FORTALEZA";"03ª REGIÃO MARACANAÚ";"PACATUBA";"2022-04-30";"17";"0";"35";"0";"0";"3";"3"
"2022";"Dengue";"CARIRI";"20ª REGIÃO CRATO";"POTENGI";"2022-06-18";"24";"0";"1";"0";"0";"0";"1"
"2022";"Dengue";"SOBRAL";"11ª REGIÃO SOBRAL";"MASSAPE";"2022-01-22";"3";"0";"1";"0";"0";"0";"0"
"2022";"Dengue";"FORTALEZA";"02ª REGIÃO CAUCAIA";"SAO LUIS DO CURU";"2022-12-31";"52";"0";"0";"0";"0";"0";"0"
"2022";"Dengue";"SOBRAL";"11ª REGIÃO SOBRAL";"PIRES FERREIRA";"2022-04-09";"14";"0";"1";"0";"0";"1";"0"
"2022";"Dengue";"SOBRAL";"13ª REGIÃO TIANGUÁ";"IBIAPINA";"2022-07-02";"26";"0";"2";"0";"0";"0";"0"
"2022";"Dengue";"SOBRAL";"11ª REGIÃO SOBRAL";"MERUOCA";"2022-08-27";"34";"0";"3";"0";"0";"0";"0"
"2022";"Dengue";"FORTALEZA";"04ª REGIÃO BATURITÉ";"ARATUBA";"2022-01-15";"2";"0";"22";"0";"0";"3";"13"
"2022";"Dengue";"CARIRI";"17ª REGIÃO ICÓ";"ICO";"2022-03-26";"12";"0";"0";"0";"0";"0";"0"
"2022";"Dengue";"SOBRAL";"16ª REGIÃO CAMOCIM";"CAMOCIM";"2022-12-17";"50";"0";"0";"0";"0";"0";"0"
"2022";"Dengue";"SOBRAL";"15ª REGIÃO CRATEÚS";"CRATEUS";"2022-08-06";"31";"0";"5";"0";"0";"1";"1"
"2022";"Dengue";"SOBRAL";"11ª REGIÃO SOBRAL";"RERIUTABA";"2022-09-17";"37";"0";"1";"0";"0";"0";"0"
"2022";"Dengue";"CARIRI";"20ª REGIÃO CRATO";"NOVA OLINDA";"2022-02-12";"6";"0";"1";"0";"0";"0";"0"
"2022";"Dengue";"FORTALEZA";"22ª REGIÃO CASCAVEL";"CHOROZINHO";"2022-11-12";"45";"0";"0";"0";"0";"0";"0"
"2022";"Dengue";"SOBRAL";"15ª REGIÃO CRATEÚS";"CRATEUS";"2022-12-03";"48";"0";"0";"0";"0";"0";"0"
"2022";"Dengue";"SERTÃO CENTRAL";"08ª REGIÃO QUIXADÁ";"SOLONOPOLE";"2022-10-22";"42";"0";"1";"0";"0";"0";"0"
"2022";"Dengue";"SERTÃO CENTRAL";"08ª REGIÃO QUIXADÁ";"IBICUITINGA";"2022-10-22";"42";"0";"0";"0";"0";"0";"0"
"2022";"Dengue";"CARIRI";"19ª REGIÃO BREJO SANTO";"ABAIARA";"2022-08-06";"31";"0";"0";"0";"0";"0";"0"
"2022";"Dengue";"CARIRI";"19ª REGIÃO BREJO SANTO";"BREJO SANTO";"2022-06-11";"23";"0";"10";"0";"0";"3";"5"
"2022";"Dengue";"CARIRI";"21ª REGIÃO JUAZEIRO DO NORTE";"BARBALHA";"2022-08-13";"32";"0";"2";"0";"0";"0";"0"
"2022";"Dengue";"SERTÃO CENTRAL";"05ª REGIÃO DE CANINDÉ";"CANINDE";"2022-12-31";"52";"0";"0";"0";"0";"0";"0"
"2022";"Dengue";"FORTALEZA";"04ª REGIÃO BATURITÉ";"BATURITE";"2022-06-25";"25";"0";"4";"0";"0";"0";"0"
"2022";"Dengue";"CARIRI";"20ª REGIÃO CRATO";"TARRAFAS";"2022-06-25";"25";"0";"0";"0";"0";"0";"0"
"2022";"Dengue";"SERTÃO CENTRAL";"08ª REGIÃO QUIXADÁ";"MILHA";"2022-10-29";"43";"0";"0";"0";"0";"0";"0"
"2022";"Dengue";"SERTÃO CENTRAL";"14ª REGIÃO TAUÁ";"ARNEIROZ";"2022-12-10";"49";"0";"1";"0";"0";"0";"0"
"2022";"Dengue";"CARIRI";"18ª REGIÃO IGUATU";"PIQUET CARNEIRO";"2022-04-09";"14";"0";"1";"0";"0";"0";"0"
"2022";"Dengue";"SOBRAL";"11ª REGIÃO SOBRAL";"IPU";"2022-04-30";"17";"0";"21";"0";"0";"10";"3"
"2022";"Dengue";"SOBRAL";"11ª REGIÃO SOBRAL";"SENADOR SA";"2022-09-03";"35";"0";"0";"0";"0";"0";"0"
"2022";"Dengue";"SOBRAL";"13ª REGIÃO TIANGUÁ";"UBAJARA";"2022-05-21";"20";"0";"2";"0";"0";"0";"0"
"2022";"Dengue";"SERTÃO CENTRAL";"14ª REGIÃO TAUÁ";"PARAMBU";"2022-02-26";"8";"0";"1";"0";"0";"0";"0"
"2022";"Dengue";"FORTALEZA";"03ª REGIÃO MARACANAÚ";"MARACANAU";"2022-03-12";"10";"0";"11";"0";"0";"1";"2"
"2022";"Dengue";"FORTALEZA";"03ª REGIÃO MARACANAÚ";"GUAIUBA";"2022-10-15";"41";"0";"0";"0";"0";"0";"0"
"2022";"Dengue";"FORTALEZA";"04ª REGIÃO BATURITÉ";"ITAPIUNA";"2022-07-30";"30";"0";"1";"0";"0";"0";"1"
"2022";"Dengue";"FORTALEZA";"02ª REGIÃO CAUCAIA";"SAO GONCALO DO AMARANTE";"2022-12-10";"49";"0";"4";"0";"0";"1";"2"
"2022";"Dengue";"SOBRAL";"11ª REGIÃO SOBRAL";"ALCANTARAS";"2022-01-29";"4";"0";"0";"0";"0";"0";"0"
"2022";"Dengue";"CARIRI";"17ª REGIÃO ICÓ";"IPAUMIRIM";"2022-05-21";"20";"0";"0";"0";"0";"0";"0"
"2022";"Dengue";"FORTALEZA";"02ª REGIÃO CAUCAIA";"GENERAL SAMPAIO";"2022-01-08";"1";"0";"0";"0";"0";"0";"0"
"2022";"Dengue";"SOBRAL";"11ª REGIÃO SOBRAL";"PIRES FERREIRA";"2022-05-28";"21";"0";"0";"0";"0";"0";"0"
"2022";"Dengue";"CARIRI";"18ª REGIÃO IGUATU";"MOMBACA";"2022-07-02";"26";"0";"5";"0";"0";"0";"1"
"2022";"Dengue";"SOBRAL";"13ª REGIÃO TIANGUÁ";"GUARACIABA DO NORTE";"2022-08-27";"34";"0";"4";"0";"0";"2";"2"
"2022";"Dengue";"LITORAL LESTE/JAGUARIBE";"10ª REGIÃO LIMOEIRO DO NORTE";"POTIRETAMA";"2022-12-24";"51";"0";"0";"0";"0";"0";"0"
"2022";"Dengue";"LITORAL LESTE/JAGUARIBE";"10ª REGIÃO LIMOEIRO DO NORTE";"POTIRETAMA";"2022-10-01";"39";"0";"0";"0";"0";"0";"0"
"2022";"Dengue";"CARIRI";"19ª REGIÃO BREJO SANTO";"AURORA";"2022-10-29";"43";"0";"0";"0";"0";"0";"0"
"2022";"Dengue";"FORTALEZA";"01ª REGIÃO FORTALEZA";"ITAITINGA";"2022-02-05";"5";"0";"0";"0";"0";"0";"0"
"2022";"Dengue";"SOBRAL";"11ª REGIÃO SOBRAL";"CATUNDA";"2022-04-30";"17";"0";"1";"0";"0";"0";"0"
"2022";"Dengue";"SOBRAL";"13ª REGIÃO TIANGUÁ";"UBAJARA";"2022-06-18";"24";"0";"5";"0";"0";"4";"0"
"2022";"Dengue";"FORTALEZA";"06ª REGIÃO DE ITAPIPOCA";"TURURU";"2022-04-02";"13";"0";"28";"0";"0";"10";"7"
"2022";"Dengue";"CARIRI";"20ª REGIÃO CRATO";"FARIAS BRITO";"2022-06-11";"23";"0";"5";"0";"0";"0";"0"
"2022";"Dengue";"SOBRAL";"13ª REGIÃO TIANGUÁ";"CARNAUBAL";"2022-01-29";"4";"0";"0";"0";"0";"0";"0"
"2022";"Dengue";"FORTALEZA";"03ª REGIÃO MARACANAÚ";"PALMACIA";"2022-02-26";"8";"0";"6";"0";"0";"0";"0"
"2022";"Dengue";"FORTALEZA";"03ª REGIÃO MARACANAÚ";"MARANGUAPE";"2022-02-12";"6";"0";"7";"0";"0";"2";"1"
"2022";"Dengue";"FORTALEZA";"04ª REGIÃO BATURITÉ";"ARATUBA";"2022-12-17";"50";"0";"0";"0";"0";"0";"0"
"2022";"Dengue";"FORTALEZA";"01ª REGIÃO FORTALEZA";"EUSEBIO";"2022-01-15";"2";"0";"3";"0";"0";"0";"0"
"2022";"Dengue";"SOBRAL";"15ª REGIÃO CRATEÚS";"ARARENDA";"2022-05-14";"19";"0";"9";"0";"0";"5";"0"
"2022";"Dengue";"SOBRAL";"12ª REGIÃO ACARAÚ";"MORRINHOS";"2022-10-15";"41";"0";"3";"0";"0";"0";"0"
"2022";"Dengue";"CARIRI";"20ª REGIÃO CRATO";"SALITRE";"2022-01-22";"3";"0";"2";"0";"0";"0";"0"
"2022";"Dengue";"LITORAL LESTE/JAGUARIBE";"07ª REGIÃO ARACATI";"FORTIM";"2022-10-01";"39";"0";"3";"0";"0";"0";"0"
"2022";"Dengue";"SOBRAL";"15ª REGIÃO CRATEÚS";"QUITERIANOPOLIS";"2022-09-24";"38";"0";"0";"0";"0";"0";"0"
"2022";"Dengue";"FORTALEZA";"02ª REGIÃO CAUCAIA";"APUIARES";"2022-10-22";"42";"0";"0";"0";"0";"0";"0"
"2022";"Dengue";"CARIRI";"18ª REGIÃO IGUATU";"DEPUTADO IRAPUAN PINHEIRO";"2022-11-26";"47";"0";"0";"0";"0";"0";"0"
"2022";"Dengue";"SOBRAL";"12ª REGIÃO ACARAÚ";"MORRINHOS";"2022-01-29";"4";"0";"1";"0";"0";"0";"0"
"2022";"Dengue";"FORTALEZA";"03ª REGIÃO MARACANAÚ";"PACATUBA";"2022-12-10";"49";"0";"5";"0";"0";"0";"0"
"2022";"Dengue";"SOBRAL";"11ª REGIÃO SOBRAL";"SENADOR SA";"2022-08-27";"34";"0";"0";"0";"0";"0";"0"
"2022";"Dengue";"FORTALEZA";"04ª REGIÃO BATURITÉ";"ARATUBA";"2022-07-09";"27";"0";"0";"0";"0";"0";"0"
"2022";"Dengue";"LITORAL LESTE/JAGUARIBE";"10ª REGIÃO LIMOEIRO DO NORTE";"ALTO SANTO";"2022-07-09";"27";"0";"0";"0";"0";"0";"0"
"2022";"Dengue";"CARIRI";"20ª REGIÃO CRATO";"SANTANA DO CARIRI";"2022-09-24";"38";"0";"0";"0";"0";"0";"0"
"2022";"Dengue";"LITORAL LESTE/JAGUARIBE";"10ª REGIÃO LIMOEIRO DO NORTE";"POTIRETAMA";"2022-11-19";"46";"0";"0";"0";"0";"0";"0"
"2022";"Dengue";"FORTALEZA";"02ª REGIÃO CAUCAIA";"ITAPAJE";"2022-12-10";"49";"0";"1";"0";"0";"0";"0"
"2022";"Dengue";"CARIRI";"20ª REGIÃO CRATO";"POTENGI";"2022-01-15";"2";"0";"0";"0";"0";"0";"0"
"2022";"Dengue";"SOBRAL";"15ª REGIÃO CRATEÚS";"INDEPENDENCIA";"2022-04-30";"17";"0";"0";"0";"0";"0";"0"
"2022";"Dengue";"CARIRI";"19ª REGIÃO BREJO SANTO";"PENAFORTE";"2022-10-15";"41";"0";"0";"0";"0";"0";"0"
"2022";"Dengue";"CARIRI";"17ª REGIÃO ICÓ";"BAIXIO";"2022-02-05";"5";"0";"1";"0";"0";"0";"0"
"2022";"Dengue";"SERTÃO CENTRAL";"05ª REGIÃO DE CANINDÉ";"PARAMOTI";"2022-08-13";"32";"0";"1";"0";"0";"1";"0"
"2022";"Dengue";"SOBRAL";"11ª REGIÃO SOBRAL";"SANTANA DO ACARAU";"2022-12-10";"49";"0";"0";"0";"0";"0";"0"
"2022";"Dengue";"FORTALEZA";"06ª REGIÃO DE ITAPIPOCA";"ITAPIPOCA";"2022-10-15";"41";"0";"0";"0";"0";"0";"0"
"2022";"Dengue";"SOBRAL";"11ª REGIÃO SOBRAL";"MORAUJO";"2022-03-19";"11";"0";"0";"0";"0";"0";"0"
"2022";"Dengue";"SOBRAL";"15ª REGIÃO CRATEÚS";"CRATEUS";"2022-05-21";"20";"0";"8";"0";"0";"1";"0"
"2022";"Dengue";"SOBRAL";"16ª REGIÃO CAMOCIM";"MARTINOPOLE";"2022-05-28";"21";"0";"4";"0";"0";"0";"0"
"2022";"Dengue";"SOBRAL";"11ª REGIÃO SOBRAL";"IRAUCUBA";"2022-02-12";"6";"0";"2";"0";"0";"0";"0"
"2022";"Dengue";"CARIRI";"19ª REGIÃO BREJO SANTO";"BREJO SANTO";"2022-12-03";"48";"0";"6";"0";"0";"1";"2"
"2022";"Dengue";"SERTÃO CENTRAL";"14ª REGIÃO TAUÁ";"AIUABA";"2022-02-19";"7";"0";"0";"0";"0";"0";"0"
"2022";"Dengue";"FORTALEZA";"04ª REGIÃO BATURITÉ";"GUARAMIRANGA";"2022-03-05";"9";"0";"0";"0";"0";"0";"0"
"2022";"Dengue";"LITORAL LESTE/JAGUARIBE";"10ª REGIÃO LIMOEIRO DO NORTE";"ALTO SANTO";"2022-07-23";"29";"0";"1";"0";"0";"0";"1"
"2022";"Dengue";"FORTALEZA";"04ª REGIÃO BATURITÉ";"ARATUBA";"2022-09-24";"38";"0";"0";"0";"0";"0";"0"
"2022";"Dengue";"FORTALEZA";"03ª REGIÃO MARACANAÚ";"MARANGUAPE";"2022-07-16";"28";"0";"17";"0";"0";"1";"1"
"2022";"Dengue";"FORTALEZA";"01ª REGIÃO FORTALEZA";"EUSEBIO";"2022-10-08";"40";"0";"1";"0";"0";"0";"0"
"2022";"Dengue";"CARIRI";"20ª REGIÃO CRATO";"FARIAS BRITO";"2022-02-05";"5";"0";"2";"0";"0";"1";"0"
"2022";"Dengue";"SOBRAL";"11ª REGIÃO SOBRAL";"CARIRE";"2022-12-03";"48";"0";"1";"0";"0";"0";"1"
"2022";"Dengue";"SOBRAL";"11ª REGIÃO SOBRAL";"SANTANA DO ACARAU";"2022-05-07";"18";"0";"14";"0";"0";"4";"2"
"2022";"Dengue";"LITORAL LESTE/JAGUARIBE";"09ª REGIÃO RUSSAS";"MORADA NOVA";"2022-08-13";"32";"0";"26";"0";"0";"10";"0"
"2022";"Dengue";"SOBRAL";"11ª REGIÃO SOBRAL";"CARIRE";"2022-04-16";"15";"0";"0";"0";"0";"0";"0"
"2022";"Dengue";"SERTÃO CENTRAL";"08ª REGIÃO QUIXADÁ";"CHORO";"2022-04-02";"13";"0";"1";"0";"0";"0";"0"
"2022";"Dengue";"CARIRI";"21ª REGIÃO JUAZEIRO DO NORTE";"GRANJEIRO";"2022-06-04";"22";"0";"2";"0";"0";"0";"0"
"2022";"Dengue";"SOBRAL";"13ª REGIÃO TIANGUÁ";"TIANGUA";"2022-04-16";"15";"0";"19";"0";"0";"5";"0"
"2022";"Dengue";"CARIRI";"18ª REGIÃO IGUATU";"JUCAS";"2022-05-28";"21";"0";"2";"0";"0";"0";"1"
"2022";"Dengue";"FORTALEZA";"03ª REGIÃO MARACANAÚ";"REDENCAO";"2022-03-05";"9";"0";"0";"0";"0";"0";"0"
"2022";"Dengue";"FORTALEZA";"04ª REGIÃO BATURITÉ";"PACOTI";"2022-01-22";"3";"0";"0";"0";"0";"0";"0"
"2022";"Dengue";"CARIRI";"19ª REGIÃO BREJO SANTO";"AURORA";"2022-07-23";"29";"0";"1";"0";"0";"0";"0"
"2022";"Dengue";"SERTÃO CENTRAL";"05ª REGIÃO DE CANINDÉ";"BOA VIAGEM";"2022-08-13";"32";"0";"6";"0";"0";"0";"2"
"2022";"Dengue";"SOBRAL";"12ª REGIÃO ACARAÚ";"MORRINHOS";"2022-08-06";"31";"0";"0";"0";"0";"0";"0"
"2022";"Dengue";"SOBRAL";"15ª REGIÃO CRATEÚS";"IPUEIRAS";"2022-11-26";"47";"0";"0";"0";"0";"0";"0"
"2022";"Dengue";"SERTÃO CENTRAL";"08ª REGIÃO QUIXADÁ";"SENADOR POMPEU";"2022-02-26";"8";"0";"1";"0";"0";"0";"0"
"2022";"Dengue";"LITORAL LESTE/JAGUARIBE";"07ª REGIÃO ARACATI";"ITAICABA";"2022-05-07";"18";"0";"8";"0";"0";"1";"0"
"2022";"Dengue";"LITORAL LESTE/JAGUARIBE";"07ª REGIÃO ARACATI";"ICAPUI";"2022-11-26";"47";"0";"0";"0";"0";"0";"0"
"2022";"Dengue";"SOBRAL";"15ª REGIÃO CRATEÚS";"IPAPORANGA";"2022-07-16";"28";"0";"0";"0";"0";"0";"0"
"2022";"Dengue";"LITORAL LESTE/JAGUARIBE";"10ª REGIÃO LIMOEIRO DO NORTE";"SAO JOAO DO JAGUARIBE";"2022-01-15";"2";"0";"1";"0";"0";"0";"0"
"2022";"Dengue";"LITORAL LESTE/JAGUARIBE";"07ª REGIÃO ARACATI";"FORTIM";"2022-01-08";"1";"0";"0";"0";"0";"0";"0"
"2022";"Dengue";"CARIRI";"19ª REGIÃO BREJO SANTO";"PENAFORTE";"2022-12-03";"48";"0";"0";"0";"0";"0";"0"
"2022";"Dengue";"SERTÃO CENTRAL";"05ª REGIÃO DE CANINDÉ";"MADALENA";"2022-10-29";"43";"0";"0";"0";"0";"0";"0"
"2022";"Dengue";"SOBRAL";"13ª REGIÃO TIANGUÁ";"IBIAPINA";"2022-11-19";"46";"0";"0";"0";"0";"0";"0"
"2022";"Dengue";"CARIRI";"21ª REGIÃO JUAZEIRO DO NORTE";"GRANJEIRO";"2022-06-18";"24";"0";"0";"0";"0";"0";"0"
"2022";"Dengue";"FORTALEZA";"01ª REGIÃO FORTALEZA";"FORTALEZA";"2022-08-20";"33";"0";"576";"0";"0";"48";"252"
"2022";"Dengue";"FORTALEZA";"02ª REGIÃO CAUCAIA";"GENERAL SAMPAIO";"2022-04-02";"13";"0";"0";"0";"0";"0";"0"
"2022";"Dengue";"SERTÃO CENTRAL";"08ª REGIÃO QUIXADÁ";"QUIXADA";"2022-07-23";"29";"0";"37";"0";"0";"8";"26"
"2022";"Dengue";"CARIRI";"19ª REGIÃO BREJO SANTO";"MAURITI";"2022-09-17";"37";"0";"1";"0";"0";"0";"0"
"2022";"Dengue";"SOBRAL";"13ª REGIÃO TIANGUÁ";"UBAJARA";"2022-08-13";"32";"0";"4";"0";"0";"1";"0"
"2022";"Dengue";"SOBRAL";"11ª REGIÃO SOBRAL";"SENADOR SA";"2022-04-23";"16";"0";"0";"0";"0";"0";"0"
"2022";"Dengue";"SOBRAL";"15ª REGIÃO CRATEÚS";"IPAPORANGA";"2022-04-09";"14";"0";"0";"0";"0";"0";"0"
"2022";"Dengue";"FORTALEZA";"02ª REGIÃO CAUCAIA";"CAUCAIA";"2022-03-19";"11";"0";"9";"0";"0";"0";"7"
"2022";"Dengue";"FORTALEZA";"06ª REGIÃO DE ITAPIPOCA";"TURURU";"2022-03-05";"9";"0";"1";"0";"0";"1";"0"
"2022";"Dengue";"FORTALEZA";"04ª REGIÃO BATURITÉ";"MULUNGU";"2022-10-08";"40";"0";"0";"0";"0";"0";"0"
"2022";"Dengue";"LITORAL LESTE/JAGUARIBE";"10ª REGIÃO LIMOEIRO DO NORTE";"ALTO SANTO";"2022-10-22";"42";"0";"0";"0";"0";"0";"0"
"2022";"Dengue";"SOBRAL";"11ª REGIÃO SOBRAL";"PIRES FERREIRA";"2022-11-12";"45";"0";"0";"0";"0";"0";"0"
"2022";"Dengue";"LITORAL LESTE/JAGUARIBE";"10ª REGIÃO LIMOEIRO DO NORTE";"JAGUARIBARA";"2022-11-05";"44";"0";"2";"0";"0";"1";"0"
"2022";"Dengue";"SOBRAL";"11ª REGIÃO SOBRAL";"IRAUCUBA";"2022-01-29";"4";"0";"0";"0";"0";"0";"0"
"2022";"Dengue";"LITORAL LESTE/JAGUARIBE";"10ª REGIÃO LIMOEIRO DO NORTE";"TABULEIRO DO NORTE";"2022-08-20";"33";"0";"52";"0";"0";"23";"25"
"2022";"Dengue";"CARIRI";"20ª REGIÃO CRATO";"ASSARE";"2022-03-19";"11";"0";"11";"0";"0";"1";"0"
"2022";"Dengue";"CARIRI";"19ª REGIÃO BREJO SANTO";"BREJO SANTO";"2022-11-19";"46";"0";"7";"0";"0";"0";"2"
"2022";"Dengue";"FORTALEZA";"01ª REGIÃO FORTALEZA";"FORTALEZA";"2022-08-06";"31";"0";"871";"0";"0";"71";"414"
"2022";"Dengue";"CARIRI";"19ª REGIÃO BREJO SANTO";"BARRO";"2022-12-03";"48";"0";"0";"0";"0";"0";"0"
"2022";"Dengue";"SOBRAL";"12ª REGIÃO ACARAÚ";"MARCO";"2022-01-29";"4";"0";"1";"0";"0";"0";"0"
"2022";"Dengue";"CARIRI";"17ª REGIÃO ICÓ";"UMARI";"2022-04-09";"14";"0";"6";"0";"0";"3";"3"
"2022";"Dengue";"SOBRAL";"15ª REGIÃO CRATEÚS";"ARARENDA";"2022-07-02";"26";"0";"1";"0";"0";"0";"0"
"2022";"Dengue";"SOBRAL";"15ª REGIÃO CRATEÚS";"IPAPORANGA";"2022-09-17";"37";"0";"0";"0";"0";"0";"0"
"2022";"Dengue";"CARIRI";"18ª REGIÃO IGUATU";"QUIXELO";"2022-07-09";"27";"0";"5";"0";"0";"4";"0"
"2022";"Dengue";"SERTÃO CENTRAL";"14ª REGIÃO TAUÁ";"ARNEIROZ";"2022-05-21";"20";"0";"1";"0";"0";"1";"0"
"2022";"Dengue";"FORTALEZA";"06ª REGIÃO DE ITAPIPOCA";"MIRAIMA";"2022-10-08";"40";"0";"0";"0";"0";"0";"0"
"2022";"Dengue";"SOBRAL";"11ª REGIÃO SOBRAL";"URUOCA";"2022-10-15";"41";"0";"0";"0";"0";"0";"0"
"2022";"Dengue";"CARIRI";"18ª REGIÃO IGUATU";"PIQUET CARNEIRO";"2022-07-16";"28";"0";"7";"0";"0";"1";"0"
"2022";"Dengue";"FORTALEZA";"22ª REGIÃO CASCAVEL";"PACAJUS";"2022-06-11";"23";"0";"2";"0";"0";"1";"0"
"2022";"Dengue";"SERTÃO CENTRAL";"05ª REGIÃO DE CANINDÉ";"PARAMOTI";"2022-07-23";"29";"0";"2";"0";"0";"1";"1"
"2022";"Dengue";"SOBRAL";"13ª REGIÃO TIANGUÁ";"GUARACIABA DO NORTE";"2022-07-09";"27";"0";"3";"0";"0";"0";"3"
"2022";"Dengue";"SOBRAL";"15ª REGIÃO CRATEÚS";"IPAPORANGA";"2022-03-12";"10";"0";"0";"0";"0";"0";"0"
"2022";"Dengue";"FORTALEZA";"04ª REGIÃO BATURITÉ";"ARATUBA";"2022-04-30";"17";"0";"14";"0";"0";"10";"4"
"2022";"Dengue";"CARIRI";"21ª REGIÃO JUAZEIRO DO NORTE";"JUAZEIRO DO NORTE";"2022-04-30";"17";"0";"166";"0";"0";"2";"1"
"2022";"Dengue";"SERTÃO CENTRAL";"05ª REGIÃO DE CANINDÉ";"ITATIRA";"2022-05-14";"19";"0";"2";"0";"0";"1";"1"
"2022";"Dengue";"SOBRAL";"11ª REGIÃO SOBRAL";"FRECHEIRINHA";"2022-09-17";"37";"0";"0";"0";"0";"0";"0"
"2022";"Dengue";"FORTALEZA";"22ª REGIÃO CASCAVEL";"CASCAVEL";"2022-09-24";"38";"0";"2";"0";"0";"1";"0"
"2022";"Dengue";"LITORAL LESTE/JAGUARIBE";"10ª REGIÃO LIMOEIRO DO NORTE";"ALTO SANTO";"2022-02-12";"6";"0";"0";"0";"0";"0";"0"
"2022";"Dengue";"LITORAL LESTE/JAGUARIBE";"10ª REGIÃO LIMOEIRO DO NORTE";"POTIRETAMA";"2022-12-10";"49";"0";"0";"0";"0";"0";"0"
"2022";"Dengue";"LITORAL LESTE/JAGUARIBE";"09ª REGIÃO RUSSAS";"JAGUARETAMA";"2022-10-15";"41";"0";"6";"0";"0";"4";"0"
"2022";"Dengue";"FORTALEZA";"03ª REGIÃO MARACANAÚ";"GUAIUBA";"2022-01-22";"3";"0";"1";"0";"0";"0";"0"
"2022";"Dengue";"SOBRAL";"11ª REGIÃO SOBRAL";"GRACA";"2022-01-01";"1";"";"";"";"";"";""
"2022";"Dengue";"SOBRAL";"16ª REGIÃO CAMOCIM";"MARTINOPOLE";"2022-07-02";"26";"0";"1";"0";"0";"0";"0"
"2022";"Dengue";"SERTÃO CENTRAL";"14ª REGIÃO TAUÁ";"ARNEIROZ";"2022-01-22";"3";"0";"0";"0";"0";"0";"0"
"2022";"Dengue";"CARIRI";"17ª REGIÃO ICÓ";"ICO";"2022-12-10";"49";"0";"2";"0";"0";"0";"0"
"2022";"Dengue";"CARIRI";"18ª REGIÃO IGUATU";"JUCAS";"2022-08-06";"31";"0";"3";"0";"0";"0";"0"
"2022";"Dengue";"FORTALEZA";"02ª REGIÃO CAUCAIA";"PARAIPABA";"2022-02-26";"8";"0";"0";"0";"0";"0";"0"
"2022";"Dengue";"FORTALEZA";"22ª REGIÃO CASCAVEL";"PINDORETAMA";"2022-01-22";"3";"0";"0";"0";"0";"0";"0"
"2022";"Dengue";"SOBRAL";"11ª REGIÃO SOBRAL";"SANTANA DO ACARAU";"2022-04-09";"14";"0";"5";"0";"0";"3";"1"
"2022";"Dengue";"FORTALEZA";"22ª REGIÃO CASCAVEL";"PACAJUS";"2022-08-20";"33";"0";"0";"0";"0";"0";"0"
"2022";"Dengue";"CARIRI";"18ª REGIÃO IGUATU";"DEPUTADO IRAPUAN PINHEIRO";"2022-09-10";"36";"0";"0";"0";"0";"0";"0"
"2022";"Dengue";"SOBRAL";"13ª REGIÃO TIANGUÁ";"CARNAUBAL";"2022-05-28";"21";"0";"5";"0";"0";"1";"0"
"2022";"Dengue";"CARIRI";"18ª REGIÃO IGUATU";"CARIUS";"2022-11-19";"46";"0";"0";"0";"0";"0";"0"
"2022";"Dengue";"CARIRI";"20ª REGIÃO CRATO";"CAMPOS SALES";"2022-12-31";"52";"0";"1";"0";"0";"0";"0"
"2022";"Dengue";"SOBRAL";"12ª REGIÃO ACARAÚ";"ACARAU";"2022-09-03";"35";"0";"1";"0";"0";"0";"0"
"2022";"Dengue";"SOBRAL";"12ª REGIÃO ACARAÚ";"BELA CRUZ";"2022-11-12";"45";"0";"26";"0";"0";"8";"1"
"2022";"Dengue";"CARIRI";"19ª REGIÃO BREJO SANTO";"BREJO SANTO";"2022-08-27";"34";"0";"7";"0";"0";"1";"4"
"2022";"Dengue";"CARIRI";"21ª REGIÃO JUAZEIRO DO NORTE";"JUAZEIRO DO NORTE";"2022-11-05";"44";"0";"5";"0";"0";"0";"0"
"2022";"Dengue";"LITORAL LESTE/JAGUARIBE";"10ª REGIÃO LIMOEIRO DO NORTE";"JAGUARIBE";"2022-01-22";"3";"0";"4";"0";"0";"0";"0"
"2022";"Dengue";"SOBRAL";"15ª REGIÃO CRATEÚS";"ARARENDA";"2022-09-10";"36";"0";"0";"0";"0";"0";"0"
"2022";"Dengue";"SOBRAL";"11ª REGIÃO SOBRAL";"IPU";"2022-12-17";"50";"0";"0";"0";"0";"0";"0"
"2022";"Dengue";"FORTALEZA";"06ª REGIÃO DE ITAPIPOCA";"URUBURETAMA";"2022-02-19";"7";"0";"0";"0";"0";"0";"0"
"2022";"Dengue";"SOBRAL";"13ª REGIÃO TIANGUÁ";"TIANGUA";"2022-06-18";"24";"0";"25";"0";"0";"4";"0"
"2022";"Dengue";"FORTALEZA";"03ª REGIÃO MARACANAÚ";"MARACANAU";"2022-10-29";"43";"0";"1";"0";"0";"0";"0"
"2022";"Dengue";"FORTALEZA";"06ª REGIÃO DE ITAPIPOCA";"URUBURETAMA";"2022-12-03";"48";"0";"0";"0";"0";"0";"0"
"2022";"Dengue";"SOBRAL";"16ª REGIÃO CAMOCIM";"CHAVAL";"2022-07-16";"28";"0";"0";"0";"0";"0";"0"
"2022";"Dengue";"SOBRAL";"13ª REGIÃO TIANGUÁ";"TIANGUA";"2022-09-10";"36";"0";"7";"0";"0";"0";"0"
"2022";"Dengue";"SOBRAL";"11ª REGIÃO SOBRAL";"SANTA QUITERIA";"2022-11-19";"46";"0";"0";"0";"0";"0";"0"
"2022";"Dengue";"SERTÃO CENTRAL";"08ª REGIÃO QUIXADÁ";"IBICUITINGA";"2022-02-26";"8";"0";"0";"0";"0";"0";"0"
"2022";"Dengue";"CARIRI";"21ª REGIÃO JUAZEIRO DO NORTE";"BARBALHA";"2022-03-05";"9";"0";"90";"0";"0";"6";"1"
"2022";"Dengue";"CARIRI";"18ª REGIÃO IGUATU";"SABOEIRO";"2022-03-12";"10";"0";"0";"0";"0";"0";"0"
"2022";"Dengue";"SOBRAL";"11ª REGIÃO SOBRAL";"MUCAMBO";"2022-03-26";"12";"0";"1";"0";"0";"0";"0"
"2022";"Dengue";"FORTALEZA";"02ª REGIÃO CAUCAIA";"SAO GONCALO DO AMARANTE";"2022-08-27";"34";"0";"1";"0";"0";"0";"0"
"2022";"Dengue";"LITORAL LESTE/JAGUARIBE";"10ª REGIÃO LIMOEIRO DO NORTE";"LIMOEIRO DO NORTE";"2022-06-18";"24";"0";"17";"0";"0";"5";"5"
"2022";"Dengue";"FORTALEZA";"03ª REGIÃO MARACANAÚ";"PACATUBA";"2022-01-15";"2";"0";"2";"0";"0";"0";"0"
"2022";"Dengue";"SOBRAL";"12ª REGIÃO ACARAÚ";"MORRINHOS";"2022-09-03";"35";"0";"0";"0";"0";"0";"0"
"2022";"Dengue";"SERTÃO CENTRAL";"14ª REGIÃO TAUÁ";"ARNEIROZ";"2022-10-29";"43";"0";"0";"0";"0";"0";"0"
"2022";"Dengue";"SOBRAL";"13ª REGIÃO TIANGUÁ";"IBIAPINA";"2022-07-16";"28";"0";"1";"0";"0";"1";"0"
"2022";"Dengue";"LITORAL LESTE/JAGUARIBE";"07ª REGIÃO ARACATI";"FORTIM";"2022-10-15";"41";"0";"0";"0";"0";"0";"0"
"2022";"Dengue";"LITORAL LESTE/JAGUARIBE";"09ª REGIÃO RUSSAS";"RUSSAS";"2022-03-12";"10";"0";"4";"0";"0";"2";"0"
"2022";"Dengue";"FORTALEZA";"22ª REGIÃO CASCAVEL";"OCARA";"2022-08-13";"32";"0";"3";"0";"0";"0";"0"
"2022";"Dengue";"CARIRI";"21ª REGIÃO JUAZEIRO DO NORTE";"BARBALHA";"2022-10-29";"43";"0";"0";"0";"0";"0";"0"
"2022";"Dengue";"CARIRI";"20ª REGIÃO CRATO";"ANTONINA DO NORTE";"2022-04-23";"16";"0";"1";"0";"0";"0";"0"
"2022";"Dengue";"SOBRAL";"15ª REGIÃO CRATEÚS";"CRATEUS";"2022-02-05";"5";"0";"0";"0";"0";"0";"0"
"2022";"Dengue";"SOBRAL";"15ª REGIÃO CRATEÚS";"NOVO ORIENTE";"2022-03-05";"9";"0";"0";"0";"0";"0";"0"
"2022";"Dengue";"CARIRI";"18ª REGIÃO IGUATU";"ACOPIARA";"2022-05-14";"19";"0";"4";"0";"0";"1";"0"
"2022";"Dengue";"SOBRAL";"11ª REGIÃO SOBRAL";"CATUNDA";"2022-12-24";"51";"0";"0";"0";"0";"0";"0"
"2022";"Dengue";"LITORAL LESTE/JAGUARIBE";"07ª REGIÃO ARACATI";"ARACATI";"2022-06-11";"23";"0";"91";"0";"0";"10";"38"
"2022";"Dengue";"SOBRAL";"13ª REGIÃO TIANGUÁ";"GUARACIABA DO NORTE";"2022-12-03";"48";"0";"1";"0";"0";"0";"1"
"2022";"Dengue";"SOBRAL";"15ª REGIÃO CRATEÚS";"INDEPENDENCIA";"2022-12-10";"49";"0";"0";"0";"0";"0";"0"
"2022";"Dengue";"FORTALEZA";"01ª REGIÃO FORTALEZA";"EUSEBIO";"2022-01-08";"1";"0";"2";"0";"0";"1";"0"
"2022";"Dengue";"SERTÃO CENTRAL";"05ª REGIÃO DE CANINDÉ";"CANINDE";"2022-09-24";"38";"0";"1";"0";"0";"0";"0"
"2022";"Dengue";"SOBRAL";"15ª REGIÃO CRATEÚS";"PORANGA";"2022-02-19";"7";"0";"0";"0";"0";"0";"0"
"2022";"Dengue";"CARIRI";"19ª REGIÃO BREJO SANTO";"BREJO SANTO";"2022-12-10";"49";"0";"2";"0";"0";"0";"1"
"2022";"Dengue";"SOBRAL";"12ª REGIÃO ACARAÚ";"BELA CRUZ";"2022-05-07";"18";"0";"14";"0";"0";"4";"8"
"2022";"Dengue";"SERTÃO CENTRAL";"08ª REGIÃO QUIXADÁ";"MILHA";"2022-09-17";"37";"0";"3";"0";"0";"0";"0"
"2022";"Dengue";"SOBRAL";"13ª REGIÃO TIANGUÁ";"SAO BENEDITO";"2022-06-04";"22";"0";"4";"0";"0";"0";"0"
"2022";"Dengue";"SERTÃO CENTRAL";"08ª REGIÃO QUIXADÁ";"QUIXADA";"2022-10-29";"43";"0";"3";"0";"0";"0";"1"
"2022";"Dengue";"SOBRAL";"16ª REGIÃO CAMOCIM";"MARTINOPOLE";"2022-12-31";"52";"0";"0";"0";"0";"0";"0"
"2022";"Dengue";"FORTALEZA";"06ª REGIÃO DE ITAPIPOCA";"URUBURETAMA";"2022-04-02";"13";"0";"1";"0";"0";"1";"0"
"2022";"Dengue";"SERTÃO CENTRAL";"08ª REGIÃO QUIXADÁ";"PEDRA BRANCA";"2022-11-26";"47";"0";"1";"0";"0";"0";"0"
"2022";"Dengue";"SERTÃO CENTRAL";"14ª REGIÃO TAUÁ";"PARAMBU";"2022-07-23";"29";"0";"5";"0";"0";"0";"0"
"2022";"Dengue";"FORTALEZA";"03ª REGIÃO MARACANAÚ";"BARREIRA";"2022-04-16";"15";"0";"0";"0";"0";"0";"0"
"2022";"Dengue";"FORTALEZA";"03ª REGIÃO MARACANAÚ";"PACATUBA";"2022-08-13";"32";"0";"10";"0";"0";"0";"9"
"2022";"Dengue";"SERTÃO CENTRAL";"14ª REGIÃO TAUÁ";"TAUA";"2022-01-15";"2";"0";"1";"0";"0";"0";"1"
"2022";"Dengue";"FORTALEZA";"06ª REGIÃO DE ITAPIPOCA";"MIRAIMA";"2022-04-30";"17";"0";"12";"0";"0";"1";"5"
"2022";"Dengue";"SOBRAL";"11ª REGIÃO SOBRAL";"PIRES FERREIRA";"2022-11-26";"47";"0";"0";"0";"0";"0";"0"
"2022";"Dengue";"SOBRAL";"11ª REGIÃO SOBRAL";"MASSAPE";"2022-07-23";"29";"0";"4";"0";"0";"3";"0"
"2022";"Dengue";"FORTALEZA";"04ª REGIÃO BATURITÉ";"ARATUBA";"2022-04-02";"13";"0";"24";"0";"0";"10";"14"
"2022";"Dengue";"SOBRAL";"16ª REGIÃO CAMOCIM";"CAMOCIM";"2022-04-02";"13";"0";"1";"0";"0";"0";"0"
"2022";"Dengue";"LITORAL LESTE/JAGUARIBE";"10ª REGIÃO LIMOEIRO DO NORTE";"ALTO SANTO";"2022-06-25";"25";"0";"1";"0";"0";"0";"0"
"2022";"Dengue";"SOBRAL";"16ª REGIÃO CAMOCIM";"GRANJA";"2022-04-30";"17";"0";"3";"0";"0";"0";"0"
"2022";"Dengue";"SOBRAL";"11ª REGIÃO SOBRAL";"MERUOCA";"2022-05-28";"21";"0";"2";"0";"0";"1";"0"
"2022";"Dengue";"SERTÃO CENTRAL";"08ª REGIÃO QUIXADÁ";"QUIXERAMOBIM";"2022-10-22";"42";"0";"1";"0";"0";"0";"0"
"2022";"Dengue";"CARIRI";"20ª REGIÃO CRATO";"SANTANA DO CARIRI";"2022-07-16";"28";"0";"0";"0";"0";"0";"0"
"2022";"Dengue";"LITORAL LESTE/JAGUARIBE";"07ª REGIÃO ARACATI";"ITAICABA";"2022-08-27";"34";"0";"2";"0";"0";"0";"0"
"2022";"Dengue";"LITORAL LESTE/JAGUARIBE";"10ª REGIÃO LIMOEIRO DO NORTE";"PEREIRO";"2022-10-22";"42";"0";"1";"0";"0";"1";"0"
"2022";"Dengue";"LITORAL LESTE/JAGUARIBE";"10ª REGIÃO LIMOEIRO DO NORTE";"LIMOEIRO DO NORTE";"2022-02-12";"6";"0";"4";"0";"0";"0";"1"
"2022";"Dengue";"FORTALEZA";"03ª REGIÃO MARACANAÚ";"BARREIRA";"2022-05-07";"18";"0";"0";"0";"0";"0";"0"
"2022";"Dengue";"CARIRI";"19ª REGIÃO BREJO SANTO";"PORTEIRAS";"2022-02-12";"6";"0";"0";"0";"0";"0";"0"
"2022";"Dengue";"LITORAL LESTE/JAGUARIBE";"09ª REGIÃO RUSSAS";"PALHANO";"2022-03-05";"9";"0";"0";"0";"0";"0";"0"
"2022";"Dengue";"SOBRAL";"15ª REGIÃO CRATEÚS";"MONSENHOR TABOSA";"2022-05-21";"20";"0";"26";"0";"0";"5";"5"
"2022";"Dengue";"SOBRAL";"11ª REGIÃO SOBRAL";"MUCAMBO";"2022-10-08";"40";"0";"0";"0";"0";"0";"0"
"2022";"Dengue";"LITORAL LESTE/JAGUARIBE";"10ª REGIÃO LIMOEIRO DO NORTE";"TABULEIRO DO NORTE";"2022-07-02";"26";"0";"13";"0";"0";"4";"1"
"2022";"Dengue";"LITORAL LESTE/JAGUARIBE";"09ª REGIÃO RUSSAS";"MORADA NOVA";"2022-03-19";"11";"0";"0";"0";"0";"0";"0"
"2022";"Dengue";"LITORAL LESTE/JAGUARIBE";"09ª REGIÃO RUSSAS";"PALHANO";"2022-11-12";"45";"0";"0";"0";"0";"0";"0"
"2022";"Dengue";"CARIRI";"20ª REGIÃO CRATO";"ALTANEIRA";"2022-12-24";"51";"0";"0";"0";"0";"0";"0"
"2022";"Dengue";"FORTALEZA";"01ª REGIÃO FORTALEZA";"ITAITINGA";"2022-06-18";"24";"0";"3";"0";"0";"0";"2"
"2022";"Dengue";"SOBRAL";"15ª REGIÃO CRATEÚS";"QUITERIANOPOLIS";"2022-05-14";"19";"0";"39";"0";"0";"6";"0"
"2022";"Dengue";"SOBRAL";"15ª REGIÃO CRATEÚS";"IPAPORANGA";"2022-05-14";"19";"0";"0";"0";"0";"0";"0"
"2022";"Dengue";"CARIRI";"17ª REGIÃO ICÓ";"ICO";"2022-07-16";"28";"0";"36";"0";"0";"2";"10"
"2022";"Dengue";"FORTALEZA";"02ª REGIÃO CAUCAIA";"APUIARES";"2022-06-11";"23";"0";"7";"0";"0";"0";"1"
"2022";"Dengue";"SOBRAL";"15ª REGIÃO CRATEÚS";"QUITERIANOPOLIS";"2022-07-30";"30";"0";"1";"0";"0";"0";"0"
"2022";"Dengue";"SOBRAL";"11ª REGIÃO SOBRAL";"SOBRAL";"2022-04-23";"16";"0";"32";"0";"0";"5";"0"
"2022";"Dengue";"SOBRAL";"15ª REGIÃO CRATEÚS";"PORANGA";"2022-12-03";"48";"0";"0";"0";"0";"0";"0"
"2022";"Dengue";"CARIRI";"20ª REGIÃO CRATO";"SANTANA DO CARIRI";"2022-03-05";"9";"0";"14";"0";"0";"3";"0"
"2022";"Dengue";"LITORAL LESTE/JAGUARIBE";"09ª REGIÃO RUSSAS";"JAGUARETAMA";"2022-01-15";"2";"0";"0";"0";"0";"0";"0"
"2022";"Dengue";"SOBRAL";"11ª REGIÃO SOBRAL";"MORAUJO";"2022-08-13";"32";"0";"0";"0";"0";"0";"0"
"2022";"Dengue";"SOBRAL";"11ª REGIÃO SOBRAL";"VARJOTA";"2022-08-13";"32";"0";"1";"0";"0";"0";"1"
"2022";"Dengue";"FORTALEZA";"03ª REGIÃO MARACANAÚ";"PALMACIA";"2022-05-07";"18";"0";"7";"0";"0";"0";"0"
"2022";"Dengue";"SOBRAL";"11ª REGIÃO SOBRAL";"MASSAPE";"2022-07-16";"28";"0";"5";"0";"0";"0";"0"
"2022";"Dengue";"CARIRI";"18ª REGIÃO IGUATU";"SABOEIRO";"2022-10-01";"39";"0";"0";"0";"0";"0";"0"
"2022";"Dengue";"FORTALEZA";"04ª REGIÃO BATURITÉ";"ARACOIABA";"2022-03-12";"10";"0";"0";"0";"0";"0";"0"
"2022";"Dengue";"SOBRAL";"13ª REGIÃO TIANGUÁ";"UBAJARA";"2022-10-29";"43";"0";"1";"0";"0";"0";"1"
"2022";"Dengue";"SOBRAL";"13ª REGIÃO TIANGUÁ";"UBAJARA";"2022-09-17";"37";"0";"2";"0";"0";"2";"0"
"2022";"Dengue";"SERTÃO CENTRAL";"08ª REGIÃO QUIXADÁ";"IBARETAMA";"2022-02-05";"5";"0";"0";"0";"0";"0";"0"
"2022";"Dengue";"SOBRAL";"11ª REGIÃO SOBRAL";"GROAIRAS";"2022-05-14";"19";"0";"11";"0";"0";"5";"0"
"2022";"Dengue";"FORTALEZA";"04ª REGIÃO BATURITÉ";"MULUNGU";"2022-02-12";"6";"0";"12";"0";"0";"2";"5"
"2022";"Dengue";"LITORAL LESTE/JAGUARIBE";"09ª REGIÃO RUSSAS";"MORADA NOVA";"2022-03-12";"10";"0";"0";"0";"0";"0";"0"
"2022";"Dengue";"CARIRI";"21ª REGIÃO JUAZEIRO DO NORTE";"JUAZEIRO DO NORTE";"2022-09-24";"38";"0";"10";"0";"0";"0";"0"
"2022";"Dengue";"SOBRAL";"12ª REGIÃO ACARAÚ";"MARCO";"2022-09-10";"36";"0";"2";"0";"0";"0";"0"
"2022";"Dengue";"CARIRI";"21ª REGIÃO JUAZEIRO DO NORTE";"BARBALHA";"2022-05-21";"20";"0";"12";"0";"0";"0";"0"
"2022";"Dengue";"FORTALEZA";"06ª REGIÃO DE ITAPIPOCA";"URUBURETAMA";"2022-10-01";"39";"0";"2";"0";"0";"0";"0"
"2022";"Dengue";"FORTALEZA";"02ª REGIÃO CAUCAIA";"SAO LUIS DO CURU";"2022-09-10";"36";"0";"0";"0";"0";"0";"0"
"2022";"Dengue";"CARIRI";"18ª REGIÃO IGUATU";"DEPUTADO IRAPUAN PINHEIRO";"2022-03-19";"11";"0";"0";"0";"0";"0";"0"
"2022";"Dengue";"SOBRAL";"11ª REGIÃO SOBRAL";"SENADOR SA";"2022-01-08";"1";"0";"0";"0";"0";"0";"0"
"2022";"Dengue";"FORTALEZA";"04ª REGIÃO BATURITÉ";"ARATUBA";"2022-10-29";"43";"0";"0";"0";"0";"0";"0"
"2022";"Dengue";"CARIRI";"20ª REGIÃO CRATO";"SALITRE";"2022-02-19";"7";"0";"2";"0";"0";"0";"0"
"2022";"Dengue";"FORTALEZA";"02ª REGIÃO CAUCAIA";"PARAIPABA";"2022-12-24";"51";"0";"0";"0";"0";"0";"0"
"2022";"Dengue";"SERTÃO CENTRAL";"08ª REGIÃO QUIXADÁ";"SOLONOPOLE";"2022-01-29";"4";"0";"0";"0";"0";"0";"0"
"2022";"Dengue";"FORTALEZA";"04ª REGIÃO BATURITÉ";"GUARAMIRANGA";"2022-10-08";"40";"0";"0";"0";"0";"0";"0"
"2022";"Dengue";"SOBRAL";"11ª REGIÃO SOBRAL";"COREAU";"2022-05-07";"18";"0";"20";"0";"0";"3";"5"
"2022";"Dengue";"SERTÃO CENTRAL";"08ª REGIÃO QUIXADÁ";"SOLONOPOLE";"2022-04-30";"17";"0";"0";"0";"0";"0";"0"
"2022";"Dengue";"LITORAL LESTE/JAGUARIBE";"10ª REGIÃO LIMOEIRO DO NORTE";"QUIXERE";"2022-06-25";"25";"0";"32";"0";"0";"2";"3"
"2022";"Dengue";"SOBRAL";"15ª REGIÃO CRATEÚS";"ARARENDA";"2022-07-23";"29";"0";"2";"0";"0";"0";"0"
"2022";"Dengue";"FORTALEZA";"03ª REGIÃO MARACANAÚ";"MARANGUAPE";"2022-10-22";"42";"0";"9";"0";"0";"0";"0"
"2022";"Dengue";"LITORAL LESTE/JAGUARIBE";"07ª REGIÃO ARACATI";"ICAPUI";"2022-04-30";"17";"0";"102";"0";"0";"3";"26"
"2022";"Dengue";"CARIRI";"19ª REGIÃO BREJO SANTO";"BREJO SANTO";"2022-03-19";"11";"0";"140";"0";"0";"4";"57"
"2022";"Dengue";"LITORAL LESTE/JAGUARIBE";"07ª REGIÃO ARACATI";"ARACATI";"2022-07-02";"26";"0";"71";"0";"0";"4";"11"
"2022";"Dengue";"SOBRAL";"11ª REGIÃO SOBRAL";"MERUOCA";"2022-11-19";"46";"0";"5";"0";"0";"0";"0"
"2022";"Dengue";"SERTÃO CENTRAL";"05ª REGIÃO DE CANINDÉ";"ITATIRA";"2022-05-21";"20";"0";"3";"0";"0";"1";"2"
"2022";"Dengue";"FORTALEZA";"02ª REGIÃO CAUCAIA";"ITAPAJE";"2022-02-12";"6";"0";"0";"0";"0";"0";"0"
"2022";"Dengue";"FORTALEZA";"03ª REGIÃO MARACANAÚ";"ACARAPE";"2022-02-19";"7";"0";"0";"0";"0";"0";"0"
"2022";"Dengue";"CARIRI";"18ª REGIÃO IGUATU";"CARIUS";"2022-12-31";"52";"0";"0";"0";"0";"0";"0"
"2022";"Dengue";"FORTALEZA";"03ª REGIÃO MARACANAÚ";"MARANGUAPE";"2022-08-20";"33";"0";"46";"0";"0";"0";"25"
"2022";"Dengue";"SERTÃO CENTRAL";"05ª REGIÃO DE CANINDÉ";"ITATIRA";"2022-02-05";"5";"0";"0";"0";"0";"0";"0"
"2022";"Dengue";"SOBRAL";"11ª REGIÃO SOBRAL";"PIRES FERREIRA";"2022-05-21";"20";"0";"2";"0";"0";"0";"0"
"2022";"Dengue";"FORTALEZA";"04ª REGIÃO BATURITÉ";"ITAPIUNA";"2022-12-24";"51";"0";"0";"0";"0";"0";"0"
"2022";"Dengue";"SERTÃO CENTRAL";"05ª REGIÃO DE CANINDÉ";"ITATIRA";"2022-12-17";"50";"0";"0";"0";"0";"0";"0"
"2022";"Dengue";"CARIRI";"20ª REGIÃO CRATO";"FARIAS BRITO";"2022-06-25";"25";"0";"0";"0";"0";"0";"0"
"2022";"Dengue";"CARIRI";"20ª REGIÃO CRATO";"VARZEA ALEGRE";"2022-07-02";"26";"0";"12";"0";"0";"0";"0"
"2022";"Dengue";"FORTALEZA";"04ª REGIÃO BATURITÉ";"ITAPIUNA";"2022-08-27";"34";"0";"2";"0";"0";"0";"1"
"2022";"Dengue";"SOBRAL";"11ª REGIÃO SOBRAL";"MORAUJO";"2022-03-12";"10";"0";"0";"0";"0";"0";"0"
"2022";"Dengue";"CARIRI";"17ª REGIÃO ICÓ";"ICO";"2022-06-11";"23";"0";"45";"0";"0";"3";"14"
"2022";"Dengue";"SOBRAL";"15ª REGIÃO CRATEÚS";"IPAPORANGA";"2022-05-21";"20";"0";"0";"0";"0";"0";"0"
"2022";"Dengue";"SERTÃO CENTRAL";"14ª REGIÃO TAUÁ";"TAUA";"2022-09-03";"35";"0";"53";"0";"0";"5";"3"
"2022";"Dengue";"FORTALEZA";"02ª REGIÃO CAUCAIA";"SAO GONCALO DO AMARANTE";"2022-01-22";"3";"0";"1";"0";"0";"0";"0"
"2022";"Dengue";"FORTALEZA";"06ª REGIÃO DE ITAPIPOCA";"URUBURETAMA";"2022-07-09";"27";"0";"2";"0";"0";"0";"0"
"2022";"Dengue";"FORTALEZA";"04ª REGIÃO BATURITÉ";"ITAPIUNA";"2022-07-16";"28";"0";"0";"0";"0";"0";"0"
"2022";"Dengue";"CARIRI";"19ª REGIÃO BREJO SANTO";"PORTEIRAS";"2022-07-30";"30";"0";"2";"0";"0";"0";"2"
"2022";"Dengue";"FORTALEZA";"06ª REGIÃO DE ITAPIPOCA";"UMIRIM";"2022-06-18";"24";"0";"0";"0";"0";"0";"0"
"2022";"Dengue";"FORTALEZA";"03ª REGIÃO MARACANAÚ";"PACATUBA";"2022-10-01";"39";"0";"5";"0";"0";"0";"0"
"2022";"Dengue";"SOBRAL";"13ª REGIÃO TIANGUÁ";"IBIAPINA";"2022-10-22";"42";"0";"0";"0";"0";"0";"0"
"2022";"Dengue";"FORTALEZA";"02ª REGIÃO CAUCAIA";"SAO LUIS DO CURU";"2022-11-19";"46";"0";"0";"0";"0";"0";"0"
"2022";"Dengue";"LITORAL LESTE/JAGUARIBE";"10ª REGIÃO LIMOEIRO DO NORTE";"SAO JOAO DO JAGUARIBE";"2022-06-25";"25";"0";"5";"0";"0";"1";"0"
"2022";"Dengue";"FORTALEZA";"22ª REGIÃO CASCAVEL";"CASCAVEL";"2022-02-19";"7";"0";"3";"0";"0";"2";"0"
"2022";"Dengue";"CARIRI";"18ª REGIÃO IGUATU";"ACOPIARA";"2022-03-19";"11";"0";"1";"0";"0";"0";"0"
"2022";"Dengue";"CARIRI";"17ª REGIÃO ICÓ";"CEDRO";"2022-09-24";"38";"0";"0";"0";"0";"0";"0"
"2022";"Dengue";"CARIRI";"20ª REGIÃO CRATO";"NOVA OLINDA";"2022-11-19";"46";"0";"0";"0";"0";"0";"0"
"2022";"Dengue";"SOBRAL";"15ª REGIÃO CRATEÚS";"TAMBORIL";"2022-07-16";"28";"0";"1";"0";"0";"0";"0"
"2022";"Dengue";"FORTALEZA";"02ª REGIÃO CAUCAIA";"CAUCAIA";"2022-09-24";"38";"0";"11";"0";"0";"0";"7"
"2022";"Dengue";"SOBRAL";"15ª REGIÃO CRATEÚS";"MONSENHOR TABOSA";"2022-12-31";"52";"0";"3";"0";"0";"0";"0"
"2022";"Dengue";"CARIRI";"20ª REGIÃO CRATO";"CAMPOS SALES";"2022-03-05";"9";"0";"6";"0";"0";"1";"0"
"2022";"Dengue";"CARIRI";"20ª REGIÃO CRATO";"ANTONINA DO NORTE";"2022-04-09";"14";"0";"1";"0";"0";"0";"0"
"2022";"Dengue";"CARIRI";"19ª REGIÃO BREJO SANTO";"ABAIARA";"2022-06-11";"23";"0";"0";"0";"0";"0";"0"
"2022";"Dengue";"FORTALEZA";"22ª REGIÃO CASCAVEL";"PINDORETAMA";"2022-02-19";"7";"0";"43";"0";"0";"13";"0"
"2022";"Dengue";"FORTALEZA";"03ª REGIÃO MARACANAÚ";"GUAIUBA";"2022-08-20";"33";"0";"2";"0";"0";"0";"0"
"2022";"Dengue";"SERTÃO CENTRAL";"05ª REGIÃO DE CANINDÉ";"MADALENA";"2022-06-18";"24";"0";"5";"0";"0";"0";"4"
"2022";"Dengue";"SOBRAL";"15ª REGIÃO CRATEÚS";"MONSENHOR TABOSA";"2022-06-25";"25";"0";"15";"0";"0";"5";"7"
"2022";"Dengue";"CARIRI";"18ª REGIÃO IGUATU";"MOMBACA";"2022-02-05";"5";"0";"0";"0";"0";"0";"0"
"2022";"Dengue";"CARIRI";"17ª REGIÃO ICÓ";"LAVRAS DA MANGABEIRA";"2022-11-19";"46";"0";"0";"0";"0";"0";"0"
"2022";"Dengue";"SERTÃO CENTRAL";"08ª REGIÃO QUIXADÁ";"IBARETAMA";"2022-04-16";"15";"0";"0";"0";"0";"0";"0"
"2022";"Dengue";"CARIRI";"20ª REGIÃO CRATO";"SANTANA DO CARIRI";"2022-05-07";"18";"0";"56";"0";"0";"5";"10"
"2022";"Dengue";"SOBRAL";"11ª REGIÃO SOBRAL";"FRECHEIRINHA";"2022-01-29";"4";"0";"0";"0";"0";"0";"0"
"2022";"Dengue";"CARIRI";"18ª REGIÃO IGUATU";"DEPUTADO IRAPUAN PINHEIRO";"2022-04-16";"15";"0";"0";"0";"0";"0";"0"
"2022";"Dengue";"CARIRI";"18ª REGIÃO IGUATU";"CATARINA";"2022-10-08";"40";"0";"1";"0";"0";"0";"0"
"2022";"Dengue";"SOBRAL";"11ª REGIÃO SOBRAL";"SOBRAL";"2022-08-13";"32";"2";"146";"0";"0";"7";"6"
"2022";"Dengue";"CARIRI";"19ª REGIÃO BREJO SANTO";"JATI";"2022-01-29";"4";"0";"0";"0";"0";"0";"0"
"2022";"Dengue";"CARIRI";"19ª REGIÃO BREJO SANTO";"AURORA";"2022-06-11";"23";"0";"0";"0";"0";"0";"0"
"2022";"Dengue";"CARIRI";"19ª REGIÃO BREJO SANTO";"PORTEIRAS";"2022-10-22";"42";"0";"1";"0";"0";"0";"0"
"2022";"Dengue";"CARIRI";"21ª REGIÃO JUAZEIRO DO NORTE";"GRANJEIRO";"2022-03-26";"12";"0";"4";"0";"0";"0";"0"
"2022";"Dengue";"SOBRAL";"11ª REGIÃO SOBRAL";"FORQUILHA";"2022-08-20";"33";"0";"0";"0";"0";"0";"0"
"2022";"Dengue";"SOBRAL";"15ª REGIÃO CRATEÚS";"ARARENDA";"2022-01-22";"3";"0";"0";"0";"0";"0";"0"
"2022";"Dengue";"FORTALEZA";"06ª REGIÃO DE ITAPIPOCA";"URUBURETAMA";"2022-12-17";"50";"0";"0";"0";"0";"0";"0"
"2022";"Dengue";"FORTALEZA";"06ª REGIÃO DE ITAPIPOCA";"UMIRIM";"2022-10-01";"39";"0";"0";"0";"0";"0";"0"
"2022";"Dengue";"CARIRI";"19ª REGIÃO BREJO SANTO";"JATI";"2022-04-09";"14";"0";"10";"0";"0";"0";"0"
"2022";"Dengue";"FORTALEZA";"02ª REGIÃO CAUCAIA";"SAO GONCALO DO AMARANTE";"2022-05-14";"19";"0";"15";"0";"0";"1";"5"
"2022";"Dengue";"CARIRI";"18ª REGIÃO IGUATU";"CARIUS";"2022-10-15";"41";"0";"0";"0";"0";"0";"0"
"2022";"Dengue";"LITORAL LESTE/JAGUARIBE";"10ª REGIÃO LIMOEIRO DO NORTE";"JAGUARIBE";"2022-09-10";"36";"0";"37";"0";"0";"2";"0"
"2022";"Dengue";"CARIRI";"20ª REGIÃO CRATO";"FARIAS BRITO";"2022-07-30";"30";"0";"0";"0";"0";"0";"0"
"2022";"Dengue";"FORTALEZA";"02ª REGIÃO CAUCAIA";"SAO GONCALO DO AMARANTE";"2022-06-04";"22";"0";"15";"0";"0";"2";"5"
"2022";"Dengue";"SOBRAL";"16ª REGIÃO CAMOCIM";"CAMOCIM";"2022-06-11";"23";"0";"89";"0";"0";"8";"0"
"2022";"Dengue";"SOBRAL";"16ª REGIÃO CAMOCIM";"BARROQUINHA";"2022-12-17";"50";"0";"0";"0";"0";"0";"0"
"2022";"Dengue";"CARIRI";"18ª REGIÃO IGUATU";"QUIXELO";"2022-09-03";"35";"0";"0";"0";"0";"0";"0"
"2022";"Dengue";"SOBRAL";"11ª REGIÃO SOBRAL";"MERUOCA";"2022-07-23";"29";"0";"7";"0";"0";"1";"1"
"2022";"Dengue";"SOBRAL";"11ª REGIÃO SOBRAL";"URUOCA";"2022-09-10";"36";"0";"0";"0";"0";"0";"0"
"2022";"Dengue";"FORTALEZA";"03ª REGIÃO MARACANAÚ";"PACATUBA";"2022-04-23";"16";"0";"27";"0";"0";"4";"0"
"2022";"Dengue";"FORTALEZA";"03ª REGIÃO MARACANAÚ";"REDENCAO";"2022-02-12";"6";"0";"1";"0";"0";"0";"0"
"2022";"Dengue";"SOBRAL";"15ª REGIÃO CRATEÚS";"ARARENDA";"2022-04-02";"13";"0";"0";"0";"0";"0";"0"
"2022";"Dengue";"FORTALEZA";"22ª REGIÃO CASCAVEL";"CHOROZINHO";"2022-05-14";"19";"0";"1";"0";"0";"0";"0"
"2022";"Dengue";"FORTALEZA";"04ª REGIÃO BATURITÉ";"ARACOIABA";"2022-03-19";"11";"0";"1";"0";"0";"0";"0"
"2022";"Dengue";"SOBRAL";"16ª REGIÃO CAMOCIM";"GRANJA";"2022-06-25";"25";"0";"9";"0";"0";"1";"0"
"2022";"Dengue";"SERTÃO CENTRAL";"14ª REGIÃO TAUÁ";"AIUABA";"2022-09-10";"36";"0";"11";"0";"0";"5";"4"
"2022";"Dengue";"LITORAL LESTE/JAGUARIBE";"07ª REGIÃO ARACATI";"ITAICABA";"2022-12-03";"48";"0";"0";"0";"0";"0";"0"
"2022";"Dengue";"CARIRI";"20ª REGIÃO CRATO";"FARIAS BRITO";"2022-11-05";"44";"0";"0";"0";"0";"0";"0"
"2022";"Dengue";"SERTÃO CENTRAL";"08ª REGIÃO QUIXADÁ";"MILHA";"2022-07-23";"29";"0";"0";"0";"0";"0";"0"
"2022";"Dengue";"CARIRI";"17ª REGIÃO ICÓ";"OROS";"2022-02-26";"8";"0";"0";"0";"0";"0";"0"
"2022";"Dengue";"SERTÃO CENTRAL";"08ª REGIÃO QUIXADÁ";"IBICUITINGA";"2022-01-29";"4";"0";"1";"0";"0";"0";"0"
"2022";"Dengue";"CARIRI";"19ª REGIÃO BREJO SANTO";"PENAFORTE";"2022-04-02";"13";"0";"18";"0";"0";"0";"0"
"2022";"Dengue";"CARIRI";"20ª REGIÃO CRATO";"CRATO";"2022-06-11";"23";"1";"14";"0";"0";"2";"12"
"2022";"Dengue";"CARIRI";"21ª REGIÃO JUAZEIRO DO NORTE";"JUAZEIRO DO NORTE";"2022-02-05";"5";"0";"181";"0";"0";"4";"1"
"2022";"Dengue";"SERTÃO CENTRAL";"14ª REGIÃO TAUÁ";"ARNEIROZ";"2022-06-18";"24";"0";"2";"0";"0";"1";"0"
"2022";"Dengue";"SOBRAL";"16ª REGIÃO CAMOCIM";"MARTINOPOLE";"2022-07-09";"27";"0";"0";"0";"0";"0";"0"
"2022";"Dengue";"LITORAL LESTE/JAGUARIBE";"07ª REGIÃO ARACATI";"ICAPUI";"2022-07-02";"26";"0";"136";"0";"0";"0";"39"
"2022";"Dengue";"FORTALEZA";"04ª REGIÃO BATURITÉ";"GUARAMIRANGA";"2022-03-19";"11";"0";"2";"0";"0";"2";"0"
"2022";"Dengue";"CARIRI";"21ª REGIÃO JUAZEIRO DO NORTE";"JUAZEIRO DO NORTE";"2022-07-23";"29";"0";"9";"0";"0";"0";"0"
"2022";"Dengue";"FORTALEZA";"06ª REGIÃO DE ITAPIPOCA";"ITAPIPOCA";"2022-01-29";"4";"0";"1";"0";"0";"0";"0"
"2022";"Dengue";"SOBRAL";"15ª REGIÃO CRATEÚS";"QUITERIANOPOLIS";"2022-06-18";"24";"0";"19";"0";"0";"3";"0"
"2022";"Dengue";"FORTALEZA";"22ª REGIÃO CASCAVEL";"PACAJUS";"2022-03-05";"9";"0";"1";"0";"0";"1";"0"
"2022";"Dengue";"SOBRAL";"11ª REGIÃO SOBRAL";"HIDROLANDIA";"2022-05-14";"19";"0";"0";"0";"0";"0";"0"
"2022";"Dengue";"SOBRAL";"13ª REGIÃO TIANGUÁ";"TIANGUA";"2022-11-12";"45";"0";"11";"0";"0";"0";"0"
"2022";"Dengue";"LITORAL LESTE/JAGUARIBE";"10ª REGIÃO LIMOEIRO DO NORTE";"ERERE";"2022-03-05";"9";"0";"0";"0";"0";"0";"0"
"2022";"Dengue";"FORTALEZA";"06ª REGIÃO DE ITAPIPOCA";"TRAIRI";"2022-03-26";"12";"0";"11";"0";"0";"4";"0"
"2022";"Dengue";"SERTÃO CENTRAL";"08ª REGIÃO QUIXADÁ";"QUIXERAMOBIM";"2022-11-19";"46";"0";"0";"0";"0";"0";"0"
"2022";"Dengue";"LITORAL LESTE/JAGUARIBE";"10ª REGIÃO LIMOEIRO DO NORTE";"PEREIRO";"2022-01-22";"3";"0";"0";"0";"0";"0";"0"
"2022";"Dengue";"SOBRAL";"15ª REGIÃO CRATEÚS";"MONSENHOR TABOSA";"2022-08-06";"31";"0";"4";"0";"0";"0";"1"
"2022";"Dengue";"SOBRAL";"15ª REGIÃO CRATEÚS";"CRATEUS";"2022-01-08";"1";"0";"0";"0";"0";"0";"0"
"2022";"Dengue";"FORTALEZA";"22ª REGIÃO CASCAVEL";"CASCAVEL";"2022-03-19";"11";"0";"8";"0";"0";"7";"0"
"2022";"Dengue";"SOBRAL";"16ª REGIÃO CAMOCIM";"GRANJA";"2022-12-31";"52";"0";"0";"0";"0";"0";"0"
"2022";"Dengue";"SOBRAL";"11ª REGIÃO SOBRAL";"RERIUTABA";"2022-07-16";"28";"0";"4";"0";"0";"0";"0"
"2022";"Dengue";"CARIRI";"19ª REGIÃO BREJO SANTO";"ABAIARA";"2022-04-09";"14";"0";"3";"0";"0";"0";"0"
"2022";"Dengue";"SOBRAL";"12ª REGIÃO ACARAÚ";"BELA CRUZ";"2022-10-29";"43";"0";"19";"0";"0";"9";"5"
"2022";"Dengue";"SOBRAL";"12ª REGIÃO ACARAÚ";"ACARAU";"2022-09-10";"36";"0";"0";"0";"0";"0";"0"
"2022";"Dengue";"FORTALEZA";"06ª REGIÃO DE ITAPIPOCA";"AMONTADA";"2022-08-13";"32";"0";"1";"0";"0";"0";"0"
"2022";"Dengue";"CARIRI";"19ª REGIÃO BREJO SANTO";"MAURITI";"2022-10-22";"42";"0";"0";"0";"0";"0";"0"
"2022";"Dengue";"LITORAL LESTE/JAGUARIBE";"09ª REGIÃO RUSSAS";"RUSSAS";"2022-01-08";"1";"0";"0";"0";"0";"0";"0"
"2022";"Dengue";"CARIRI";"19ª REGIÃO BREJO SANTO";"PORTEIRAS";"2022-04-02";"13";"0";"22";"0";"0";"1";"0"
"2022";"Dengue";"CARIRI";"20ª REGIÃO CRATO";"ARARIPE";"2022-05-14";"19";"0";"16";"0";"0";"2";"0"
"2022";"Dengue";"FORTALEZA";"03ª REGIÃO MARACANAÚ";"MARANGUAPE";"2022-12-31";"52";"0";"4";"0";"0";"0";"0"
"2022";"Dengue";"SOBRAL";"11ª REGIÃO SOBRAL";"IPU";"2022-08-06";"31";"0";"0";"0";"0";"0";"0"
"2022";"Dengue";"LITORAL LESTE/JAGUARIBE";"09ª REGIÃO RUSSAS";"RUSSAS";"2022-03-05";"9";"0";"1";"0";"0";"0";"0"
"2022";"Dengue";"CARIRI";"18ª REGIÃO IGUATU";"QUIXELO";"2022-07-23";"29";"0";"1";"0";"0";"1";"0"
"2022";"Dengue";"SOBRAL";"16ª REGIÃO CAMOCIM";"MARTINOPOLE";"2022-01-22";"3";"0";"0";"0";"0";"0";"0"
"2022";"Dengue";"FORTALEZA";"02ª REGIÃO CAUCAIA";"SAO GONCALO DO AMARANTE";"2022-05-21";"20";"0";"13";"0";"0";"1";"4"
"2022";"Dengue";"CARIRI";"20ª REGIÃO CRATO";"CAMPOS SALES";"2022-04-02";"13";"0";"5";"0";"0";"0";"0"
"2022";"Dengue";"SERTÃO CENTRAL";"14ª REGIÃO TAUÁ";"PARAMBU";"2022-12-03";"48";"0";"0";"0";"0";"0";"0"
"2022";"Dengue";"SOBRAL";"13ª REGIÃO TIANGUÁ";"IBIAPINA";"2022-07-30";"30";"0";"0";"0";"0";"0";"0"
"2022";"Dengue";"SOBRAL";"11ª REGIÃO SOBRAL";"FRECHEIRINHA";"2022-09-10";"36";"0";"0";"0";"0";"0";"0"
"2022";"Dengue";"SOBRAL";"11ª REGIÃO SOBRAL";"MUCAMBO";"2022-08-20";"33";"0";"0";"0";"0";"0";"0"
"2022";"Dengue";"LITORAL LESTE/JAGUARIBE";"09ª REGIÃO RUSSAS";"JAGUARETAMA";"2022-12-03";"48";"0";"2";"0";"0";"1";"0"
"2022";"Dengue";"SERTÃO CENTRAL";"05ª REGIÃO DE CANINDÉ";"ITATIRA";"2022-11-19";"46";"0";"0";"0";"0";"0";"0"
"2022";"Dengue";"CARIRI";"20ª REGIÃO CRATO";"ANTONINA DO NORTE";"2022-08-13";"32";"0";"0";"0";"0";"0";"0"
"2022";"Dengue";"SOBRAL";"11ª REGIÃO SOBRAL";"GROAIRAS";"2022-07-16";"28";"0";"6";"0";"0";"2";"0"
"2022";"Dengue";"SOBRAL";"15ª REGIÃO CRATEÚS";"IPUEIRAS";"2022-10-29";"43";"0";"0";"0";"0";"0";"0"
"2022";"Dengue";"SERTÃO CENTRAL";"08ª REGIÃO QUIXADÁ";"CHORO";"2022-07-23";"29";"0";"4";"0";"0";"1";"0"
"2022";"Dengue";"SERTÃO CENTRAL";"08ª REGIÃO QUIXADÁ";"IBICUITINGA";"2022-07-30";"30";"0";"0";"0";"0";"0";"0"
"2022";"Dengue";"SERTÃO CENTRAL";"08ª REGIÃO QUIXADÁ";"CHORO";"2022-11-05";"44";"0";"2";"0";"0";"0";"1"
"2022";"Dengue";"FORTALEZA";"02ª REGIÃO CAUCAIA";"SAO LUIS DO CURU";"2022-11-05";"44";"0";"0";"0";"0";"0";"0"
"2022";"Dengue";"CARIRI";"19ª REGIÃO BREJO SANTO";"JATI";"2022-06-18";"24";"0";"3";"0";"0";"0";"0"
"2022";"Dengue";"CARIRI";"17ª REGIÃO ICÓ";"CEDRO";"2022-08-27";"34";"0";"0";"0";"0";"0";"0"
"2022";"Dengue";"CARIRI";"20ª REGIÃO CRATO";"TARRAFAS";"2022-10-01";"39";"0";"0";"0";"0";"0";"0"
"2022";"Dengue";"FORTALEZA";"02ª REGIÃO CAUCAIA";"SAO GONCALO DO AMARANTE";"2022-11-26";"47";"0";"0";"0";"0";"0";"0"
"2022";"Dengue";"CARIRI";"18ª REGIÃO IGUATU";"SABOEIRO";"2022-12-03";"48";"0";"0";"0";"0";"0";"0"
"2022";"Dengue";"SERTÃO CENTRAL";"05ª REGIÃO DE CANINDÉ";"BOA VIAGEM";"2022-06-04";"22";"0";"71";"0";"0";"5";"11"
"2022";"Dengue";"SOBRAL";"11ª REGIÃO SOBRAL";"FORQUILHA";"2022-10-15";"41";"0";"0";"0";"0";"0";"0"
"2022";"Dengue";"CARIRI";"20ª REGIÃO CRATO";"VARZEA ALEGRE";"2022-06-11";"23";"0";"22";"0";"0";"2";"0"
"2022";"Dengue";"SOBRAL";"11ª REGIÃO SOBRAL";"PIRES FERREIRA";"2022-01-29";"4";"0";"0";"0";"0";"0";"0"
"2022";"Dengue";"CARIRI";"20ª REGIÃO CRATO";"CAMPOS SALES";"2022-10-15";"41";"0";"1";"0";"0";"0";"0"
"2022";"Dengue";"SERTÃO CENTRAL";"14ª REGIÃO TAUÁ";"ARNEIROZ";"2022-05-28";"21";"0";"0";"0";"0";"0";"0"
"2022";"Dengue";"SOBRAL";"16ª REGIÃO CAMOCIM";"MARTINOPOLE";"2022-02-12";"6";"0";"0";"0";"0";"0";"0"
"2022";"Dengue";"SOBRAL";"12ª REGIÃO ACARAÚ";"ACARAU";"2022-04-30";"17";"0";"2";"0";"0";"0";"0"
"2022";"Dengue";"CARIRI";"18ª REGIÃO IGUATU";"ACOPIARA";"2022-01-29";"4";"0";"0";"0";"0";"0";"0"
"2022";"Dengue";"FORTALEZA";"06ª REGIÃO DE ITAPIPOCA";"AMONTADA";"2022-02-19";"7";"0";"1";"0";"0";"0";"0"
"2022";"Dengue";"SOBRAL";"11ª REGIÃO SOBRAL";"PIRES FERREIRA";"2022-05-07";"18";"0";"2";"0";"0";"2";"0"
"2022";"Dengue";"SOBRAL";"11ª REGIÃO SOBRAL";"URUOCA";"2022-03-12";"10";"0";"0";"0";"0";"0";"0"
"2022";"Dengue";"FORTALEZA";"03ª REGIÃO MARACANAÚ";"REDENCAO";"2022-01-22";"3";"0";"0";"0";"0";"0";"0"
"2022";"Dengue";"SOBRAL";"11ª REGIÃO SOBRAL";"MERUOCA";"2022-05-07";"18";"0";"0";"0";"0";"0";"0"
"2022";"Dengue";"CARIRI";"18ª REGIÃO IGUATU";"DEPUTADO IRAPUAN PINHEIRO";"2022-02-05";"5";"0";"0";"0";"0";"0";"0"
"2022";"Dengue";"FORTALEZA";"04ª REGIÃO BATURITÉ";"ARATUBA";"2022-06-18";"24";"0";"5";"0";"0";"0";"3"
"2022";"Dengue";"SERTÃO CENTRAL";"05ª REGIÃO DE CANINDÉ";"PARAMOTI";"2022-10-01";"39";"0";"1";"0";"0";"0";"0"
"2022";"Dengue";"SERTÃO CENTRAL";"08ª REGIÃO QUIXADÁ";"IBICUITINGA";"2022-10-29";"43";"0";"0";"0";"0";"0";"0"
"2022";"Dengue";"FORTALEZA";"01ª REGIÃO FORTALEZA";"EUSEBIO";"2022-11-12";"45";"0";"0";"0";"0";"0";"0"
"2022";"Dengue";"CARIRI";"20ª REGIÃO CRATO";"ASSARE";"2022-09-17";"37";"0";"0";"0";"0";"0";"0"
"2022";"Dengue";"FORTALEZA";"04ª REGIÃO BATURITÉ";"CAPISTRANO";"2022-12-24";"51";"0";"0";"0";"0";"0";"0"
"2022";"Dengue";"SOBRAL";"11ª REGIÃO SOBRAL";"COREAU";"2022-02-26";"8";"0";"1";"0";"0";"0";"0"
"2022";"Dengue";"SOBRAL";"13ª REGIÃO TIANGUÁ";"IBIAPINA";"2022-02-19";"7";"0";"1";"0";"0";"0";"0"
"2022";"Dengue";"SOBRAL";"12ª REGIÃO ACARAÚ";"CRUZ";"2022-10-22";"42";"0";"0";"0";"0";"0";"0"
"2022";"Dengue";"SERTÃO CENTRAL";"08ª REGIÃO QUIXADÁ";"CHORO";"2022-07-09";"27";"0";"2";"0";"0";"1";"0"
"2022";"Dengue";"FORTALEZA";"01ª REGIÃO FORTALEZA";"AQUIRAZ";"2022-07-02";"26";"0";"2";"0";"0";"0";"0"
"2022";"Dengue";"SERTÃO CENTRAL";"08ª REGIÃO QUIXADÁ";"QUIXERAMOBIM";"2022-03-19";"11";"0";"5";"0";"0";"1";"2"
"2022";"Dengue";"FORTALEZA";"06ª REGIÃO DE ITAPIPOCA";"MIRAIMA";"2022-01-22";"3";"0";"0";"0";"0";"0";"0"
"2022";"Dengue";"SOBRAL";"11ª REGIÃO SOBRAL";"IPU";"2022-11-26";"47";"0";"1";"0";"0";"0";"0"
"2022";"Dengue";"LITORAL LESTE/JAGUARIBE";"09ª REGIÃO RUSSAS";"PALHANO";"2022-04-23";"16";"0";"11";"0";"0";"1";"0"
"2022";"Dengue";"SOBRAL";"11ª REGIÃO SOBRAL";"MASSAPE";"2022-12-17";"50";"0";"0";"0";"0";"0";"0"
"2022";"Dengue";"SERTÃO CENTRAL";"08ª REGIÃO QUIXADÁ";"MILHA";"2022-08-06";"31";"0";"0";"0";"0";"0";"0"
"2022";"Dengue";"CARIRI";"19ª REGIÃO BREJO SANTO";"MAURITI";"2022-08-20";"33";"0";"3";"0";"0";"0";"3"
"2022";"Dengue";"SOBRAL";"13ª REGIÃO TIANGUÁ";"VICOSA DO CEARA";"2022-09-24";"38";"0";"3";"0";"0";"1";"0"
"2022";"Dengue";"SOBRAL";"12ª REGIÃO ACARAÚ";"BELA CRUZ";"2022-02-05";"5";"0";"0";"0";"0";"0";"0"
"2022";"Dengue";"LITORAL LESTE/JAGUARIBE";"10ª REGIÃO LIMOEIRO DO NORTE";"JAGUARIBARA";"2022-01-22";"3";"0";"0";"0";"0";"0";"0"
"2022";"Dengue";"FORTALEZA";"02ª REGIÃO CAUCAIA";"CAUCAIA";"2022-01-22";"3";"0";"7";"0";"0";"0";"2"
"2022";"Dengue";"LITORAL LESTE/JAGUARIBE";"09ª REGIÃO RUSSAS";"JAGUARUANA";"2022-09-10";"36";"0";"8";"0";"0";"2";"2"
"2022";"Dengue";"LITORAL LESTE/JAGUARIBE";"10ª REGIÃO LIMOEIRO DO NORTE";"TABULEIRO DO NORTE";"2022-04-16";"15";"0";"2";"0";"0";"0";"0"
"2022";"Dengue";"FORTALEZA";"01ª REGIÃO FORTALEZA";"EUSEBIO";"2022-03-05";"9";"0";"0";"0";"0";"0";"0"
"2022";"Dengue";"FORTALEZA";"02ª REGIÃO CAUCAIA";"PARACURU";"2022-12-31";"52";"0";"0";"0";"0";"0";"0"
"2022";"Dengue";"FORTALEZA";"03ª REGIÃO MARACANAÚ";"PACATUBA";"2022-01-22";"3";"0";"3";"0";"0";"0";"0"
"2022";"Dengue";"FORTALEZA";"01ª REGIÃO FORTALEZA";"ITAITINGA";"2022-03-05";"9";"0";"3";"0";"0";"2";"1"
"2022";"Dengue";"SOBRAL";"15ª REGIÃO CRATEÚS";"MONSENHOR TABOSA";"2022-07-30";"30";"0";"9";"0";"0";"0";"1"
"2022";"Dengue";"CARIRI";"17ª REGIÃO ICÓ";"IPAUMIRIM";"2022-12-17";"50";"0";"0";"0";"0";"0";"0"
"2022";"Dengue";"FORTALEZA";"06ª REGIÃO DE ITAPIPOCA";"MIRAIMA";"2022-09-03";"35";"0";"0";"0";"0";"0";"0"
"2022";"Dengue";"FORTALEZA";"04ª REGIÃO BATURITÉ";"GUARAMIRANGA";"2022-06-18";"24";"0";"4";"0";"0";"0";"2"
"2022";"Dengue";"CARIRI";"19ª REGIÃO BREJO SANTO";"MAURITI";"2022-06-04";"22";"0";"31";"0";"0";"5";"8"
"2022";"Dengue";"SOBRAL";"11ª REGIÃO SOBRAL";"FORQUILHA";"2022-06-04";"22";"0";"22";"0";"0";"7";"4"
"2022";"Dengue";"SOBRAL";"11ª REGIÃO SOBRAL";"MERUOCA";"2022-06-04";"22";"0";"5";"0";"0";"3";"0"
"2022";"Dengue";"CARIRI";"19ª REGIÃO BREJO SANTO";"MAURITI";"2022-11-05";"44";"0";"0";"0";"0";"0";"0"
"2022";"Dengue";"SOBRAL";"11ª REGIÃO SOBRAL";"CARIRE";"2022-09-17";"37";"0";"1";"0";"0";"0";"1"
"2022";"Dengue";"FORTALEZA";"04ª REGIÃO BATURITÉ";"ARACOIABA";"2022-01-15";"2";"0";"0";"0";"0";"0";"0"
"2022";"Dengue";"LITORAL LESTE/JAGUARIBE";"10ª REGIÃO LIMOEIRO DO NORTE";"ALTO SANTO";"2022-12-31";"52";"0";"0";"0";"0";"0";"0"
"2022";"Dengue";"SOBRAL";"16ª REGIÃO CAMOCIM";"GRANJA";"2022-03-19";"11";"0";"1";"0";"0";"1";"0"
"2022";"Dengue";"SOBRAL";"13ª REGIÃO TIANGUÁ";"VICOSA DO CEARA";"2022-12-24";"51";"0";"0";"0";"0";"0";"0"
"2022";"Dengue";"CARIRI";"20ª REGIÃO CRATO";"POTENGI";"2022-07-23";"29";"0";"0";"0";"0";"0";"0"
"2022";"Dengue";"FORTALEZA";"04ª REGIÃO BATURITÉ";"CAPISTRANO";"2022-11-26";"47";"0";"0";"0";"0";"0";"0"
"2022";"Dengue";"SOBRAL";"15ª REGIÃO CRATEÚS";"PORANGA";"2022-08-27";"34";"0";"0";"0";"0";"0";"0"
"2022";"Dengue";"SOBRAL";"11ª REGIÃO SOBRAL";"IPU";"2022-09-03";"35";"0";"0";"0";"0";"0";"0"
"2022";"Dengue";"CARIRI";"20ª REGIÃO CRATO";"FARIAS BRITO";"2022-07-02";"26";"0";"0";"0";"0";"0";"0"
"2022";"Dengue";"FORTALEZA";"03ª REGIÃO MARACANAÚ";"BARREIRA";"2022-11-19";"46";"0";"0";"0";"0";"0";"0"
"2022";"Dengue";"SERTÃO CENTRAL";"14ª REGIÃO TAUÁ";"PARAMBU";"2022-09-10";"36";"0";"3";"0";"0";"1";"0"
"2022";"Dengue";"CARIRI";"19ª REGIÃO BREJO SANTO";"MILAGRES";"2022-07-23";"29";"0";"1";"0";"0";"0";"1"
"2022";"Dengue";"SERTÃO CENTRAL";"08ª REGIÃO QUIXADÁ";"IBICUITINGA";"2022-06-18";"24";"0";"22";"0";"0";"11";"0"
"2022";"Dengue";"SOBRAL";"16ª REGIÃO CAMOCIM";"GRANJA";"2022-12-10";"49";"0";"1";"0";"0";"0";"0"
"2022";"Dengue";"SOBRAL";"11ª REGIÃO SOBRAL";"IPU";"2022-08-20";"33";"0";"0";"0";"0";"0";"0"
"2022";"Dengue";"LITORAL LESTE/JAGUARIBE";"10ª REGIÃO LIMOEIRO DO NORTE";"ERERE";"2022-09-24";"38";"0";"0";"0";"0";"0";"0"
"2022";"Dengue";"SERTÃO CENTRAL";"05ª REGIÃO DE CANINDÉ";"MADALENA";"2022-06-04";"22";"0";"9";"0";"0";"0";"9"
"2022";"Dengue";"FORTALEZA";"06ª REGIÃO DE ITAPIPOCA";"AMONTADA";"2022-12-24";"51";"0";"0";"0";"0";"0";"0"
"2022";"Dengue";"SERTÃO CENTRAL";"08ª REGIÃO QUIXADÁ";"QUIXADA";"2022-08-27";"34";"0";"7";"0";"0";"0";"4"
"2022";"Dengue";"SOBRAL";"11ª REGIÃO SOBRAL";"ALCANTARAS";"2022-11-26";"47";"0";"4";"0";"0";"1";"1"
"2022";"Dengue";"FORTALEZA";"22ª REGIÃO CASCAVEL";"CHOROZINHO";"2022-10-08";"40";"0";"0";"0";"0";"0";"0"
"2022";"Dengue";"SOBRAL";"13ª REGIÃO TIANGUÁ";"SAO BENEDITO";"2022-07-09";"27";"0";"4";"0";"0";"0";"0"
"2022";"Dengue";"FORTALEZA";"06ª REGIÃO DE ITAPIPOCA";"AMONTADA";"2022-07-09";"27";"0";"6";"0";"0";"0";"0"
"2022";"Dengue";"SOBRAL";"15ª REGIÃO CRATEÚS";"IPUEIRAS";"2022-07-09";"27";"0";"8";"0";"0";"0";"8"
"2022";"Dengue";"SERTÃO CENTRAL";"05ª REGIÃO DE CANINDÉ";"ITATIRA";"2022-07-16";"28";"0";"1";"0";"0";"0";"0"
"2022";"Dengue";"SOBRAL";"13ª REGIÃO TIANGUÁ";"SAO BENEDITO";"2022-12-24";"51";"0";"0";"0";"0";"0";"0"
"2022";"Dengue";"CARIRI";"19ª REGIÃO BREJO SANTO";"JATI";"2022-03-05";"9";"0";"1";"0";"0";"0";"0"
"2022";"Dengue";"CARIRI";"20ª REGIÃO CRATO";"SALITRE";"2022-04-23";"16";"0";"13";"0";"0";"0";"0"
"2022";"Dengue";"SERTÃO CENTRAL";"08ª REGIÃO QUIXADÁ";"QUIXERAMOBIM";"2022-08-06";"31";"0";"3";"0";"0";"0";"1"
"2022";"Dengue";"SOBRAL";"11ª REGIÃO SOBRAL";"SANTA QUITERIA";"2022-02-19";"7";"0";"0";"0";"0";"0";"0"
"2022";"Dengue";"FORTALEZA";"22ª REGIÃO CASCAVEL";"OCARA";"2022-03-05";"9";"0";"2";"0";"0";"0";"0"
"2022";"Dengue";"SOBRAL";"11ª REGIÃO SOBRAL";"GROAIRAS";"2022-08-06";"31";"0";"5";"0";"0";"5";"0"
"2022";"Dengue";"FORTALEZA";"02ª REGIÃO CAUCAIA";"TEJUCUOCA";"2022-06-25";"25";"0";"0";"0";"0";"0";"0"
"2022";"Dengue";"CARIRI";"20ª REGIÃO CRATO";"ALTANEIRA";"2022-08-13";"32";"0";"0";"0";"0";"0";"0"
"2022";"Dengue";"CARIRI";"19ª REGIÃO BREJO SANTO";"PENAFORTE";"2022-01-08";"1";"0";"0";"0";"0";"0";"0"
"2022";"Dengue";"CARIRI";"20ª REGIÃO CRATO";"FARIAS BRITO";"2022-02-26";"8";"0";"5";"0";"0";"0";"0"
"2022";"Dengue";"FORTALEZA";"02ª REGIÃO CAUCAIA";"APUIARES";"2022-09-10";"36";"0";"0";"0";"0";"0";"0"
"2022";"Dengue";"SOBRAL";"11ª REGIÃO SOBRAL";"SOBRAL";"2022-09-17";"37";"0";"28";"0";"0";"3";"0"
"2022";"Dengue";"SOBRAL";"11ª REGIÃO SOBRAL";"PACUJA";"2022-05-28";"21";"0";"0";"0";"0";"0";"0"
"2022";"Dengue";"LITORAL LESTE/JAGUARIBE";"07ª REGIÃO ARACATI";"FORTIM";"2022-01-22";"3";"0";"4";"0";"0";"0";"0"
"2022";"Dengue";"SOBRAL";"11ª REGIÃO SOBRAL";"VARJOTA";"2022-12-17";"50";"0";"0";"0";"0";"0";"0"
"2022";"Dengue";"CARIRI";"19ª REGIÃO BREJO SANTO";"PORTEIRAS";"2022-01-29";"4";"0";"0";"0";"0";"0";"0"
"2022";"Dengue";"CARIRI";"20ª REGIÃO CRATO";"CRATO";"2022-03-05";"9";"0";"28";"0";"0";"5";"19"
"2022";"Dengue";"SOBRAL";"11ª REGIÃO SOBRAL";"MERUOCA";"2022-07-30";"30";"0";"2";"0";"0";"0";"0"
"2022";"Dengue";"SOBRAL";"11ª REGIÃO SOBRAL";"IRAUCUBA";"2022-10-15";"41";"0";"0";"0";"0";"0";"0"
"2022";"Dengue";"SOBRAL";"11ª REGIÃO SOBRAL";"CATUNDA";"2022-11-12";"45";"0";"0";"0";"0";"0";"0"
"2022";"Dengue";"SOBRAL";"16ª REGIÃO CAMOCIM";"CAMOCIM";"2022-11-26";"47";"0";"4";"0";"0";"0";"0"
"2022";"Dengue";"FORTALEZA";"03ª REGIÃO MARACANAÚ";"MARANGUAPE";"2022-04-09";"14";"0";"11";"0";"0";"4";"3"
"2022";"Dengue";"FORTALEZA";"03ª REGIÃO MARACANAÚ";"GUAIUBA";"2022-12-03";"48";"0";"0";"0";"0";"0";"0"
"2022";"Dengue";"SOBRAL";"15ª REGIÃO CRATEÚS";"IPAPORANGA";"2022-09-03";"35";"0";"0";"0";"0";"0";"0"
"2022";"Dengue";"SERTÃO CENTRAL";"08ª REGIÃO QUIXADÁ";"SENADOR POMPEU";"2022-10-15";"41";"0";"0";"0";"0";"0";"0"
"2022";"Dengue";"SOBRAL";"11ª REGIÃO SOBRAL";"SANTA QUITERIA";"2022-01-29";"4";"0";"0";"0";"0";"0";"0"
"2022";"Dengue";"SOBRAL";"11ª REGIÃO SOBRAL";"SENADOR SA";"2022-10-29";"43";"0";"0";"0";"0";"0";"0"
"2022";"Dengue";"FORTALEZA";"02ª REGIÃO CAUCAIA";"PENTECOSTE";"2022-07-16";"28";"0";"0";"0";"0";"0";"0"
"2022";"Dengue";"SOBRAL";"13ª REGIÃO TIANGUÁ";"CARNAUBAL";"2022-06-18";"24";"0";"3";"0";"0";"1";"0"
"2022";"Dengue";"SOBRAL";"11ª REGIÃO SOBRAL";"SANTANA DO ACARAU";"2022-02-19";"7";"0";"1";"0";"0";"0";"1"
"2022";"Dengue";"FORTALEZA";"22ª REGIÃO CASCAVEL";"BEBERIBE";"2022-03-05";"9";"0";"6";"0";"0";"2";"2"
"2022";"Dengue";"CARIRI";"20ª REGIÃO CRATO";"TARRAFAS";"2022-03-05";"9";"0";"0";"0";"0";"0";"0"
"2022";"Dengue";"SOBRAL";"11ª REGIÃO SOBRAL";"SANTANA DO ACARAU";"2022-01-29";"4";"0";"0";"0";"0";"0";"0"
"2022";"Dengue";"SOBRAL";"11ª REGIÃO SOBRAL";"IRAUCUBA";"2022-08-13";"32";"0";"7";"0";"0";"0";"0"
"2022";"Dengue";"CARIRI";"18ª REGIÃO IGUATU";"IGUATU";"2022-11-26";"47";"0";"0";"0";"0";"0";"0"
"2022";"Dengue";"SOBRAL";"11ª REGIÃO SOBRAL";"FORQUILHA";"2022-01-22";"3";"0";"0";"0";"0";"0";"0"
"2022";"Dengue";"CARIRI";"20ª REGIÃO CRATO";"TARRAFAS";"2022-12-31";"52";"0";"0";"0";"0";"0";"0"
"2022";"Dengue";"SOBRAL";"12ª REGIÃO ACARAÚ";"MORRINHOS";"2022-06-04";"22";"0";"0";"0";"0";"0";"0"
"2022";"Dengue";"SOBRAL";"11ª REGIÃO SOBRAL";"URUOCA";"2022-10-08";"40";"0";"0";"0";"0";"0";"0"
"2022";"Dengue";"SOBRAL";"11ª REGIÃO SOBRAL";"URUOCA";"2022-09-03";"35";"0";"0";"0";"0";"0";"0"
"2022";"Dengue";"FORTALEZA";"03ª REGIÃO MARACANAÚ";"PALMACIA";"2022-12-31";"52";"0";"0";"0";"0";"0";"0"
"2022";"Dengue";"FORTALEZA";"04ª REGIÃO BATURITÉ";"ARACOIABA";"2022-01-29";"4";"0";"0";"0";"0";"0";"0"
"2022";"Dengue";"FORTALEZA";"06ª REGIÃO DE ITAPIPOCA";"TRAIRI";"2022-02-12";"6";"0";"0";"0";"0";"0";"0"
"2022";"Dengue";"LITORAL LESTE/JAGUARIBE";"09ª REGIÃO RUSSAS";"PALHANO";"2022-09-24";"38";"0";"0";"0";"0";"0";"0"
"2022";"Dengue";"CARIRI";"20ª REGIÃO CRATO";"ARARIPE";"2022-04-02";"13";"0";"20";"0";"0";"1";"0"
"2022";"Dengue";"FORTALEZA";"02ª REGIÃO CAUCAIA";"SAO LUIS DO CURU";"2022-06-11";"23";"0";"0";"0";"0";"0";"0"
"2022";"Dengue";"CARIRI";"20ª REGIÃO CRATO";"SANTANA DO CARIRI";"2022-03-19";"11";"0";"49";"0";"0";"10";"1"
"2022";"Dengue";"CARIRI";"20ª REGIÃO CRATO";"POTENGI";"2022-03-12";"10";"0";"0";"0";"0";"0";"0"
"2022";"Dengue";"SOBRAL";"15ª REGIÃO CRATEÚS";"NOVA RUSSAS";"2022-03-26";"12";"0";"0";"0";"0";"0";"0"
"2022";"Dengue";"SOBRAL";"11ª REGIÃO SOBRAL";"SANTA QUITERIA";"2022-11-12";"45";"0";"0";"0";"0";"0";"0"
"2022";"Dengue";"FORTALEZA";"02ª REGIÃO CAUCAIA";"ITAPAJE";"2022-06-04";"22";"0";"5";"0";"0";"0";"0"
"2022";"Dengue";"FORTALEZA";"01ª REGIÃO FORTALEZA";"ITAITINGA";"2022-11-26";"47";"0";"0";"0";"0";"0";"0"
"2022";"Dengue";"CARIRI";"19ª REGIÃO BREJO SANTO";"BREJO SANTO";"2022-02-05";"5";"0";"13";"0";"0";"1";"0"
"2022";"Dengue";"LITORAL LESTE/JAGUARIBE";"07ª REGIÃO ARACATI";"ICAPUI";"2022-06-25";"25";"0";"133";"0";"0";"0";"35"
"2022";"Dengue";"LITORAL LESTE/JAGUARIBE";"10ª REGIÃO LIMOEIRO DO NORTE";"JAGUARIBARA";"2022-09-24";"38";"0";"10";"0";"0";"5";"0"
"2022";"Dengue";"LITORAL LESTE/JAGUARIBE";"09ª REGIÃO RUSSAS";"PALHANO";"2022-09-17";"37";"0";"0";"0";"0";"0";"0"
"2022";"Dengue";"SOBRAL";"13ª REGIÃO TIANGUÁ";"CARNAUBAL";"2022-09-24";"38";"0";"0";"0";"0";"0";"0"
"2022";"Dengue";"LITORAL LESTE/JAGUARIBE";"07ª REGIÃO ARACATI";"ARACATI";"2022-10-22";"42";"0";"6";"0";"0";"0";"3"
"2022";"Dengue";"SOBRAL";"13ª REGIÃO TIANGUÁ";"UBAJARA";"2022-03-12";"10";"0";"0";"0";"0";"0";"0"
"2022";"Dengue";"LITORAL LESTE/JAGUARIBE";"09ª REGIÃO RUSSAS";"MORADA NOVA";"2022-11-05";"44";"0";"2";"0";"0";"0";"0"
"2022";"Dengue";"FORTALEZA";"02ª REGIÃO CAUCAIA";"CAUCAIA";"2022-02-12";"6";"0";"3";"0";"0";"0";"1"
"2022";"Dengue";"CARIRI";"18ª REGIÃO IGUATU";"PIQUET CARNEIRO";"2022-12-17";"50";"0";"0";"0";"0";"0";"0"
"2022";"Dengue";"SERTÃO CENTRAL";"08ª REGIÃO QUIXADÁ";"BANABUIU";"2022-12-10";"49";"0";"2";"0";"0";"0";"0"
"2022";"Dengue";"CARIRI";"20ª REGIÃO CRATO";"ALTANEIRA";"2022-09-17";"37";"0";"0";"0";"0";"0";"0"
"2022";"Dengue";"CARIRI";"20ª REGIÃO CRATO";"FARIAS BRITO";"2022-09-03";"35";"0";"0";"0";"0";"0";"0"
"2022";"Dengue";"SOBRAL";"11ª REGIÃO SOBRAL";"MUCAMBO";"2022-12-03";"48";"0";"0";"0";"0";"0";"0"
"2022";"Dengue";"FORTALEZA";"06ª REGIÃO DE ITAPIPOCA";"URUBURETAMA";"2022-01-29";"4";"0";"0";"0";"0";"0";"0"
"2022";"Dengue";"CARIRI";"19ª REGIÃO BREJO SANTO";"PORTEIRAS";"2022-04-23";"16";"0";"47";"0";"0";"2";"1"
"2022";"Dengue";"FORTALEZA";"02ª REGIÃO CAUCAIA";"PARAIPABA";"2022-01-15";"2";"0";"0";"0";"0";"0";"0"
"2022";"Dengue";"FORTALEZA";"01ª REGIÃO FORTALEZA";"ITAITINGA";"2022-03-26";"12";"0";"2";"0";"0";"1";"0"
"2022";"Dengue";"CARIRI";"17ª REGIÃO ICÓ";"OROS";"2022-04-30";"17";"0";"3";"0";"0";"2";"0"
"2022";"Dengue";"FORTALEZA";"03ª REGIÃO MARACANAÚ";"MARANGUAPE";"2022-01-08";"1";"0";"5";"0";"0";"2";"0"
"2022";"Dengue";"FORTALEZA";"06ª REGIÃO DE ITAPIPOCA";"MIRAIMA";"2022-06-25";"25";"0";"10";"0";"0";"0";"10"
"2022";"Dengue";"LITORAL LESTE/JAGUARIBE";"10ª REGIÃO LIMOEIRO DO NORTE";"LIMOEIRO DO NORTE";"2022-11-05";"44";"0";"7";"0";"0";"0";"3"
"2022";"Dengue";"FORTALEZA";"04ª REGIÃO BATURITÉ";"MULUNGU";"2022-12-10";"49";"0";"0";"0";"0";"0";"0"
"2022";"Dengue";"SOBRAL";"15ª REGIÃO CRATEÚS";"TAMBORIL";"2022-01-22";"3";"0";"0";"0";"0";"0";"0"
"2022";"Dengue";"CARIRI";"20ª REGIÃO CRATO";"ARARIPE";"2022-06-04";"22";"0";"6";"0";"0";"0";"0"
"2022";"Dengue";"FORTALEZA";"04ª REGIÃO BATURITÉ";"ITAPIUNA";"2022-01-08";"1";"0";"0";"0";"0";"0";"0"
"2022";"Dengue";"SOBRAL";"13ª REGIÃO TIANGUÁ";"SAO BENEDITO";"2022-04-02";"13";"0";"1";"0";"0";"0";"0"
"2022";"Dengue";"SOBRAL";"13ª REGIÃO TIANGUÁ";"TIANGUA";"2022-09-17";"37";"0";"6";"0";"0";"1";"0"
"2022";"Dengue";"FORTALEZA";"02ª REGIÃO CAUCAIA";"PARAIPABA";"2022-11-26";"47";"0";"1";"0";"0";"0";"0"
"2022";"Dengue";"SOBRAL";"13ª REGIÃO TIANGUÁ";"GUARACIABA DO NORTE";"2022-12-31";"52";"0";"0";"0";"0";"0";"0"
"2022";"Dengue";"FORTALEZA";"22ª REGIÃO CASCAVEL";"PACAJUS";"2022-04-09";"14";"0";"3";"0";"0";"1";"1"
"2022";"Dengue";"FORTALEZA";"03ª REGIÃO MARACANAÚ";"REDENCAO";"2022-08-20";"33";"0";"0";"0";"0";"0";"0"
"2022";"Dengue";"SOBRAL";"15ª REGIÃO CRATEÚS";"NOVA RUSSAS";"2022-07-02";"26";"0";"12";"0";"0";"2";"3"
"2022";"Dengue";"SERTÃO CENTRAL";"14ª REGIÃO TAUÁ";"ARNEIROZ";"2022-08-06";"31";"0";"0";"0";"0";"0";"0"
"2022";"Dengue";"FORTALEZA";"02ª REGIÃO CAUCAIA";"GENERAL SAMPAIO";"2022-02-19";"7";"0";"0";"0";"0";"0";"0"
"2022";"Dengue";"FORTALEZA";"06ª REGIÃO DE ITAPIPOCA";"MIRAIMA";"2022-10-22";"42";"0";"0";"0";"0";"0";"0"
"2022";"Dengue";"FORTALEZA";"03ª REGIÃO MARACANAÚ";"BARREIRA";"2022-05-21";"20";"0";"0";"0";"0";"0";"0"
"2022";"Dengue";"FORTALEZA";"01ª REGIÃO FORTALEZA";"AQUIRAZ";"2022-03-26";"12";"0";"3";"0";"0";"0";"0"
"2022";"Dengue";"SOBRAL";"12ª REGIÃO ACARAÚ";"BELA CRUZ";"2022-01-15";"2";"0";"0";"0";"0";"0";"0"
"2022";"Dengue";"CARIRI";"17ª REGIÃO ICÓ";"BAIXIO";"2022-07-02";"26";"0";"0";"0";"0";"0";"0"
"2022";"Dengue";"SOBRAL";"11ª REGIÃO SOBRAL";"IPU";"2022-11-05";"44";"0";"0";"0";"0";"0";"0"
"2022";"Dengue";"LITORAL LESTE/JAGUARIBE";"07ª REGIÃO ARACATI";"FORTIM";"2022-06-18";"24";"0";"1";"0";"0";"1";"0"
"2022";"Dengue";"CARIRI";"20ª REGIÃO CRATO";"TARRAFAS";"2022-04-16";"15";"0";"0";"0";"0";"0";"0"
"2022";"Dengue";"CARIRI";"17ª REGIÃO ICÓ";"CEDRO";"2022-07-02";"26";"0";"1";"0";"0";"0";"0"
"2022";"Dengue";"CARIRI";"19ª REGIÃO BREJO SANTO";"AURORA";"2022-03-05";"9";"0";"0";"0";"0";"0";"0"
"2022";"Dengue";"CARIRI";"21ª REGIÃO JUAZEIRO DO NORTE";"MISSAO VELHA";"2022-11-05";"44";"0";"0";"0";"0";"0";"0"
"2022";"Dengue";"CARIRI";"19ª REGIÃO BREJO SANTO";"PENAFORTE";"2022-10-29";"43";"0";"0";"0";"0";"0";"0"
"2022";"Dengue";"FORTALEZA";"04ª REGIÃO BATURITÉ";"BATURITE";"2022-10-08";"40";"0";"0";"0";"0";"0";"0"
"2022";"Dengue";"FORTALEZA";"03ª REGIÃO MARACANAÚ";"PALMACIA";"2022-10-15";"41";"0";"0";"0";"0";"0";"0"
"2022";"Dengue";"FORTALEZA";"06ª REGIÃO DE ITAPIPOCA";"MIRAIMA";"2022-03-19";"11";"0";"2";"0";"0";"0";"1"
"2022";"Dengue";"SERTÃO CENTRAL";"14ª REGIÃO TAUÁ";"TAUA";"2022-03-19";"11";"0";"6";"0";"0";"3";"1"
"2022";"Dengue";"FORTALEZA";"02ª REGIÃO CAUCAIA";"SAO LUIS DO CURU";"2022-02-26";"8";"0";"0";"0";"0";"0";"0"
"2022";"Dengue";"SOBRAL";"11ª REGIÃO SOBRAL";"PACUJA";"2022-06-11";"23";"0";"1";"0";"0";"0";"0"
"2022";"Dengue";"CARIRI";"19ª REGIÃO BREJO SANTO";"PORTEIRAS";"2022-07-16";"28";"0";"10";"0";"0";"0";"6"
"2022";"Dengue";"SERTÃO CENTRAL";"05ª REGIÃO DE CANINDÉ";"BOA VIAGEM";"2022-04-30";"17";"0";"32";"0";"0";"0";"2"
"2022";"Dengue";"LITORAL LESTE/JAGUARIBE";"10ª REGIÃO LIMOEIRO DO NORTE";"PEREIRO";"2022-07-23";"29";"0";"0";"0";"0";"0";"0"
"2022";"Dengue";"FORTALEZA";"02ª REGIÃO CAUCAIA";"APUIARES";"2022-04-30";"17";"0";"1";"0";"0";"1";"0"
"2022";"Dengue";"SOBRAL";"16ª REGIÃO CAMOCIM";"MARTINOPOLE";"2022-11-26";"47";"0";"0";"0";"0";"0";"0"
"2022";"Dengue";"SERTÃO CENTRAL";"05ª REGIÃO DE CANINDÉ";"BOA VIAGEM";"2022-03-12";"10";"0";"9";"0";"0";"0";"1"
"2022";"Dengue";"SERTÃO CENTRAL";"08ª REGIÃO QUIXADÁ";"IBARETAMA";"2022-12-10";"49";"0";"0";"0";"0";"0";"0"
"2022";"Dengue";"CARIRI";"19ª REGIÃO BREJO SANTO";"BREJO SANTO";"2022-03-26";"12";"0";"142";"0";"0";"3";"41"
"2022";"Dengue";"FORTALEZA";"03ª REGIÃO MARACANAÚ";"PALMACIA";"2022-12-24";"51";"0";"0";"0";"0";"0";"0"
"2022";"Dengue";"FORTALEZA";"01ª REGIÃO FORTALEZA";"FORTALEZA";"2022-05-14";"19";"0";"2332";"0";"0";"143";"841"
"2022";"Dengue";"SOBRAL";"16ª REGIÃO CAMOCIM";"MARTINOPOLE";"2022-05-07";"18";"0";"1";"0";"0";"0";"0"
"2022";"Dengue";"SERTÃO CENTRAL";"05ª REGIÃO DE CANINDÉ";"CANINDE";"2022-01-15";"2";"0";"11";"0";"0";"0";"0"
"2022";"Dengue";"SOBRAL";"12ª REGIÃO ACARAÚ";"CRUZ";"2022-02-19";"7";"0";"0";"0";"0";"0";"0"
"2022";"Dengue";"SOBRAL";"15ª REGIÃO CRATEÚS";"QUITERIANOPOLIS";"2022-04-30";"17";"0";"35";"0";"0";"9";"1"
"2022";"Dengue";"FORTALEZA";"01ª REGIÃO FORTALEZA";"EUSEBIO";"2022-10-22";"42";"0";"0";"0";"0";"0";"0"
"2022";"Dengue";"SERTÃO CENTRAL";"14ª REGIÃO TAUÁ";"AIUABA";"2022-10-29";"43";"0";"6";"0";"0";"4";"0"
"2022";"Dengue";"CARIRI";"17ª REGIÃO ICÓ";"CEDRO";"2022-06-18";"24";"0";"5";"0";"0";"3";"0"
"2022";"Dengue";"SOBRAL";"11ª REGIÃO SOBRAL";"ALCANTARAS";"2022-06-18";"24";"0";"1";"0";"0";"0";"0"
"2022";"Dengue";"CARIRI";"20ª REGIÃO CRATO";"VARZEA ALEGRE";"2022-02-19";"7";"0";"2";"0";"0";"0";"0"
"2022";"Dengue";"FORTALEZA";"02ª REGIÃO CAUCAIA";"TEJUCUOCA";"2022-07-02";"26";"0";"0";"0";"0";"0";"0"
"2022";"Dengue";"CARIRI";"19ª REGIÃO BREJO SANTO";"MAURITI";"2022-01-08";"1";"0";"2";"0";"0";"2";"0"
"2022";"Dengue";"FORTALEZA";"02ª REGIÃO CAUCAIA";"PARAIPABA";"2022-04-23";"16";"0";"1";"0";"0";"0";"0"
"2022";"Dengue";"CARIRI";"21ª REGIÃO JUAZEIRO DO NORTE";"JUAZEIRO DO NORTE";"2022-12-17";"50";"0";"10";"0";"0";"0";"0"
"2022";"Dengue";"CARIRI";"19ª REGIÃO BREJO SANTO";"BARRO";"2022-02-19";"7";"0";"0";"0";"0";"0";"0"
"2022";"Dengue";"CARIRI";"18ª REGIÃO IGUATU";"QUIXELO";"2022-05-07";"18";"0";"0";"0";"0";"0";"0"
"2022";"Dengue";"CARIRI";"18ª REGIÃO IGUATU";"DEPUTADO IRAPUAN PINHEIRO";"2022-04-30";"17";"0";"0";"0";"0";"0";"0"
"2022";"Dengue";"SOBRAL";"16ª REGIÃO CAMOCIM";"CHAVAL";"2022-07-02";"26";"0";"0";"0";"0";"0";"0"
"2022";"Dengue";"SOBRAL";"11ª REGIÃO SOBRAL";"MUCAMBO";"2022-05-28";"21";"0";"0";"0";"0";"0";"0"
"2022";"Dengue";"FORTALEZA";"02ª REGIÃO CAUCAIA";"TEJUCUOCA";"2022-03-26";"12";"0";"0";"0";"0";"0";"0"
"2022";"Dengue";"SOBRAL";"15ª REGIÃO CRATEÚS";"NOVO ORIENTE";"2022-02-12";"6";"0";"0";"0";"0";"0";"0"
"2022";"Dengue";"SOBRAL";"11ª REGIÃO SOBRAL";"ALCANTARAS";"2022-12-24";"51";"0";"3";"0";"0";"3";"0"
"2022";"Dengue";"SERTÃO CENTRAL";"08ª REGIÃO QUIXADÁ";"BANABUIU";"2022-10-08";"40";"0";"2";"0";"0";"0";"0"
"2022";"Dengue";"CARIRI";"18ª REGIÃO IGUATU";"PIQUET CARNEIRO";"2022-07-30";"30";"0";"0";"0";"0";"0";"0"
"2022";"Dengue";"SOBRAL";"11ª REGIÃO SOBRAL";"GROAIRAS";"2022-06-04";"22";"0";"37";"0";"0";"28";"2"
"2022";"Dengue";"LITORAL LESTE/JAGUARIBE";"07ª REGIÃO ARACATI";"ARACATI";"2022-07-30";"30";"0";"18";"0";"0";"1";"7"
"2022";"Dengue";"SOBRAL";"13ª REGIÃO TIANGUÁ";"CARNAUBAL";"2022-10-01";"39";"0";"2";"0";"0";"0";"0"
"2022";"Dengue";"CARIRI";"18ª REGIÃO IGUATU";"ACOPIARA";"2022-02-19";"7";"0";"0";"0";"0";"0";"0"
"2022";"Dengue";"CARIRI";"17ª REGIÃO ICÓ";"LAVRAS DA MANGABEIRA";"2022-02-26";"8";"0";"1";"0";"0";"0";"0"
"2022";"Dengue";"FORTALEZA";"03ª REGIÃO MARACANAÚ";"BARREIRA";"2022-04-23";"16";"0";"1";"0";"0";"0";"0"
"2022";"Dengue";"SOBRAL";"15ª REGIÃO CRATEÚS";"TAMBORIL";"2022-09-24";"38";"0";"0";"0";"0";"0";"0"
"2022";"Dengue";"SERTÃO CENTRAL";"08ª REGIÃO QUIXADÁ";"BANABUIU";"2022-03-05";"9";"0";"3";"0";"0";"0";"0"
"2022";"Dengue";"SOBRAL";"11ª REGIÃO SOBRAL";"SANTANA DO ACARAU";"2022-05-14";"19";"0";"12";"0";"0";"5";"2"
"2022";"Dengue";"CARIRI";"17ª REGIÃO ICÓ";"OROS";"2022-08-27";"34";"0";"2";"0";"0";"0";"1"
"2022";"Dengue";"SOBRAL";"11ª REGIÃO SOBRAL";"MASSAPE";"2022-09-17";"37";"0";"1";"0";"0";"1";"0"
"2022";"Dengue";"SOBRAL";"11ª REGIÃO SOBRAL";"IRAUCUBA";"2022-01-08";"1";"0";"0";"0";"0";"0";"0"
"2022";"Dengue";"SOBRAL";"15ª REGIÃO CRATEÚS";"ARARENDA";"2022-08-06";"31";"0";"1";"0";"0";"0";"0"
"2022";"Dengue";"SOBRAL";"11ª REGIÃO SOBRAL";"MUCAMBO";"2022-05-07";"18";"0";"0";"0";"0";"0";"0"
"2022";"Dengue";"SERTÃO CENTRAL";"08ª REGIÃO QUIXADÁ";"SOLONOPOLE";"2022-12-17";"50";"0";"0";"0";"0";"0";"0"
"2022";"Dengue";"FORTALEZA";"02ª REGIÃO CAUCAIA";"PARACURU";"2022-03-05";"9";"0";"3";"0";"0";"1";"0"
"2022";"Dengue";"LITORAL LESTE/JAGUARIBE";"10ª REGIÃO LIMOEIRO DO NORTE";"JAGUARIBE";"2022-04-09";"14";"0";"2";"0";"0";"0";"1"
"2022";"Dengue";"SOBRAL";"12ª REGIÃO ACARAÚ";"BELA CRUZ";"2022-04-02";"13";"0";"1";"0";"0";"0";"0"
"2022";"Dengue";"CARIRI";"20ª REGIÃO CRATO";"ALTANEIRA";"2022-11-05";"44";"0";"0";"0";"0";"0";"0"
"2022";"Dengue";"SOBRAL";"12ª REGIÃO ACARAÚ";"JIJOCA DE JERICOACOARA";"2022-12-31";"52";"0";"2";"0";"0";"0";"0"
"2022";"Dengue";"SOBRAL";"12ª REGIÃO ACARAÚ";"CRUZ";"2022-06-04";"22";"0";"8";"0";"0";"4";"0"
"2022";"Dengue";"SERTÃO CENTRAL";"08ª REGIÃO QUIXADÁ";"IBICUITINGA";"2022-05-14";"19";"0";"19";"0";"0";"12";"2"
"2022";"Dengue";"CARIRI";"18ª REGIÃO IGUATU";"MOMBACA";"2022-04-30";"17";"0";"5";"0";"0";"1";"2"
"2022";"Dengue";"SERTÃO CENTRAL";"14ª REGIÃO TAUÁ";"PARAMBU";"2022-04-16";"15";"0";"2";"0";"0";"1";"0"
"2022";"Dengue";"SERTÃO CENTRAL";"08ª REGIÃO QUIXADÁ";"CHORO";"2022-12-24";"51";"0";"0";"0";"0";"0";"0"
"2022";"Dengue";"SOBRAL";"15ª REGIÃO CRATEÚS";"TAMBORIL";"2022-10-29";"43";"0";"1";"0";"0";"1";"0"
"2022";"Dengue";"CARIRI";"20ª REGIÃO CRATO";"CRATO";"2022-08-20";"33";"0";"2";"0";"0";"0";"2"
"2022";"Dengue";"SOBRAL";"12ª REGIÃO ACARAÚ";"ACARAU";"2022-05-07";"18";"0";"11";"0";"0";"0";"0"
"2022";"Dengue";"SOBRAL";"16ª REGIÃO CAMOCIM";"CHAVAL";"2022-08-13";"32";"0";"0";"0";"0";"0";"0"
"2022";"Dengue";"CARIRI";"18ª REGIÃO IGUATU";"JUCAS";"2022-06-11";"23";"0";"1";"0";"0";"0";"0"
"2022";"Dengue";"SERTÃO CENTRAL";"08ª REGIÃO QUIXADÁ";"SENADOR POMPEU";"2022-06-04";"22";"0";"5";"0";"0";"0";"0"
"2022";"Dengue";"SOBRAL";"11ª REGIÃO SOBRAL";"GROAIRAS";"2022-12-17";"50";"0";"2";"0";"0";"2";"0"
"2022";"Dengue";"CARIRI";"20ª REGIÃO CRATO";"POTENGI";"2022-06-04";"22";"0";"0";"0";"0";"0";"0"
"2022";"Dengue";"SERTÃO CENTRAL";"08ª REGIÃO QUIXADÁ";"QUIXERAMOBIM";"2022-04-02";"13";"0";"0";"0";"0";"0";"0"
"2022";"Dengue";"FORTALEZA";"04ª REGIÃO BATURITÉ";"ARATUBA";"2022-05-28";"21";"0";"9";"0";"0";"2";"6"
"2022";"Dengue";"SERTÃO CENTRAL";"14ª REGIÃO TAUÁ";"TAUA";"2022-12-31";"52";"0";"0";"0";"0";"0";"0"
"2022";"Dengue";"SOBRAL";"11ª REGIÃO SOBRAL";"CARIRE";"2022-02-05";"5";"0";"0";"0";"0";"0";"0"
"2022";"Dengue";"FORTALEZA";"03ª REGIÃO MARACANAÚ";"REDENCAO";"2022-03-26";"12";"0";"2";"0";"0";"0";"0"
"2022";"Dengue";"CARIRI";"19ª REGIÃO BREJO SANTO";"MILAGRES";"2022-06-04";"22";"0";"19";"0";"0";"0";"15"
"2022";"Dengue";"SOBRAL";"15ª REGIÃO CRATEÚS";"NOVO ORIENTE";"2022-04-09";"14";"0";"2";"0";"0";"1";"0"
"2022";"Dengue";"CARIRI";"20ª REGIÃO CRATO";"ARARIPE";"2022-11-19";"46";"0";"0";"0";"0";"0";"0"
"2022";"Dengue";"SOBRAL";"13ª REGIÃO TIANGUÁ";"VICOSA DO CEARA";"2022-10-08";"40";"0";"4";"0";"0";"1";"0"
"2022";"Dengue";"SERTÃO CENTRAL";"08ª REGIÃO QUIXADÁ";"QUIXERAMOBIM";"2022-08-27";"34";"0";"8";"0";"0";"0";"9"
"2022";"Dengue";"SOBRAL";"15ª REGIÃO CRATEÚS";"CRATEUS";"2022-09-24";"38";"0";"5";"0";"0";"2";"2"
"2022";"Dengue";"FORTALEZA";"02ª REGIÃO CAUCAIA";"CAUCAIA";"2022-12-24";"51";"0";"12";"0";"0";"2";"7"
"2022";"Dengue";"FORTALEZA";"04ª REGIÃO BATURITÉ";"ARACOIABA";"2022-08-20";"33";"0";"1";"0";"0";"0";"0"
"2022";"Dengue";"CARIRI";"21ª REGIÃO JUAZEIRO DO NORTE";"JARDIM";"2022-01-08";"1";"0";"0";"0";"0";"0";"0"
"2022";"Dengue";"CARIRI";"20ª REGIÃO CRATO";"SANTANA DO CARIRI";"2022-05-14";"19";"0";"62";"0";"0";"5";"5"
"2022";"Dengue";"CARIRI";"19ª REGIÃO BREJO SANTO";"AURORA";"2022-10-15";"41";"0";"0";"0";"0";"0";"0"
"2022";"Dengue";"FORTALEZA";"03ª REGIÃO MARACANAÚ";"MARANGUAPE";"2022-09-10";"36";"0";"10";"0";"0";"0";"3"
"2022";"Dengue";"FORTALEZA";"02ª REGIÃO CAUCAIA";"PENTECOSTE";"2022-12-24";"51";"0";"0";"0";"0";"0";"0"
"2022";"Dengue";"FORTALEZA";"22ª REGIÃO CASCAVEL";"CASCAVEL";"2022-12-17";"50";"0";"0";"0";"0";"0";"0"
"2022";"Dengue";"FORTALEZA";"04ª REGIÃO BATURITÉ";"BATURITE";"2022-07-16";"28";"0";"3";"0";"0";"0";"0"
"2022";"Dengue";"SOBRAL";"15ª REGIÃO CRATEÚS";"QUITERIANOPOLIS";"2022-03-12";"10";"0";"0";"0";"0";"0";"0"
"2022";"Dengue";"CARIRI";"21ª REGIÃO JUAZEIRO DO NORTE";"CARIRIACU";"2022-01-29";"4";"0";"0";"0";"0";"0";"0"
"2022";"Dengue";"CARIRI";"21ª REGIÃO JUAZEIRO DO NORTE";"BARBALHA";"2022-08-27";"34";"0";"0";"0";"0";"0";"0"
"2022";"Dengue";"SOBRAL";"11ª REGIÃO SOBRAL";"URUOCA";"2022-07-30";"30";"0";"1";"0";"0";"0";"0"
"2022";"Dengue";"SERTÃO CENTRAL";"05ª REGIÃO DE CANINDÉ";"CARIDADE";"2022-01-15";"2";"0";"0";"0";"0";"0";"0"
"2022";"Dengue";"SOBRAL";"12ª REGIÃO ACARAÚ";"ACARAU";"2022-03-26";"12";"0";"1";"0";"0";"0";"0"
"2022";"Dengue";"FORTALEZA";"01ª REGIÃO FORTALEZA";"ITAITINGA";"2022-09-03";"35";"0";"0";"0";"0";"0";"0"
"2022";"Dengue";"FORTALEZA";"03ª REGIÃO MARACANAÚ";"MARACANAU";"2022-04-30";"17";"0";"160";"0";"0";"7";"75"
"2022";"Dengue";"FORTALEZA";"04ª REGIÃO BATURITÉ";"GUARAMIRANGA";"2022-01-15";"2";"0";"0";"0";"0";"0";"0"
"2022";"Dengue";"SOBRAL";"12ª REGIÃO ACARAÚ";"BELA CRUZ";"2022-04-09";"14";"0";"1";"0";"0";"1";"0"
"2022";"Dengue";"CARIRI";"20ª REGIÃO CRATO";"NOVA OLINDA";"2022-04-02";"13";"0";"6";"0";"0";"1";"0"
"2022";"Dengue";"FORTALEZA";"03ª REGIÃO MARACANAÚ";"MARANGUAPE";"2022-07-30";"30";"0";"12";"0";"0";"1";"3"
"2022";"Dengue";"LITORAL LESTE/JAGUARIBE";"07ª REGIÃO ARACATI";"FORTIM";"2022-07-16";"28";"0";"1";"0";"0";"1";"0"
"2022";"Dengue";"LITORAL LESTE/JAGUARIBE";"10ª REGIÃO LIMOEIRO DO NORTE";"SAO JOAO DO JAGUARIBE";"2022-10-15";"41";"0";"0";"0";"0";"0";"0"
"2022";"Dengue";"FORTALEZA";"22ª REGIÃO CASCAVEL";"OCARA";"2022-01-22";"3";"0";"3";"0";"0";"0";"0"
"2022";"Dengue";"CARIRI";"18ª REGIÃO IGUATU";"MOMBACA";"2022-06-11";"23";"0";"30";"0";"0";"2";"15"
"2022";"Dengue";"SOBRAL";"11ª REGIÃO SOBRAL";"GROAIRAS";"2022-03-05";"9";"0";"0";"0";"0";"0";"0"
"2022";"Dengue";"CARIRI";"18ª REGIÃO IGUATU";"CATARINA";"2022-06-25";"25";"0";"1";"0";"0";"0";"0"
"2022";"Dengue";"SOBRAL";"16ª REGIÃO CAMOCIM";"CHAVAL";"2022-12-24";"51";"0";"0";"0";"0";"0";"0"
"2022";"Dengue";"CARIRI";"17ª REGIÃO ICÓ";"ICO";"2022-10-29";"43";"0";"3";"0";"0";"0";"0"
"2022";"Dengue";"SOBRAL";"12ª REGIÃO ACARAÚ";"ITAREMA";"2022-08-20";"33";"0";"3";"0";"0";"2";"0"
"2022";"Dengue";"SOBRAL";"15ª REGIÃO CRATEÚS";"NOVO ORIENTE";"2022-05-07";"18";"0";"3";"0";"0";"2";"0"
"2022";"Dengue";"SOBRAL";"11ª REGIÃO SOBRAL";"FRECHEIRINHA";"2022-08-13";"32";"0";"0";"0";"0";"0";"0"
"2022";"Dengue";"SERTÃO CENTRAL";"08ª REGIÃO QUIXADÁ";"CHORO";"2022-03-19";"11";"0";"1";"0";"0";"0";"0"
"2022";"Dengue";"SOBRAL";"12ª REGIÃO ACARAÚ";"MARCO";"2022-12-03";"48";"0";"2";"0";"0";"0";"0"
"2022";"Dengue";"FORTALEZA";"04ª REGIÃO BATURITÉ";"BATURITE";"2022-09-10";"36";"0";"0";"0";"0";"0";"0"
"2022";"Dengue";"SOBRAL";"11ª REGIÃO SOBRAL";"COREAU";"2022-06-11";"23";"0";"3";"0";"0";"0";"1"
"2022";"Dengue";"SOBRAL";"11ª REGIÃO SOBRAL";"COREAU";"2022-12-03";"48";"0";"0";"0";"0";"0";"0"
"2022";"Dengue";"CARIRI";"17ª REGIÃO ICÓ";"IPAUMIRIM";"2022-04-02";"13";"0";"0";"0";"0";"0";"0"
"2022";"Dengue";"FORTALEZA";"22ª REGIÃO CASCAVEL";"BEBERIBE";"2022-12-17";"50";"0";"0";"0";"0";"0";"0"
"2022";"Dengue";"SOBRAL";"13ª REGIÃO TIANGUÁ";"UBAJARA";"2022-11-26";"47";"0";"0";"0";"0";"0";"0"
"2022";"Dengue";"LITORAL LESTE/JAGUARIBE";"10ª REGIÃO LIMOEIRO DO NORTE";"QUIXERE";"2022-06-18";"24";"0";"23";"0";"0";"3";"3"
"2022";"Dengue";"SERTÃO CENTRAL";"05ª REGIÃO DE CANINDÉ";"MADALENA";"2022-09-17";"37";"0";"0";"0";"0";"0";"0"
"2022";"Dengue";"SOBRAL";"11ª REGIÃO SOBRAL";"MERUOCA";"2022-11-05";"44";"0";"9";"0";"0";"0";"0"
"2022";"Dengue";"SERTÃO CENTRAL";"14ª REGIÃO TAUÁ";"ARNEIROZ";"2022-02-26";"8";"0";"0";"0";"0";"0";"0"
"2022";"Dengue";"SERTÃO CENTRAL";"14ª REGIÃO TAUÁ";"PARAMBU";"2022-04-09";"14";"0";"2";"0";"0";"0";"0"
"2022";"Dengue";"SOBRAL";"11ª REGIÃO SOBRAL";"IPU";"2022-02-19";"7";"0";"5";"0";"0";"2";"1"
"2022";"Dengue";"SERTÃO CENTRAL";"14ª REGIÃO TAUÁ";"TAUA";"2022-02-19";"7";"0";"3";"0";"0";"1";"0"
"2022";"Dengue";"CARIRI";"19ª REGIÃO BREJO SANTO";"MILAGRES";"2022-12-03";"48";"0";"0";"0";"0";"0";"0"
"2022";"Dengue";"SOBRAL";"11ª REGIÃO SOBRAL";"SENADOR SA";"2022-02-12";"6";"0";"0";"0";"0";"0";"0"
"2022";"Dengue";"SOBRAL";"11ª REGIÃO SOBRAL";"IRAUCUBA";"2022-03-05";"9";"0";"0";"0";"0";"0";"0"
"2022";"Dengue";"FORTALEZA";"04ª REGIÃO BATURITÉ";"CAPISTRANO";"2022-09-24";"38";"0";"1";"0";"0";"0";"0"
"2022";"Dengue";"SOBRAL";"11ª REGIÃO SOBRAL";"SENADOR SA";"2022-09-24";"38";"0";"0";"0";"0";"0";"0"
"2022";"Dengue";"SERTÃO CENTRAL";"14ª REGIÃO TAUÁ";"PARAMBU";"2022-10-29";"43";"0";"1";"0";"0";"0";"0"
"2022";"Dengue";"CARIRI";"19ª REGIÃO BREJO SANTO";"MAURITI";"2022-11-26";"47";"0";"0";"0";"0";"0";"0"
"2022";"Dengue";"LITORAL LESTE/JAGUARIBE";"07ª REGIÃO ARACATI";"ICAPUI";"2022-10-08";"40";"0";"0";"0";"0";"0";"0"
"2022";"Dengue";"FORTALEZA";"02ª REGIÃO CAUCAIA";"APUIARES";"2022-01-15";"2";"0";"0";"0";"0";"0";"0"
"2022";"Dengue";"SOBRAL";"11ª REGIÃO SOBRAL";"MORAUJO";"2022-10-29";"43";"0";"0";"0";"0";"0";"0"
"2022";"Dengue";"SERTÃO CENTRAL";"05ª REGIÃO DE CANINDÉ";"CARIDADE";"2022-10-22";"42";"0";"0";"0";"0";"0";"0"
"2022";"Dengue";"CARIRI";"21ª REGIÃO JUAZEIRO DO NORTE";"BARBALHA";"2022-09-03";"35";"0";"1";"0";"0";"0";"0"
"2022";"Dengue";"FORTALEZA";"02ª REGIÃO CAUCAIA";"CAUCAIA";"2022-07-30";"30";"0";"30";"0";"0";"1";"23"
"2022";"Dengue";"CARIRI";"20ª REGIÃO CRATO";"SALITRE";"2022-12-03";"48";"0";"0";"0";"0";"0";"0"
"2022";"Dengue";"SERTÃO CENTRAL";"05ª REGIÃO DE CANINDÉ";"MADALENA";"2022-11-26";"47";"0";"0";"0";"0";"0";"0"
"2022";"Dengue";"SOBRAL";"11ª REGIÃO SOBRAL";"SANTA QUITERIA";"2022-06-25";"25";"0";"2";"0";"0";"1";"1"
"2022";"Dengue";"FORTALEZA";"04ª REGIÃO BATURITÉ";"ARACOIABA";"2022-04-16";"15";"0";"0";"0";"0";"0";"0"
"2022";"Dengue";"CARIRI";"19ª REGIÃO BREJO SANTO";"MAURITI";"2022-03-05";"9";"0";"7";"0";"0";"2";"4"
"2022";"Dengue";"SOBRAL";"12ª REGIÃO ACARAÚ";"CRUZ";"2022-07-23";"29";"0";"1";"0";"0";"1";"0"
"2022";"Dengue";"SOBRAL";"11ª REGIÃO SOBRAL";"RERIUTABA";"2022-02-19";"7";"0";"0";"0";"0";"0";"0"
"2022";"Dengue";"CARIRI";"18ª REGIÃO IGUATU";"MOMBACA";"2022-05-28";"21";"0";"23";"0";"0";"12";"8"
"2022";"Dengue";"SOBRAL";"11ª REGIÃO SOBRAL";"SANTA QUITERIA";"2022-09-24";"38";"0";"0";"0";"0";"0";"0"
"2022";"Dengue";"FORTALEZA";"02ª REGIÃO CAUCAIA";"ITAPAJE";"2022-05-28";"21";"0";"4";"0";"0";"0";"0"
"2022";"Dengue";"SOBRAL";"13ª REGIÃO TIANGUÁ";"TIANGUA";"2022-12-03";"48";"0";"7";"0";"0";"0";"0"
"2022";"Dengue";"CARIRI";"20ª REGIÃO CRATO";"POTENGI";"2022-11-05";"44";"0";"0";"0";"0";"0";"0"
"2022";"Dengue";"SOBRAL";"15ª REGIÃO CRATEÚS";"ARARENDA";"2022-07-09";"27";"0";"1";"0";"0";"0";"0"
"2022";"Dengue";"FORTALEZA";"02ª REGIÃO CAUCAIA";"PENTECOSTE";"2022-06-11";"23";"0";"1";"0";"0";"0";"0"
"2022";"Dengue";"SOBRAL";"12ª REGIÃO ACARAÚ";"ACARAU";"2022-12-17";"50";"0";"1";"0";"0";"0";"0"
"2022";"Dengue";"LITORAL LESTE/JAGUARIBE";"10ª REGIÃO LIMOEIRO DO NORTE";"TABULEIRO DO NORTE";"2022-12-03";"48";"0";"1";"0";"0";"0";"0"
"2022";"Dengue";"CARIRI";"21ª REGIÃO JUAZEIRO DO NORTE";"MISSAO VELHA";"2022-04-16";"15";"0";"15";"0";"0";"0";"1"
"2022";"Dengue";"SOBRAL";"11ª REGIÃO SOBRAL";"HIDROLANDIA";"2022-08-20";"33";"0";"0";"0";"0";"0";"0"
"2022";"Dengue";"LITORAL LESTE/JAGUARIBE";"10ª REGIÃO LIMOEIRO DO NORTE";"JAGUARIBE";"2022-10-15";"41";"0";"13";"0";"0";"3";"0"
"2022";"Dengue";"FORTALEZA";"22ª REGIÃO CASCAVEL";"PACAJUS";"2022-06-25";"25";"0";"1";"0";"0";"1";"0"
"2022";"Dengue";"SOBRAL";"11ª REGIÃO SOBRAL";"FRECHEIRINHA";"2022-06-25";"25";"0";"0";"0";"0";"0";"0"
"2022";"Dengue";"SOBRAL";"11ª REGIÃO SOBRAL";"SOBRAL";"2022-12-03";"48";"0";"12";"0";"0";"1";"0"
"2022";"Dengue";"FORTALEZA";"06ª REGIÃO DE ITAPIPOCA";"URUBURETAMA";"2022-04-23";"16";"0";"6";"0";"0";"0";"0"
"2022";"Dengue";"FORTALEZA";"03ª REGIÃO MARACANAÚ";"MARANGUAPE";"2022-11-12";"45";"0";"2";"0";"0";"0";"0"
"2022";"Dengue";"SOBRAL";"11ª REGIÃO SOBRAL";"FORQUILHA";"2022-12-31";"52";"0";"0";"0";"0";"0";"0"
"2022";"Dengue";"FORTALEZA";"06ª REGIÃO DE ITAPIPOCA";"TRAIRI";"2022-12-31";"52";"0";"0";"0";"0";"0";"0"
"2022";"Dengue";"CARIRI";"20ª REGIÃO CRATO";"VARZEA ALEGRE";"2022-09-10";"36";"0";"2";"0";"0";"0";"0"
"2022";"Dengue";"FORTALEZA";"22ª REGIÃO CASCAVEL";"CASCAVEL";"2022-01-29";"4";"0";"1";"0";"0";"1";"0"
"2022";"Dengue";"LITORAL LESTE/JAGUARIBE";"07ª REGIÃO ARACATI";"ARACATI";"2022-08-06";"31";"0";"22";"0";"0";"1";"5"
"2022";"Dengue";"CARIRI";"19ª REGIÃO BREJO SANTO";"MAURITI";"2022-05-21";"20";"0";"75";"0";"0";"16";"27"
"2022";"Dengue";"FORTALEZA";"03ª REGIÃO MARACANAÚ";"BARREIRA";"2022-11-26";"47";"0";"0";"0";"0";"0";"0"
"2022";"Dengue";"CARIRI";"19ª REGIÃO BREJO SANTO";"AURORA";"2022-05-28";"21";"0";"1";"0";"0";"0";"0"
"2022";"Dengue";"SOBRAL";"15ª REGIÃO CRATEÚS";"IPAPORANGA";"2022-02-26";"8";"0";"0";"0";"0";"0";"0"
"2022";"Dengue";"CARIRI";"18ª REGIÃO IGUATU";"CARIUS";"2022-09-10";"36";"0";"0";"0";"0";"0";"0"
"2022";"Dengue";"CARIRI";"17ª REGIÃO ICÓ";"BAIXIO";"2022-01-29";"4";"0";"0";"0";"0";"0";"0"
"2022";"Dengue";"SOBRAL";"15ª REGIÃO CRATEÚS";"QUITERIANOPOLIS";"2022-04-16";"15";"0";"14";"0";"0";"5";"0"
"2022";"Dengue";"SOBRAL";"11ª REGIÃO SOBRAL";"SANTANA DO ACARAU";"2022-11-19";"46";"0";"0";"0";"0";"0";"0"
"2022";"Dengue";"CARIRI";"19ª REGIÃO BREJO SANTO";"PENAFORTE";"2022-08-13";"32";"0";"0";"0";"0";"0";"0"
"2022";"Dengue";"SOBRAL";"16ª REGIÃO CAMOCIM";"MARTINOPOLE";"2022-02-19";"7";"0";"0";"0";"0";"0";"0"
"2022";"Dengue";"LITORAL LESTE/JAGUARIBE";"10ª REGIÃO LIMOEIRO DO NORTE";"JAGUARIBARA";"2022-10-29";"43";"0";"5";"0";"0";"1";"0"
"2022";"Dengue";"FORTALEZA";"02ª REGIÃO CAUCAIA";"PARAIPABA";"2022-09-17";"37";"0";"0";"0";"0";"0";"0"
"2022";"Dengue";"FORTALEZA";"04ª REGIÃO BATURITÉ";"ARACOIABA";"2022-01-08";"1";"0";"0";"0";"0";"0";"0"
"2022";"Dengue";"SERTÃO CENTRAL";"08ª REGIÃO QUIXADÁ";"QUIXERAMOBIM";"2022-01-29";"4";"0";"2";"0";"0";"0";"0"
"2022";"Dengue";"FORTALEZA";"22ª REGIÃO CASCAVEL";"BEBERIBE";"2022-09-24";"38";"0";"0";"0";"0";"0";"0"
"2022";"Dengue";"CARIRI";"20ª REGIÃO CRATO";"FARIAS BRITO";"2022-12-10";"49";"0";"0";"0";"0";"0";"0"
"2022";"Dengue";"SOBRAL";"11ª REGIÃO SOBRAL";"COREAU";"2022-11-12";"45";"0";"2";"0";"0";"0";"0"
"2022";"Dengue";"LITORAL LESTE/JAGUARIBE";"09ª REGIÃO RUSSAS";"JAGUARUANA";"2022-05-21";"20";"0";"14";"0";"0";"8";"2"
"2022";"Dengue";"SOBRAL";"15ª REGIÃO CRATEÚS";"IPAPORANGA";"2022-01-15";"2";"0";"0";"0";"0";"0";"0"
"2022";"Dengue";"SERTÃO CENTRAL";"05ª REGIÃO DE CANINDÉ";"CARIDADE";"2022-04-23";"16";"0";"6";"0";"0";"1";"5"
"2022";"Dengue";"CARIRI";"19ª REGIÃO BREJO SANTO";"BARRO";"2022-11-19";"46";"0";"0";"0";"0";"0";"0"
"2022";"Dengue";"FORTALEZA";"04ª REGIÃO BATURITÉ";"PACOTI";"2022-09-17";"37";"0";"0";"0";"0";"0";"0"
"2022";"Dengue";"SOBRAL";"11ª REGIÃO SOBRAL";"FRECHEIRINHA";"2022-10-29";"43";"0";"0";"0";"0";"0";"0"
"2022";"Dengue";"SOBRAL";"12ª REGIÃO ACARAÚ";"MARCO";"2022-10-08";"40";"0";"2";"0";"0";"1";"0"
"2022";"Dengue";"SOBRAL";"16ª REGIÃO CAMOCIM";"CAMOCIM";"2022-04-30";"17";"0";"56";"0";"0";"3";"2"
"2022";"Dengue";"LITORAL LESTE/JAGUARIBE";"10ª REGIÃO LIMOEIRO DO NORTE";"TABULEIRO DO NORTE";"2022-01-08";"1";"0";"0";"0";"0";"0";"0"
"2022";"Dengue";"CARIRI";"17ª REGIÃO ICÓ";"IPAUMIRIM";"2022-09-24";"38";"0";"0";"0";"0";"0";"0"
"2022";"Dengue";"SOBRAL";"16ª REGIÃO CAMOCIM";"MARTINOPOLE";"2022-03-19";"11";"0";"0";"0";"0";"0";"0"
"2022";"Dengue";"FORTALEZA";"22ª REGIÃO CASCAVEL";"BEBERIBE";"2022-06-25";"25";"0";"14";"0";"0";"3";"6"
"2022";"Dengue";"SOBRAL";"11ª REGIÃO SOBRAL";"ALCANTARAS";"2022-11-12";"45";"0";"8";"0";"0";"2";"2"
"2022";"Dengue";"SERTÃO CENTRAL";"08ª REGIÃO QUIXADÁ";"QUIXERAMOBIM";"2022-05-07";"18";"0";"3";"0";"0";"0";"1"
"2022";"Dengue";"SOBRAL";"13ª REGIÃO TIANGUÁ";"SAO BENEDITO";"2022-07-02";"26";"0";"5";"0";"0";"0";"1"
"2022";"Dengue";"FORTALEZA";"22ª REGIÃO CASCAVEL";"OCARA";"2022-04-02";"13";"0";"3";"0";"0";"0";"0"
"2022";"Dengue";"SOBRAL";"13ª REGIÃO TIANGUÁ";"CROATA";"2022-09-10";"36";"0";"0";"0";"0";"0";"0"
"2022";"Dengue";"SOBRAL";"13ª REGIÃO TIANGUÁ";"UBAJARA";"2022-09-24";"38";"0";"0";"0";"0";"0";"0"
"2022";"Dengue";"FORTALEZA";"03ª REGIÃO MARACANAÚ";"PACATUBA";"2022-05-14";"19";"0";"14";"0";"0";"3";"2"
"2022";"Dengue";"SOBRAL";"11ª REGIÃO SOBRAL";"VARJOTA";"2022-05-07";"18";"0";"0";"0";"0";"0";"0"
"2022";"Dengue";"LITORAL LESTE/JAGUARIBE";"10ª REGIÃO LIMOEIRO DO NORTE";"JAGUARIBE";"2022-04-23";"16";"0";"10";"0";"0";"2";"0"
"2022";"Dengue";"CARIRI";"19ª REGIÃO BREJO SANTO";"AURORA";"2022-08-27";"34";"0";"0";"0";"0";"0";"0"
"2022";"Dengue";"SERTÃO CENTRAL";"05ª REGIÃO DE CANINDÉ";"MADALENA";"2022-09-03";"35";"0";"0";"0";"0";"0";"0"
"2022";"Dengue";"SOBRAL";"13ª REGIÃO TIANGUÁ";"SAO BENEDITO";"2022-09-10";"36";"0";"3";"0";"0";"1";"0"
"2022";"Dengue";"CARIRI";"17ª REGIÃO ICÓ";"CEDRO";"2022-01-29";"4";"0";"1";"0";"0";"0";"0"
"2022";"Dengue";"SOBRAL";"11ª REGIÃO SOBRAL";"MUCAMBO";"2022-11-05";"44";"0";"0";"0";"0";"0";"0"
"2022";"Dengue";"SOBRAL";"15ª REGIÃO CRATEÚS";"NOVO ORIENTE";"2022-03-19";"11";"0";"0";"0";"0";"0";"0"
"2022";"Dengue";"SERTÃO CENTRAL";"08ª REGIÃO QUIXADÁ";"BANABUIU";"2022-11-12";"45";"0";"1";"0";"0";"0";"0"
"2022";"Dengue";"FORTALEZA";"04ª REGIÃO BATURITÉ";"CAPISTRANO";"2022-09-03";"35";"0";"0";"0";"0";"0";"0"
"2022";"Dengue";"FORTALEZA";"02ª REGIÃO CAUCAIA";"SAO LUIS DO CURU";"2022-10-08";"40";"0";"0";"0";"0";"0";"0"
"2022";"Dengue";"CARIRI";"18ª REGIÃO IGUATU";"PIQUET CARNEIRO";"2022-12-03";"48";"0";"1";"0";"0";"0";"0"
"2022";"Dengue";"SOBRAL";"11ª REGIÃO SOBRAL";"PACUJA";"2022-05-21";"20";"0";"0";"0";"0";"0";"0"
"2022";"Dengue";"SOBRAL";"11ª REGIÃO SOBRAL";"CATUNDA";"2022-01-15";"2";"0";"0";"0";"0";"0";"0"
"2022";"Dengue";"CARIRI";"19ª REGIÃO BREJO SANTO";"AURORA";"2022-01-08";"1";"0";"0";"0";"0";"0";"0"
"2022";"Dengue";"SOBRAL";"11ª REGIÃO SOBRAL";"SENADOR SA";"2022-02-26";"8";"0";"0";"0";"0";"0";"0"
"2022";"Dengue";"FORTALEZA";"02ª REGIÃO CAUCAIA";"PENTECOSTE";"2022-05-21";"20";"0";"16";"0";"0";"4";"5"
"2022";"Dengue";"SOBRAL";"16ª REGIÃO CAMOCIM";"GRANJA";"2022-07-30";"30";"0";"4";"0";"0";"1";"0"
"2022";"Dengue";"SERTÃO CENTRAL";"05ª REGIÃO DE CANINDÉ";"CARIDADE";"2022-04-09";"14";"0";"2";"0";"0";"1";"1"
"2022";"Dengue";"SOBRAL";"15ª REGIÃO CRATEÚS";"QUITERIANOPOLIS";"2022-07-09";"27";"0";"7";"0";"0";"0";"0"
"2022";"Dengue";"CARIRI";"21ª REGIÃO JUAZEIRO DO NORTE";"MISSAO VELHA";"2022-12-03";"48";"0";"0";"0";"0";"0";"0"
"2022";"Dengue";"CARIRI";"20ª REGIÃO CRATO";"ARARIPE";"2022-02-12";"6";"0";"0";"0";"0";"0";"0"
"2022";"Dengue";"CARIRI";"20ª REGIÃO CRATO";"ASSARE";"2022-02-19";"7";"0";"3";"0";"0";"2";"0"
"2022";"Dengue";"SERTÃO CENTRAL";"14ª REGIÃO TAUÁ";"TAUA";"2022-08-27";"34";"0";"64";"0";"0";"12";"1"
"2022";"Dengue";"SOBRAL";"12ª REGIÃO ACARAÚ";"MARCO";"2022-06-11";"23";"0";"9";"0";"0";"3";"0"
"2022";"Dengue";"CARIRI";"19ª REGIÃO BREJO SANTO";"JATI";"2022-02-19";"7";"0";"1";"0";"0";"0";"0"
"2022";"Dengue";"SOBRAL";"11ª REGIÃO SOBRAL";"CATUNDA";"2022-10-29";"43";"0";"0";"0";"0";"0";"0"
"2022";"Dengue";"FORTALEZA";"22ª REGIÃO CASCAVEL";"HORIZONTE";"2022-08-20";"33";"0";"1";"0";"0";"0";"0"
"2022";"Dengue";"SERTÃO CENTRAL";"08ª REGIÃO QUIXADÁ";"PEDRA BRANCA";"2022-02-19";"7";"0";"9";"0";"0";"0";"8"
"2022";"Dengue";"FORTALEZA";"03ª REGIÃO MARACANAÚ";"PALMACIA";"2022-12-17";"50";"0";"0";"0";"0";"0";"0"
"2022";"Dengue";"SOBRAL";"11ª REGIÃO SOBRAL";"IRAUCUBA";"2022-10-22";"42";"0";"0";"0";"0";"0";"0"
"2022";"Dengue";"CARIRI";"21ª REGIÃO JUAZEIRO DO NORTE";"MISSAO VELHA";"2022-08-27";"34";"0";"0";"0";"0";"0";"0"
"2022";"Dengue";"SOBRAL";"13ª REGIÃO TIANGUÁ";"CROATA";"2022-03-12";"10";"0";"3";"0";"0";"3";"0"
"2022";"Dengue";"SOBRAL";"13ª REGIÃO TIANGUÁ";"VICOSA DO CEARA";"2022-07-02";"26";"0";"9";"0";"0";"2";"1"
"2022";"Dengue";"FORTALEZA";"06ª REGIÃO DE ITAPIPOCA";"UMIRIM";"2022-03-05";"9";"0";"0";"0";"0";"0";"0"
"2022";"Dengue";"SERTÃO CENTRAL";"05ª REGIÃO DE CANINDÉ";"MADALENA";"2022-12-31";"52";"0";"0";"0";"0";"0";"0"
"2022";"Dengue";"LITORAL LESTE/JAGUARIBE";"10ª REGIÃO LIMOEIRO DO NORTE";"JAGUARIBARA";"2022-03-12";"10";"0";"0";"0";"0";"0";"0"
"2022";"Dengue";"FORTALEZA";"03ª REGIÃO MARACANAÚ";"GUAIUBA";"2022-04-09";"14";"0";"2";"0";"0";"1";"0"
"2022";"Dengue";"SOBRAL";"11ª REGIÃO SOBRAL";"ALCANTARAS";"2022-10-22";"42";"0";"1";"0";"0";"1";"0"
"2022";"Dengue";"FORTALEZA";"06ª REGIÃO DE ITAPIPOCA";"TRAIRI";"2022-05-28";"21";"0";"7";"0";"0";"1";"0"
"2022";"Dengue";"FORTALEZA";"01ª REGIÃO FORTALEZA";"EUSEBIO";"2022-12-24";"51";"0";"0";"0";"0";"0";"0"
"2022";"Dengue";"SOBRAL";"11ª REGIÃO SOBRAL";"GROAIRAS";"2022-09-03";"35";"0";"0";"0";"0";"0";"0"
"2022";"Dengue";"CARIRI";"17ª REGIÃO ICÓ";"ICO";"2022-05-07";"18";"0";"9";"0";"0";"0";"0"
"2022";"Dengue";"LITORAL LESTE/JAGUARIBE";"09ª REGIÃO RUSSAS";"JAGUARETAMA";"2022-10-01";"39";"0";"6";"0";"0";"2";"0"
"2022";"Dengue";"CARIRI";"18ª REGIÃO IGUATU";"DEPUTADO IRAPUAN PINHEIRO";"2022-11-12";"45";"0";"0";"0";"0";"0";"0"
"2022";"Dengue";"SOBRAL";"15ª REGIÃO CRATEÚS";"IPUEIRAS";"2022-11-12";"45";"0";"0";"0";"0";"0";"0"
"2022";"Dengue";"SERTÃO CENTRAL";"08ª REGIÃO QUIXADÁ";"SOLONOPOLE";"2022-07-09";"27";"0";"0";"0";"0";"0";"0"
"2022";"Dengue";"CARIRI";"21ª REGIÃO JUAZEIRO DO NORTE";"CARIRIACU";"2022-12-17";"50";"0";"0";"0";"0";"0";"0"
"2022";"Dengue";"SOBRAL";"11ª REGIÃO SOBRAL";"MUCAMBO";"2022-04-02";"13";"0";"0";"0";"0";"0";"0"
"2022";"Dengue";"LITORAL LESTE/JAGUARIBE";"10ª REGIÃO LIMOEIRO DO NORTE";"POTIRETAMA";"2022-02-05";"5";"0";"0";"0";"0";"0";"0"
"2022";"Dengue";"FORTALEZA";"04ª REGIÃO BATURITÉ";"GUARAMIRANGA";"2022-11-05";"44";"0";"0";"0";"0";"0";"0"
"2022";"Dengue";"CARIRI";"18ª REGIÃO IGUATU";"DEPUTADO IRAPUAN PINHEIRO";"2022-09-17";"37";"0";"0";"0";"0";"0";"0"
"2022";"Dengue";"SOBRAL";"15ª REGIÃO CRATEÚS";"QUITERIANOPOLIS";"2022-10-29";"43";"0";"1";"0";"0";"0";"0"
"2022";"Dengue";"SOBRAL";"11ª REGIÃO SOBRAL";"IRAUCUBA";"2022-11-26";"47";"0";"0";"0";"0";"0";"0"
"2022";"Dengue";"SOBRAL";"12ª REGIÃO ACARAÚ";"BELA CRUZ";"2022-08-27";"34";"0";"22";"0";"0";"17";"4"
"2022";"Dengue";"FORTALEZA";"04ª REGIÃO BATURITÉ";"ITAPIUNA";"2022-07-02";"26";"0";"0";"0";"0";"0";"0"
"2022";"Dengue";"SOBRAL";"15ª REGIÃO CRATEÚS";"QUITERIANOPOLIS";"2022-03-26";"12";"0";"0";"0";"0";"0";"0"
"2022";"Dengue";"SOBRAL";"11ª REGIÃO SOBRAL";"VARJOTA";"2022-12-10";"49";"0";"0";"0";"0";"0";"0"
"2022";"Dengue";"SERTÃO CENTRAL";"08ª REGIÃO QUIXADÁ";"QUIXERAMOBIM";"2022-09-03";"35";"0";"1";"0";"0";"0";"1"
"2022";"Dengue";"CARIRI";"19ª REGIÃO BREJO SANTO";"AURORA";"2022-09-10";"36";"0";"0";"0";"0";"0";"0"
"2022";"Dengue";"CARIRI";"18ª REGIÃO IGUATU";"IGUATU";"2022-09-24";"38";"0";"0";"0";"0";"0";"0"
"2022";"Dengue";"CARIRI";"20ª REGIÃO CRATO";"POTENGI";"2022-02-19";"7";"0";"0";"0";"0";"0";"0"
"2022";"Dengue";"CARIRI";"19ª REGIÃO BREJO SANTO";"AURORA";"2022-04-30";"17";"0";"4";"0";"0";"0";"0"
"2022";"Dengue";"SOBRAL";"12ª REGIÃO ACARAÚ";"MORRINHOS";"2022-02-05";"5";"0";"2";"0";"0";"1";"0"
"2022";"Dengue";"LITORAL LESTE/JAGUARIBE";"07ª REGIÃO ARACATI";"ICAPUI";"2022-09-17";"37";"0";"4";"0";"0";"0";"0"
"2022";"Dengue";"LITORAL LESTE/JAGUARIBE";"07ª REGIÃO ARACATI";"ITAICABA";"2022-09-24";"38";"0";"1";"0";"0";"0";"0"
"2022";"Dengue";"FORTALEZA";"06ª REGIÃO DE ITAPIPOCA";"TURURU";"2022-05-14";"19";"0";"19";"0";"0";"11";"0"
"2022";"Dengue";"SOBRAL";"11ª REGIÃO SOBRAL";"SENADOR SA";"2022-08-13";"32";"0";"0";"0";"0";"0";"0"
"2022";"Dengue";"FORTALEZA";"06ª REGIÃO DE ITAPIPOCA";"TURURU";"2022-12-31";"52";"0";"0";"0";"0";"0";"0"
"2022";"Dengue";"CARIRI";"20ª REGIÃO CRATO";"POTENGI";"2022-01-08";"1";"0";"0";"0";"0";"0";"0"
"2022";"Dengue";"CARIRI";"20ª REGIÃO CRATO";"VARZEA ALEGRE";"2022-07-09";"27";"0";"5";"0";"0";"0";"0"
"2022";"Dengue";"SOBRAL";"12ª REGIÃO ACARAÚ";"CRUZ";"2022-04-02";"13";"0";"1";"0";"0";"0";"0"
"2022";"Dengue";"SOBRAL";"15ª REGIÃO CRATEÚS";"MONSENHOR TABOSA";"2022-07-02";"26";"0";"12";"0";"0";"1";"4"
"2022";"Dengue";"FORTALEZA";"03ª REGIÃO MARACANAÚ";"REDENCAO";"2022-05-21";"20";"0";"3";"0";"0";"1";"0"
"2022";"Dengue";"CARIRI";"18ª REGIÃO IGUATU";"PIQUET CARNEIRO";"2022-05-07";"18";"0";"0";"0";"0";"0";"0"
"2022";"Dengue";"FORTALEZA";"06ª REGIÃO DE ITAPIPOCA";"ITAPIPOCA";"2022-03-26";"12";"0";"65";"0";"0";"21";"5"
"2022";"Dengue";"SOBRAL";"11ª REGIÃO SOBRAL";"CATUNDA";"2022-04-16";"15";"0";"1";"0";"0";"0";"0"
"2022";"Dengue";"LITORAL LESTE/JAGUARIBE";"09ª REGIÃO RUSSAS";"RUSSAS";"2022-04-16";"15";"0";"11";"0";"0";"0";"0"
"2022";"Dengue";"SOBRAL";"11ª REGIÃO SOBRAL";"GROAIRAS";"2022-02-26";"8";"0";"0";"0";"0";"0";"0"
"2022";"Dengue";"SOBRAL";"11ª REGIÃO SOBRAL";"ALCANTARAS";"2022-07-30";"30";"0";"6";"0";"0";"1";"2"
"2022";"Dengue";"FORTALEZA";"03ª REGIÃO MARACANAÚ";"ACARAPE";"2022-01-15";"2";"0";"0";"0";"0";"0";"0"
"2022";"Dengue";"CARIRI";"17ª REGIÃO ICÓ";"UMARI";"2022-04-16";"15";"0";"12";"0";"0";"9";"3"
"2022";"Dengue";"SOBRAL";"13ª REGIÃO TIANGUÁ";"TIANGUA";"2022-10-15";"41";"0";"14";"0";"0";"8";"0"
"2022";"Dengue";"FORTALEZA";"06ª REGIÃO DE ITAPIPOCA";"TURURU";"2022-04-23";"16";"0";"35";"0";"0";"11";"7"
"2022";"Dengue";"SERTÃO CENTRAL";"08ª REGIÃO QUIXADÁ";"SENADOR POMPEU";"2022-04-30";"17";"0";"1";"0";"0";"0";"1"
"2022";"Dengue";"SOBRAL";"11ª REGIÃO SOBRAL";"PIRES FERREIRA";"2022-10-08";"40";"0";"0";"0";"0";"0";"0"
"2022";"Dengue";"SOBRAL";"13ª REGIÃO TIANGUÁ";"CARNAUBAL";"2022-05-21";"20";"0";"7";"0";"0";"2";"1"
"2022";"Dengue";"SOBRAL";"15ª REGIÃO CRATEÚS";"NOVA RUSSAS";"2022-01-08";"1";"0";"0";"0";"0";"0";"0"
"2022";"Dengue";"FORTALEZA";"04ª REGIÃO BATURITÉ";"GUARAMIRANGA";"2022-05-07";"18";"0";"3";"0";"0";"0";"1"
"2022";"Dengue";"SOBRAL";"11ª REGIÃO SOBRAL";"IPU";"2022-05-07";"18";"0";"19";"0";"0";"6";"3"
"2022";"Dengue";"CARIRI";"17ª REGIÃO ICÓ";"LAVRAS DA MANGABEIRA";"2022-09-24";"38";"0";"3";"0";"0";"0";"3"
"2022";"Dengue";"SOBRAL";"11ª REGIÃO SOBRAL";"SENADOR SA";"2022-04-30";"17";"0";"0";"0";"0";"0";"0"
"2022";"Dengue";"SERTÃO CENTRAL";"08ª REGIÃO QUIXADÁ";"PEDRA BRANCA";"2022-07-16";"28";"0";"2";"0";"0";"1";"1"
"2022";"Dengue";"SOBRAL";"13ª REGIÃO TIANGUÁ";"GUARACIABA DO NORTE";"2022-12-24";"51";"0";"0";"0";"0";"0";"0"
"2022";"Dengue";"LITORAL LESTE/JAGUARIBE";"10ª REGIÃO LIMOEIRO DO NORTE";"ERERE";"2022-12-17";"50";"0";"0";"0";"0";"0";"0"
"2022";"Dengue";"LITORAL LESTE/JAGUARIBE";"10ª REGIÃO LIMOEIRO DO NORTE";"JAGUARIBARA";"2022-04-02";"13";"0";"0";"0";"0";"0";"0"
"2022";"Dengue";"LITORAL LESTE/JAGUARIBE";"10ª REGIÃO LIMOEIRO DO NORTE";"LIMOEIRO DO NORTE";"2022-11-26";"47";"0";"14";"0";"0";"0";"2"
"2022";"Dengue";"FORTALEZA";"02ª REGIÃO CAUCAIA";"GENERAL SAMPAIO";"2022-12-03";"48";"0";"0";"0";"0";"0";"0"
"2022";"Dengue";"FORTALEZA";"04ª REGIÃO BATURITÉ";"ITAPIUNA";"2022-09-24";"38";"0";"0";"0";"0";"0";"0"
"2022";"Dengue";"SOBRAL";"11ª REGIÃO SOBRAL";"COREAU";"2022-08-20";"33";"0";"3";"0";"0";"0";"1"
"2022";"Dengue";"CARIRI";"21ª REGIÃO JUAZEIRO DO NORTE";"CARIRIACU";"2022-10-22";"42";"0";"0";"0";"0";"0";"0"
"2022";"Dengue";"CARIRI";"19ª REGIÃO BREJO SANTO";"BREJO SANTO";"2022-11-12";"45";"0";"9";"0";"0";"1";"4"
"2022";"Dengue";"SOBRAL";"11ª REGIÃO SOBRAL";"SANTANA DO ACARAU";"2022-04-30";"17";"0";"20";"0";"0";"9";"2"
"2022";"Dengue";"FORTALEZA";"04ª REGIÃO BATURITÉ";"PACOTI";"2022-12-24";"51";"0";"0";"0";"0";"0";"0"
"2022";"Dengue";"SERTÃO CENTRAL";"05ª REGIÃO DE CANINDÉ";"MADALENA";"2022-10-22";"42";"0";"0";"0";"0";"0";"0"
"2022";"Dengue";"SOBRAL";"16ª REGIÃO CAMOCIM";"CHAVAL";"2022-03-19";"11";"0";"0";"0";"0";"0";"0"
"2022";"Dengue";"SOBRAL";"11ª REGIÃO SOBRAL";"SANTA QUITERIA";"2022-11-05";"44";"0";"0";"0";"0";"0";"0"
"2022";"Dengue";"LITORAL LESTE/JAGUARIBE";"09ª REGIÃO RUSSAS";"MORADA NOVA";"2022-07-23";"29";"0";"53";"0";"0";"7";"10"
"2022";"Dengue";"CARIRI";"17ª REGIÃO ICÓ";"IPAUMIRIM";"2022-02-05";"5";"0";"0";"0";"0";"0";"0"
"2022";"Dengue";"FORTALEZA";"02ª REGIÃO CAUCAIA";"GENERAL SAMPAIO";"2022-01-22";"3";"0";"0";"0";"0";"0";"0"
"2022";"Dengue";"FORTALEZA";"01ª REGIÃO FORTALEZA";"ITAITINGA";"2022-02-12";"6";"0";"3";"0";"0";"1";"2"
"2022";"Dengue";"CARIRI";"20ª REGIÃO CRATO";"VARZEA ALEGRE";"2022-10-15";"41";"0";"0";"0";"0";"0";"0"
"2022";"Dengue";"CARIRI";"20ª REGIÃO CRATO";"VARZEA ALEGRE";"2022-03-05";"9";"0";"3";"0";"0";"1";"0"
"2022";"Dengue";"FORTALEZA";"02ª REGIÃO CAUCAIA";"APUIARES";"2022-05-07";"18";"0";"4";"0";"0";"1";"0"
"2022";"Dengue";"SOBRAL";"11ª REGIÃO SOBRAL";"MASSAPE";"2022-04-23";"16";"0";"6";"0";"0";"0";"0"
"2022";"Dengue";"CARIRI";"19ª REGIÃO BREJO SANTO";"MILAGRES";"2022-09-17";"37";"0";"0";"0";"0";"0";"0"
"2022";"Dengue";"CARIRI";"20ª REGIÃO CRATO";"CRATO";"2022-01-15";"2";"0";"1";"0";"0";"0";"0"
"2022";"Dengue";"FORTALEZA";"03ª REGIÃO MARACANAÚ";"MARANGUAPE";"2022-11-05";"44";"0";"0";"0";"0";"0";"0"
"2022";"Dengue";"SERTÃO CENTRAL";"08ª REGIÃO QUIXADÁ";"QUIXERAMOBIM";"2022-05-28";"21";"0";"256";"0";"0";"0";"141"
"2022";"Dengue";"CARIRI";"20ª REGIÃO CRATO";"TARRAFAS";"2022-05-28";"21";"0";"0";"0";"0";"0";"0"
"2022";"Dengue";"FORTALEZA";"02ª REGIÃO CAUCAIA";"PENTECOSTE";"2022-03-05";"9";"0";"0";"0";"0";"0";"0"
"2022";"Dengue";"LITORAL LESTE/JAGUARIBE";"07ª REGIÃO ARACATI";"ICAPUI";"2022-01-29";"4";"0";"2";"0";"0";"1";"0"
"2022";"Dengue";"CARIRI";"18ª REGIÃO IGUATU";"SABOEIRO";"2022-02-26";"8";"0";"1";"0";"0";"0";"0"
"2022";"Dengue";"SOBRAL";"11ª REGIÃO SOBRAL";"PIRES FERREIRA";"2022-09-24";"38";"0";"0";"0";"0";"0";"0"
"2022";"Dengue";"LITORAL LESTE/JAGUARIBE";"10ª REGIÃO LIMOEIRO DO NORTE";"ERERE";"2022-11-12";"45";"0";"1";"0";"0";"1";"0"
"2022";"Dengue";"SOBRAL";"15ª REGIÃO CRATEÚS";"PORANGA";"2022-04-16";"15";"0";"0";"0";"0";"0";"0"
"2022";"Dengue";"CARIRI";"20ª REGIÃO CRATO";"ALTANEIRA";"2022-12-17";"50";"0";"0";"0";"0";"0";"0"
"2022";"Dengue";"CARIRI";"20ª REGIÃO CRATO";"SALITRE";"2022-05-28";"21";"0";"20";"0";"0";"1";"0"
"2022";"Dengue";"CARIRI";"21ª REGIÃO JUAZEIRO DO NORTE";"CARIRIACU";"2022-11-26";"47";"0";"0";"0";"0";"0";"0"
"2022";"Dengue";"FORTALEZA";"02ª REGIÃO CAUCAIA";"SAO GONCALO DO AMARANTE";"2022-12-31";"52";"0";"0";"0";"0";"0";"0"
"2022";"Dengue";"CARIRI";"21ª REGIÃO JUAZEIRO DO NORTE";"GRANJEIRO";"2022-09-17";"37";"0";"0";"0";"0";"0";"0"
"2022";"Dengue";"FORTALEZA";"03ª REGIÃO MARACANAÚ";"BARREIRA";"2022-04-30";"17";"0";"0";"0";"0";"0";"0"
"2022";"Dengue";"CARIRI";"20ª REGIÃO CRATO";"SALITRE";"2022-01-15";"2";"0";"2";"0";"0";"0";"0"
"2022";"Dengue";"FORTALEZA";"06ª REGIÃO DE ITAPIPOCA";"TURURU";"2022-09-17";"37";"0";"0";"0";"0";"0";"0"
"2022";"Dengue";"SOBRAL";"15ª REGIÃO CRATEÚS";"MONSENHOR TABOSA";"2022-01-15";"2";"0";"0";"0";"0";"0";"0"
"2022";"Dengue";"LITORAL LESTE/JAGUARIBE";"07ª REGIÃO ARACATI";"ITAICABA";"2022-10-01";"39";"0";"4";"0";"0";"0";"0"
"2022";"Dengue";"FORTALEZA";"06ª REGIÃO DE ITAPIPOCA";"AMONTADA";"2022-05-21";"20";"0";"5";"0";"0";"1";"0"
"2022";"Dengue";"FORTALEZA";"01ª REGIÃO FORTALEZA";"FORTALEZA";"2022-07-23";"29";"0";"826";"0";"0";"94";"335"
"2022";"Dengue";"FORTALEZA";"22ª REGIÃO CASCAVEL";"CASCAVEL";"2022-08-20";"33";"0";"32";"0";"0";"0";"3"
"2022";"Dengue";"LITORAL LESTE/JAGUARIBE";"07ª REGIÃO ARACATI";"ITAICABA";"2022-01-29";"4";"0";"6";"0";"0";"0";"0"
"2022";"Dengue";"LITORAL LESTE/JAGUARIBE";"10ª REGIÃO LIMOEIRO DO NORTE";"JAGUARIBE";"2022-06-11";"23";"0";"79";"0";"0";"5";"1"
"2022";"Dengue";"FORTALEZA";"03ª REGIÃO MARACANAÚ";"PACATUBA";"2022-03-19";"11";"0";"12";"0";"0";"4";"0"
"2022";"Dengue";"CARIRI";"17ª REGIÃO ICÓ";"OROS";"2022-05-21";"20";"0";"6";"0";"0";"0";"2"
"2022";"Dengue";"SOBRAL";"11ª REGIÃO SOBRAL";"HIDROLANDIA";"2022-08-06";"31";"0";"2";"0";"0";"0";"0"
"2022";"Dengue";"SOBRAL";"11ª REGIÃO SOBRAL";"VARJOTA";"2022-06-11";"23";"0";"0";"0";"0";"0";"0"
"2022";"Dengue";"SOBRAL";"16ª REGIÃO CAMOCIM";"CHAVAL";"2022-05-14";"19";"0";"3";"0";"0";"3";"0"
"2022";"Dengue";"CARIRI";"19ª REGIÃO BREJO SANTO";"AURORA";"2022-01-22";"3";"0";"0";"0";"0";"0";"0"
"2022";"Dengue";"FORTALEZA";"06ª REGIÃO DE ITAPIPOCA";"AMONTADA";"2022-07-16";"28";"0";"7";"0";"0";"0";"0"
"2022";"Dengue";"CARIRI";"18ª REGIÃO IGUATU";"SABOEIRO";"2022-11-26";"47";"0";"0";"0";"0";"0";"0"
"2022";"Dengue";"LITORAL LESTE/JAGUARIBE";"10ª REGIÃO LIMOEIRO DO NORTE";"ALTO SANTO";"2022-08-27";"34";"0";"0";"0";"0";"0";"0"
"2022";"Dengue";"CARIRI";"20ª REGIÃO CRATO";"CAMPOS SALES";"2022-05-07";"18";"0";"28";"0";"0";"1";"0"
"2022";"Dengue";"LITORAL LESTE/JAGUARIBE";"07ª REGIÃO ARACATI";"FORTIM";"2022-11-05";"44";"0";"0";"0";"0";"0";"0"
"2022";"Dengue";"CARIRI";"20ª REGIÃO CRATO";"NOVA OLINDA";"2022-01-15";"2";"0";"1";"0";"0";"0";"0"
"2022";"Dengue";"FORTALEZA";"03ª REGIÃO MARACANAÚ";"MARACANAU";"2022-07-16";"28";"0";"19";"0";"0";"0";"9"
"2022";"Dengue";"SOBRAL";"11ª REGIÃO SOBRAL";"FORQUILHA";"2022-09-10";"36";"0";"1";"0";"0";"0";"0"
"2022";"Dengue";"FORTALEZA";"06ª REGIÃO DE ITAPIPOCA";"UMIRIM";"2022-07-23";"29";"0";"0";"0";"0";"0";"0"
"2022";"Dengue";"FORTALEZA";"03ª REGIÃO MARACANAÚ";"PALMACIA";"2022-06-11";"23";"0";"19";"0";"0";"1";"0"
"2022";"Dengue";"CARIRI";"20ª REGIÃO CRATO";"CAMPOS SALES";"2022-05-28";"21";"0";"38";"0";"0";"0";"0"
"2022";"Dengue";"SOBRAL";"16ª REGIÃO CAMOCIM";"GRANJA";"2022-12-24";"51";"0";"1";"0";"0";"0";"0"
"2022";"Dengue";"CARIRI";"20ª REGIÃO CRATO";"TARRAFAS";"2022-06-18";"24";"0";"0";"0";"0";"0";"0"
"2022";"Dengue";"SOBRAL";"13ª REGIÃO TIANGUÁ";"IBIAPINA";"2022-04-16";"15";"0";"0";"0";"0";"0";"0"
"2022";"Dengue";"SOBRAL";"13ª REGIÃO TIANGUÁ";"CARNAUBAL";"2022-12-17";"50";"0";"0";"0";"0";"0";"0"
"2022";"Dengue";"CARIRI";"18ª REGIÃO IGUATU";"SABOEIRO";"2022-11-19";"46";"0";"0";"0";"0";"0";"0"
"2022";"Dengue";"CARIRI";"18ª REGIÃO IGUATU";"ACOPIARA";"2022-03-26";"12";"0";"0";"0";"0";"0";"0"
"2022";"Dengue";"SOBRAL";"12ª REGIÃO ACARAÚ";"CRUZ";"2022-01-08";"1";"0";"0";"0";"0";"0";"0"
"2022";"Dengue";"SERTÃO CENTRAL";"08ª REGIÃO QUIXADÁ";"BANABUIU";"2022-02-19";"7";"0";"1";"0";"0";"0";"0"
"2022";"Dengue";"FORTALEZA";"22ª REGIÃO CASCAVEL";"BEBERIBE";"2022-05-28";"21";"0";"74";"0";"0";"28";"10"
"2022";"Dengue";"SERTÃO CENTRAL";"14ª REGIÃO TAUÁ";"AIUABA";"2022-09-03";"35";"0";"8";"0";"0";"2";"4"
"2022";"Dengue";"CARIRI";"20ª REGIÃO CRATO";"ASSARE";"2022-03-26";"12";"0";"9";"0";"0";"3";"0"
"2022";"Dengue";"SOBRAL";"15ª REGIÃO CRATEÚS";"TAMBORIL";"2022-12-31";"52";"0";"2";"0";"0";"1";"0"
"2022";"Dengue";"FORTALEZA";"02ª REGIÃO CAUCAIA";"ITAPAJE";"2022-10-29";"43";"0";"0";"0";"0";"0";"0"
"2022";"Dengue";"FORTALEZA";"02ª REGIÃO CAUCAIA";"SAO GONCALO DO AMARANTE";"2022-03-05";"9";"0";"4";"0";"0";"2";"2"
"2022";"Dengue";"FORTALEZA";"02ª REGIÃO CAUCAIA";"PARAIPABA";"2022-03-26";"12";"0";"0";"0";"0";"0";"0"
"2022";"Dengue";"CARIRI";"18ª REGIÃO IGUATU";"JUCAS";"2022-03-12";"10";"0";"1";"0";"0";"0";"0"
"2022";"Dengue";"SOBRAL";"13ª REGIÃO TIANGUÁ";"IBIAPINA";"2022-11-05";"44";"0";"1";"0";"0";"1";"0"
"2022";"Dengue";"FORTALEZA";"03ª REGIÃO MARACANAÚ";"PACATUBA";"2022-11-12";"45";"0";"5";"0";"0";"1";"0"
"2022";"Dengue";"SOBRAL";"11ª REGIÃO SOBRAL";"FRECHEIRINHA";"2022-10-08";"40";"0";"0";"0";"0";"0";"0"
"2022";"Dengue";"FORTALEZA";"06ª REGIÃO DE ITAPIPOCA";"MIRAIMA";"2022-06-18";"24";"0";"2";"0";"0";"0";"2"
"2022";"Dengue";"SOBRAL";"12ª REGIÃO ACARAÚ";"JIJOCA DE JERICOACOARA";"2022-10-29";"43";"0";"2";"0";"0";"0";"0"
"2022";"Dengue";"FORTALEZA";"02ª REGIÃO CAUCAIA";"CAUCAIA";"2022-09-03";"35";"0";"19";"0";"0";"1";"10"
"2022";"Dengue";"SOBRAL";"13ª REGIÃO TIANGUÁ";"CROATA";"2022-09-24";"38";"0";"0";"0";"0";"0";"0"
"2022";"Dengue";"FORTALEZA";"06ª REGIÃO DE ITAPIPOCA";"AMONTADA";"2022-05-07";"18";"0";"5";"0";"0";"0";"0"
"2022";"Dengue";"SOBRAL";"13ª REGIÃO TIANGUÁ";"CARNAUBAL";"2022-04-09";"14";"0";"0";"0";"0";"0";"0"
"2022";"Dengue";"LITORAL LESTE/JAGUARIBE";"10ª REGIÃO LIMOEIRO DO NORTE";"IRACEMA";"2022-10-22";"42";"0";"0";"0";"0";"0";"0"
"2022";"Dengue";"LITORAL LESTE/JAGUARIBE";"07ª REGIÃO ARACATI";"FORTIM";"2022-09-17";"37";"0";"1";"0";"0";"0";"0"
"2022";"Dengue";"SOBRAL";"11ª REGIÃO SOBRAL";"PACUJA";"2022-12-17";"50";"0";"0";"0";"0";"0";"0"
"2022";"Dengue";"SERTÃO CENTRAL";"05ª REGIÃO DE CANINDÉ";"ITATIRA";"2022-07-30";"30";"0";"1";"0";"0";"0";"1"
"2022";"Dengue";"CARIRI";"17ª REGIÃO ICÓ";"IPAUMIRIM";"2022-07-09";"27";"0";"0";"0";"0";"0";"0"
"2022";"Dengue";"CARIRI";"20ª REGIÃO CRATO";"ANTONINA DO NORTE";"2022-06-11";"23";"0";"1";"0";"0";"0";"0"
"2022";"Dengue";"SOBRAL";"13ª REGIÃO TIANGUÁ";"GUARACIABA DO NORTE";"2022-05-21";"20";"0";"12";"0";"0";"9";"3"
"2022";"Dengue";"SOBRAL";"15ª REGIÃO CRATEÚS";"IPUEIRAS";"2022-09-10";"36";"0";"0";"0";"0";"0";"0"
"2022";"Dengue";"SERTÃO CENTRAL";"08ª REGIÃO QUIXADÁ";"SENADOR POMPEU";"2022-05-07";"18";"0";"1";"0";"0";"0";"0"
"2022";"Dengue";"CARIRI";"20ª REGIÃO CRATO";"ASSARE";"2022-12-03";"48";"0";"1";"0";"0";"1";"0"
"2022";"Dengue";"SOBRAL";"11ª REGIÃO SOBRAL";"PIRES FERREIRA";"2022-12-17";"50";"0";"0";"0";"0";"0";"0"
"2022";"Dengue";"CARIRI";"19ª REGIÃO BREJO SANTO";"PENAFORTE";"2022-02-12";"6";"0";"13";"0";"0";"1";"9"
"2022";"Dengue";"FORTALEZA";"03ª REGIÃO MARACANAÚ";"MARACANAU";"2022-08-27";"34";"0";"28";"0";"0";"0";"3"
"2022";"Dengue";"CARIRI";"20ª REGIÃO CRATO";"SALITRE";"2022-03-19";"11";"0";"3";"0";"0";"0";"0"
"2022";"Dengue";"SOBRAL";"11ª REGIÃO SOBRAL";"HIDROLANDIA";"2022-02-26";"8";"0";"0";"0";"0";"0";"0"
"2022";"Dengue";"LITORAL LESTE/JAGUARIBE";"10ª REGIÃO LIMOEIRO DO NORTE";"IRACEMA";"2022-10-08";"40";"0";"0";"0";"0";"0";"0"
"2022";"Dengue";"CARIRI";"18ª REGIÃO IGUATU";"PIQUET CARNEIRO";"2022-11-26";"47";"0";"0";"0";"0";"0";"0"
"2022";"Dengue";"SOBRAL";"11ª REGIÃO SOBRAL";"IPU";"2022-05-14";"19";"0";"26";"0";"0";"3";"4"
"2022";"Dengue";"CARIRI";"20ª REGIÃO CRATO";"ASSARE";"2022-04-02";"13";"0";"9";"0";"0";"0";"1"
"2022";"Dengue";"CARIRI";"18ª REGIÃO IGUATU";"QUIXELO";"2022-06-25";"25";"0";"1";"0";"0";"1";"0"
"2022";"Dengue";"CARIRI";"21ª REGIÃO JUAZEIRO DO NORTE";"JARDIM";"2022-07-16";"28";"0";"0";"0";"0";"0";"0"
"2022";"Dengue";"LITORAL LESTE/JAGUARIBE";"10ª REGIÃO LIMOEIRO DO NORTE";"ALTO SANTO";"2022-06-04";"22";"0";"0";"0";"0";"0";"0"
"2022";"Dengue";"CARIRI";"20ª REGIÃO CRATO";"FARIAS BRITO";"2022-06-04";"22";"0";"2";"0";"0";"0";"0"
"2022";"Dengue";"CARIRI";"20ª REGIÃO CRATO";"VARZEA ALEGRE";"2022-10-22";"42";"0";"2";"0";"0";"0";"0"
"2022";"Dengue";"FORTALEZA";"06ª REGIÃO DE ITAPIPOCA";"UMIRIM";"2022-01-29";"4";"0";"0";"0";"0";"0";"0"
"2022";"Dengue";"SOBRAL";"15ª REGIÃO CRATEÚS";"NOVA RUSSAS";"2022-09-10";"36";"0";"0";"0";"0";"0";"0"
"2022";"Dengue";"CARIRI";"18ª REGIÃO IGUATU";"JUCAS";"2022-10-15";"41";"0";"0";"0";"0";"0";"0"
"2022";"Dengue";"CARIRI";"18ª REGIÃO IGUATU";"JUCAS";"2022-01-15";"2";"0";"0";"0";"0";"0";"0"
"2022";"Dengue";"FORTALEZA";"02ª REGIÃO CAUCAIA";"TEJUCUOCA";"2022-12-03";"48";"0";"0";"0";"0";"0";"0"
"2022";"Dengue";"CARIRI";"20ª REGIÃO CRATO";"SALITRE";"2022-11-19";"46";"0";"2";"0";"0";"1";"0"
"2022";"Dengue";"FORTALEZA";"02ª REGIÃO CAUCAIA";"PARAIPABA";"2022-01-29";"4";"0";"0";"0";"0";"0";"0"
"2022";"Dengue";"LITORAL LESTE/JAGUARIBE";"09ª REGIÃO RUSSAS";"PALHANO";"2022-01-29";"4";"0";"0";"0";"0";"0";"0"
"2022";"Dengue";"SOBRAL";"11ª REGIÃO SOBRAL";"MORAUJO";"2022-12-31";"52";"0";"0";"0";"0";"0";"0"
"2022";"Dengue";"CARIRI";"21ª REGIÃO JUAZEIRO DO NORTE";"JUAZEIRO DO NORTE";"2022-01-22";"3";"0";"53";"0";"0";"0";"0"
"2022";"Dengue";"SOBRAL";"12ª REGIÃO ACARAÚ";"JIJOCA DE JERICOACOARA";"2022-11-05";"44";"0";"2";"0";"0";"1";"0"
"2022";"Dengue";"LITORAL LESTE/JAGUARIBE";"10ª REGIÃO LIMOEIRO DO NORTE";"JAGUARIBARA";"2022-10-22";"42";"0";"4";"0";"0";"0";"0"
"2022";"Dengue";"FORTALEZA";"02ª REGIÃO CAUCAIA";"CAUCAIA";"2022-02-05";"5";"0";"4";"0";"0";"0";"0"
"2022";"Dengue";"SOBRAL";"11ª REGIÃO SOBRAL";"HIDROLANDIA";"2022-07-23";"29";"0";"2";"0";"0";"0";"0"
"2022";"Dengue";"FORTALEZA";"06ª REGIÃO DE ITAPIPOCA";"TURURU";"2022-09-24";"38";"0";"0";"0";"0";"0";"0"
"2022";"Dengue";"SOBRAL";"16ª REGIÃO CAMOCIM";"BARROQUINHA";"2022-01-22";"3";"0";"0";"0";"0";"0";"0"
"2022";"Dengue";"FORTALEZA";"03ª REGIÃO MARACANAÚ";"MARACANAU";"2022-02-26";"8";"0";"4";"0";"0";"0";"0"
"2022";"Dengue";"CARIRI";"18ª REGIÃO IGUATU";"QUIXELO";"2022-09-24";"38";"0";"0";"0";"0";"0";"0"
"2022";"Dengue";"SOBRAL";"11ª REGIÃO SOBRAL";"PIRES FERREIRA";"2022-12-03";"48";"0";"0";"0";"0";"0";"0"
"2022";"Dengue";"FORTALEZA";"03ª REGIÃO MARACANAÚ";"ACARAPE";"2022-04-23";"16";"0";"0";"0";"0";"0";"0"
"2022";"Dengue";"FORTALEZA";"06ª REGIÃO DE ITAPIPOCA";"UMIRIM";"2022-12-10";"49";"0";"0";"0";"0";"0";"0"
"2022";"Dengue";"FORTALEZA";"01ª REGIÃO FORTALEZA";"FORTALEZA";"2022-10-08";"40";"0";"299";"0";"0";"27";"86"
"2022";"Dengue";"SERTÃO CENTRAL";"05ª REGIÃO DE CANINDÉ";"BOA VIAGEM";"2022-03-19";"11";"0";"8";"0";"0";"2";"1"
"2022";"Dengue";"CARIRI";"17ª REGIÃO ICÓ";"CEDRO";"2022-12-24";"51";"0";"0";"0";"0";"0";"0"
"2022";"Dengue";"CARIRI";"21ª REGIÃO JUAZEIRO DO NORTE";"JARDIM";"2022-05-14";"19";"0";"0";"0";"0";"0";"0"
"2022";"Dengue";"CARIRI";"20ª REGIÃO CRATO";"ANTONINA DO NORTE";"2022-06-04";"22";"0";"1";"0";"0";"0";"0"
"2022";"Dengue";"FORTALEZA";"02ª REGIÃO CAUCAIA";"TEJUCUOCA";"2022-10-01";"39";"0";"0";"0";"0";"0";"0"
"2022";"Dengue";"SERTÃO CENTRAL";"08ª REGIÃO QUIXADÁ";"SENADOR POMPEU";"2022-11-12";"45";"0";"0";"0";"0";"0";"0"
"2022";"Dengue";"FORTALEZA";"02ª REGIÃO CAUCAIA";"PARACURU";"2022-08-20";"33";"0";"1";"0";"0";"0";"1"
"2022";"Dengue";"CARIRI";"20ª REGIÃO CRATO";"POTENGI";"2022-04-16";"15";"0";"0";"0";"0";"0";"0"
"2022";"Dengue";"FORTALEZA";"04ª REGIÃO BATURITÉ";"BATURITE";"2022-09-03";"35";"0";"0";"0";"0";"0";"0"
"2022";"Dengue";"LITORAL LESTE/JAGUARIBE";"10ª REGIÃO LIMOEIRO DO NORTE";"JAGUARIBARA";"2022-08-13";"32";"0";"26";"0";"0";"8";"0"
"2022";"Dengue";"SOBRAL";"11ª REGIÃO SOBRAL";"IPU";"2022-07-02";"26";"0";"7";"0";"0";"4";"1"
"2022";"Dengue";"LITORAL LESTE/JAGUARIBE";"10ª REGIÃO LIMOEIRO DO NORTE";"PEREIRO";"2022-10-08";"40";"0";"1";"0";"0";"0";"0"
"2022";"Dengue";"FORTALEZA";"01ª REGIÃO FORTALEZA";"ITAITINGA";"2022-09-24";"38";"0";"0";"0";"0";"0";"0"
"2022";"Dengue";"SOBRAL";"11ª REGIÃO SOBRAL";"RERIUTABA";"2022-07-09";"27";"0";"4";"0";"0";"1";"0"
"2022";"Dengue";"SOBRAL";"16ª REGIÃO CAMOCIM";"CAMOCIM";"2022-10-15";"41";"0";"2";"0";"0";"0";"0"
"2022";"Dengue";"SOBRAL";"11ª REGIÃO SOBRAL";"IPU";"2022-04-09";"14";"0";"16";"0";"0";"10";"2"
"2022";"Dengue";"SERTÃO CENTRAL";"08ª REGIÃO QUIXADÁ";"IBICUITINGA";"2022-12-17";"50";"0";"0";"0";"0";"0";"0"
"2022";"Dengue";"LITORAL LESTE/JAGUARIBE";"10ª REGIÃO LIMOEIRO DO NORTE";"TABULEIRO DO NORTE";"2022-04-23";"16";"0";"0";"0";"0";"0";"0"
"2022";"Dengue";"SOBRAL";"11ª REGIÃO SOBRAL";"RERIUTABA";"2022-08-13";"32";"0";"0";"0";"0";"0";"0"
"2022";"Dengue";"SOBRAL";"12ª REGIÃO ACARAÚ";"CRUZ";"2022-02-12";"6";"0";"0";"0";"0";"0";"0"
"2022";"Dengue";"SERTÃO CENTRAL";"14ª REGIÃO TAUÁ";"ARNEIROZ";"2022-07-30";"30";"0";"2";"0";"0";"2";"0"
"2022";"Dengue";"LITORAL LESTE/JAGUARIBE";"10ª REGIÃO LIMOEIRO DO NORTE";"ERERE";"2022-12-31";"52";"0";"0";"0";"0";"0";"0"
"2022";"Dengue";"CARIRI";"20ª REGIÃO CRATO";"CAMPOS SALES";"2022-06-18";"24";"0";"2";"0";"0";"0";"0"
"2022";"Dengue";"CARIRI";"20ª REGIÃO CRATO";"POTENGI";"2022-12-17";"50";"0";"0";"0";"0";"0";"0"
"2022";"Dengue";"CARIRI";"20ª REGIÃO CRATO";"TARRAFAS";"2022-07-09";"27";"0";"0";"0";"0";"0";"0"
"2022";"Dengue";"FORTALEZA";"02ª REGIÃO CAUCAIA";"PARAIPABA";"2022-02-19";"7";"0";"0";"0";"0";"0";"0"
"2022";"Dengue";"SOBRAL";"15ª REGIÃO CRATEÚS";"IPUEIRAS";"2022-07-02";"26";"0";"9";"0";"0";"3";"5"
"2022";"Dengue";"LITORAL LESTE/JAGUARIBE";"09ª REGIÃO RUSSAS";"JAGUARUANA";"2022-05-07";"18";"0";"9";"0";"0";"0";"0"
"2022";"Dengue";"CARIRI";"19ª REGIÃO BREJO SANTO";"JATI";"2022-01-22";"3";"0";"0";"0";"0";"0";"0"
"2022";"Dengue";"SOBRAL";"12ª REGIÃO ACARAÚ";"MARCO";"2022-07-16";"28";"0";"2";"0";"0";"1";"0"
"2022";"Dengue";"FORTALEZA";"04ª REGIÃO BATURITÉ";"CAPISTRANO";"2022-05-21";"20";"0";"0";"0";"0";"0";"0"
"2022";"Dengue";"SOBRAL";"15ª REGIÃO CRATEÚS";"NOVA RUSSAS";"2022-11-05";"44";"0";"1";"0";"0";"0";"0"
"2022";"Dengue";"LITORAL LESTE/JAGUARIBE";"10ª REGIÃO LIMOEIRO DO NORTE";"QUIXERE";"2022-06-04";"22";"0";"3";"0";"0";"0";"0"
"2022";"Dengue";"SERTÃO CENTRAL";"05ª REGIÃO DE CANINDÉ";"PARAMOTI";"2022-03-05";"9";"0";"0";"0";"0";"0";"0"
"2022";"Dengue";"LITORAL LESTE/JAGUARIBE";"09ª REGIÃO RUSSAS";"PALHANO";"2022-02-05";"5";"0";"1";"0";"0";"0";"0"
"2022";"Dengue";"SOBRAL";"13ª REGIÃO TIANGUÁ";"IBIAPINA";"2022-06-25";"25";"0";"0";"0";"0";"0";"0"
"2022";"Dengue";"SOBRAL";"12ª REGIÃO ACARAÚ";"JIJOCA DE JERICOACOARA";"2022-11-26";"47";"0";"1";"0";"0";"0";"0"
"2022";"Dengue";"FORTALEZA";"03ª REGIÃO MARACANAÚ";"REDENCAO";"2022-12-10";"49";"0";"0";"0";"0";"0";"0"
"2022";"Dengue";"CARIRI";"20ª REGIÃO CRATO";"ALTANEIRA";"2022-04-09";"14";"0";"0";"0";"0";"0";"0"
"2022";"Dengue";"FORTALEZA";"22ª REGIÃO CASCAVEL";"PINDORETAMA";"2022-02-26";"8";"0";"75";"0";"0";"25";"0"
"2022";"Dengue";"CARIRI";"18ª REGIÃO IGUATU";"MOMBACA";"2022-08-20";"33";"0";"0";"0";"0";"0";"0"
"2022";"Dengue";"FORTALEZA";"04ª REGIÃO BATURITÉ";"CAPISTRANO";"2022-12-31";"52";"0";"0";"0";"0";"0";"0"
"2022";"Dengue";"CARIRI";"17ª REGIÃO ICÓ";"UMARI";"2022-07-23";"29";"0";"0";"0";"0";"0";"0"
"2022";"Dengue";"CARIRI";"21ª REGIÃO JUAZEIRO DO NORTE";"JUAZEIRO DO NORTE";"2022-04-09";"14";"0";"284";"0";"0";"2";"4"
"2022";"Dengue";"FORTALEZA";"02ª REGIÃO CAUCAIA";"PARAIPABA";"2022-10-01";"39";"0";"0";"0";"0";"0";"0"
"2022";"Dengue";"FORTALEZA";"22ª REGIÃO CASCAVEL";"HORIZONTE";"2022-04-16";"15";"0";"1";"0";"0";"1";"0"
"2022";"Dengue";"FORTALEZA";"06ª REGIÃO DE ITAPIPOCA";"MIRAIMA";"2022-10-15";"41";"0";"0";"0";"0";"0";"0"
"2022";"Dengue";"FORTALEZA";"06ª REGIÃO DE ITAPIPOCA";"UMIRIM";"2022-03-19";"11";"0";"1";"0";"0";"0";"0"
"2022";"Dengue";"FORTALEZA";"03ª REGIÃO MARACANAÚ";"MARANGUAPE";"2022-12-03";"48";"0";"5";"0";"0";"0";"0"
"2022";"Dengue";"CARIRI";"17ª REGIÃO ICÓ";"IPAUMIRIM";"2022-04-16";"15";"0";"2";"0";"0";"0";"0"
"2022";"Dengue";"FORTALEZA";"22ª REGIÃO CASCAVEL";"OCARA";"2022-11-26";"47";"0";"4";"0";"0";"0";"0"
"2022";"Dengue";"FORTALEZA";"06ª REGIÃO DE ITAPIPOCA";"URUBURETAMA";"2022-03-12";"10";"0";"0";"0";"0";"0";"0"
"2022";"Dengue";"SOBRAL";"12ª REGIÃO ACARAÚ";"MARCO";"2022-12-24";"51";"0";"0";"0";"0";"0";"0"
"2022";"Dengue";"CARIRI";"20ª REGIÃO CRATO";"SANTANA DO CARIRI";"2022-04-09";"14";"0";"64";"0";"0";"18";"19"
"2022";"Dengue";"SOBRAL";"11ª REGIÃO SOBRAL";"MASSAPE";"2022-03-19";"11";"0";"1";"0";"0";"1";"0"
"2022";"Dengue";"CARIRI";"21ª REGIÃO JUAZEIRO DO NORTE";"GRANJEIRO";"2022-12-03";"48";"0";"0";"0";"0";"0";"0"
"2022";"Dengue";"SERTÃO CENTRAL";"08ª REGIÃO QUIXADÁ";"MILHA";"2022-07-30";"30";"0";"1";"0";"0";"0";"0"
"2022";"Dengue";"SERTÃO CENTRAL";"08ª REGIÃO QUIXADÁ";"IBICUITINGA";"2022-06-25";"25";"0";"1";"0";"0";"0";"0"
"2022";"Dengue";"FORTALEZA";"04ª REGIÃO BATURITÉ";"ARATUBA";"2022-04-16";"15";"0";"28";"0";"0";"13";"14"
"2022";"Dengue";"FORTALEZA";"04ª REGIÃO BATURITÉ";"ARATUBA";"2022-04-09";"14";"0";"31";"0";"0";"20";"12"
"2022";"Dengue";"FORTALEZA";"04ª REGIÃO BATURITÉ";"CAPISTRANO";"2022-10-22";"42";"0";"0";"0";"0";"0";"0"
"2022";"Dengue";"SERTÃO CENTRAL";"05ª REGIÃO DE CANINDÉ";"MADALENA";"2022-02-05";"5";"0";"0";"0";"0";"0";"0"
"2022";"Dengue";"SOBRAL";"12ª REGIÃO ACARAÚ";"MARCO";"2022-07-23";"29";"0";"6";"0";"0";"0";"0"
"2022";"Dengue";"CARIRI";"19ª REGIÃO BREJO SANTO";"JATI";"2022-07-09";"27";"0";"6";"0";"0";"0";"0"
"2022";"Dengue";"SOBRAL";"11ª REGIÃO SOBRAL";"IPU";"2022-08-27";"34";"0";"1";"0";"0";"0";"0"
"2022";"Dengue";"SERTÃO CENTRAL";"08ª REGIÃO QUIXADÁ";"BANABUIU";"2022-07-30";"30";"0";"4";"0";"0";"0";"0"
"2022";"Dengue";"SOBRAL";"15ª REGIÃO CRATEÚS";"ARARENDA";"2022-10-29";"43";"0";"0";"0";"0";"0";"0"
"2022";"Dengue";"SOBRAL";"11ª REGIÃO SOBRAL";"PIRES FERREIRA";"2022-09-03";"35";"0";"0";"0";"0";"0";"0"
"2022";"Dengue";"FORTALEZA";"04ª REGIÃO BATURITÉ";"PACOTI";"2022-04-23";"16";"0";"6";"0";"0";"1";"0"
"2022";"Dengue";"SOBRAL";"15ª REGIÃO CRATEÚS";"QUITERIANOPOLIS";"2022-08-20";"33";"0";"0";"0";"0";"0";"0"
"2022";"Dengue";"FORTALEZA";"06ª REGIÃO DE ITAPIPOCA";"ITAPIPOCA";"2022-10-08";"40";"0";"1";"0";"0";"0";"0"
"2022";"Dengue";"SERTÃO CENTRAL";"08ª REGIÃO QUIXADÁ";"BANABUIU";"2022-12-03";"48";"0";"0";"0";"0";"0";"0"
"2022";"Dengue";"LITORAL LESTE/JAGUARIBE";"10ª REGIÃO LIMOEIRO DO NORTE";"JAGUARIBE";"2022-07-02";"26";"0";"94";"0";"0";"0";"0"
"2022";"Dengue";"SOBRAL";"11ª REGIÃO SOBRAL";"PIRES FERREIRA";"2022-02-19";"7";"0";"1";"0";"0";"0";"0"
"2022";"Dengue";"FORTALEZA";"22ª REGIÃO CASCAVEL";"CHOROZINHO";"2022-07-02";"26";"0";"2";"0";"0";"0";"0"
"2022";"Dengue";"CARIRI";"21ª REGIÃO JUAZEIRO DO NORTE";"GRANJEIRO";"2022-11-26";"47";"0";"0";"0";"0";"0";"0"
"2022";"Dengue";"SOBRAL";"11ª REGIÃO SOBRAL";"PACUJA";"2022-01-15";"2";"0";"0";"0";"0";"0";"0"
"2022";"Dengue";"FORTALEZA";"02ª REGIÃO CAUCAIA";"TEJUCUOCA";"2022-06-04";"22";"0";"1";"0";"0";"0";"0"
"2022";"Dengue";"LITORAL LESTE/JAGUARIBE";"09ª REGIÃO RUSSAS";"JAGUARETAMA";"2022-10-29";"43";"0";"3";"0";"0";"1";"0"
"2022";"Dengue";"SOBRAL";"15ª REGIÃO CRATEÚS";"IPAPORANGA";"2022-10-15";"41";"0";"0";"0";"0";"0";"0"
"2022";"Dengue";"SERTÃO CENTRAL";"05ª REGIÃO DE CANINDÉ";"CARIDADE";"2022-08-27";"34";"0";"0";"0";"0";"0";"0"
"2022";"Dengue";"SOBRAL";"15ª REGIÃO CRATEÚS";"ARARENDA";"2022-08-20";"33";"0";"1";"0";"0";"0";"0"
"2022";"Dengue";"CARIRI";"19ª REGIÃO BREJO SANTO";"JATI";"2022-04-02";"13";"0";"18";"0";"0";"1";"0"
"2022";"Dengue";"CARIRI";"20ª REGIÃO CRATO";"FARIAS BRITO";"2022-05-21";"20";"0";"4";"0";"0";"0";"0"
"2022";"Dengue";"SOBRAL";"15ª REGIÃO CRATEÚS";"TAMBORIL";"2022-03-05";"9";"0";"0";"0";"0";"0";"0"
"2022";"Dengue";"SOBRAL";"12ª REGIÃO ACARAÚ";"ITAREMA";"2022-04-30";"17";"0";"2";"0";"0";"1";"1"
"2022";"Dengue";"LITORAL LESTE/JAGUARIBE";"07ª REGIÃO ARACATI";"ICAPUI";"2022-09-10";"36";"0";"1";"0";"0";"1";"0"
"2022";"Dengue";"FORTALEZA";"22ª REGIÃO CASCAVEL";"HORIZONTE";"2022-10-22";"42";"0";"0";"0";"0";"0";"0"
"2022";"Dengue";"CARIRI";"18ª REGIÃO IGUATU";"IGUATU";"2022-07-02";"26";"0";"2";"0";"0";"2";"0"
"2022";"Dengue";"CARIRI";"17ª REGIÃO ICÓ";"UMARI";"2022-06-25";"25";"0";"0";"0";"0";"0";"0"
"2022";"Dengue";"SOBRAL";"15ª REGIÃO CRATEÚS";"INDEPENDENCIA";"2022-07-30";"30";"0";"1";"0";"0";"1";"0"
"2022";"Dengue";"CARIRI";"20ª REGIÃO CRATO";"VARZEA ALEGRE";"2022-03-19";"11";"0";"13";"0";"0";"0";"0"
"2022";"Dengue";"SOBRAL";"11ª REGIÃO SOBRAL";"PIRES FERREIRA";"2022-08-27";"34";"0";"0";"0";"0";"0";"0"
"2022";"Dengue";"FORTALEZA";"02ª REGIÃO CAUCAIA";"APUIARES";"2022-06-04";"22";"0";"4";"0";"0";"0";"0"
"2022";"Dengue";"FORTALEZA";"04ª REGIÃO BATURITÉ";"BATURITE";"2022-11-05";"44";"0";"0";"0";"0";"0";"0"
"2022";"Dengue";"CARIRI";"19ª REGIÃO BREJO SANTO";"AURORA";"2022-10-22";"42";"0";"0";"0";"0";"0";"0"
"2022";"Dengue";"FORTALEZA";"03ª REGIÃO MARACANAÚ";"MARANGUAPE";"2022-05-21";"20";"0";"30";"0";"0";"4";"9"
"2022";"Dengue";"FORTALEZA";"02ª REGIÃO CAUCAIA";"GENERAL SAMPAIO";"2022-04-09";"14";"0";"0";"0";"0";"0";"0"
"2022";"Dengue";"SOBRAL";"12ª REGIÃO ACARAÚ";"MORRINHOS";"2022-11-05";"44";"0";"0";"0";"0";"0";"0"
"2022";"Dengue";"LITORAL LESTE/JAGUARIBE";"10ª REGIÃO LIMOEIRO DO NORTE";"LIMOEIRO DO NORTE";"2022-06-25";"25";"0";"32";"0";"0";"8";"19"
"2022";"Dengue";"SOBRAL";"11ª REGIÃO SOBRAL";"MORAUJO";"2022-04-02";"13";"0";"0";"0";"0";"0";"0"
"2022";"Dengue";"CARIRI";"17ª REGIÃO ICÓ";"CEDRO";"2022-01-22";"3";"0";"0";"0";"0";"0";"0"
"2022";"Dengue";"FORTALEZA";"06ª REGIÃO DE ITAPIPOCA";"UMIRIM";"2022-02-26";"8";"0";"0";"0";"0";"0";"0"
"2022";"Dengue";"CARIRI";"18ª REGIÃO IGUATU";"CATARINA";"2022-01-29";"4";"0";"2";"0";"0";"0";"0"
"2022";"Dengue";"SOBRAL";"11ª REGIÃO SOBRAL";"ALCANTARAS";"2022-05-14";"19";"0";"2";"0";"0";"0";"0"
"2022";"Dengue";"CARIRI";"19ª REGIÃO BREJO SANTO";"BARRO";"2022-07-16";"28";"0";"1";"0";"0";"0";"0"
"2022";"Dengue";"CARIRI";"20ª REGIÃO CRATO";"ALTANEIRA";"2022-02-12";"6";"0";"0";"0";"0";"0";"0"
"2022";"Dengue";"FORTALEZA";"02ª REGIÃO CAUCAIA";"GENERAL SAMPAIO";"2022-06-04";"22";"0";"0";"0";"0";"0";"0"
"2022";"Dengue";"FORTALEZA";"02ª REGIÃO CAUCAIA";"SAO GONCALO DO AMARANTE";"2022-01-15";"2";"0";"5";"0";"0";"0";"0"
"2022";"Dengue";"SOBRAL";"12ª REGIÃO ACARAÚ";"ACARAU";"2022-08-20";"33";"0";"3";"0";"0";"2";"0"
"2022";"Dengue";"FORTALEZA";"06ª REGIÃO DE ITAPIPOCA";"URUBURETAMA";"2022-02-05";"5";"0";"1";"0";"0";"0";"0"
"2022";"Dengue";"FORTALEZA";"03ª REGIÃO MARACANAÚ";"MARANGUAPE";"2022-07-02";"26";"0";"55";"0";"0";"3";"19"
"2022";"Dengue";"FORTALEZA";"03ª REGIÃO MARACANAÚ";"MARANGUAPE";"2022-06-04";"22";"0";"28";"0";"0";"2";"8"
"2022";"Dengue";"CARIRI";"17ª REGIÃO ICÓ";"CEDRO";"2022-04-23";"16";"0";"17";"0";"0";"0";"0"
"2022";"Dengue";"SERTÃO CENTRAL";"05ª REGIÃO DE CANINDÉ";"CARIDADE";"2022-11-12";"45";"0";"0";"0";"0";"0";"0"
"2022";"Dengue";"SOBRAL";"13ª REGIÃO TIANGUÁ";"SAO BENEDITO";"2022-03-12";"10";"0";"0";"0";"0";"0";"0"
"2022";"Dengue";"CARIRI";"21ª REGIÃO JUAZEIRO DO NORTE";"BARBALHA";"2022-04-16";"15";"0";"18";"0";"0";"2";"0"
"2022";"Dengue";"FORTALEZA";"06ª REGIÃO DE ITAPIPOCA";"UMIRIM";"2022-08-27";"34";"0";"0";"0";"0";"0";"0"
"2022";"Dengue";"FORTALEZA";"22ª REGIÃO CASCAVEL";"CHOROZINHO";"2022-10-29";"43";"0";"0";"0";"0";"0";"0"
"2022";"Dengue";"CARIRI";"20ª REGIÃO CRATO";"CAMPOS SALES";"2022-01-15";"2";"0";"1";"0";"0";"0";"0"
"2022";"Dengue";"FORTALEZA";"03ª REGIÃO MARACANAÚ";"REDENCAO";"2022-08-13";"32";"0";"0";"0";"0";"0";"0"
"2022";"Dengue";"SERTÃO CENTRAL";"14ª REGIÃO TAUÁ";"PARAMBU";"2022-03-05";"9";"0";"0";"0";"0";"0";"0"
"2022";"Dengue";"CARIRI";"18ª REGIÃO IGUATU";"MOMBACA";"2022-09-24";"38";"0";"0";"0";"0";"0";"0"
"2022";"Dengue";"FORTALEZA";"02ª REGIÃO CAUCAIA";"SAO LUIS DO CURU";"2022-10-22";"42";"0";"0";"0";"0";"0";"0"
"2022";"Dengue";"CARIRI";"20ª REGIÃO CRATO";"SALITRE";"2022-10-29";"43";"0";"0";"0";"0";"0";"0"
"2022";"Dengue";"SOBRAL";"16ª REGIÃO CAMOCIM";"CAMOCIM";"2022-05-28";"21";"0";"104";"0";"0";"2";"0"
"2022";"Dengue";"SERTÃO CENTRAL";"08ª REGIÃO QUIXADÁ";"SOLONOPOLE";"2022-03-05";"9";"0";"0";"0";"0";"0";"0"
"2022";"Dengue";"CARIRI";"19ª REGIÃO BREJO SANTO";"MILAGRES";"2022-04-30";"17";"0";"44";"0";"0";"2";"20"
"2022";"Dengue";"CARIRI";"17ª REGIÃO ICÓ";"LAVRAS DA MANGABEIRA";"2022-10-01";"39";"0";"0";"0";"0";"0";"0"
"2022";"Dengue";"SERTÃO CENTRAL";"05ª REGIÃO DE CANINDÉ";"CANINDE";"2022-12-24";"51";"0";"0";"0";"0";"0";"0"
"2022";"Dengue";"FORTALEZA";"02ª REGIÃO CAUCAIA";"CAUCAIA";"2022-11-12";"45";"0";"11";"0";"0";"0";"8"
"2022";"Dengue";"CARIRI";"21ª REGIÃO JUAZEIRO DO NORTE";"JARDIM";"2022-09-24";"38";"0";"0";"0";"0";"0";"0"
"2022";"Dengue";"CARIRI";"19ª REGIÃO BREJO SANTO";"PENAFORTE";"2022-07-23";"29";"0";"0";"0";"0";"0";"0"
"2022";"Dengue";"SERTÃO CENTRAL";"08ª REGIÃO QUIXADÁ";"IBARETAMA";"2022-04-09";"14";"0";"1";"0";"0";"0";"0"
"2022";"Dengue";"FORTALEZA";"04ª REGIÃO BATURITÉ";"MULUNGU";"2022-06-18";"24";"0";"8";"0";"0";"0";"6"
"2022";"Dengue";"SOBRAL";"13ª REGIÃO TIANGUÁ";"IBIAPINA";"2022-08-06";"31";"0";"0";"0";"0";"0";"0"
"2022";"Dengue";"SOBRAL";"11ª REGIÃO SOBRAL";"SANTANA DO ACARAU";"2022-04-23";"16";"0";"9";"0";"0";"1";"6"
"2022";"Dengue";"SOBRAL";"11ª REGIÃO SOBRAL";"SENADOR SA";"2022-11-26";"47";"0";"0";"0";"0";"0";"0"
"2022";"Dengue";"SOBRAL";"15ª REGIÃO CRATEÚS";"QUITERIANOPOLIS";"2022-01-22";"3";"0";"0";"0";"0";"0";"0"
"2022";"Dengue";"CARIRI";"17ª REGIÃO ICÓ";"ICO";"2022-06-18";"24";"0";"32";"0";"0";"4";"12"
"2022";"Dengue";"SOBRAL";"15ª REGIÃO CRATEÚS";"TAMBORIL";"2022-04-30";"17";"0";"0";"0";"0";"0";"0"
"2022";"Dengue";"CARIRI";"18ª REGIÃO IGUATU";"MOMBACA";"2022-04-02";"13";"0";"0";"0";"0";"0";"0"
"2022";"Dengue";"SOBRAL";"11ª REGIÃO SOBRAL";"CATUNDA";"2022-11-26";"47";"0";"0";"0";"0";"0";"0"
"2022";"Dengue";"FORTALEZA";"04ª REGIÃO BATURITÉ";"GUARAMIRANGA";"2022-04-02";"13";"0";"7";"0";"0";"0";"1"
"2022";"Dengue";"LITORAL LESTE/JAGUARIBE";"10ª REGIÃO LIMOEIRO DO NORTE";"LIMOEIRO DO NORTE";"2022-02-19";"7";"0";"0";"0";"0";"0";"0"
"2022";"Dengue";"LITORAL LESTE/JAGUARIBE";"10ª REGIÃO LIMOEIRO DO NORTE";"POTIRETAMA";"2022-04-16";"15";"0";"1";"0";"0";"0";"0"
"2022";"Dengue";"CARIRI";"20ª REGIÃO CRATO";"ASSARE";"2022-07-23";"29";"0";"0";"0";"0";"0";"0"
"2022";"Dengue";"LITORAL LESTE/JAGUARIBE";"10ª REGIÃO LIMOEIRO DO NORTE";"ALTO SANTO";"2022-08-06";"31";"0";"1";"0";"0";"0";"1"
"2022";"Dengue";"FORTALEZA";"06ª REGIÃO DE ITAPIPOCA";"TRAIRI";"2022-09-10";"36";"0";"0";"0";"0";"0";"0"
"2022";"Dengue";"SOBRAL";"13ª REGIÃO TIANGUÁ";"SAO BENEDITO";"2022-05-21";"20";"0";"6";"0";"0";"1";"0"
"2022";"Dengue";"LITORAL LESTE/JAGUARIBE";"09ª REGIÃO RUSSAS";"RUSSAS";"2022-07-23";"29";"0";"40";"0";"0";"0";"17"
"2022";"Dengue";"FORTALEZA";"03ª REGIÃO MARACANAÚ";"GUAIUBA";"2022-03-12";"10";"0";"1";"0";"0";"0";"0"
"2022";"Dengue";"CARIRI";"20ª REGIÃO CRATO";"ASSARE";"2022-01-22";"3";"0";"1";"0";"0";"0";"0"
"2022";"Dengue";"SOBRAL";"11ª REGIÃO SOBRAL";"SANTANA DO ACARAU";"2022-11-12";"45";"0";"0";"0";"0";"0";"0"
"2022";"Dengue";"SOBRAL";"12ª REGIÃO ACARAÚ";"ACARAU";"2022-06-04";"22";"0";"4";"0";"0";"0";"0"
"2022";"Dengue";"FORTALEZA";"03ª REGIÃO MARACANAÚ";"PACATUBA";"2022-08-27";"34";"0";"9";"0";"0";"0";"8"
"2022";"Dengue";"LITORAL LESTE/JAGUARIBE";"07ª REGIÃO ARACATI";"ITAICABA";"2022-02-26";"8";"0";"2";"0";"0";"0";"0"
"2022";"Dengue";"FORTALEZA";"04ª REGIÃO BATURITÉ";"ARATUBA";"2022-11-05";"44";"0";"0";"0";"0";"0";"0"
"2022";"Dengue";"LITORAL LESTE/JAGUARIBE";"07ª REGIÃO ARACATI";"ARACATI";"2022-05-28";"21";"0";"35";"0";"0";"4";"17"
"2022";"Dengue";"LITORAL LESTE/JAGUARIBE";"10ª REGIÃO LIMOEIRO DO NORTE";"ALTO SANTO";"2022-07-16";"28";"0";"0";"0";"0";"0";"0"
"2022";"Dengue";"SERTÃO CENTRAL";"05ª REGIÃO DE CANINDÉ";"MADALENA";"2022-12-10";"49";"0";"0";"0";"0";"0";"0"
"2022";"Dengue";"FORTALEZA";"03ª REGIÃO MARACANAÚ";"ACARAPE";"2022-08-13";"32";"0";"0";"0";"0";"0";"0"
"2022";"Dengue";"SERTÃO CENTRAL";"05ª REGIÃO DE CANINDÉ";"ITATIRA";"2022-12-31";"52";"0";"0";"0";"0";"0";"0"
"2022";"Dengue";"FORTALEZA";"02ª REGIÃO CAUCAIA";"SAO GONCALO DO AMARANTE";"2022-07-30";"30";"0";"1";"0";"0";"0";"0"
"2022";"Dengue";"SOBRAL";"11ª REGIÃO SOBRAL";"HIDROLANDIA";"2022-01-29";"4";"0";"1";"0";"0";"0";"0"
"2022";"Dengue";"CARIRI";"20ª REGIÃO CRATO";"ALTANEIRA";"2022-04-02";"13";"0";"1";"0";"0";"0";"0"
"2022";"Dengue";"SOBRAL";"11ª REGIÃO SOBRAL";"RERIUTABA";"2022-10-01";"39";"0";"0";"0";"0";"0";"0"
"2022";"Dengue";"CARIRI";"20ª REGIÃO CRATO";"NOVA OLINDA";"2022-08-13";"32";"0";"0";"0";"0";"0";"0"
"2022";"Dengue";"FORTALEZA";"01ª REGIÃO FORTALEZA";"AQUIRAZ";"2022-01-08";"1";"0";"0";"0";"0";"0";"0"
"2022";"Dengue";"SOBRAL";"13ª REGIÃO TIANGUÁ";"CROATA";"2022-02-19";"7";"0";"1";"0";"0";"0";"0"
"2022";"Dengue";"SOBRAL";"11ª REGIÃO SOBRAL";"CARIRE";"2022-12-31";"52";"0";"0";"0";"0";"0";"0"
"2022";"Dengue";"SERTÃO CENTRAL";"05ª REGIÃO DE CANINDÉ";"PARAMOTI";"2022-10-15";"41";"0";"0";"0";"0";"0";"0"
"2022";"Dengue";"CARIRI";"18ª REGIÃO IGUATU";"PIQUET CARNEIRO";"2022-06-11";"23";"0";"2";"0";"0";"0";"0"
"2022";"Dengue";"CARIRI";"17ª REGIÃO ICÓ";"BAIXIO";"2022-11-26";"47";"0";"0";"0";"0";"0";"0"
"2022";"Dengue";"CARIRI";"21ª REGIÃO JUAZEIRO DO NORTE";"JUAZEIRO DO NORTE";"2022-07-09";"27";"0";"27";"0";"0";"6";"1"
"2022";"Dengue";"CARIRI";"18ª REGIÃO IGUATU";"IGUATU";"2022-01-08";"1";"0";"0";"0";"0";"0";"0"
"2022";"Dengue";"FORTALEZA";"02ª REGIÃO CAUCAIA";"SAO LUIS DO CURU";"2022-03-05";"9";"0";"0";"0";"0";"0";"0"
"2022";"Dengue";"LITORAL LESTE/JAGUARIBE";"09ª REGIÃO RUSSAS";"RUSSAS";"2022-09-10";"36";"0";"17";"0";"0";"1";"10"
"2022";"Dengue";"CARIRI";"18ª REGIÃO IGUATU";"JUCAS";"2022-07-02";"26";"0";"2";"0";"0";"0";"2"
"2022";"Dengue";"SERTÃO CENTRAL";"05ª REGIÃO DE CANINDÉ";"CARIDADE";"2022-06-18";"24";"0";"4";"0";"0";"0";"0"
"2022";"Dengue";"CARIRI";"18ª REGIÃO IGUATU";"CARIUS";"2022-12-10";"49";"0";"0";"0";"0";"0";"0"
"2022";"Dengue";"LITORAL LESTE/JAGUARIBE";"07ª REGIÃO ARACATI";"ARACATI";"2022-02-26";"8";"0";"2";"0";"0";"0";"0"
"2022";"Dengue";"SOBRAL";"11ª REGIÃO SOBRAL";"IRAUCUBA";"2022-10-29";"43";"0";"0";"0";"0";"0";"0"
"2022";"Dengue";"FORTALEZA";"04ª REGIÃO BATURITÉ";"GUARAMIRANGA";"2022-12-10";"49";"0";"0";"0";"0";"0";"0"
"2022";"Dengue";"CARIRI";"18ª REGIÃO IGUATU";"DEPUTADO IRAPUAN PINHEIRO";"2022-10-01";"39";"0";"0";"0";"0";"0";"0"
"2022";"Dengue";"FORTALEZA";"01ª REGIÃO FORTALEZA";"AQUIRAZ";"2022-12-24";"51";"0";"0";"0";"0";"0";"0"
"2022";"Dengue";"SOBRAL";"11ª REGIÃO SOBRAL";"SOBRAL";"2022-12-31";"52";"0";"7";"0";"0";"3";"0"
"2022";"Dengue";"SOBRAL";"11ª REGIÃO SOBRAL";"VARJOTA";"2022-12-03";"48";"0";"0";"0";"0";"0";"0"
"2022";"Dengue";"LITORAL LESTE/JAGUARIBE";"09ª REGIÃO RUSSAS";"JAGUARETAMA";"2022-04-16";"15";"0";"0";"0";"0";"0";"0"
"2022";"Dengue";"LITORAL LESTE/JAGUARIBE";"09ª REGIÃO RUSSAS";"MORADA NOVA";"2022-02-12";"6";"0";"0";"0";"0";"0";"0"
"2022";"Dengue";"SOBRAL";"15ª REGIÃO CRATEÚS";"IPAPORANGA";"2022-08-27";"34";"0";"1";"0";"0";"1";"0"
"2022";"Dengue";"SOBRAL";"16ª REGIÃO CAMOCIM";"CHAVAL";"2022-06-18";"24";"0";"0";"0";"0";"0";"0"
"2022";"Dengue";"FORTALEZA";"02ª REGIÃO CAUCAIA";"CAUCAIA";"2022-02-26";"8";"0";"14";"0";"0";"0";"8"
"2022";"Dengue";"FORTALEZA";"22ª REGIÃO CASCAVEL";"PINDORETAMA";"2022-01-15";"2";"0";"1";"0";"0";"0";"0"
"2022";"Dengue";"FORTALEZA";"04ª REGIÃO BATURITÉ";"ARACOIABA";"2022-02-05";"5";"0";"1";"0";"0";"0";"0"
"2022";"Dengue";"SOBRAL";"12ª REGIÃO ACARAÚ";"BELA CRUZ";"2022-08-06";"31";"0";"25";"0";"0";"16";"6"
"2022";"Dengue";"LITORAL LESTE/JAGUARIBE";"10ª REGIÃO LIMOEIRO DO NORTE";"POTIRETAMA";"2022-09-17";"37";"0";"0";"0";"0";"0";"0"
"2022";"Dengue";"FORTALEZA";"02ª REGIÃO CAUCAIA";"GENERAL SAMPAIO";"2022-03-26";"12";"0";"0";"0";"0";"0";"0"
"2022";"Dengue";"CARIRI";"20ª REGIÃO CRATO";"FARIAS BRITO";"2022-09-17";"37";"0";"0";"0";"0";"0";"0"
"2022";"Dengue";"LITORAL LESTE/JAGUARIBE";"10ª REGIÃO LIMOEIRO DO NORTE";"JAGUARIBE";"2022-09-17";"37";"0";"22";"0";"0";"0";"0"
"2022";"Dengue";"SOBRAL";"11ª REGIÃO SOBRAL";"SANTA QUITERIA";"2022-05-14";"19";"0";"3";"0";"0";"2";"1"
"2022";"Dengue";"SOBRAL";"11ª REGIÃO SOBRAL";"IRAUCUBA";"2022-10-01";"39";"0";"2";"0";"0";"0";"0"
"2022";"Dengue";"SOBRAL";"13ª REGIÃO TIANGUÁ";"CROATA";"2022-06-04";"22";"0";"38";"0";"0";"11";"24"
"2022";"Dengue";"SOBRAL";"11ª REGIÃO SOBRAL";"SOBRAL";"2022-03-19";"11";"0";"11";"0";"0";"2";"1"
"2022";"Dengue";"LITORAL LESTE/JAGUARIBE";"10ª REGIÃO LIMOEIRO DO NORTE";"PEREIRO";"2022-09-17";"37";"0";"0";"0";"0";"0";"0"
"2022";"Dengue";"CARIRI";"18ª REGIÃO IGUATU";"ACOPIARA";"2022-05-28";"21";"0";"3";"0";"0";"0";"0"
"2022";"Dengue";"LITORAL LESTE/JAGUARIBE";"09ª REGIÃO RUSSAS";"JAGUARETAMA";"2022-09-17";"37";"0";"5";"0";"0";"3";"0"
"2022";"Dengue";"FORTALEZA";"06ª REGIÃO DE ITAPIPOCA";"AMONTADA";"2022-11-19";"46";"0";"1";"0";"0";"0";"0"
"2022";"Dengue";"FORTALEZA";"02ª REGIÃO CAUCAIA";"ITAPAJE";"2022-06-25";"25";"0";"1";"0";"0";"0";"0"
"2022";"Dengue";"SOBRAL";"16ª REGIÃO CAMOCIM";"CHAVAL";"2022-01-22";"3";"0";"0";"0";"0";"0";"0"
"2022";"Dengue";"CARIRI";"20ª REGIÃO CRATO";"FARIAS BRITO";"2022-03-12";"10";"0";"9";"0";"0";"1";"1"
"2022";"Dengue";"SOBRAL";"13ª REGIÃO TIANGUÁ";"IBIAPINA";"2022-03-05";"9";"0";"0";"0";"0";"0";"0"
"2022";"Dengue";"SOBRAL";"13ª REGIÃO TIANGUÁ";"GUARACIABA DO NORTE";"2022-10-15";"41";"0";"2";"0";"0";"2";"0"
"2022";"Dengue";"SERTÃO CENTRAL";"05ª REGIÃO DE CANINDÉ";"CARIDADE";"2022-03-05";"9";"0";"0";"0";"0";"0";"0"
"2022";"Dengue";"FORTALEZA";"01ª REGIÃO FORTALEZA";"AQUIRAZ";"2022-11-12";"45";"0";"2";"0";"0";"0";"0"
"2022";"Dengue";"SOBRAL";"16ª REGIÃO CAMOCIM";"CAMOCIM";"2022-05-21";"20";"0";"97";"0";"0";"14";"1"
"2022";"Dengue";"FORTALEZA";"03ª REGIÃO MARACANAÚ";"REDENCAO";"2022-12-24";"51";"0";"2";"0";"0";"0";"0"
"2022";"Dengue";"SOBRAL";"15ª REGIÃO CRATEÚS";"INDEPENDENCIA";"2022-11-05";"44";"0";"0";"0";"0";"0";"0"
"2022";"Dengue";"SOBRAL";"15ª REGIÃO CRATEÚS";"INDEPENDENCIA";"2022-02-26";"8";"0";"0";"0";"0";"0";"0"
"2022";"Dengue";"FORTALEZA";"06ª REGIÃO DE ITAPIPOCA";"URUBURETAMA";"2022-01-15";"2";"0";"1";"0";"0";"0";"0"
"2022";"Dengue";"CARIRI";"19ª REGIÃO BREJO SANTO";"JATI";"2022-06-11";"23";"0";"3";"0";"0";"1";"0"
"2022";"Dengue";"FORTALEZA";"02ª REGIÃO CAUCAIA";"GENERAL SAMPAIO";"2022-08-06";"31";"0";"0";"0";"0";"0";"0"
"2022";"Dengue";"FORTALEZA";"02ª REGIÃO CAUCAIA";"APUIARES";"2022-05-14";"19";"0";"2";"0";"0";"0";"0"
"2022";"Dengue";"FORTALEZA";"04ª REGIÃO BATURITÉ";"PACOTI";"2022-03-12";"10";"0";"14";"0";"0";"4";"0"
"2022";"Dengue";"CARIRI";"21ª REGIÃO JUAZEIRO DO NORTE";"MISSAO VELHA";"2022-01-29";"4";"0";"0";"0";"0";"0";"0"
"2022";"Dengue";"LITORAL LESTE/JAGUARIBE";"10ª REGIÃO LIMOEIRO DO NORTE";"ALTO SANTO";"2022-11-19";"46";"0";"0";"0";"0";"0";"0"
"2022";"Dengue";"CARIRI";"18ª REGIÃO IGUATU";"SABOEIRO";"2022-09-24";"38";"0";"0";"0";"0";"0";"0"
"2022";"Dengue";"SERTÃO CENTRAL";"14ª REGIÃO TAUÁ";"AIUABA";"2022-08-20";"33";"0";"14";"0";"0";"6";"1"
"2022";"Dengue";"LITORAL LESTE/JAGUARIBE";"07ª REGIÃO ARACATI";"ARACATI";"2022-12-31";"52";"0";"0";"0";"0";"0";"0"
"2022";"Dengue";"SERTÃO CENTRAL";"08ª REGIÃO QUIXADÁ";"IBICUITINGA";"2022-01-15";"2";"0";"0";"0";"0";"0";"0"
"2022";"Dengue";"FORTALEZA";"04ª REGIÃO BATURITÉ";"ARACOIABA";"2022-09-03";"35";"0";"0";"0";"0";"0";"0"
"2022";"Dengue";"SOBRAL";"11ª REGIÃO SOBRAL";"SANTANA DO ACARAU";"2022-08-13";"32";"0";"3";"0";"0";"1";"0"
"2022";"Dengue";"SOBRAL";"12ª REGIÃO ACARAÚ";"ITAREMA";"2022-10-22";"42";"0";"0";"0";"0";"0";"0"
"2022";"Dengue";"CARIRI";"19ª REGIÃO BREJO SANTO";"BREJO SANTO";"2022-09-24";"38";"0";"4";"0";"0";"2";"1"
"2022";"Dengue";"SERTÃO CENTRAL";"05ª REGIÃO DE CANINDÉ";"MADALENA";"2022-05-14";"19";"0";"7";"0";"0";"0";"3"
"2022";"Dengue";"CARIRI";"20ª REGIÃO CRATO";"SALITRE";"2022-07-16";"28";"0";"0";"0";"0";"0";"0"
"2022";"Dengue";"CARIRI";"21ª REGIÃO JUAZEIRO DO NORTE";"MISSAO VELHA";"2022-02-26";"8";"0";"5";"0";"0";"0";"1"
"2022";"Dengue";"FORTALEZA";"01ª REGIÃO FORTALEZA";"ITAITINGA";"2022-04-23";"16";"0";"3";"0";"0";"0";"1"
"2022";"Dengue";"SOBRAL";"11ª REGIÃO SOBRAL";"FORQUILHA";"2022-06-25";"25";"0";"21";"0";"0";"12";"2"
"2022";"Dengue";"FORTALEZA";"04ª REGIÃO BATURITÉ";"MULUNGU";"2022-10-29";"43";"0";"1";"0";"0";"0";"0"
"2022";"Dengue";"SERTÃO CENTRAL";"08ª REGIÃO QUIXADÁ";"PEDRA BRANCA";"2022-04-09";"14";"0";"35";"0";"0";"0";"35"
"2022";"Dengue";"SOBRAL";"15ª REGIÃO CRATEÚS";"ARARENDA";"2022-06-11";"23";"0";"7";"0";"0";"2";"0"
"2022";"Dengue";"SERTÃO CENTRAL";"08ª REGIÃO QUIXADÁ";"MILHA";"2022-04-09";"14";"0";"0";"0";"0";"0";"0"
"2022";"Dengue";"SOBRAL";"11ª REGIÃO SOBRAL";"MUCAMBO";"2022-07-30";"30";"0";"0";"0";"0";"0";"0"
"2022";"Dengue";"SOBRAL";"16ª REGIÃO CAMOCIM";"MARTINOPOLE";"2022-10-22";"42";"0";"0";"0";"0";"0";"0"
"2022";"Dengue";"SOBRAL";"13ª REGIÃO TIANGUÁ";"GUARACIABA DO NORTE";"2022-12-17";"50";"0";"3";"0";"0";"3";"0"
"2022";"Dengue";"SOBRAL";"13ª REGIÃO TIANGUÁ";"CARNAUBAL";"2022-12-31";"52";"0";"0";"0";"0";"0";"0"
"2022";"Dengue";"FORTALEZA";"04ª REGIÃO BATURITÉ";"PACOTI";"2022-12-03";"48";"0";"0";"0";"0";"0";"0"
"2022";"Dengue";"SOBRAL";"12ª REGIÃO ACARAÚ";"JIJOCA DE JERICOACOARA";"2022-02-12";"6";"0";"0";"0";"0";"0";"0"
"2022";"Dengue";"SERTÃO CENTRAL";"05ª REGIÃO DE CANINDÉ";"MADALENA";"2022-08-27";"34";"0";"0";"0";"0";"0";"0"
"2022";"Dengue";"FORTALEZA";"02ª REGIÃO CAUCAIA";"TEJUCUOCA";"2022-06-11";"23";"0";"3";"0";"0";"0";"0"
"2022";"Dengue";"FORTALEZA";"04ª REGIÃO BATURITÉ";"CAPISTRANO";"2022-02-12";"6";"0";"0";"0";"0";"0";"0"
"2022";"Dengue";"CARIRI";"19ª REGIÃO BREJO SANTO";"PORTEIRAS";"2022-04-09";"14";"0";"28";"0";"0";"0";"0"
"2022";"Dengue";"CARIRI";"20ª REGIÃO CRATO";"NOVA OLINDA";"2022-06-04";"22";"0";"0";"0";"0";"0";"0"
"2022";"Dengue";"FORTALEZA";"03ª REGIÃO MARACANAÚ";"MARACANAU";"2022-07-09";"27";"0";"31";"0";"0";"0";"21"
"2022";"Dengue";"FORTALEZA";"02ª REGIÃO CAUCAIA";"ITAPAJE";"2022-05-07";"18";"0";"4";"0";"0";"0";"0"
"2022";"Dengue";"SOBRAL";"13ª REGIÃO TIANGUÁ";"IBIAPINA";"2022-02-26";"8";"0";"0";"0";"0";"0";"0"
"2022";"Dengue";"FORTALEZA";"04ª REGIÃO BATURITÉ";"GUARAMIRANGA";"2022-10-29";"43";"0";"0";"0";"0";"0";"0"
"2022";"Dengue";"CARIRI";"17ª REGIÃO ICÓ";"BAIXIO";"2022-03-05";"9";"0";"0";"0";"0";"0";"0"
"2022";"Dengue";"LITORAL LESTE/JAGUARIBE";"09ª REGIÃO RUSSAS";"PALHANO";"2022-10-01";"39";"0";"0";"0";"0";"0";"0"
"2022";"Dengue";"LITORAL LESTE/JAGUARIBE";"09ª REGIÃO RUSSAS";"MORADA NOVA";"2022-09-03";"35";"0";"71";"0";"0";"16";"22"
"2022";"Dengue";"SOBRAL";"11ª REGIÃO SOBRAL";"PACUJA";"2022-04-16";"15";"0";"0";"0";"0";"0";"0"
"2022";"Dengue";"SOBRAL";"11ª REGIÃO SOBRAL";"SOBRAL";"2022-02-19";"7";"0";"7";"0";"0";"0";"0"
"2022";"Dengue";"FORTALEZA";"02ª REGIÃO CAUCAIA";"CAUCAIA";"2022-01-08";"1";"0";"3";"0";"0";"0";"0"
"2022";"Dengue";"SERTÃO CENTRAL";"08ª REGIÃO QUIXADÁ";"MILHA";"2022-08-13";"32";"0";"0";"0";"0";"0";"0"
"2022";"Dengue";"SOBRAL";"12ª REGIÃO ACARAÚ";"JIJOCA DE JERICOACOARA";"2022-08-06";"31";"0";"11";"0";"0";"1";"0"
"2022";"Dengue";"FORTALEZA";"22ª REGIÃO CASCAVEL";"PINDORETAMA";"2022-07-02";"26";"0";"5";"0";"0";"0";"0"
"2022";"Dengue";"SOBRAL";"13ª REGIÃO TIANGUÁ";"VICOSA DO CEARA";"2022-05-14";"19";"0";"14";"0";"0";"2";"0"
"2022";"Dengue";"FORTALEZA";"03ª REGIÃO MARACANAÚ";"MARACANAU";"2022-02-05";"5";"0";"4";"0";"0";"1";"0"
"2022";"Dengue";"SERTÃO CENTRAL";"08ª REGIÃO QUIXADÁ";"PEDRA BRANCA";"2022-09-24";"38";"0";"4";"0";"0";"1";"2"
"2022";"Dengue";"FORTALEZA";"22ª REGIÃO CASCAVEL";"CHOROZINHO";"2022-12-03";"48";"0";"0";"0";"0";"0";"0"
"2022";"Dengue";"CARIRI";"18ª REGIÃO IGUATU";"SABOEIRO";"2022-06-04";"22";"0";"3";"0";"0";"2";"0"
"2022";"Dengue";"SOBRAL";"15ª REGIÃO CRATEÚS";"NOVO ORIENTE";"2022-10-08";"40";"0";"0";"0";"0";"0";"0"
"2022";"Dengue";"SOBRAL";"16ª REGIÃO CAMOCIM";"MARTINOPOLE";"2022-09-17";"37";"0";"0";"0";"0";"0";"0"
"2022";"Dengue";"CARIRI";"21ª REGIÃO JUAZEIRO DO NORTE";"JUAZEIRO DO NORTE";"2022-11-19";"46";"0";"2";"0";"0";"0";"0"
"2022";"Dengue";"FORTALEZA";"03ª REGIÃO MARACANAÚ";"PACATUBA";"2022-11-19";"46";"0";"1";"0";"0";"0";"0"
"2022";"Dengue";"LITORAL LESTE/JAGUARIBE";"10ª REGIÃO LIMOEIRO DO NORTE";"ERERE";"2022-06-11";"23";"0";"4";"0";"0";"0";"0"
"2022";"Dengue";"SOBRAL";"11ª REGIÃO SOBRAL";"IRAUCUBA";"2022-07-16";"28";"0";"15";"0";"0";"0";"0"
"2022";"Dengue";"SERTÃO CENTRAL";"14ª REGIÃO TAUÁ";"ARNEIROZ";"2022-11-05";"44";"0";"0";"0";"0";"0";"0"
"2022";"Dengue";"FORTALEZA";"06ª REGIÃO DE ITAPIPOCA";"ITAPIPOCA";"2022-03-12";"10";"0";"11";"0";"0";"5";"0"
"2022";"Dengue";"SERTÃO CENTRAL";"08ª REGIÃO QUIXADÁ";"SOLONOPOLE";"2022-05-28";"21";"0";"2";"0";"0";"0";"0"
"2022";"Dengue";"SOBRAL";"15ª REGIÃO CRATEÚS";"IPAPORANGA";"2022-07-02";"26";"0";"1";"0";"0";"0";"0"
"2022";"Dengue";"SOBRAL";"11ª REGIÃO SOBRAL";"ALCANTARAS";"2022-06-11";"23";"0";"2";"0";"0";"1";"0"
"2022";"Dengue";"SOBRAL";"11ª REGIÃO SOBRAL";"CATUNDA";"2022-01-22";"3";"0";"0";"0";"0";"0";"0"
"2022";"Dengue";"CARIRI";"20ª REGIÃO CRATO";"POTENGI";"2022-10-08";"40";"0";"0";"0";"0";"0";"0"
"2022";"Dengue";"FORTALEZA";"04ª REGIÃO BATURITÉ";"ITAPIUNA";"2022-07-09";"27";"0";"1";"0";"0";"0";"0"
"2022";"Dengue";"SOBRAL";"11ª REGIÃO SOBRAL";"CARIRE";"2022-08-06";"31";"0";"1";"0";"0";"1";"0"
"2022";"Dengue";"SERTÃO CENTRAL";"14ª REGIÃO TAUÁ";"TAUA";"2022-02-26";"8";"0";"10";"0";"0";"1";"0"
"2022";"Dengue";"CARIRI";"19ª REGIÃO BREJO SANTO";"BARRO";"2022-06-25";"25";"0";"1";"0";"0";"1";"1"
"2022";"Dengue";"SOBRAL";"11ª REGIÃO SOBRAL";"IPU";"2022-06-18";"24";"0";"11";"0";"0";"6";"0"
"2022";"Dengue";"SOBRAL";"11ª REGIÃO SOBRAL";"ALCANTARAS";"2022-07-02";"26";"0";"4";"0";"0";"0";"2"
"2022";"Dengue";"FORTALEZA";"22ª REGIÃO CASCAVEL";"OCARA";"2022-10-22";"42";"0";"2";"0";"0";"0";"0"
"2022";"Dengue";"SERTÃO CENTRAL";"14ª REGIÃO TAUÁ";"AIUABA";"2022-01-22";"3";"0";"0";"0";"0";"0";"0"
"2022";"Dengue";"CARIRI";"20ª REGIÃO CRATO";"ASSARE";"2022-12-17";"50";"0";"1";"0";"0";"0";"0"
"2022";"Dengue";"CARIRI";"18ª REGIÃO IGUATU";"CATARINA";"2022-01-08";"1";"0";"0";"0";"0";"0";"0"
"2022";"Dengue";"CARIRI";"18ª REGIÃO IGUATU";"PIQUET CARNEIRO";"2022-06-04";"22";"0";"10";"0";"0";"0";"0"
"2022";"Dengue";"SOBRAL";"12ª REGIÃO ACARAÚ";"ITAREMA";"2022-06-04";"22";"0";"8";"0";"0";"3";"2"
"2022";"Dengue";"SOBRAL";"15ª REGIÃO CRATEÚS";"CRATEUS";"2022-01-22";"3";"0";"2";"0";"0";"0";"0"
"2022";"Dengue";"SERTÃO CENTRAL";"14ª REGIÃO TAUÁ";"AIUABA";"2022-07-09";"27";"0";"21";"0";"0";"6";"3"
"2022";"Dengue";"CARIRI";"20ª REGIÃO CRATO";"NOVA OLINDA";"2022-05-07";"18";"0";"5";"0";"0";"0";"0"
"2022";"Dengue";"FORTALEZA";"03ª REGIÃO MARACANAÚ";"ACARAPE";"2022-11-26";"47";"0";"0";"0";"0";"0";"0"
"2022";"Dengue";"SERTÃO CENTRAL";"08ª REGIÃO QUIXADÁ";"SOLONOPOLE";"2022-02-19";"7";"0";"0";"0";"0";"0";"0"
"2022";"Dengue";"CARIRI";"18ª REGIÃO IGUATU";"ACOPIARA";"2022-04-16";"15";"0";"0";"0";"0";"0";"0"
"2022";"Dengue";"SERTÃO CENTRAL";"05ª REGIÃO DE CANINDÉ";"MADALENA";"2022-05-07";"18";"0";"6";"0";"0";"0";"4"
"2022";"Dengue";"CARIRI";"20ª REGIÃO CRATO";"ARARIPE";"2022-03-05";"9";"0";"3";"0";"0";"0";"0"
"2022";"Dengue";"CARIRI";"19ª REGIÃO BREJO SANTO";"JATI";"2022-10-15";"41";"0";"0";"0";"0";"0";"0"
"2022";"Dengue";"SERTÃO CENTRAL";"08ª REGIÃO QUIXADÁ";"IBARETAMA";"2022-06-04";"22";"0";"1";"0";"0";"1";"0"
"2022";"Dengue";"FORTALEZA";"04ª REGIÃO BATURITÉ";"CAPISTRANO";"2022-05-28";"21";"0";"7";"0";"0";"0";"0"
"2022";"Dengue";"SOBRAL";"16ª REGIÃO CAMOCIM";"BARROQUINHA";"2022-10-22";"42";"0";"0";"0";"0";"0";"0"
"2022";"Dengue";"SERTÃO CENTRAL";"08ª REGIÃO QUIXADÁ";"CHORO";"2022-04-23";"16";"0";"19";"0";"0";"0";"0"
"2022";"Dengue";"SERTÃO CENTRAL";"14ª REGIÃO TAUÁ";"TAUA";"2022-10-08";"40";"0";"16";"0";"0";"1";"2"
"2022";"Dengue";"CARIRI";"19ª REGIÃO BREJO SANTO";"PENAFORTE";"2022-11-12";"45";"0";"0";"0";"0";"0";"0"
"2022";"Dengue";"FORTALEZA";"01ª REGIÃO FORTALEZA";"EUSEBIO";"2022-10-15";"41";"0";"0";"0";"0";"0";"0"
"2022";"Dengue";"SOBRAL";"11ª REGIÃO SOBRAL";"ALCANTARAS";"2022-06-25";"25";"0";"6";"0";"0";"0";"4"
"2022";"Dengue";"FORTALEZA";"01ª REGIÃO FORTALEZA";"ITAITINGA";"2022-05-21";"20";"0";"4";"0";"0";"0";"0"
"2022";"Dengue";"LITORAL LESTE/JAGUARIBE";"07ª REGIÃO ARACATI";"ICAPUI";"2022-02-19";"7";"0";"3";"0";"0";"0";"1"
"2022";"Dengue";"LITORAL LESTE/JAGUARIBE";"09ª REGIÃO RUSSAS";"JAGUARUANA";"2022-05-14";"19";"0";"5";"0";"0";"1";"0"
"2022";"Dengue";"CARIRI";"17ª REGIÃO ICÓ";"ICO";"2022-10-01";"39";"0";"8";"0";"0";"0";"1"
"2022";"Dengue";"LITORAL LESTE/JAGUARIBE";"09ª REGIÃO RUSSAS";"JAGUARETAMA";"2022-06-25";"25";"0";"4";"0";"0";"0";"0"
"2022";"Dengue";"CARIRI";"21ª REGIÃO JUAZEIRO DO NORTE";"JARDIM";"2022-10-01";"39";"0";"0";"0";"0";"0";"0"
"2022";"Dengue";"SERTÃO CENTRAL";"08ª REGIÃO QUIXADÁ";"CHORO";"2022-07-30";"30";"0";"0";"0";"0";"0";"0"
"2022";"Dengue";"SOBRAL";"11ª REGIÃO SOBRAL";"PIRES FERREIRA";"2022-11-19";"46";"0";"0";"0";"0";"0";"0"
"2022";"Dengue";"SOBRAL";"15ª REGIÃO CRATEÚS";"MONSENHOR TABOSA";"2022-03-05";"9";"0";"1";"0";"0";"0";"0"
"2022";"Dengue";"LITORAL LESTE/JAGUARIBE";"09ª REGIÃO RUSSAS";"RUSSAS";"2022-02-05";"5";"0";"0";"0";"0";"0";"0"
"2022";"Dengue";"LITORAL LESTE/JAGUARIBE";"09ª REGIÃO RUSSAS";"JAGUARETAMA";"2022-11-12";"45";"0";"3";"0";"0";"1";"0"
"2022";"Dengue";"SOBRAL";"15ª REGIÃO CRATEÚS";"NOVA RUSSAS";"2022-04-23";"16";"0";"2";"0";"0";"0";"1"
"2022";"Dengue";"SOBRAL";"16ª REGIÃO CAMOCIM";"CAMOCIM";"2022-09-10";"36";"0";"2";"0";"0";"0";"0"
"2022";"Dengue";"CARIRI";"18ª REGIÃO IGUATU";"QUIXELO";"2022-04-30";"17";"0";"0";"0";"0";"0";"0"
"2022";"Dengue";"FORTALEZA";"06ª REGIÃO DE ITAPIPOCA";"TRAIRI";"2022-03-19";"11";"0";"2";"0";"0";"0";"0"
"2022";"Dengue";"LITORAL LESTE/JAGUARIBE";"10ª REGIÃO LIMOEIRO DO NORTE";"SAO JOAO DO JAGUARIBE";"2022-04-16";"15";"0";"0";"0";"0";"0";"0"
"2022";"Dengue";"FORTALEZA";"03ª REGIÃO MARACANAÚ";"PALMACIA";"2022-01-15";"2";"0";"1";"0";"0";"0";"0"
"2022";"Dengue";"FORTALEZA";"04ª REGIÃO BATURITÉ";"MULUNGU";"2022-01-29";"4";"0";"2";"0";"0";"2";"0"
"2022";"Dengue";"SOBRAL";"13ª REGIÃO TIANGUÁ";"CARNAUBAL";"2022-05-14";"19";"0";"3";"0";"0";"0";"0"
"2022";"Dengue";"SERTÃO CENTRAL";"14ª REGIÃO TAUÁ";"TAUA";"2022-06-11";"23";"0";"47";"0";"0";"24";"7"
"2022";"Dengue";"SERTÃO CENTRAL";"08ª REGIÃO QUIXADÁ";"IBICUITINGA";"2022-08-13";"32";"0";"0";"0";"0";"0";"0"
"2022";"Dengue";"CARIRI";"20ª REGIÃO CRATO";"CRATO";"2022-11-19";"46";"0";"0";"0";"0";"0";"0"
"2022";"Dengue";"SOBRAL";"12ª REGIÃO ACARAÚ";"CRUZ";"2022-09-03";"35";"0";"0";"0";"0";"0";"0"
"2022";"Dengue";"FORTALEZA";"02ª REGIÃO CAUCAIA";"PARACURU";"2022-05-21";"20";"0";"34";"0";"0";"9";"14"
"2022";"Dengue";"SOBRAL";"13ª REGIÃO TIANGUÁ";"CROATA";"2022-07-23";"29";"0";"5";"0";"0";"1";"2"
"2022";"Dengue";"LITORAL LESTE/JAGUARIBE";"10ª REGIÃO LIMOEIRO DO NORTE";"IRACEMA";"2022-05-07";"18";"0";"8";"0";"0";"1";"2"
"2022";"Dengue";"CARIRI";"17ª REGIÃO ICÓ";"BAIXIO";"2022-05-21";"20";"0";"0";"0";"0";"0";"0"
"2022";"Dengue";"FORTALEZA";"02ª REGIÃO CAUCAIA";"PENTECOSTE";"2022-07-09";"27";"0";"0";"0";"0";"0";"0"
"2022";"Dengue";"LITORAL LESTE/JAGUARIBE";"09ª REGIÃO RUSSAS";"JAGUARUANA";"2022-02-05";"5";"0";"1";"0";"0";"0";"0"
"2022";"Dengue";"LITORAL LESTE/JAGUARIBE";"10ª REGIÃO LIMOEIRO DO NORTE";"ALTO SANTO";"2022-01-15";"2";"0";"1";"0";"0";"0";"1"
"2022";"Dengue";"SOBRAL";"13ª REGIÃO TIANGUÁ";"TIANGUA";"2022-02-19";"7";"0";"5";"0";"0";"1";"0"
"2022";"Dengue";"SOBRAL";"15ª REGIÃO CRATEÚS";"MONSENHOR TABOSA";"2022-03-19";"11";"0";"0";"0";"0";"0";"0"
"2022";"Dengue";"LITORAL LESTE/JAGUARIBE";"09ª REGIÃO RUSSAS";"PALHANO";"2022-10-08";"40";"0";"1";"0";"0";"1";"0"
"2022";"Dengue";"CARIRI";"17ª REGIÃO ICÓ";"CEDRO";"2022-05-14";"19";"0";"45";"0";"0";"1";"0"
"2022";"Dengue";"LITORAL LESTE/JAGUARIBE";"10ª REGIÃO LIMOEIRO DO NORTE";"JAGUARIBARA";"2022-12-24";"51";"0";"1";"0";"0";"0";"0"
"2022";"Dengue";"FORTALEZA";"22ª REGIÃO CASCAVEL";"HORIZONTE";"2022-09-10";"36";"0";"0";"0";"0";"0";"0"
"2022";"Dengue";"SOBRAL";"11ª REGIÃO SOBRAL";"VARJOTA";"2022-10-29";"43";"0";"0";"0";"0";"0";"0"
"2022";"Dengue";"FORTALEZA";"02ª REGIÃO CAUCAIA";"SAO GONCALO DO AMARANTE";"2022-05-07";"18";"0";"7";"0";"0";"0";"0"
"2022";"Dengue";"FORTALEZA";"04ª REGIÃO BATURITÉ";"CAPISTRANO";"2022-10-29";"43";"0";"0";"0";"0";"0";"0"
"2022";"Dengue";"CARIRI";"21ª REGIÃO JUAZEIRO DO NORTE";"BARBALHA";"2022-04-23";"16";"0";"25";"0";"0";"0";"0"
"2022";"Dengue";"CARIRI";"20ª REGIÃO CRATO";"SANTANA DO CARIRI";"2022-12-24";"51";"0";"0";"0";"0";"0";"0"
"2022";"Dengue";"FORTALEZA";"02ª REGIÃO CAUCAIA";"PARAIPABA";"2022-08-06";"31";"0";"0";"0";"0";"0";"0"
"2022";"Dengue";"SOBRAL";"13ª REGIÃO TIANGUÁ";"SAO BENEDITO";"2022-12-10";"49";"0";"0";"0";"0";"0";"0"
"2022";"Dengue";"FORTALEZA";"03ª REGIÃO MARACANAÚ";"ACARAPE";"2022-03-26";"12";"0";"3";"0";"0";"0";"0"
"2022";"Dengue";"SERTÃO CENTRAL";"08ª REGIÃO QUIXADÁ";"BANABUIU";"2022-09-17";"37";"0";"6";"0";"0";"1";"0"
"2022";"Dengue";"SOBRAL";"11ª REGIÃO SOBRAL";"FORQUILHA";"2022-04-09";"14";"0";"1";"0";"0";"0";"0"
"2022";"Dengue";"SOBRAL";"11ª REGIÃO SOBRAL";"ALCANTARAS";"2022-04-16";"15";"0";"2";"0";"0";"0";"0"
"2022";"Dengue";"SOBRAL";"12ª REGIÃO ACARAÚ";"BELA CRUZ";"2022-08-20";"33";"0";"26";"0";"0";"18";"6"
"2022";"Dengue";"CARIRI";"21ª REGIÃO JUAZEIRO DO NORTE";"JARDIM";"2022-12-03";"48";"0";"0";"0";"0";"0";"0"
"2022";"Dengue";"CARIRI";"20ª REGIÃO CRATO";"POTENGI";"2022-11-26";"47";"0";"0";"0";"0";"0";"0"
"2022";"Dengue";"SOBRAL";"16ª REGIÃO CAMOCIM";"BARROQUINHA";"2022-01-08";"1";"0";"0";"0";"0";"0";"0"
"2022";"Dengue";"CARIRI";"20ª REGIÃO CRATO";"FARIAS BRITO";"2022-01-15";"2";"0";"3";"0";"0";"0";"0"
"2022";"Dengue";"SERTÃO CENTRAL";"05ª REGIÃO DE CANINDÉ";"CANINDE";"2022-09-17";"37";"0";"2";"0";"0";"1";"0"
"2022";"Dengue";"FORTALEZA";"02ª REGIÃO CAUCAIA";"TEJUCUOCA";"2022-12-10";"49";"0";"0";"0";"0";"0";"0"
"2022";"Dengue";"CARIRI";"18ª REGIÃO IGUATU";"SABOEIRO";"2022-10-08";"40";"0";"0";"0";"0";"0";"0"
"2022";"Dengue";"CARIRI";"19ª REGIÃO BREJO SANTO";"PENAFORTE";"2022-09-10";"36";"0";"0";"0";"0";"0";"0"
"2022";"Dengue";"SOBRAL";"11ª REGIÃO SOBRAL";"MASSAPE";"2022-06-18";"24";"0";"4";"0";"0";"2";"0"
"2022";"Dengue";"CARIRI";"20ª REGIÃO CRATO";"TARRAFAS";"2022-12-17";"50";"0";"0";"0";"0";"0";"0"
"2022";"Dengue";"SERTÃO CENTRAL";"08ª REGIÃO QUIXADÁ";"IBARETAMA";"2022-09-03";"35";"0";"0";"0";"0";"0";"0"
"2022";"Dengue";"FORTALEZA";"02ª REGIÃO CAUCAIA";"ITAPAJE";"2022-04-30";"17";"0";"3";"0";"0";"0";"0"
"2022";"Dengue";"SOBRAL";"11ª REGIÃO SOBRAL";"CATUNDA";"2022-09-03";"35";"0";"0";"0";"0";"0";"0"
"2022";"Dengue";"FORTALEZA";"04ª REGIÃO BATURITÉ";"PACOTI";"2022-06-25";"25";"0";"0";"0";"0";"0";"0"
"2022";"Dengue";"LITORAL LESTE/JAGUARIBE";"10ª REGIÃO LIMOEIRO DO NORTE";"PEREIRO";"2022-03-12";"10";"0";"1";"0";"0";"0";"0"
"2022";"Dengue";"SOBRAL";"12ª REGIÃO ACARAÚ";"ITAREMA";"2022-11-26";"47";"0";"0";"0";"0";"0";"0"
"2022";"Dengue";"SERTÃO CENTRAL";"05ª REGIÃO DE CANINDÉ";"CANINDE";"2022-03-05";"9";"0";"3";"0";"0";"0";"0"
"2022";"Dengue";"SERTÃO CENTRAL";"14ª REGIÃO TAUÁ";"PARAMBU";"2022-10-15";"41";"0";"1";"0";"0";"0";"0"
"2022";"Dengue";"SERTÃO CENTRAL";"08ª REGIÃO QUIXADÁ";"BANABUIU";"2022-08-27";"34";"0";"2";"0";"0";"0";"0"
"2022";"Dengue";"LITORAL LESTE/JAGUARIBE";"10ª REGIÃO LIMOEIRO DO NORTE";"QUIXERE";"2022-12-03";"48";"0";"2";"0";"0";"0";"2"
"2022";"Dengue";"SOBRAL";"15ª REGIÃO CRATEÚS";"QUITERIANOPOLIS";"2022-12-03";"48";"0";"0";"0";"0";"0";"0"
"2022";"Dengue";"SERTÃO CENTRAL";"08ª REGIÃO QUIXADÁ";"CHORO";"2022-10-08";"40";"0";"0";"0";"0";"0";"0"
"2022";"Dengue";"SOBRAL";"15ª REGIÃO CRATEÚS";"NOVO ORIENTE";"2022-01-15";"2";"0";"0";"0";"0";"0";"0"
"2022";"Dengue";"CARIRI";"17ª REGIÃO ICÓ";"ICO";"2022-01-29";"4";"0";"1";"0";"0";"0";"0"
"2022";"Dengue";"SERTÃO CENTRAL";"08ª REGIÃO QUIXADÁ";"CHORO";"2022-05-07";"18";"0";"5";"0";"0";"0";"1"
"2022";"Dengue";"FORTALEZA";"04ª REGIÃO BATURITÉ";"BATURITE";"2022-07-30";"30";"0";"2";"0";"0";"0";"0"
"2022";"Dengue";"SOBRAL";"12ª REGIÃO ACARAÚ";"MORRINHOS";"2022-09-10";"36";"0";"0";"0";"0";"0";"0"
"2022";"Dengue";"LITORAL LESTE/JAGUARIBE";"10ª REGIÃO LIMOEIRO DO NORTE";"ALTO SANTO";"2022-07-02";"26";"0";"0";"0";"0";"0";"0"
"2022";"Dengue";"CARIRI";"18ª REGIÃO IGUATU";"JUCAS";"2022-10-29";"43";"0";"0";"0";"0";"0";"0"
"2022";"Dengue";"SOBRAL";"15ª REGIÃO CRATEÚS";"INDEPENDENCIA";"2022-12-17";"50";"0";"0";"0";"0";"0";"0"
"2022";"Dengue";"FORTALEZA";"03ª REGIÃO MARACANAÚ";"REDENCAO";"2022-04-16";"15";"0";"0";"0";"0";"0";"0"
"2022";"Dengue";"CARIRI";"18ª REGIÃO IGUATU";"QUIXELO";"2022-12-24";"51";"0";"0";"0";"0";"0";"0"
"2022";"Dengue";"SOBRAL";"15ª REGIÃO CRATEÚS";"MONSENHOR TABOSA";"2022-03-26";"12";"0";"0";"0";"0";"0";"0"
"2022";"Dengue";"CARIRI";"19ª REGIÃO BREJO SANTO";"MILAGRES";"2022-03-19";"11";"0";"16";"0";"0";"1";"0"
"2022";"Dengue";"SOBRAL";"11ª REGIÃO SOBRAL";"MASSAPE";"2022-07-02";"26";"0";"11";"0";"0";"2";"0"
"2022";"Dengue";"SOBRAL";"11ª REGIÃO SOBRAL";"VARJOTA";"2022-10-08";"40";"0";"0";"0";"0";"0";"0"
"2022";"Dengue";"FORTALEZA";"03ª REGIÃO MARACANAÚ";"REDENCAO";"2022-12-31";"52";"0";"0";"0";"0";"0";"0"
"2022";"Dengue";"LITORAL LESTE/JAGUARIBE";"10ª REGIÃO LIMOEIRO DO NORTE";"POTIRETAMA";"2022-09-24";"38";"0";"0";"0";"0";"0";"0"
"2022";"Dengue";"FORTALEZA";"04ª REGIÃO BATURITÉ";"BATURITE";"2022-09-24";"38";"0";"0";"0";"0";"0";"0"
"2022";"Dengue";"CARIRI";"18ª REGIÃO IGUATU";"JUCAS";"2022-03-05";"9";"0";"0";"0";"0";"0";"0"
"2022";"Dengue";"FORTALEZA";"03ª REGIÃO MARACANAÚ";"ACARAPE";"2022-04-16";"15";"0";"0";"0";"0";"0";"0"
"2022";"Dengue";"SERTÃO CENTRAL";"08ª REGIÃO QUIXADÁ";"QUIXADA";"2022-08-13";"32";"0";"13";"0";"0";"1";"9"
"2022";"Dengue";"SOBRAL";"11ª REGIÃO SOBRAL";"PIRES FERREIRA";"2022-03-12";"10";"0";"0";"0";"0";"0";"0"
"2022";"Dengue";"LITORAL LESTE/JAGUARIBE";"10ª REGIÃO LIMOEIRO DO NORTE";"SAO JOAO DO JAGUARIBE";"2022-08-06";"31";"0";"1";"0";"0";"0";"0"
"2022";"Dengue";"CARIRI";"18ª REGIÃO IGUATU";"DEPUTADO IRAPUAN PINHEIRO";"2022-06-04";"22";"0";"0";"0";"0";"0";"0"
"2022";"Dengue";"SOBRAL";"11ª REGIÃO SOBRAL";"MASSAPE";"2022-04-09";"14";"0";"3";"0";"0";"0";"0"
"2022";"Dengue";"FORTALEZA";"03ª REGIÃO MARACANAÚ";"PACATUBA";"2022-03-12";"10";"0";"12";"0";"0";"0";"2"
"2022";"Dengue";"FORTALEZA";"02ª REGIÃO CAUCAIA";"SAO GONCALO DO AMARANTE";"2022-07-09";"27";"0";"5";"0";"0";"0";"3"
"2022";"Dengue";"FORTALEZA";"03ª REGIÃO MARACANAÚ";"MARACANAU";"2022-11-19";"46";"0";"2";"0";"0";"0";"0"
"2022";"Dengue";"LITORAL LESTE/JAGUARIBE";"10ª REGIÃO LIMOEIRO DO NORTE";"JAGUARIBE";"2022-12-03";"48";"0";"3";"0";"0";"0";"0"
"2022";"Dengue";"SERTÃO CENTRAL";"08ª REGIÃO QUIXADÁ";"PEDRA BRANCA";"2022-01-15";"2";"0";"35";"0";"0";"3";"28"
"2022";"Dengue";"CARIRI";"19ª REGIÃO BREJO SANTO";"AURORA";"2022-03-26";"12";"0";"1";"0";"0";"0";"0"
"2022";"Dengue";"LITORAL LESTE/JAGUARIBE";"09ª REGIÃO RUSSAS";"JAGUARUANA";"2022-06-25";"25";"0";"82";"0";"0";"6";"18"
"2022";"Dengue";"CARIRI";"17ª REGIÃO ICÓ";"ICO";"2022-11-05";"44";"0";"1";"0";"0";"0";"0"
"2022";"Dengue";"SOBRAL";"15ª REGIÃO CRATEÚS";"INDEPENDENCIA";"2022-02-05";"5";"0";"0";"0";"0";"0";"0"
"2022";"Dengue";"SERTÃO CENTRAL";"08ª REGIÃO QUIXADÁ";"PEDRA BRANCA";"2022-06-18";"24";"0";"5";"0";"0";"0";"5"
"2022";"Dengue";"FORTALEZA";"01ª REGIÃO FORTALEZA";"EUSEBIO";"2022-07-30";"30";"0";"3";"0";"0";"0";"0"
"2022";"Dengue";"LITORAL LESTE/JAGUARIBE";"10ª REGIÃO LIMOEIRO DO NORTE";"TABULEIRO DO NORTE";"2022-07-09";"27";"0";"16";"0";"0";"4";"4"
"2022";"Dengue";"CARIRI";"21ª REGIÃO JUAZEIRO DO NORTE";"JARDIM";"2022-06-04";"22";"0";"0";"0";"0";"0";"0"
"2022";"Dengue";"SERTÃO CENTRAL";"05ª REGIÃO DE CANINDÉ";"BOA VIAGEM";"2022-06-25";"25";"0";"40";"0";"0";"0";"9"
"2022";"Dengue";"CARIRI";"18ª REGIÃO IGUATU";"SABOEIRO";"2022-06-25";"25";"0";"6";"0";"0";"1";"0"
"2022";"Dengue";"LITORAL LESTE/JAGUARIBE";"10ª REGIÃO LIMOEIRO DO NORTE";"JAGUARIBARA";"2022-07-02";"26";"0";"12";"0";"0";"1";"0"
"2022";"Dengue";"CARIRI";"20ª REGIÃO CRATO";"FARIAS BRITO";"2022-04-30";"17";"0";"23";"0";"0";"1";"2"
"2022";"Dengue";"SOBRAL";"11ª REGIÃO SOBRAL";"GROAIRAS";"2022-07-23";"29";"0";"8";"0";"0";"7";"0"
"2022";"Dengue";"SOBRAL";"11ª REGIÃO SOBRAL";"GROAIRAS";"2022-04-02";"13";"0";"11";"0";"0";"8";"0"
"2022";"Dengue";"SOBRAL";"15ª REGIÃO CRATEÚS";"NOVO ORIENTE";"2022-01-29";"4";"0";"0";"0";"0";"0";"0"
"2022";"Dengue";"FORTALEZA";"02ª REGIÃO CAUCAIA";"SAO GONCALO DO AMARANTE";"2022-09-17";"37";"0";"0";"0";"0";"0";"0"
"2022";"Dengue";"SOBRAL";"16ª REGIÃO CAMOCIM";"CAMOCIM";"2022-09-24";"38";"0";"3";"0";"0";"0";"0"
"2022";"Dengue";"FORTALEZA";"02ª REGIÃO CAUCAIA";"ITAPAJE";"2022-04-16";"15";"0";"0";"0";"0";"0";"0"
"2022";"Dengue";"LITORAL LESTE/JAGUARIBE";"10ª REGIÃO LIMOEIRO DO NORTE";"IRACEMA";"2022-04-02";"13";"0";"0";"0";"0";"0";"0"
"2022";"Dengue";"LITORAL LESTE/JAGUARIBE";"10ª REGIÃO LIMOEIRO DO NORTE";"IRACEMA";"2022-03-26";"12";"0";"0";"0";"0";"0";"0"
"2022";"Dengue";"SERTÃO CENTRAL";"05ª REGIÃO DE CANINDÉ";"MADALENA";"2022-08-06";"31";"0";"1";"0";"0";"0";"0"
"2022";"Dengue";"SOBRAL";"11ª REGIÃO SOBRAL";"URUOCA";"2022-10-29";"43";"0";"0";"0";"0";"0";"0"
"2022";"Dengue";"CARIRI";"20ª REGIÃO CRATO";"FARIAS BRITO";"2022-06-18";"24";"0";"0";"0";"0";"0";"0"
"2022";"Dengue";"LITORAL LESTE/JAGUARIBE";"09ª REGIÃO RUSSAS";"RUSSAS";"2022-09-17";"37";"0";"16";"0";"0";"0";"10"
"2022";"Dengue";"FORTALEZA";"03ª REGIÃO MARACANAÚ";"BARREIRA";"2022-10-22";"42";"0";"0";"0";"0";"0";"0"
"2022";"Dengue";"SOBRAL";"15ª REGIÃO CRATEÚS";"INDEPENDENCIA";"2022-04-09";"14";"0";"0";"0";"0";"0";"0"
"2022";"Dengue";"CARIRI";"19ª REGIÃO BREJO SANTO";"AURORA";"2022-02-19";"7";"0";"0";"0";"0";"0";"0"
"2022";"Dengue";"CARIRI";"18ª REGIÃO IGUATU";"SABOEIRO";"2022-12-31";"52";"0";"0";"0";"0";"0";"0"
"2022";"Dengue";"SOBRAL";"15ª REGIÃO CRATEÚS";"IPUEIRAS";"2022-08-27";"34";"0";"1";"0";"0";"0";"0"
"2022";"Dengue";"FORTALEZA";"02ª REGIÃO CAUCAIA";"SAO GONCALO DO AMARANTE";"2022-06-11";"23";"0";"15";"0";"0";"0";"8"
"2022";"Dengue";"SOBRAL";"11ª REGIÃO SOBRAL";"SANTA QUITERIA";"2022-12-10";"49";"0";"0";"0";"0";"0";"0"
"2022";"Dengue";"CARIRI";"19ª REGIÃO BREJO SANTO";"MILAGRES";"2022-12-24";"51";"0";"0";"0";"0";"0";"0"
"2022";"Dengue";"LITORAL LESTE/JAGUARIBE";"07ª REGIÃO ARACATI";"ITAICABA";"2022-06-04";"22";"0";"10";"0";"0";"1";"0"
"2022";"Dengue";"SERTÃO CENTRAL";"08ª REGIÃO QUIXADÁ";"IBARETAMA";"2022-04-23";"16";"0";"0";"0";"0";"0";"0"
"2022";"Dengue";"CARIRI";"17ª REGIÃO ICÓ";"CEDRO";"2022-10-01";"39";"0";"0";"0";"0";"0";"0"
"2022";"Dengue";"FORTALEZA";"06ª REGIÃO DE ITAPIPOCA";"MIRAIMA";"2022-12-03";"48";"0";"0";"0";"0";"0";"0"
"2022";"Dengue";"LITORAL LESTE/JAGUARIBE";"10ª REGIÃO LIMOEIRO DO NORTE";"SAO JOAO DO JAGUARIBE";"2022-11-26";"47";"0";"2";"0";"0";"0";"0"
"2022";"Dengue";"FORTALEZA";"02ª REGIÃO CAUCAIA";"SAO GONCALO DO AMARANTE";"2022-07-23";"29";"0";"5";"0";"0";"0";"1"
"2022";"Dengue";"SERTÃO CENTRAL";"08ª REGIÃO QUIXADÁ";"BANABUIU";"2022-07-23";"29";"0";"1";"0";"0";"0";"0"
"2022";"Dengue";"CARIRI";"20ª REGIÃO CRATO";"ARARIPE";"2022-07-23";"29";"0";"1";"0";"0";"0";"0"
"2022";"Dengue";"FORTALEZA";"03ª REGIÃO MARACANAÚ";"GUAIUBA";"2022-05-28";"21";"0";"21";"0";"0";"1";"10"
"2022";"Dengue";"CARIRI";"17ª REGIÃO ICÓ";"UMARI";"2022-02-26";"8";"0";"1";"0";"0";"0";"1"
"2022";"Dengue";"FORTALEZA";"04ª REGIÃO BATURITÉ";"PACOTI";"2022-04-30";"17";"0";"6";"0";"0";"0";"0"
"2022";"Dengue";"CARIRI";"20ª REGIÃO CRATO";"NOVA OLINDA";"2022-10-01";"39";"0";"0";"0";"0";"0";"0"
"2022";"Dengue";"CARIRI";"19ª REGIÃO BREJO SANTO";"MILAGRES";"2022-11-19";"46";"0";"0";"0";"0";"0";"0"
"2022";"Dengue";"LITORAL LESTE/JAGUARIBE";"10ª REGIÃO LIMOEIRO DO NORTE";"JAGUARIBE";"2022-08-13";"32";"0";"92";"0";"0";"1";"0"
"2022";"Dengue";"CARIRI";"19ª REGIÃO BREJO SANTO";"ABAIARA";"2022-07-09";"27";"0";"0";"0";"0";"0";"0"
"2022";"Dengue";"SOBRAL";"15ª REGIÃO CRATEÚS";"TAMBORIL";"2022-02-26";"8";"0";"0";"0";"0";"0";"0"
"2022";"Dengue";"SERTÃO CENTRAL";"05ª REGIÃO DE CANINDÉ";"PARAMOTI";"2022-12-31";"52";"0";"0";"0";"0";"0";"0"
"2022";"Dengue";"SERTÃO CENTRAL";"14ª REGIÃO TAUÁ";"TAUA";"2022-10-22";"42";"0";"15";"0";"0";"1";"0"
"2022";"Dengue";"CARIRI";"17ª REGIÃO ICÓ";"IPAUMIRIM";"2022-08-13";"32";"0";"0";"0";"0";"0";"0"
"2022";"Dengue";"LITORAL LESTE/JAGUARIBE";"09ª REGIÃO RUSSAS";"JAGUARETAMA";"2022-08-20";"33";"0";"29";"0";"0";"7";"0"
"2022";"Dengue";"CARIRI";"17ª REGIÃO ICÓ";"IPAUMIRIM";"2022-03-26";"12";"0";"0";"0";"0";"0";"0"
"2022";"Dengue";"SOBRAL";"11ª REGIÃO SOBRAL";"CARIRE";"2022-07-02";"26";"0";"0";"0";"0";"0";"0"
"2022";"Dengue";"FORTALEZA";"04ª REGIÃO BATURITÉ";"PACOTI";"2022-08-13";"32";"0";"1";"0";"0";"1";"0"
"2022";"Dengue";"SERTÃO CENTRAL";"05ª REGIÃO DE CANINDÉ";"ITATIRA";"2022-10-15";"41";"0";"0";"0";"0";"0";"0"
"2022";"Dengue";"SOBRAL";"11ª REGIÃO SOBRAL";"HIDROLANDIA";"2022-06-25";"25";"0";"4";"0";"0";"1";"0"
"2022";"Dengue";"CARIRI";"19ª REGIÃO BREJO SANTO";"MAURITI";"2022-05-14";"19";"0";"84";"0";"0";"18";"33"
"2022";"Dengue";"FORTALEZA";"04ª REGIÃO BATURITÉ";"ARATUBA";"2022-07-30";"30";"0";"1";"0";"0";"0";"1"
"2022";"Dengue";"LITORAL LESTE/JAGUARIBE";"07ª REGIÃO ARACATI";"FORTIM";"2022-02-05";"5";"0";"0";"0";"0";"0";"0"
"2022";"Dengue";"FORTALEZA";"04ª REGIÃO BATURITÉ";"ARACOIABA";"2022-02-19";"7";"0";"0";"0";"0";"0";"0"
"2022";"Dengue";"SOBRAL";"13ª REGIÃO TIANGUÁ";"CARNAUBAL";"2022-03-12";"10";"0";"1";"0";"0";"0";"0"
"2022";"Dengue";"CARIRI";"20ª REGIÃO CRATO";"FARIAS BRITO";"2022-05-28";"21";"0";"2";"0";"0";"0";"0"
"2022";"Dengue";"FORTALEZA";"03ª REGIÃO MARACANAÚ";"MARACANAU";"2022-09-03";"35";"0";"1";"0";"0";"0";"0"
"2022";"Dengue";"FORTALEZA";"06ª REGIÃO DE ITAPIPOCA";"MIRAIMA";"2022-02-19";"7";"0";"0";"0";"0";"0";"0"
"2022";"Dengue";"SOBRAL";"15ª REGIÃO CRATEÚS";"INDEPENDENCIA";"2022-11-19";"46";"0";"0";"0";"0";"0";"0"
"2022";"Dengue";"CARIRI";"17ª REGIÃO ICÓ";"ICO";"2022-10-15";"41";"0";"15";"0";"0";"1";"0"
"2022";"Dengue";"LITORAL LESTE/JAGUARIBE";"09ª REGIÃO RUSSAS";"JAGUARETAMA";"2022-02-19";"7";"0";"0";"0";"0";"0";"0"
"2022";"Dengue";"FORTALEZA";"06ª REGIÃO DE ITAPIPOCA";"TURURU";"2022-05-28";"21";"0";"16";"0";"0";"2";"9"
"2022";"Dengue";"SOBRAL";"11ª REGIÃO SOBRAL";"MASSAPE";"2022-09-24";"38";"0";"4";"0";"0";"1";"0"
"2022";"Dengue";"FORTALEZA";"01ª REGIÃO FORTALEZA";"EUSEBIO";"2022-12-31";"52";"0";"0";"0";"0";"0";"0"
"2022";"Dengue";"CARIRI";"18ª REGIÃO IGUATU";"CATARINA";"2022-07-30";"30";"0";"1";"0";"0";"0";"0"
"2022";"Dengue";"SOBRAL";"11ª REGIÃO SOBRAL";"MUCAMBO";"2022-02-05";"5";"0";"0";"0";"0";"0";"0"
"2022";"Dengue";"LITORAL LESTE/JAGUARIBE";"10ª REGIÃO LIMOEIRO DO NORTE";"ERERE";"2022-08-20";"33";"0";"0";"0";"0";"0";"0"
"2022";"Dengue";"FORTALEZA";"06ª REGIÃO DE ITAPIPOCA";"MIRAIMA";"2022-04-02";"13";"0";"0";"0";"0";"0";"0"
"2022";"Dengue";"SOBRAL";"12ª REGIÃO ACARAÚ";"CRUZ";"2022-11-26";"47";"0";"1";"0";"0";"0";"0"
"2022";"Dengue";"CARIRI";"20ª REGIÃO CRATO";"POTENGI";"2022-11-12";"45";"0";"0";"0";"0";"0";"0"
"2022";"Dengue";"SOBRAL";"11ª REGIÃO SOBRAL";"CARIRE";"2022-10-01";"39";"0";"0";"0";"0";"0";"0"
"2022";"Dengue";"SOBRAL";"15ª REGIÃO CRATEÚS";"PORANGA";"2022-05-21";"20";"0";"8";"0";"0";"3";"5"
"2022";"Dengue";"CARIRI";"21ª REGIÃO JUAZEIRO DO NORTE";"BARBALHA";"2022-03-26";"12";"0";"68";"0";"0";"0";"0"
"2022";"Dengue";"SERTÃO CENTRAL";"08ª REGIÃO QUIXADÁ";"SENADOR POMPEU";"2022-01-08";"1";"0";"0";"0";"0";"0";"0"
"2022";"Dengue";"SOBRAL";"16ª REGIÃO CAMOCIM";"GRANJA";"2022-10-01";"39";"0";"1";"0";"0";"0";"1"
"2022";"Dengue";"CARIRI";"20ª REGIÃO CRATO";"SALITRE";"2022-09-24";"38";"0";"0";"0";"0";"0";"0"
"2022";"Dengue";"SERTÃO CENTRAL";"08ª REGIÃO QUIXADÁ";"IBICUITINGA";"2022-10-15";"41";"0";"0";"0";"0";"0";"0"
"2022";"Dengue";"CARIRI";"19ª REGIÃO BREJO SANTO";"MILAGRES";"2022-05-21";"20";"0";"38";"0";"0";"1";"24"
"2022";"Dengue";"FORTALEZA";"02ª REGIÃO CAUCAIA";"APUIARES";"2022-08-06";"31";"0";"0";"0";"0";"0";"0"
"2022";"Dengue";"SOBRAL";"11ª REGIÃO SOBRAL";"IRAUCUBA";"2022-08-06";"31";"0";"12";"0";"0";"0";"0"
"2022";"Dengue";"SOBRAL";"12ª REGIÃO ACARAÚ";"ITAREMA";"2022-05-14";"19";"0";"16";"0";"0";"8";"2"
"2022";"Dengue";"CARIRI";"19ª REGIÃO BREJO SANTO";"JATI";"2022-03-26";"12";"0";"13";"0";"0";"0";"0"
"2022";"Dengue";"CARIRI";"18ª REGIÃO IGUATU";"CARIUS";"2022-07-09";"27";"0";"3";"0";"0";"0";"0"
"2022";"Dengue";"CARIRI";"19ª REGIÃO BREJO SANTO";"MAURITI";"2022-08-27";"34";"0";"0";"0";"0";"0";"0"
"2022";"Dengue";"LITORAL LESTE/JAGUARIBE";"10ª REGIÃO LIMOEIRO DO NORTE";"ERERE";"2022-03-19";"11";"0";"0";"0";"0";"0";"0"
"2022";"Dengue";"SERTÃO CENTRAL";"05ª REGIÃO DE CANINDÉ";"CARIDADE";"2022-01-22";"3";"0";"0";"0";"0";"0";"0"
"2022";"Dengue";"SOBRAL";"12ª REGIÃO ACARAÚ";"CRUZ";"2022-02-26";"8";"0";"0";"0";"0";"0";"0"
"2022";"Dengue";"SERTÃO CENTRAL";"14ª REGIÃO TAUÁ";"PARAMBU";"2022-11-26";"47";"0";"0";"0";"0";"0";"0"
"2022";"Dengue";"SOBRAL";"12ª REGIÃO ACARAÚ";"ITAREMA";"2022-05-28";"21";"0";"9";"0";"0";"3";"3"
"2022";"Dengue";"SOBRAL";"15ª REGIÃO CRATEÚS";"TAMBORIL";"2022-02-19";"7";"0";"0";"0";"0";"0";"0"
"2022";"Dengue";"CARIRI";"19ª REGIÃO BREJO SANTO";"PENAFORTE";"2022-12-17";"50";"0";"0";"0";"0";"0";"0"
"2022";"Dengue";"LITORAL LESTE/JAGUARIBE";"09ª REGIÃO RUSSAS";"PALHANO";"2022-06-18";"24";"0";"38";"0";"0";"4";"10"
"2022";"Dengue";"CARIRI";"17ª REGIÃO ICÓ";"LAVRAS DA MANGABEIRA";"2022-01-22";"3";"0";"2";"0";"0";"0";"0"
"2022";"Dengue";"CARIRI";"18ª REGIÃO IGUATU";"MOMBACA";"2022-10-22";"42";"0";"0";"0";"0";"0";"0"
"2022";"Dengue";"SERTÃO CENTRAL";"08ª REGIÃO QUIXADÁ";"IBARETAMA";"2022-04-02";"13";"0";"0";"0";"0";"0";"0"
"2022";"Dengue";"FORTALEZA";"02ª REGIÃO CAUCAIA";"TEJUCUOCA";"2022-04-09";"14";"0";"3";"0";"0";"1";"0"
"2022";"Dengue";"FORTALEZA";"01ª REGIÃO FORTALEZA";"FORTALEZA";"2022-08-27";"34";"0";"461";"0";"0";"34";"186"
"2022";"Dengue";"CARIRI";"18ª REGIÃO IGUATU";"SABOEIRO";"2022-01-22";"3";"0";"0";"0";"0";"0";"0"
"2022";"Dengue";"CARIRI";"17ª REGIÃO ICÓ";"BAIXIO";"2022-07-09";"27";"0";"1";"0";"0";"0";"0"
"2022";"Dengue";"CARIRI";"18ª REGIÃO IGUATU";"SABOEIRO";"2022-12-10";"49";"0";"0";"0";"0";"0";"0"
"2022";"Dengue";"SOBRAL";"11ª REGIÃO SOBRAL";"MORAUJO";"2022-06-04";"22";"0";"5";"0";"0";"1";"3"
"2022";"Dengue";"FORTALEZA";"22ª REGIÃO CASCAVEL";"CASCAVEL";"2022-07-23";"29";"0";"2";"0";"0";"0";"1"
"2022";"Dengue";"SOBRAL";"11ª REGIÃO SOBRAL";"GROAIRAS";"2022-07-09";"27";"0";"12";"0";"0";"8";"5"
"2022";"Dengue";"FORTALEZA";"01ª REGIÃO FORTALEZA";"FORTALEZA";"2022-03-26";"12";"0";"667";"0";"0";"37";"140"
"2022";"Dengue";"CARIRI";"18ª REGIÃO IGUATU";"ACOPIARA";"2022-05-21";"20";"0";"5";"0";"0";"1";"0"
"2022";"Dengue";"CARIRI";"19ª REGIÃO BREJO SANTO";"BARRO";"2022-09-03";"35";"0";"1";"0";"0";"1";"0"
"2022";"Dengue";"CARIRI";"19ª REGIÃO BREJO SANTO";"JATI";"2022-07-23";"29";"0";"0";"0";"0";"0";"0"
"2022";"Dengue";"SOBRAL";"12ª REGIÃO ACARAÚ";"ITAREMA";"2022-03-19";"11";"0";"0";"0";"0";"0";"0"
"2022";"Dengue";"CARIRI";"21ª REGIÃO JUAZEIRO DO NORTE";"CARIRIACU";"2022-09-03";"35";"0";"0";"0";"0";"0";"0"
"2022";"Dengue";"CARIRI";"21ª REGIÃO JUAZEIRO DO NORTE";"JARDIM";"2022-07-02";"26";"0";"0";"0";"0";"0";"0"
"2022";"Dengue";"SERTÃO CENTRAL";"14ª REGIÃO TAUÁ";"PARAMBU";"2022-09-24";"38";"0";"0";"0";"0";"0";"0"
"2022";"Dengue";"FORTALEZA";"03ª REGIÃO MARACANAÚ";"MARACANAU";"2022-05-07";"18";"0";"174";"0";"0";"5";"125"
"2022";"Dengue";"SERTÃO CENTRAL";"05ª REGIÃO DE CANINDÉ";"CARIDADE";"2022-02-12";"6";"0";"0";"0";"0";"0";"0"
"2022";"Dengue";"FORTALEZA";"01ª REGIÃO FORTALEZA";"FORTALEZA";"2022-04-09";"14";"0";"1142";"0";"0";"51";"455"
"2022";"Dengue";"CARIRI";"20ª REGIÃO CRATO";"ARARIPE";"2022-12-03";"48";"0";"0";"0";"0";"0";"0"
"2022";"Dengue";"CARIRI";"20ª REGIÃO CRATO";"ALTANEIRA";"2022-01-08";"1";"0";"0";"0";"0";"0";"0"
"2022";"Dengue";"CARIRI";"20ª REGIÃO CRATO";"SANTANA DO CARIRI";"2022-02-12";"6";"0";"3";"0";"0";"0";"0"
"2022";"Dengue";"FORTALEZA";"04ª REGIÃO BATURITÉ";"MULUNGU";"2022-02-26";"8";"0";"35";"0";"0";"7";"19"
"2022";"Dengue";"SOBRAL";"13ª REGIÃO TIANGUÁ";"CROATA";"2022-06-18";"24";"0";"7";"0";"0";"2";"3"
"2022";"Dengue";"LITORAL LESTE/JAGUARIBE";"10ª REGIÃO LIMOEIRO DO NORTE";"LIMOEIRO DO NORTE";"2022-11-19";"46";"0";"10";"0";"0";"0";"5"
"2022";"Dengue";"SOBRAL";"11ª REGIÃO SOBRAL";"SANTA QUITERIA";"2022-08-27";"34";"0";"0";"0";"0";"0";"0"
"2022";"Dengue";"SOBRAL";"13ª REGIÃO TIANGUÁ";"SAO BENEDITO";"2022-09-24";"38";"0";"1";"0";"0";"0";"0"
"2022";"Dengue";"SOBRAL";"16ª REGIÃO CAMOCIM";"GRANJA";"2022-08-13";"32";"0";"8";"0";"0";"1";"0"
"2022";"Dengue";"FORTALEZA";"02ª REGIÃO CAUCAIA";"CAUCAIA";"2022-11-05";"44";"0";"8";"0";"0";"3";"4"
"2022";"Dengue";"FORTALEZA";"22ª REGIÃO CASCAVEL";"CASCAVEL";"2022-01-08";"1";"0";"0";"0";"0";"0";"0"
"2022";"Dengue";"LITORAL LESTE/JAGUARIBE";"10ª REGIÃO LIMOEIRO DO NORTE";"TABULEIRO DO NORTE";"2022-12-17";"50";"0";"0";"0";"0";"0";"0"
"2022";"Dengue";"FORTALEZA";"04ª REGIÃO BATURITÉ";"ARATUBA";"2022-03-26";"12";"0";"42";"0";"0";"20";"22"
"2022";"Dengue";"FORTALEZA";"02ª REGIÃO CAUCAIA";"SAO LUIS DO CURU";"2022-02-19";"7";"0";"0";"0";"0";"0";"0"
"2022";"Dengue";"FORTALEZA";"02ª REGIÃO CAUCAIA";"PARACURU";"2022-09-24";"38";"0";"0";"0";"0";"0";"0"
"2022";"Dengue";"SOBRAL";"11ª REGIÃO SOBRAL";"MERUOCA";"2022-01-08";"1";"0";"5";"0";"0";"5";"0"
"2022";"Dengue";"CARIRI";"20ª REGIÃO CRATO";"CRATO";"2022-10-08";"40";"0";"1";"0";"0";"0";"1"
"2022";"Dengue";"FORTALEZA";"22ª REGIÃO CASCAVEL";"OCARA";"2022-07-30";"30";"0";"4";"0";"0";"0";"0"
"2022";"Dengue";"FORTALEZA";"02ª REGIÃO CAUCAIA";"SAO GONCALO DO AMARANTE";"2022-03-26";"12";"0";"1";"0";"0";"0";"0"
"2022";"Dengue";"CARIRI";"17ª REGIÃO ICÓ";"IPAUMIRIM";"2022-03-12";"10";"0";"0";"0";"0";"0";"0"
"2022";"Dengue";"SOBRAL";"11ª REGIÃO SOBRAL";"IRAUCUBA";"2022-06-11";"23";"0";"3";"0";"0";"0";"0"
"2022";"Dengue";"FORTALEZA";"03ª REGIÃO MARACANAÚ";"GUAIUBA";"2022-01-15";"2";"0";"0";"0";"0";"0";"0"
"2022";"Dengue";"CARIRI";"21ª REGIÃO JUAZEIRO DO NORTE";"GRANJEIRO";"2022-04-02";"13";"0";"5";"0";"0";"0";"0"
"2022";"Dengue";"SOBRAL";"13ª REGIÃO TIANGUÁ";"CROATA";"2022-07-09";"27";"0";"8";"0";"0";"2";"3"
"2022";"Dengue";"SOBRAL";"15ª REGIÃO CRATEÚS";"CRATEUS";"2022-11-26";"47";"0";"1";"0";"0";"0";"0"
"2022";"Dengue";"SOBRAL";"13ª REGIÃO TIANGUÁ";"VICOSA DO CEARA";"2022-05-21";"20";"0";"13";"0";"0";"2";"0"
"2022";"Dengue";"SOBRAL";"16ª REGIÃO CAMOCIM";"BARROQUINHA";"2022-09-10";"36";"0";"0";"0";"0";"0";"0"
"2022";"Dengue";"CARIRI";"21ª REGIÃO JUAZEIRO DO NORTE";"JUAZEIRO DO NORTE";"2022-05-21";"20";"0";"57";"0";"0";"2";"0"
"2022";"Dengue";"CARIRI";"18ª REGIÃO IGUATU";"SABOEIRO";"2022-09-17";"37";"0";"0";"0";"0";"0";"0"
"2022";"Dengue";"FORTALEZA";"04ª REGIÃO BATURITÉ";"GUARAMIRANGA";"2022-02-05";"5";"0";"0";"0";"0";"0";"0"
"2022";"Dengue";"LITORAL LESTE/JAGUARIBE";"09ª REGIÃO RUSSAS";"RUSSAS";"2022-08-13";"32";"0";"40";"0";"0";"0";"10"
"2022";"Dengue";"CARIRI";"19ª REGIÃO BREJO SANTO";"MAURITI";"2022-03-12";"10";"0";"43";"0";"0";"7";"31"
"2022";"Dengue";"SOBRAL";"16ª REGIÃO CAMOCIM";"GRANJA";"2022-09-03";"35";"0";"1";"0";"0";"0";"0"
"2022";"Dengue";"CARIRI";"20ª REGIÃO CRATO";"VARZEA ALEGRE";"2022-05-28";"21";"0";"16";"0";"0";"1";"0"
"2022";"Dengue";"SOBRAL";"15ª REGIÃO CRATEÚS";"INDEPENDENCIA";"2022-09-10";"36";"0";"0";"0";"0";"0";"0"
"2022";"Dengue";"CARIRI";"20ª REGIÃO CRATO";"CAMPOS SALES";"2022-07-30";"30";"0";"0";"0";"0";"0";"0"
"2022";"Dengue";"CARIRI";"17ª REGIÃO ICÓ";"CEDRO";"2022-10-29";"43";"0";"0";"0";"0";"0";"0"
"2022";"Dengue";"FORTALEZA";"06ª REGIÃO DE ITAPIPOCA";"URUBURETAMA";"2022-09-03";"35";"0";"3";"0";"0";"0";"0"
"2022";"Dengue";"SOBRAL";"13ª REGIÃO TIANGUÁ";"VICOSA DO CEARA";"2022-02-19";"7";"0";"5";"0";"0";"2";"0"
"2022";"Dengue";"CARIRI";"21ª REGIÃO JUAZEIRO DO NORTE";"GRANJEIRO";"2022-03-12";"10";"0";"5";"0";"0";"0";"0"
"2022";"Dengue";"SERTÃO CENTRAL";"14ª REGIÃO TAUÁ";"TAUA";"2022-12-10";"49";"0";"3";"0";"0";"0";"0"
"2022";"Dengue";"FORTALEZA";"06ª REGIÃO DE ITAPIPOCA";"ITAPIPOCA";"2022-06-25";"25";"0";"81";"0";"0";"0";"22"
"2022";"Dengue";"SOBRAL";"11ª REGIÃO SOBRAL";"COREAU";"2022-03-12";"10";"0";"0";"0";"0";"0";"0"
"2022";"Dengue";"SOBRAL";"15ª REGIÃO CRATEÚS";"IPUEIRAS";"2022-03-05";"9";"0";"0";"0";"0";"0";"0"
"2022";"Dengue";"LITORAL LESTE/JAGUARIBE";"10ª REGIÃO LIMOEIRO DO NORTE";"JAGUARIBE";"2022-09-24";"38";"0";"29";"0";"0";"1";"0"
"2022";"Dengue";"LITORAL LESTE/JAGUARIBE";"09ª REGIÃO RUSSAS";"RUSSAS";"2022-10-08";"40";"1";"10";"1";"0";"1";"5"
"2022";"Dengue";"CARIRI";"18ª REGIÃO IGUATU";"MOMBACA";"2022-01-08";"1";"0";"0";"0";"0";"0";"0"
"2022";"Dengue";"SOBRAL";"11ª REGIÃO SOBRAL";"CARIRE";"2022-11-26";"47";"0";"0";"0";"0";"0";"0"
"2022";"Dengue";"FORTALEZA";"04ª REGIÃO BATURITÉ";"ARATUBA";"2022-12-24";"51";"0";"0";"0";"0";"0";"0"
"2022";"Dengue";"SOBRAL";"11ª REGIÃO SOBRAL";"GROAIRAS";"2022-08-27";"34";"0";"1";"0";"0";"1";"0"
"2022";"Dengue";"CARIRI";"19ª REGIÃO BREJO SANTO";"MILAGRES";"2022-11-12";"45";"0";"1";"0";"0";"0";"0"
"2022";"Dengue";"SOBRAL";"11ª REGIÃO SOBRAL";"CATUNDA";"2022-03-12";"10";"0";"0";"0";"0";"0";"0"
"2022";"Dengue";"CARIRI";"21ª REGIÃO JUAZEIRO DO NORTE";"GRANJEIRO";"2022-10-15";"41";"0";"0";"0";"0";"0";"0"
"2022";"Dengue";"LITORAL LESTE/JAGUARIBE";"10ª REGIÃO LIMOEIRO DO NORTE";"TABULEIRO DO NORTE";"2022-09-24";"38";"0";"18";"0";"0";"12";"4"
"2022";"Dengue";"SOBRAL";"12ª REGIÃO ACARAÚ";"ACARAU";"2022-06-11";"23";"0";"13";"0";"0";"1";"0"
"2022";"Dengue";"CARIRI";"17ª REGIÃO ICÓ";"IPAUMIRIM";"2022-03-05";"9";"0";"0";"0";"0";"0";"0"
"2022";"Dengue";"SOBRAL";"16ª REGIÃO CAMOCIM";"CHAVAL";"2022-04-02";"13";"0";"1";"0";"0";"0";"0"
"2022";"Dengue";"FORTALEZA";"06ª REGIÃO DE ITAPIPOCA";"TURURU";"2022-02-12";"6";"0";"1";"0";"0";"0";"0"
"2022";"Dengue";"SOBRAL";"11ª REGIÃO SOBRAL";"FORQUILHA";"2022-05-21";"20";"0";"8";"0";"0";"1";"0"
"2022";"Dengue";"SOBRAL";"13ª REGIÃO TIANGUÁ";"VICOSA DO CEARA";"2022-04-30";"17";"0";"11";"0";"0";"1";"0"
"2022";"Dengue";"CARIRI";"20ª REGIÃO CRATO";"POTENGI";"2022-01-22";"3";"0";"0";"0";"0";"0";"0"
"2022";"Dengue";"SOBRAL";"11ª REGIÃO SOBRAL";"MERUOCA";"2022-08-13";"32";"0";"1";"0";"0";"0";"0"
"2022";"Dengue";"CARIRI";"19ª REGIÃO BREJO SANTO";"JATI";"2022-06-25";"25";"0";"1";"0";"0";"0";"0"
"2022";"Dengue";"SOBRAL";"16ª REGIÃO CAMOCIM";"CHAVAL";"2022-04-30";"17";"0";"1";"0";"0";"0";"0"
"2022";"Dengue";"SOBRAL";"16ª REGIÃO CAMOCIM";"CAMOCIM";"2022-03-05";"9";"0";"0";"0";"0";"0";"0"
"2022";"Dengue";"SOBRAL";"15ª REGIÃO CRATEÚS";"IPUEIRAS";"2022-03-19";"11";"0";"0";"0";"0";"0";"0"
"2022";"Dengue";"FORTALEZA";"03ª REGIÃO MARACANAÚ";"REDENCAO";"2022-11-12";"45";"0";"0";"0";"0";"0";"0"
"2022";"Dengue";"SOBRAL";"15ª REGIÃO CRATEÚS";"NOVO ORIENTE";"2022-04-02";"13";"0";"1";"0";"0";"1";"0"
"2022";"Dengue";"CARIRI";"19ª REGIÃO BREJO SANTO";"MILAGRES";"2022-11-05";"44";"0";"0";"0";"0";"0";"0"
"2022";"Dengue";"SERTÃO CENTRAL";"08ª REGIÃO QUIXADÁ";"PEDRA BRANCA";"2022-10-29";"43";"0";"1";"0";"0";"0";"0"
"2022";"Dengue";"CARIRI";"21ª REGIÃO JUAZEIRO DO NORTE";"GRANJEIRO";"2022-10-29";"43";"0";"0";"0";"0";"0";"0"
"2022";"Dengue";"CARIRI";"18ª REGIÃO IGUATU";"SABOEIRO";"2022-10-22";"42";"0";"0";"0";"0";"0";"0"
"2022";"Dengue";"LITORAL LESTE/JAGUARIBE";"09ª REGIÃO RUSSAS";"JAGUARUANA";"2022-04-09";"14";"0";"3";"0";"0";"0";"0"
"2022";"Dengue";"FORTALEZA";"02ª REGIÃO CAUCAIA";"GENERAL SAMPAIO";"2022-12-10";"49";"0";"0";"0";"0";"0";"0"
"2022";"Dengue";"SOBRAL";"11ª REGIÃO SOBRAL";"CARIRE";"2022-06-11";"23";"0";"3";"0";"0";"0";"3"
"2022";"Dengue";"SOBRAL";"11ª REGIÃO SOBRAL";"COREAU";"2022-03-19";"11";"0";"0";"0";"0";"0";"0"
"2022";"Dengue";"SOBRAL";"13ª REGIÃO TIANGUÁ";"TIANGUA";"2022-11-26";"47";"0";"3";"0";"0";"0";"0"
"2022";"Dengue";"LITORAL LESTE/JAGUARIBE";"09ª REGIÃO RUSSAS";"RUSSAS";"2022-06-04";"22";"0";"34";"0";"0";"1";"14"
"2022";"Dengue";"CARIRI";"20ª REGIÃO CRATO";"CAMPOS SALES";"2022-02-05";"5";"0";"0";"0";"0";"0";"0"
"2022";"Dengue";"SOBRAL";"12ª REGIÃO ACARAÚ";"CRUZ";"2022-03-12";"10";"0";"0";"0";"0";"0";"0"
"2022";"Dengue";"CARIRI";"18ª REGIÃO IGUATU";"SABOEIRO";"2022-09-03";"35";"0";"0";"0";"0";"0";"0"
"2022";"Dengue";"SOBRAL";"16ª REGIÃO CAMOCIM";"BARROQUINHA";"2022-05-21";"20";"0";"3";"0";"0";"1";"0"
"2022";"Dengue";"FORTALEZA";"04ª REGIÃO BATURITÉ";"CAPISTRANO";"2022-07-16";"28";"0";"1";"0";"0";"0";"0"
"2022";"Dengue";"FORTALEZA";"02ª REGIÃO CAUCAIA";"CAUCAIA";"2022-05-07";"18";"0";"43";"0";"0";"0";"20"
"2022";"Dengue";"SOBRAL";"13ª REGIÃO TIANGUÁ";"CROATA";"2022-01-22";"3";"0";"0";"0";"0";"0";"0"
"2022";"Dengue";"CARIRI";"18ª REGIÃO IGUATU";"ACOPIARA";"2022-08-06";"31";"0";"3";"0";"0";"1";"0"
"2022";"Dengue";"CARIRI";"20ª REGIÃO CRATO";"VARZEA ALEGRE";"2022-10-08";"40";"0";"0";"0";"0";"0";"0"
"2022";"Dengue";"FORTALEZA";"04ª REGIÃO BATURITÉ";"GUARAMIRANGA";"2022-12-17";"50";"0";"0";"0";"0";"0";"0"
"2022";"Dengue";"SOBRAL";"12ª REGIÃO ACARAÚ";"MARCO";"2022-11-12";"45";"0";"2";"0";"0";"0";"0"
"2022";"Dengue";"CARIRI";"17ª REGIÃO ICÓ";"CEDRO";"2022-06-11";"23";"0";"2";"0";"0";"0";"0"
"2022";"Dengue";"CARIRI";"18ª REGIÃO IGUATU";"QUIXELO";"2022-06-11";"23";"0";"1";"0";"0";"1";"0"
"2022";"Dengue";"SOBRAL";"11ª REGIÃO SOBRAL";"MERUOCA";"2022-11-12";"45";"0";"9";"0";"0";"1";"0"
"2022";"Dengue";"CARIRI";"20ª REGIÃO CRATO";"VARZEA ALEGRE";"2022-11-05";"44";"0";"0";"0";"0";"0";"0"
"2022";"Dengue";"FORTALEZA";"03ª REGIÃO MARACANAÚ";"BARREIRA";"2022-02-05";"5";"0";"0";"0";"0";"0";"0"
"2022";"Dengue";"FORTALEZA";"22ª REGIÃO CASCAVEL";"OCARA";"2022-06-25";"25";"0";"18";"0";"0";"1";"0"
"2022";"Dengue";"CARIRI";"21ª REGIÃO JUAZEIRO DO NORTE";"BARBALHA";"2022-07-02";"26";"0";"2";"0";"0";"0";"0"
"2022";"Dengue";"SOBRAL";"11ª REGIÃO SOBRAL";"MORAUJO";"2022-07-23";"29";"0";"0";"0";"0";"0";"0"
"2022";"Dengue";"FORTALEZA";"01ª REGIÃO FORTALEZA";"AQUIRAZ";"2022-10-29";"43";"0";"5";"0";"0";"0";"0"
"2022";"Dengue";"CARIRI";"17ª REGIÃO ICÓ";"UMARI";"2022-07-02";"26";"0";"0";"0";"0";"0";"0"
"2022";"Dengue";"SERTÃO CENTRAL";"05ª REGIÃO DE CANINDÉ";"BOA VIAGEM";"2022-06-11";"23";"0";"46";"0";"0";"4";"14"
"2022";"Dengue";"SERTÃO CENTRAL";"05ª REGIÃO DE CANINDÉ";"PARAMOTI";"2022-01-15";"2";"0";"0";"0";"0";"0";"0"
"2022";"Dengue";"LITORAL LESTE/JAGUARIBE";"09ª REGIÃO RUSSAS";"JAGUARUANA";"2022-07-16";"28";"0";"34";"0";"0";"4";"7"
"2022";"Dengue";"SOBRAL";"16ª REGIÃO CAMOCIM";"BARROQUINHA";"2022-03-26";"12";"0";"0";"0";"0";"0";"0"
"2022";"Dengue";"LITORAL LESTE/JAGUARIBE";"07ª REGIÃO ARACATI";"ICAPUI";"2022-06-11";"23";"0";"152";"0";"0";"0";"47"
"2022";"Dengue";"SOBRAL";"16ª REGIÃO CAMOCIM";"BARROQUINHA";"2022-12-03";"48";"0";"0";"0";"0";"0";"0"
"2022";"Dengue";"SERTÃO CENTRAL";"05ª REGIÃO DE CANINDÉ";"ITATIRA";"2022-12-24";"51";"0";"0";"0";"0";"0";"0"
"2022";"Dengue";"FORTALEZA";"03ª REGIÃO MARACANAÚ";"BARREIRA";"2022-09-10";"36";"0";"0";"0";"0";"0";"0"
"2022";"Dengue";"SOBRAL";"12ª REGIÃO ACARAÚ";"CRUZ";"2022-06-11";"23";"0";"12";"0";"0";"3";"0"
"2022";"Dengue";"FORTALEZA";"22ª REGIÃO CASCAVEL";"PACAJUS";"2022-12-10";"49";"0";"0";"0";"0";"0";"0"
"2022";"Dengue";"FORTALEZA";"06ª REGIÃO DE ITAPIPOCA";"URUBURETAMA";"2022-08-27";"34";"0";"4";"0";"0";"0";"0"
"2022";"Dengue";"FORTALEZA";"06ª REGIÃO DE ITAPIPOCA";"MIRAIMA";"2022-01-08";"1";"0";"0";"0";"0";"0";"0"
"2022";"Dengue";"CARIRI";"18ª REGIÃO IGUATU";"ACOPIARA";"2022-12-24";"51";"0";"0";"0";"0";"0";"0"
"2022";"Dengue";"SOBRAL";"11ª REGIÃO SOBRAL";"IPU";"2022-10-01";"39";"0";"0";"0";"0";"0";"0"
"2022";"Dengue";"SOBRAL";"16ª REGIÃO CAMOCIM";"BARROQUINHA";"2022-02-19";"7";"0";"0";"0";"0";"0";"0"
"2022";"Dengue";"SOBRAL";"12ª REGIÃO ACARAÚ";"JIJOCA DE JERICOACOARA";"2022-09-24";"38";"0";"0";"0";"0";"0";"0"
"2022";"Dengue";"SERTÃO CENTRAL";"14ª REGIÃO TAUÁ";"ARNEIROZ";"2022-08-20";"33";"0";"0";"0";"0";"0";"0"
"2022";"Dengue";"FORTALEZA";"04ª REGIÃO BATURITÉ";"CAPISTRANO";"2022-06-04";"22";"0";"3";"0";"0";"0";"0"
"2022";"Dengue";"FORTALEZA";"02ª REGIÃO CAUCAIA";"APUIARES";"2022-12-24";"51";"0";"0";"0";"0";"0";"0"
"2022";"Dengue";"FORTALEZA";"06ª REGIÃO DE ITAPIPOCA";"AMONTADA";"2022-05-28";"21";"0";"2";"0";"0";"0";"0"
"2022";"Dengue";"FORTALEZA";"02ª REGIÃO CAUCAIA";"GENERAL SAMPAIO";"2022-02-12";"6";"0";"0";"0";"0";"0";"0"
"2022";"Dengue";"FORTALEZA";"02ª REGIÃO CAUCAIA";"GENERAL SAMPAIO";"2022-07-16";"28";"0";"0";"0";"0";"0";"0"
"2022";"Dengue";"CARIRI";"18ª REGIÃO IGUATU";"DEPUTADO IRAPUAN PINHEIRO";"2022-07-02";"26";"0";"0";"0";"0";"0";"0"
"2022";"Dengue";"FORTALEZA";"22ª REGIÃO CASCAVEL";"CASCAVEL";"2022-07-30";"30";"0";"10";"0";"0";"0";"10"
"2022";"Dengue";"SERTÃO CENTRAL";"08ª REGIÃO QUIXADÁ";"MILHA";"2022-07-02";"26";"0";"0";"0";"0";"0";"0"
"2022";"Dengue";"FORTALEZA";"04ª REGIÃO BATURITÉ";"ARATUBA";"2022-06-04";"22";"0";"16";"0";"0";"4";"10"
"2022";"Dengue";"SOBRAL";"11ª REGIÃO SOBRAL";"MUCAMBO";"2022-01-29";"4";"0";"0";"0";"0";"0";"0"
"2022";"Dengue";"SOBRAL";"13ª REGIÃO TIANGUÁ";"CARNAUBAL";"2022-07-23";"29";"0";"1";"0";"0";"0";"0"
"2022";"Dengue";"FORTALEZA";"02ª REGIÃO CAUCAIA";"SAO LUIS DO CURU";"2022-05-07";"18";"0";"0";"0";"0";"0";"0"
"2022";"Dengue";"LITORAL LESTE/JAGUARIBE";"09ª REGIÃO RUSSAS";"RUSSAS";"2022-10-01";"39";"0";"13";"0";"0";"0";"9"
"2022";"Dengue";"CARIRI";"20ª REGIÃO CRATO";"TARRAFAS";"2022-07-23";"29";"0";"0";"0";"0";"0";"0"
"2022";"Dengue";"FORTALEZA";"03ª REGIÃO MARACANAÚ";"REDENCAO";"2022-10-22";"42";"0";"1";"0";"0";"0";"0"
"2022";"Dengue";"SERTÃO CENTRAL";"08ª REGIÃO QUIXADÁ";"IBARETAMA";"2022-08-06";"31";"0";"0";"0";"0";"0";"0"
"2022";"Dengue";"SERTÃO CENTRAL";"08ª REGIÃO QUIXADÁ";"IBICUITINGA";"2022-08-06";"31";"0";"0";"0";"0";"0";"0"
"2022";"Dengue";"LITORAL LESTE/JAGUARIBE";"10ª REGIÃO LIMOEIRO DO NORTE";"JAGUARIBE";"2022-07-16";"28";"0";"138";"0";"0";"1";"0"
"2022";"Dengue";"LITORAL LESTE/JAGUARIBE";"09ª REGIÃO RUSSAS";"PALHANO";"2022-06-25";"25";"0";"31";"0";"0";"0";"9"
"2022";"Dengue";"FORTALEZA";"04ª REGIÃO BATURITÉ";"PACOTI";"2022-12-31";"52";"0";"0";"0";"0";"0";"0"
"2022";"Dengue";"LITORAL LESTE/JAGUARIBE";"10ª REGIÃO LIMOEIRO DO NORTE";"POTIRETAMA";"2022-10-22";"42";"0";"0";"0";"0";"0";"0"
"2022";"Dengue";"FORTALEZA";"03ª REGIÃO MARACANAÚ";"REDENCAO";"2022-02-26";"8";"0";"1";"0";"0";"1";"0"
"2022";"Dengue";"CARIRI";"20ª REGIÃO CRATO";"CAMPOS SALES";"2022-06-11";"23";"0";"4";"0";"0";"1";"0"
"2022";"Dengue";"SERTÃO CENTRAL";"08ª REGIÃO QUIXADÁ";"MILHA";"2022-11-26";"47";"0";"0";"0";"0";"0";"0"
"2022";"Dengue";"FORTALEZA";"22ª REGIÃO CASCAVEL";"HORIZONTE";"2022-09-17";"37";"0";"1";"0";"0";"0";"1"
"2022";"Dengue";"LITORAL LESTE/JAGUARIBE";"10ª REGIÃO LIMOEIRO DO NORTE";"JAGUARIBARA";"2022-05-14";"19";"0";"3";"0";"0";"2";"0"
"2022";"Dengue";"CARIRI";"21ª REGIÃO JUAZEIRO DO NORTE";"BARBALHA";"2022-12-31";"52";"0";"0";"0";"0";"0";"0"
"2022";"Dengue";"FORTALEZA";"06ª REGIÃO DE ITAPIPOCA";"AMONTADA";"2022-10-15";"41";"0";"1";"0";"0";"0";"0"
"2022";"Dengue";"LITORAL LESTE/JAGUARIBE";"09ª REGIÃO RUSSAS";"JAGUARETAMA";"2022-07-30";"30";"0";"11";"0";"0";"2";"0"
"2022";"Dengue";"SOBRAL";"15ª REGIÃO CRATEÚS";"MONSENHOR TABOSA";"2022-04-23";"16";"0";"3";"0";"0";"0";"1"
"2022";"Dengue";"CARIRI";"18ª REGIÃO IGUATU";"DEPUTADO IRAPUAN PINHEIRO";"2022-02-12";"6";"0";"0";"0";"0";"0";"0"
"2022";"Dengue";"SOBRAL";"11ª REGIÃO SOBRAL";"PACUJA";"2022-01-08";"1";"0";"0";"0";"0";"0";"0"
"2022";"Dengue";"LITORAL LESTE/JAGUARIBE";"10ª REGIÃO LIMOEIRO DO NORTE";"SAO JOAO DO JAGUARIBE";"2022-07-23";"29";"0";"0";"0";"0";"0";"0"
"2022";"Dengue";"SERTÃO CENTRAL";"08ª REGIÃO QUIXADÁ";"QUIXERAMOBIM";"2022-06-11";"23";"0";"134";"0";"0";"0";"33"
"2022";"Dengue";"FORTALEZA";"22ª REGIÃO CASCAVEL";"BEBERIBE";"2022-08-20";"33";"0";"2";"0";"0";"1";"1"
"2022";"Dengue";"SERTÃO CENTRAL";"14ª REGIÃO TAUÁ";"PARAMBU";"2022-04-02";"13";"0";"0";"0";"0";"0";"0"
"2022";"Dengue";"FORTALEZA";"01ª REGIÃO FORTALEZA";"ITAITINGA";"2022-12-17";"50";"0";"0";"0";"0";"0";"0"
"2022";"Dengue";"FORTALEZA";"03ª REGIÃO MARACANAÚ";"GUAIUBA";"2022-04-23";"16";"0";"3";"0";"0";"0";"0"
"2022";"Dengue";"SOBRAL";"13ª REGIÃO TIANGUÁ";"CROATA";"2022-08-27";"34";"0";"0";"0";"0";"0";"0"
"2022";"Dengue";"CARIRI";"20ª REGIÃO CRATO";"ASSARE";"2022-05-14";"19";"0";"26";"0";"0";"4";"8"
"2022";"Dengue";"CARIRI";"19ª REGIÃO BREJO SANTO";"JATI";"2022-04-30";"17";"0";"20";"0";"0";"0";"0"
"2022";"Dengue";"SERTÃO CENTRAL";"08ª REGIÃO QUIXADÁ";"CHORO";"2022-06-18";"24";"0";"20";"0";"0";"5";"10"
"2022";"Dengue";"SERTÃO CENTRAL";"05ª REGIÃO DE CANINDÉ";"CARIDADE";"2022-11-26";"47";"0";"0";"0";"0";"0";"0"
"2022";"Dengue";"FORTALEZA";"22ª REGIÃO CASCAVEL";"HORIZONTE";"2022-04-09";"14";"0";"4";"0";"0";"0";"1"
"2022";"Dengue";"LITORAL LESTE/JAGUARIBE";"10ª REGIÃO LIMOEIRO DO NORTE";"QUIXERE";"2022-08-13";"32";"0";"16";"0";"0";"1";"4"
"2022";"Dengue";"FORTALEZA";"01ª REGIÃO FORTALEZA";"ITAITINGA";"2022-12-10";"49";"0";"0";"0";"0";"0";"0"
"2022";"Dengue";"SOBRAL";"13ª REGIÃO TIANGUÁ";"CROATA";"2022-05-14";"19";"0";"91";"0";"0";"28";"48"
"2022";"Dengue";"CARIRI";"19ª REGIÃO BREJO SANTO";"PENAFORTE";"2022-09-24";"38";"0";"0";"0";"0";"0";"0"
"2022";"Dengue";"SOBRAL";"15ª REGIÃO CRATEÚS";"IPUEIRAS";"2022-03-12";"10";"0";"1";"0";"0";"0";"0"
"2022";"Dengue";"SERTÃO CENTRAL";"08ª REGIÃO QUIXADÁ";"IBARETAMA";"2022-08-20";"33";"0";"0";"0";"0";"0";"0"
"2022";"Dengue";"CARIRI";"18ª REGIÃO IGUATU";"CATARINA";"2022-12-10";"49";"0";"4";"0";"0";"0";"0"
"2022";"Dengue";"FORTALEZA";"22ª REGIÃO CASCAVEL";"OCARA";"2022-05-14";"19";"0";"13";"0";"0";"2";"0"
"2022";"Dengue";"SOBRAL";"15ª REGIÃO CRATEÚS";"MONSENHOR TABOSA";"2022-02-26";"8";"0";"0";"0";"0";"0";"0"
"2022";"Dengue";"LITORAL LESTE/JAGUARIBE";"07ª REGIÃO ARACATI";"ITAICABA";"2022-05-14";"19";"0";"4";"0";"0";"1";"0"
"2022";"Dengue";"FORTALEZA";"03ª REGIÃO MARACANAÚ";"GUAIUBA";"2022-06-04";"22";"0";"25";"0";"0";"0";"12"
"2022";"Dengue";"CARIRI";"17ª REGIÃO ICÓ";"OROS";"2022-03-05";"9";"0";"0";"0";"0";"0";"0"
"2022";"Dengue";"SOBRAL";"13ª REGIÃO TIANGUÁ";"IBIAPINA";"2022-05-21";"20";"0";"1";"0";"0";"0";"0"
"2022";"Dengue";"FORTALEZA";"02ª REGIÃO CAUCAIA";"GENERAL SAMPAIO";"2022-01-29";"4";"0";"0";"0";"0";"0";"0"
"2022";"Dengue";"FORTALEZA";"01ª REGIÃO FORTALEZA";"ITAITINGA";"2022-08-13";"32";"0";"2";"0";"0";"1";"1"
"2022";"Dengue";"SOBRAL";"13ª REGIÃO TIANGUÁ";"GUARACIABA DO NORTE";"2022-06-25";"25";"0";"5";"0";"0";"1";"3"
"2022";"Dengue";"CARIRI";"19ª REGIÃO BREJO SANTO";"ABAIARA";"2022-01-22";"3";"0";"0";"0";"0";"0";"0"
"2022";"Dengue";"SOBRAL";"12ª REGIÃO ACARAÚ";"ITAREMA";"2022-08-27";"34";"0";"1";"0";"0";"0";"0"
"2022";"Dengue";"LITORAL LESTE/JAGUARIBE";"10ª REGIÃO LIMOEIRO DO NORTE";"IRACEMA";"2022-04-09";"14";"0";"0";"0";"0";"0";"0"
"2022";"Dengue";"FORTALEZA";"06ª REGIÃO DE ITAPIPOCA";"UMIRIM";"2022-01-15";"2";"0";"0";"0";"0";"0";"0"
"2022";"Dengue";"CARIRI";"20ª REGIÃO CRATO";"VARZEA ALEGRE";"2022-12-10";"49";"0";"0";"0";"0";"0";"0"
"2022";"Dengue";"LITORAL LESTE/JAGUARIBE";"07ª REGIÃO ARACATI";"ITAICABA";"2022-01-08";"1";"0";"3";"0";"0";"0";"0"
"2022";"Dengue";"LITORAL LESTE/JAGUARIBE";"10ª REGIÃO LIMOEIRO DO NORTE";"IRACEMA";"2022-12-17";"50";"0";"0";"0";"0";"0";"0"
"2022";"Dengue";"SOBRAL";"11ª REGIÃO SOBRAL";"RERIUTABA";"2022-05-14";"19";"0";"7";"0";"0";"0";"0"
"2022";"Dengue";"SOBRAL";"13ª REGIÃO TIANGUÁ";"GUARACIABA DO NORTE";"2022-08-06";"31";"0";"6";"0";"0";"1";"5"
"2022";"Dengue";"CARIRI";"21ª REGIÃO JUAZEIRO DO NORTE";"CARIRIACU";"2022-10-15";"41";"0";"0";"0";"0";"0";"0"
"2022";"Dengue";"FORTALEZA";"02ª REGIÃO CAUCAIA";"PARACURU";"2022-10-08";"40";"0";"0";"0";"0";"0";"0"
"2022";"Dengue";"LITORAL LESTE/JAGUARIBE";"10ª REGIÃO LIMOEIRO DO NORTE";"SAO JOAO DO JAGUARIBE";"2022-03-05";"9";"0";"0";"0";"0";"0";"0"
"2022";"Dengue";"FORTALEZA";"02ª REGIÃO CAUCAIA";"PARAIPABA";"2022-01-08";"1";"0";"0";"0";"0";"0";"0"
"2022";"Dengue";"FORTALEZA";"02ª REGIÃO CAUCAIA";"GENERAL SAMPAIO";"2022-07-30";"30";"0";"0";"0";"0";"0";"0"
"2022";"Dengue";"CARIRI";"18ª REGIÃO IGUATU";"DEPUTADO IRAPUAN PINHEIRO";"2022-02-26";"8";"0";"0";"0";"0";"0";"0"
"2022";"Dengue";"FORTALEZA";"02ª REGIÃO CAUCAIA";"PENTECOSTE";"2022-01-22";"3";"0";"0";"0";"0";"0";"0"
"2022";"Dengue";"FORTALEZA";"03ª REGIÃO MARACANAÚ";"PALMACIA";"2022-02-19";"7";"0";"16";"0";"0";"4";"0"
"2022";"Dengue";"SOBRAL";"11ª REGIÃO SOBRAL";"PACUJA";"2022-12-24";"51";"0";"0";"0";"0";"0";"0"
"2022";"Dengue";"CARIRI";"18ª REGIÃO IGUATU";"MOMBACA";"2022-02-12";"6";"0";"0";"0";"0";"0";"0"
"2022";"Dengue";"FORTALEZA";"06ª REGIÃO DE ITAPIPOCA";"ITAPIPOCA";"2022-07-16";"28";"0";"21";"0";"0";"0";"5"
"2022";"Dengue";"SOBRAL";"13ª REGIÃO TIANGUÁ";"UBAJARA";"2022-04-30";"17";"0";"0";"0";"0";"0";"0"
"2022";"Dengue";"SERTÃO CENTRAL";"08ª REGIÃO QUIXADÁ";"MILHA";"2022-06-25";"25";"0";"0";"0";"0";"0";"0"
"2022";"Dengue";"FORTALEZA";"04ª REGIÃO BATURITÉ";"GUARAMIRANGA";"2022-10-01";"39";"0";"0";"0";"0";"0";"0"
"2022";"Dengue";"LITORAL LESTE/JAGUARIBE";"10ª REGIÃO LIMOEIRO DO NORTE";"POTIRETAMA";"2022-11-12";"45";"0";"0";"0";"0";"0";"0"
"2022";"Dengue";"FORTALEZA";"22ª REGIÃO CASCAVEL";"OCARA";"2022-07-09";"27";"0";"6";"0";"0";"1";"0"
"2022";"Dengue";"CARIRI";"20ª REGIÃO CRATO";"CAMPOS SALES";"2022-03-12";"10";"0";"3";"0";"0";"1";"0"
"2022";"Dengue";"CARIRI";"19ª REGIÃO BREJO SANTO";"PENAFORTE";"2022-11-19";"46";"0";"0";"0";"0";"0";"0"
"2022";"Dengue";"SOBRAL";"11ª REGIÃO SOBRAL";"PACUJA";"2022-12-10";"49";"0";"0";"0";"0";"0";"0"
"2022";"Dengue";"LITORAL LESTE/JAGUARIBE";"09ª REGIÃO RUSSAS";"MORADA NOVA";"2022-07-30";"30";"0";"30";"0";"0";"2";"4"
"2022";"Dengue";"CARIRI";"19ª REGIÃO BREJO SANTO";"MAURITI";"2022-01-22";"3";"0";"1";"0";"0";"0";"0"
"2022";"Dengue";"SOBRAL";"15ª REGIÃO CRATEÚS";"IPAPORANGA";"2022-05-28";"21";"0";"0";"0";"0";"0";"0"
"2022";"Dengue";"CARIRI";"20ª REGIÃO CRATO";"TARRAFAS";"2022-01-15";"2";"0";"0";"0";"0";"0";"0"
"2022";"Dengue";"FORTALEZA";"06ª REGIÃO DE ITAPIPOCA";"ITAPIPOCA";"2022-07-02";"26";"0";"54";"0";"0";"1";"20"
"2022";"Dengue";"SERTÃO CENTRAL";"08ª REGIÃO QUIXADÁ";"PEDRA BRANCA";"2022-08-20";"33";"0";"1";"0";"0";"0";"1"
"2022";"Dengue";"SOBRAL";"11ª REGIÃO SOBRAL";"FRECHEIRINHA";"2022-07-09";"27";"0";"0";"0";"0";"0";"0"
"2022";"Dengue";"SOBRAL";"11ª REGIÃO SOBRAL";"MORAUJO";"2022-11-12";"45";"0";"0";"0";"0";"0";"0"
"2022";"Dengue";"SERTÃO CENTRAL";"05ª REGIÃO DE CANINDÉ";"ITATIRA";"2022-09-10";"36";"0";"0";"0";"0";"0";"0"
"2022";"Dengue";"FORTALEZA";"02ª REGIÃO CAUCAIA";"TEJUCUOCA";"2022-12-24";"51";"0";"0";"0";"0";"0";"0"
"2022";"Dengue";"CARIRI";"18ª REGIÃO IGUATU";"IGUATU";"2022-08-27";"34";"0";"1";"0";"0";"0";"0"
"2022";"Dengue";"SOBRAL";"13ª REGIÃO TIANGUÁ";"TIANGUA";"2022-09-03";"35";"0";"9";"0";"0";"1";"0"
"2022";"Dengue";"SERTÃO CENTRAL";"08ª REGIÃO QUIXADÁ";"SOLONOPOLE";"2022-05-07";"18";"0";"0";"0";"0";"0";"0"
"2022";"Dengue";"SERTÃO CENTRAL";"08ª REGIÃO QUIXADÁ";"SOLONOPOLE";"2022-07-23";"29";"0";"0";"0";"0";"0";"0"
"2022";"Dengue";"CARIRI";"19ª REGIÃO BREJO SANTO";"PORTEIRAS";"2022-12-03";"48";"0";"0";"0";"0";"0";"0"
"2022";"Dengue";"FORTALEZA";"01ª REGIÃO FORTALEZA";"EUSEBIO";"2022-08-20";"33";"0";"2";"0";"0";"0";"0"
"2022";"Dengue";"FORTALEZA";"22ª REGIÃO CASCAVEL";"CHOROZINHO";"2022-06-11";"23";"0";"4";"0";"0";"0";"0"
"2022";"Dengue";"SOBRAL";"11ª REGIÃO SOBRAL";"FORQUILHA";"2022-04-30";"17";"0";"7";"0";"0";"1";"1"
"2022";"Dengue";"SOBRAL";"11ª REGIÃO SOBRAL";"URUOCA";"2022-11-12";"45";"0";"0";"0";"0";"0";"0"
"2022";"Dengue";"SERTÃO CENTRAL";"08ª REGIÃO QUIXADÁ";"SOLONOPOLE";"2022-11-05";"44";"0";"0";"0";"0";"0";"0"
"2022";"Dengue";"LITORAL LESTE/JAGUARIBE";"09ª REGIÃO RUSSAS";"RUSSAS";"2022-06-25";"25";"0";"38";"0";"0";"1";"12"
"2022";"Dengue";"SOBRAL";"12ª REGIÃO ACARAÚ";"BELA CRUZ";"2022-07-16";"28";"0";"12";"0";"0";"5";"3"
"2022";"Dengue";"SOBRAL";"11ª REGIÃO SOBRAL";"SANTA QUITERIA";"2022-07-23";"29";"0";"2";"0";"0";"1";"0"
"2022";"Dengue";"SERTÃO CENTRAL";"14ª REGIÃO TAUÁ";"PARAMBU";"2022-07-09";"27";"0";"7";"0";"0";"0";"0"
"2022";"Dengue";"SOBRAL";"15ª REGIÃO CRATEÚS";"MONSENHOR TABOSA";"2022-11-12";"45";"0";"1";"0";"0";"0";"1"
"2022";"Dengue";"FORTALEZA";"02ª REGIÃO CAUCAIA";"CAUCAIA";"2022-03-05";"9";"0";"9";"0";"0";"1";"3"
"2022";"Dengue";"LITORAL LESTE/JAGUARIBE";"10ª REGIÃO LIMOEIRO DO NORTE";"IRACEMA";"2022-07-02";"26";"0";"10";"0";"0";"0";"0"
"2022";"Dengue";"CARIRI";"18ª REGIÃO IGUATU";"SABOEIRO";"2022-05-07";"18";"0";"0";"0";"0";"0";"0"
"2022";"Dengue";"CARIRI";"19ª REGIÃO BREJO SANTO";"ABAIARA";"2022-07-30";"30";"0";"0";"0";"0";"0";"0"
"2022";"Dengue";"FORTALEZA";"22ª REGIÃO CASCAVEL";"BEBERIBE";"2022-09-17";"37";"0";"1";"0";"0";"0";"1"
"2022";"Dengue";"CARIRI";"19ª REGIÃO BREJO SANTO";"JATI";"2022-12-03";"48";"0";"0";"0";"0";"0";"0"
"2022";"Dengue";"SOBRAL";"11ª REGIÃO SOBRAL";"GROAIRAS";"2022-05-07";"18";"0";"21";"0";"0";"16";"0"
"2022";"Dengue";"LITORAL LESTE/JAGUARIBE";"10ª REGIÃO LIMOEIRO DO NORTE";"POTIRETAMA";"2022-08-06";"31";"0";"0";"0";"0";"0";"0"
"2022";"Dengue";"SOBRAL";"15ª REGIÃO CRATEÚS";"ARARENDA";"2022-12-24";"51";"0";"0";"0";"0";"0";"0"
"2022";"Dengue";"FORTALEZA";"06ª REGIÃO DE ITAPIPOCA";"TRAIRI";"2022-04-02";"13";"0";"13";"0";"0";"3";"0"
"2022";"Dengue";"LITORAL LESTE/JAGUARIBE";"10ª REGIÃO LIMOEIRO DO NORTE";"ALTO SANTO";"2022-04-09";"14";"0";"0";"0";"0";"0";"0"
"2022";"Dengue";"FORTALEZA";"02ª REGIÃO CAUCAIA";"APUIARES";"2022-10-29";"43";"0";"0";"0";"0";"0";"0"
"2022";"Dengue";"SERTÃO CENTRAL";"08ª REGIÃO QUIXADÁ";"QUIXERAMOBIM";"2022-07-23";"29";"0";"31";"0";"0";"0";"10"
"2022";"Dengue";"FORTALEZA";"01ª REGIÃO FORTALEZA";"ITAITINGA";"2022-06-25";"25";"0";"2";"0";"0";"0";"1"
"2022";"Dengue";"SERTÃO CENTRAL";"08ª REGIÃO QUIXADÁ";"QUIXERAMOBIM";"2022-12-17";"50";"0";"0";"0";"0";"0";"0"
"2022";"Dengue";"CARIRI";"17ª REGIÃO ICÓ";"LAVRAS DA MANGABEIRA";"2022-09-03";"35";"0";"5";"0";"0";"0";"3"
"2022";"Dengue";"SOBRAL";"13ª REGIÃO TIANGUÁ";"UBAJARA";"2022-01-08";"1";"0";"1";"0";"0";"0";"0"
"2022";"Dengue";"FORTALEZA";"22ª REGIÃO CASCAVEL";"PACAJUS";"2022-11-05";"44";"0";"1";"0";"0";"0";"0"
"2022";"Dengue";"FORTALEZA";"02ª REGIÃO CAUCAIA";"GENERAL SAMPAIO";"2022-07-02";"26";"0";"0";"0";"0";"0";"0"
"2022";"Dengue";"FORTALEZA";"01ª REGIÃO FORTALEZA";"ITAITINGA";"2022-05-28";"21";"0";"8";"0";"0";"2";"2"
"2022";"Dengue";"CARIRI";"19ª REGIÃO BREJO SANTO";"JATI";"2022-02-26";"8";"0";"3";"0";"0";"0";"2"
"2022";"Dengue";"CARIRI";"20ª REGIÃO CRATO";"TARRAFAS";"2022-10-22";"42";"0";"0";"0";"0";"0";"0"
"2022";"Dengue";"SOBRAL";"11ª REGIÃO SOBRAL";"MERUOCA";"2022-03-19";"11";"0";"2";"0";"0";"2";"0"
"2022";"Dengue";"FORTALEZA";"22ª REGIÃO CASCAVEL";"BEBERIBE";"2022-10-15";"41";"0";"0";"0";"0";"0";"0"
"2022";"Dengue";"CARIRI";"20ª REGIÃO CRATO";"SANTANA DO CARIRI";"2022-08-27";"34";"0";"0";"0";"0";"0";"0"
"2022";"Dengue";"FORTALEZA";"06ª REGIÃO DE ITAPIPOCA";"MIRAIMA";"2022-11-26";"47";"0";"0";"0";"0";"0";"0"
"2022";"Dengue";"LITORAL LESTE/JAGUARIBE";"09ª REGIÃO RUSSAS";"PALHANO";"2022-07-30";"30";"0";"3";"0";"0";"0";"1"
"2022";"Dengue";"SERTÃO CENTRAL";"08ª REGIÃO QUIXADÁ";"MILHA";"2022-05-14";"19";"0";"0";"0";"0";"0";"0"
"2022";"Dengue";"LITORAL LESTE/JAGUARIBE";"10ª REGIÃO LIMOEIRO DO NORTE";"ALTO SANTO";"2022-11-05";"44";"0";"0";"0";"0";"0";"0"
"2022";"Dengue";"FORTALEZA";"02ª REGIÃO CAUCAIA";"CAUCAIA";"2022-12-17";"50";"0";"7";"0";"0";"0";"4"
"2022";"Dengue";"CARIRI";"20ª REGIÃO CRATO";"NOVA OLINDA";"2022-12-24";"51";"0";"0";"0";"0";"0";"0"
"2022";"Dengue";"FORTALEZA";"03ª REGIÃO MARACANAÚ";"GUAIUBA";"2022-11-12";"45";"0";"0";"0";"0";"0";"0"
"2022";"Dengue";"CARIRI";"18ª REGIÃO IGUATU";"CARIUS";"2022-11-12";"45";"0";"0";"0";"0";"0";"0"
"2022";"Dengue";"FORTALEZA";"06ª REGIÃO DE ITAPIPOCA";"UMIRIM";"2022-05-28";"21";"0";"0";"0";"0";"0";"0"
"2022";"Dengue";"SOBRAL";"11ª REGIÃO SOBRAL";"PIRES FERREIRA";"2022-07-30";"30";"0";"0";"0";"0";"0";"0"
"2022";"Dengue";"FORTALEZA";"06ª REGIÃO DE ITAPIPOCA";"AMONTADA";"2022-10-29";"43";"0";"0";"0";"0";"0";"0"
"2022";"Dengue";"SOBRAL";"11ª REGIÃO SOBRAL";"MASSAPE";"2022-08-13";"32";"0";"2";"0";"0";"1";"0"
"2022";"Dengue";"LITORAL LESTE/JAGUARIBE";"09ª REGIÃO RUSSAS";"JAGUARETAMA";"2022-04-02";"13";"0";"1";"0";"0";"1";"0"
"2022";"Dengue";"CARIRI";"21ª REGIÃO JUAZEIRO DO NORTE";"CARIRIACU";"2022-04-23";"16";"0";"0";"0";"0";"0";"0"
"2022";"Dengue";"FORTALEZA";"03ª REGIÃO MARACANAÚ";"PACATUBA";"2022-02-19";"7";"0";"5";"0";"0";"1";"0"
"2022";"Dengue";"FORTALEZA";"04ª REGIÃO BATURITÉ";"GUARAMIRANGA";"2022-01-22";"3";"0";"0";"0";"0";"0";"0"
"2022";"Dengue";"CARIRI";"20ª REGIÃO CRATO";"ASSARE";"2022-08-27";"34";"0";"0";"0";"0";"0";"0"
"2022";"Dengue";"LITORAL LESTE/JAGUARIBE";"07ª REGIÃO ARACATI";"FORTIM";"2022-04-02";"13";"0";"1";"0";"0";"1";"0"
"2022";"Dengue";"LITORAL LESTE/JAGUARIBE";"09ª REGIÃO RUSSAS";"RUSSAS";"2022-06-18";"24";"0";"50";"0";"0";"0";"22"
"2022";"Dengue";"CARIRI";"19ª REGIÃO BREJO SANTO";"PORTEIRAS";"2022-11-12";"45";"0";"0";"0";"0";"0";"0"
"2022";"Dengue";"SOBRAL";"11ª REGIÃO SOBRAL";"COREAU";"2022-07-23";"29";"0";"4";"0";"0";"2";"1"
"2022";"Dengue";"SOBRAL";"11ª REGIÃO SOBRAL";"CARIRE";"2022-05-21";"20";"0";"3";"0";"0";"0";"3"
"2022";"Dengue";"SERTÃO CENTRAL";"14ª REGIÃO TAUÁ";"TAUA";"2022-08-06";"31";"0";"65";"0";"0";"25";"5"
"2022";"Dengue";"SERTÃO CENTRAL";"05ª REGIÃO DE CANINDÉ";"CANINDE";"2022-10-08";"40";"0";"0";"0";"0";"0";"0"
"2022";"Dengue";"SERTÃO CENTRAL";"05ª REGIÃO DE CANINDÉ";"PARAMOTI";"2022-04-30";"17";"0";"1";"0";"0";"0";"1"
"2022";"Dengue";"SOBRAL";"11ª REGIÃO SOBRAL";"FRECHEIRINHA";"2022-12-03";"48";"0";"0";"0";"0";"0";"0"
"2022";"Dengue";"SERTÃO CENTRAL";"08ª REGIÃO QUIXADÁ";"PEDRA BRANCA";"2022-04-02";"13";"0";"22";"0";"0";"0";"18"
"2022";"Dengue";"FORTALEZA";"02ª REGIÃO CAUCAIA";"PARAIPABA";"2022-04-02";"13";"0";"0";"0";"0";"0";"0"
"2022";"Dengue";"CARIRI";"17ª REGIÃO ICÓ";"BAIXIO";"2022-07-23";"29";"0";"0";"0";"0";"0";"0"
"2022";"Dengue";"SERTÃO CENTRAL";"14ª REGIÃO TAUÁ";"AIUABA";"2022-07-16";"28";"0";"11";"0";"0";"3";"3"
"2022";"Dengue";"LITORAL LESTE/JAGUARIBE";"10ª REGIÃO LIMOEIRO DO NORTE";"QUIXERE";"2022-01-22";"3";"0";"6";"0";"0";"0";"0"
"2022";"Dengue";"SOBRAL";"11ª REGIÃO SOBRAL";"MERUOCA";"2022-12-24";"51";"0";"1";"0";"0";"0";"0"
"2022";"Dengue";"SOBRAL";"11ª REGIÃO SOBRAL";"PACUJA";"2022-07-02";"26";"0";"1";"0";"0";"0";"0"
"2022";"Dengue";"CARIRI";"17ª REGIÃO ICÓ";"ICO";"2022-09-10";"36";"0";"28";"0";"0";"1";"15"
"2022";"Dengue";"SERTÃO CENTRAL";"05ª REGIÃO DE CANINDÉ";"MADALENA";"2022-03-12";"10";"0";"0";"0";"0";"0";"0"
"2022";"Dengue";"SOBRAL";"11ª REGIÃO SOBRAL";"SANTANA DO ACARAU";"2022-03-19";"11";"0";"5";"0";"0";"2";"0"
"2022";"Dengue";"SOBRAL";"13ª REGIÃO TIANGUÁ";"SAO BENEDITO";"2022-11-19";"46";"0";"0";"0";"0";"0";"0"
"2022";"Dengue";"FORTALEZA";"06ª REGIÃO DE ITAPIPOCA";"URUBURETAMA";"2022-06-25";"25";"0";"0";"0";"0";"0";"0"
"2022";"Dengue";"CARIRI";"18ª REGIÃO IGUATU";"MOMBACA";"2022-12-31";"52";"0";"0";"0";"0";"0";"0"
"2022";"Dengue";"LITORAL LESTE/JAGUARIBE";"10ª REGIÃO LIMOEIRO DO NORTE";"POTIRETAMA";"2022-08-20";"33";"0";"0";"0";"0";"0";"0"
"2022";"Dengue";"CARIRI";"20ª REGIÃO CRATO";"ASSARE";"2022-01-29";"4";"0";"0";"0";"0";"0";"0"
"2022";"Dengue";"LITORAL LESTE/JAGUARIBE";"07ª REGIÃO ARACATI";"ICAPUI";"2022-03-26";"12";"0";"8";"0";"0";"1";"1"
"2022";"Dengue";"SOBRAL";"13ª REGIÃO TIANGUÁ";"GUARACIABA DO NORTE";"2022-11-19";"46";"0";"0";"0";"0";"0";"0"
"2022";"Dengue";"LITORAL LESTE/JAGUARIBE";"07ª REGIÃO ARACATI";"ARACATI";"2022-04-30";"17";"0";"16";"0";"0";"0";"10"
"2022";"Dengue";"SOBRAL";"15ª REGIÃO CRATEÚS";"NOVA RUSSAS";"2022-04-02";"13";"0";"1";"0";"0";"1";"0"
"2022";"Dengue";"SERTÃO CENTRAL";"14ª REGIÃO TAUÁ";"PARAMBU";"2022-02-19";"7";"0";"0";"0";"0";"0";"0"
"2022";"Dengue";"SERTÃO CENTRAL";"08ª REGIÃO QUIXADÁ";"SOLONOPOLE";"2022-12-31";"52";"0";"0";"0";"0";"0";"0"
"2022";"Dengue";"FORTALEZA";"22ª REGIÃO CASCAVEL";"CASCAVEL";"2022-12-10";"49";"0";"0";"0";"0";"0";"0"
"2022";"Dengue";"SOBRAL";"13ª REGIÃO TIANGUÁ";"GUARACIABA DO NORTE";"2022-09-10";"36";"0";"0";"0";"0";"0";"0"
"2022";"Dengue";"SOBRAL";"16ª REGIÃO CAMOCIM";"MARTINOPOLE";"2022-03-05";"9";"0";"0";"0";"0";"0";"0"
"2022";"Dengue";"SOBRAL";"15ª REGIÃO CRATEÚS";"CRATEUS";"2022-12-24";"51";"0";"0";"0";"0";"0";"0"
"2022";"Dengue";"SOBRAL";"12ª REGIÃO ACARAÚ";"MORRINHOS";"2022-04-09";"14";"0";"0";"0";"0";"0";"0"
"2022";"Dengue";"LITORAL LESTE/JAGUARIBE";"10ª REGIÃO LIMOEIRO DO NORTE";"POTIRETAMA";"2022-08-13";"32";"0";"0";"0";"0";"0";"0"
"2022";"Dengue";"SOBRAL";"16ª REGIÃO CAMOCIM";"CHAVAL";"2022-03-26";"12";"0";"0";"0";"0";"0";"0"
"2022";"Dengue";"LITORAL LESTE/JAGUARIBE";"09ª REGIÃO RUSSAS";"JAGUARETAMA";"2022-03-05";"9";"0";"0";"0";"0";"0";"0"
"2022";"Dengue";"CARIRI";"17ª REGIÃO ICÓ";"UMARI";"2022-07-30";"30";"0";"0";"0";"0";"0";"0"
"2022";"Dengue";"FORTALEZA";"22ª REGIÃO CASCAVEL";"BEBERIBE";"2022-07-30";"30";"0";"9";"0";"0";"8";"0"
"2022";"Dengue";"CARIRI";"21ª REGIÃO JUAZEIRO DO NORTE";"BARBALHA";"2022-10-22";"42";"0";"2";"0";"0";"0";"0"
"2022";"Dengue";"SOBRAL";"11ª REGIÃO SOBRAL";"MUCAMBO";"2022-10-29";"43";"0";"0";"0";"0";"0";"0"
"2022";"Dengue";"SOBRAL";"15ª REGIÃO CRATEÚS";"PORANGA";"2022-10-15";"41";"0";"0";"0";"0";"0";"0"
"2022";"Dengue";"CARIRI";"20ª REGIÃO CRATO";"CRATO";"2022-05-14";"19";"0";"67";"0";"0";"4";"63"
"2022";"Dengue";"LITORAL LESTE/JAGUARIBE";"09ª REGIÃO RUSSAS";"PALHANO";"2022-10-15";"41";"0";"0";"0";"0";"0";"0"
"2022";"Dengue";"SOBRAL";"15ª REGIÃO CRATEÚS";"TAMBORIL";"2022-01-15";"2";"0";"1";"0";"0";"0";"0"
"2022";"Dengue";"SERTÃO CENTRAL";"05ª REGIÃO DE CANINDÉ";"MADALENA";"2022-04-09";"14";"0";"3";"0";"0";"0";"2"
"2022";"Dengue";"SOBRAL";"11ª REGIÃO SOBRAL";"HIDROLANDIA";"2022-10-15";"41";"0";"0";"0";"0";"0";"0"
"2022";"Dengue";"CARIRI";"21ª REGIÃO JUAZEIRO DO NORTE";"BARBALHA";"2022-05-07";"18";"0";"11";"0";"0";"0";"0"
"2022";"Dengue";"FORTALEZA";"04ª REGIÃO BATURITÉ";"PACOTI";"2022-08-06";"31";"0";"0";"0";"0";"0";"0"
"2022";"Dengue";"FORTALEZA";"03ª REGIÃO MARACANAÚ";"PACATUBA";"2022-10-15";"41";"0";"3";"0";"0";"1";"0"
"2022";"Dengue";"SOBRAL";"12ª REGIÃO ACARAÚ";"JIJOCA DE JERICOACOARA";"2022-06-04";"22";"0";"9";"0";"0";"0";"0"
"2022";"Dengue";"SOBRAL";"11ª REGIÃO SOBRAL";"FRECHEIRINHA";"2022-09-24";"38";"0";"0";"0";"0";"0";"0"
"2022";"Dengue";"CARIRI";"18ª REGIÃO IGUATU";"QUIXELO";"2022-08-27";"34";"0";"1";"0";"0";"0";"0"
"2022";"Dengue";"FORTALEZA";"04ª REGIÃO BATURITÉ";"ITAPIUNA";"2022-01-15";"2";"0";"1";"0";"0";"0";"0"
"2022";"Dengue";"CARIRI";"20ª REGIÃO CRATO";"ASSARE";"2022-11-12";"45";"0";"0";"0";"0";"0";"0"
"2022";"Dengue";"CARIRI";"20ª REGIÃO CRATO";"SANTANA DO CARIRI";"2022-04-23";"16";"0";"53";"0";"0";"4";"14"
"2022";"Dengue";"LITORAL LESTE/JAGUARIBE";"10ª REGIÃO LIMOEIRO DO NORTE";"LIMOEIRO DO NORTE";"2022-03-12";"10";"0";"0";"0";"0";"0";"0"
"2022";"Dengue";"SERTÃO CENTRAL";"08ª REGIÃO QUIXADÁ";"PEDRA BRANCA";"2022-01-29";"4";"0";"10";"0";"0";"0";"7"
"2022";"Dengue";"CARIRI";"17ª REGIÃO ICÓ";"OROS";"2022-08-06";"31";"0";"20";"0";"0";"0";"8"
"2022";"Dengue";"CARIRI";"20ª REGIÃO CRATO";"NOVA OLINDA";"2022-10-08";"40";"0";"0";"0";"0";"0";"0"
"2022";"Dengue";"SOBRAL";"16ª REGIÃO CAMOCIM";"GRANJA";"2022-05-28";"21";"0";"9";"0";"0";"3";"0"
"2022";"Dengue";"LITORAL LESTE/JAGUARIBE";"09ª REGIÃO RUSSAS";"MORADA NOVA";"2022-12-03";"48";"0";"6";"0";"0";"1";"1"
"2022";"Dengue";"CARIRI";"18ª REGIÃO IGUATU";"ACOPIARA";"2022-11-12";"45";"0";"3";"0";"0";"0";"0"
"2022";"Dengue";"SOBRAL";"12ª REGIÃO ACARAÚ";"MARCO";"2022-02-26";"8";"0";"3";"0";"0";"0";"0"
"2022";"Dengue";"LITORAL LESTE/JAGUARIBE";"10ª REGIÃO LIMOEIRO DO NORTE";"SAO JOAO DO JAGUARIBE";"2022-04-02";"13";"0";"0";"0";"0";"0";"0"
"2022";"Dengue";"CARIRI";"18ª REGIÃO IGUATU";"MOMBACA";"2022-03-05";"9";"0";"1";"0";"0";"0";"0"
"2022";"Dengue";"SERTÃO CENTRAL";"05ª REGIÃO DE CANINDÉ";"PARAMOTI";"2022-06-25";"25";"0";"7";"0";"0";"1";"1"
"2022";"Dengue";"SOBRAL";"12ª REGIÃO ACARAÚ";"ITAREMA";"2022-09-17";"37";"0";"0";"0";"0";"0";"0"
"2022";"Dengue";"FORTALEZA";"03ª REGIÃO MARACANAÚ";"PALMACIA";"2022-11-12";"45";"0";"0";"0";"0";"0";"0"
"2022";"Dengue";"LITORAL LESTE/JAGUARIBE";"10ª REGIÃO LIMOEIRO DO NORTE";"SAO JOAO DO JAGUARIBE";"2022-01-22";"3";"0";"0";"0";"0";"0";"0"
"2022";"Dengue";"SOBRAL";"11ª REGIÃO SOBRAL";"MASSAPE";"2022-08-20";"33";"0";"5";"0";"0";"0";"0"
"2022";"Dengue";"FORTALEZA";"06ª REGIÃO DE ITAPIPOCA";"MIRAIMA";"2022-11-12";"45";"0";"0";"0";"0";"0";"0"
"2022";"Dengue";"FORTALEZA";"22ª REGIÃO CASCAVEL";"CASCAVEL";"2022-12-03";"48";"0";"0";"0";"0";"0";"0"
"2022";"Dengue";"SOBRAL";"11ª REGIÃO SOBRAL";"CARIRE";"2022-04-09";"14";"0";"1";"0";"0";"0";"0"
"2022";"Dengue";"LITORAL LESTE/JAGUARIBE";"09ª REGIÃO RUSSAS";"JAGUARUANA";"2022-03-12";"10";"0";"1";"0";"0";"0";"0"
"2022";"Dengue";"SOBRAL";"11ª REGIÃO SOBRAL";"MASSAPE";"2022-02-05";"5";"0";"0";"0";"0";"0";"0"
"2022";"Dengue";"SERTÃO CENTRAL";"08ª REGIÃO QUIXADÁ";"IBICUITINGA";"2022-10-08";"40";"0";"0";"0";"0";"0";"0"
"2022";"Dengue";"CARIRI";"20ª REGIÃO CRATO";"ANTONINA DO NORTE";"2022-08-27";"34";"0";"1";"0";"0";"0";"0"
"2022";"Dengue";"SERTÃO CENTRAL";"08ª REGIÃO QUIXADÁ";"SOLONOPOLE";"2022-07-02";"26";"0";"2";"0";"0";"0";"0"
"2022";"Dengue";"FORTALEZA";"01ª REGIÃO FORTALEZA";"EUSEBIO";"2022-02-26";"8";"0";"3";"0";"0";"0";"0"
"2022";"Dengue";"CARIRI";"19ª REGIÃO BREJO SANTO";"MAURITI";"2022-04-30";"17";"0";"78";"0";"0";"20";"54"
"2022";"Dengue";"SOBRAL";"16ª REGIÃO CAMOCIM";"BARROQUINHA";"2022-01-29";"4";"0";"0";"0";"0";"0";"0"
"2022";"Dengue";"SOBRAL";"12ª REGIÃO ACARAÚ";"JIJOCA DE JERICOACOARA";"2022-04-30";"17";"0";"20";"0";"0";"1";"0"
"2022";"Dengue";"LITORAL LESTE/JAGUARIBE";"09ª REGIÃO RUSSAS";"RUSSAS";"2022-12-10";"49";"0";"2";"0";"0";"0";"0"
"2022";"Dengue";"SOBRAL";"11ª REGIÃO SOBRAL";"MORAUJO";"2022-07-30";"30";"0";"0";"0";"0";"0";"0"
"2022";"Dengue";"FORTALEZA";"04ª REGIÃO BATURITÉ";"CAPISTRANO";"2022-08-13";"32";"0";"0";"0";"0";"0";"0"
"2022";"Dengue";"SOBRAL";"13ª REGIÃO TIANGUÁ";"GUARACIABA DO NORTE";"2022-08-20";"33";"0";"2";"0";"0";"2";"0"
"2022";"Dengue";"SERTÃO CENTRAL";"14ª REGIÃO TAUÁ";"ARNEIROZ";"2022-03-05";"9";"0";"0";"0";"0";"0";"0"
"2022";"Dengue";"SERTÃO CENTRAL";"05ª REGIÃO DE CANINDÉ";"BOA VIAGEM";"2022-04-02";"13";"0";"28";"0";"0";"2";"12"
"2022";"Dengue";"SERTÃO CENTRAL";"05ª REGIÃO DE CANINDÉ";"CANINDE";"2022-10-01";"39";"0";"2";"0";"0";"0";"0"
"2022";"Dengue";"FORTALEZA";"04ª REGIÃO BATURITÉ";"ARACOIABA";"2022-11-26";"47";"0";"0";"0";"0";"0";"0"
"2022";"Dengue";"SOBRAL";"11ª REGIÃO SOBRAL";"MASSAPE";"2022-02-26";"8";"0";"0";"0";"0";"0";"0"
"2022";"Dengue";"SOBRAL";"12ª REGIÃO ACARAÚ";"BELA CRUZ";"2022-03-05";"9";"0";"0";"0";"0";"0";"0"
"2022";"Dengue";"SOBRAL";"15ª REGIÃO CRATEÚS";"INDEPENDENCIA";"2022-07-09";"27";"0";"4";"0";"0";"1";"0"
"2022";"Dengue";"SOBRAL";"11ª REGIÃO SOBRAL";"SANTA QUITERIA";"2022-02-12";"6";"0";"0";"0";"0";"0";"0"
"2022";"Dengue";"FORTALEZA";"22ª REGIÃO CASCAVEL";"OCARA";"2022-01-29";"4";"0";"2";"0";"0";"0";"0"
"2022";"Dengue";"CARIRI";"20ª REGIÃO CRATO";"CAMPOS SALES";"2022-02-19";"7";"0";"2";"0";"0";"1";"0"
"2022";"Dengue";"FORTALEZA";"03ª REGIÃO MARACANAÚ";"PACATUBA";"2022-03-05";"9";"0";"2";"0";"0";"2";"0"
"2022";"Dengue";"SOBRAL";"11ª REGIÃO SOBRAL";"RERIUTABA";"2022-08-20";"33";"0";"0";"0";"0";"0";"0"
"2022";"Dengue";"SOBRAL";"13ª REGIÃO TIANGUÁ";"VICOSA DO CEARA";"2022-08-06";"31";"0";"5";"0";"0";"1";"0"
"2022";"Dengue";"SOBRAL";"11ª REGIÃO SOBRAL";"MORAUJO";"2022-02-05";"5";"0";"1";"0";"0";"0";"0"
"2022";"Dengue";"SERTÃO CENTRAL";"05ª REGIÃO DE CANINDÉ";"BOA VIAGEM";"2022-01-08";"1";"0";"0";"0";"0";"0";"0"
"2022";"Dengue";"FORTALEZA";"03ª REGIÃO MARACANAÚ";"REDENCAO";"2022-07-30";"30";"0";"0";"0";"0";"0";"0"
"2022";"Dengue";"LITORAL LESTE/JAGUARIBE";"10ª REGIÃO LIMOEIRO DO NORTE";"TABULEIRO DO NORTE";"2022-06-18";"24";"0";"7";"0";"0";"4";"0"
"2022";"Dengue";"SERTÃO CENTRAL";"05ª REGIÃO DE CANINDÉ";"MADALENA";"2022-03-19";"11";"0";"1";"0";"0";"0";"0"
"2022";"Dengue";"SOBRAL";"16ª REGIÃO CAMOCIM";"CAMOCIM";"2022-08-20";"33";"0";"4";"0";"0";"1";"0"
"2022";"Dengue";"LITORAL LESTE/JAGUARIBE";"10ª REGIÃO LIMOEIRO DO NORTE";"JAGUARIBE";"2022-05-28";"21";"0";"52";"0";"0";"11";"0"
"2022";"Dengue";"CARIRI";"18ª REGIÃO IGUATU";"MOMBACA";"2022-04-23";"16";"0";"8";"0";"0";"0";"5"
"2022";"Dengue";"LITORAL LESTE/JAGUARIBE";"10ª REGIÃO LIMOEIRO DO NORTE";"JAGUARIBARA";"2022-11-12";"45";"0";"6";"0";"0";"0";"0"
"2022";"Dengue";"CARIRI";"18ª REGIÃO IGUATU";"IGUATU";"2022-04-02";"13";"0";"9";"0";"0";"2";"3"
"2022";"Dengue";"SOBRAL";"15ª REGIÃO CRATEÚS";"IPUEIRAS";"2022-10-01";"39";"0";"0";"0";"0";"0";"0"
"2022";"Dengue";"FORTALEZA";"02ª REGIÃO CAUCAIA";"APUIARES";"2022-06-18";"24";"0";"8";"0";"0";"0";"0"
"2022";"Dengue";"FORTALEZA";"06ª REGIÃO DE ITAPIPOCA";"TURURU";"2022-04-09";"14";"0";"26";"0";"0";"12";"2"
"2022";"Dengue";"CARIRI";"20ª REGIÃO CRATO";"POTENGI";"2022-06-25";"25";"0";"0";"0";"0";"0";"0"
"2022";"Dengue";"SOBRAL";"12ª REGIÃO ACARAÚ";"BELA CRUZ";"2022-10-15";"41";"0";"17";"0";"0";"6";"5"
"2022";"Dengue";"CARIRI";"17ª REGIÃO ICÓ";"OROS";"2022-03-12";"10";"0";"1";"0";"0";"0";"0"
"2022";"Dengue";"SOBRAL";"16ª REGIÃO CAMOCIM";"BARROQUINHA";"2022-11-05";"44";"0";"0";"0";"0";"0";"0"
"2022";"Dengue";"SOBRAL";"11ª REGIÃO SOBRAL";"IPU";"2022-01-29";"4";"0";"2";"0";"0";"0";"0"
"2022";"Dengue";"FORTALEZA";"03ª REGIÃO MARACANAÚ";"MARACANAU";"2022-05-28";"21";"0";"136";"0";"0";"7";"90"
"2022";"Dengue";"LITORAL LESTE/JAGUARIBE";"10ª REGIÃO LIMOEIRO DO NORTE";"JAGUARIBE";"2022-11-05";"44";"0";"6";"0";"0";"0";"0"
"2022";"Dengue";"SERTÃO CENTRAL";"14ª REGIÃO TAUÁ";"ARNEIROZ";"2022-10-08";"40";"0";"0";"0";"0";"0";"0"
"2022";"Dengue";"SERTÃO CENTRAL";"05ª REGIÃO DE CANINDÉ";"CARIDADE";"2022-07-23";"29";"0";"4";"0";"0";"0";"0"
"2022";"Dengue";"CARIRI";"20ª REGIÃO CRATO";"FARIAS BRITO";"2022-01-22";"3";"0";"1";"0";"0";"0";"0"
"2022";"Dengue";"FORTALEZA";"22ª REGIÃO CASCAVEL";"PACAJUS";"2022-04-16";"15";"0";"1";"0";"0";"0";"0"
"2022";"Dengue";"SOBRAL";"11ª REGIÃO SOBRAL";"CATUNDA";"2022-12-17";"50";"0";"0";"0";"0";"0";"0"
"2022";"Dengue";"CARIRI";"19ª REGIÃO BREJO SANTO";"BREJO SANTO";"2022-04-23";"16";"0";"137";"0";"0";"7";"29"
"2022";"Dengue";"FORTALEZA";"22ª REGIÃO CASCAVEL";"PACAJUS";"2022-07-16";"28";"0";"1";"0";"0";"0";"0"
"2022";"Dengue";"SERTÃO CENTRAL";"05ª REGIÃO DE CANINDÉ";"MADALENA";"2022-10-01";"39";"0";"0";"0";"0";"0";"0"
"2022";"Dengue";"CARIRI";"17ª REGIÃO ICÓ";"IPAUMIRIM";"2022-10-08";"40";"0";"0";"0";"0";"0";"0"
"2022";"Dengue";"SOBRAL";"11ª REGIÃO SOBRAL";"IRAUCUBA";"2022-04-09";"14";"0";"3";"0";"0";"0";"0"
"2022";"Dengue";"LITORAL LESTE/JAGUARIBE";"09ª REGIÃO RUSSAS";"JAGUARUANA";"2022-12-31";"52";"0";"0";"0";"0";"0";"0"
"2022";"Dengue";"FORTALEZA";"04ª REGIÃO BATURITÉ";"CAPISTRANO";"2022-11-19";"46";"0";"0";"0";"0";"0";"0"
"2022";"Dengue";"FORTALEZA";"22ª REGIÃO CASCAVEL";"BEBERIBE";"2022-08-27";"34";"0";"2";"0";"0";"0";"2"
"2022";"Dengue";"SOBRAL";"15ª REGIÃO CRATEÚS";"IPAPORANGA";"2022-01-22";"3";"0";"0";"0";"0";"0";"0"
"2022";"Dengue";"SOBRAL";"13ª REGIÃO TIANGUÁ";"CROATA";"2022-04-16";"15";"0";"33";"0";"0";"14";"18"
"2022";"Dengue";"CARIRI";"20ª REGIÃO CRATO";"CAMPOS SALES";"2022-01-29";"4";"0";"4";"0";"0";"2";"0"
"2022";"Dengue";"CARIRI";"18ª REGIÃO IGUATU";"DEPUTADO IRAPUAN PINHEIRO";"2022-01-29";"4";"0";"0";"0";"0";"0";"0"
"2022";"Dengue";"SOBRAL";"11ª REGIÃO SOBRAL";"RERIUTABA";"2022-10-22";"42";"0";"0";"0";"0";"0";"0"
"2022";"Dengue";"CARIRI";"17ª REGIÃO ICÓ";"OROS";"2022-03-26";"12";"0";"1";"0";"0";"0";"0"
"2022";"Dengue";"LITORAL LESTE/JAGUARIBE";"10ª REGIÃO LIMOEIRO DO NORTE";"IRACEMA";"2022-03-19";"11";"0";"2";"0";"0";"0";"0"
"2022";"Dengue";"CARIRI";"20ª REGIÃO CRATO";"SANTANA DO CARIRI";"2022-01-29";"4";"0";"1";"0";"0";"0";"0"
"2022";"Dengue";"FORTALEZA";"22ª REGIÃO CASCAVEL";"OCARA";"2022-02-12";"6";"0";"1";"0";"0";"0";"0"
"2022";"Dengue";"CARIRI";"20ª REGIÃO CRATO";"NOVA OLINDA";"2022-10-29";"43";"0";"0";"0";"0";"0";"0"
"2022";"Dengue";"LITORAL LESTE/JAGUARIBE";"10ª REGIÃO LIMOEIRO DO NORTE";"JAGUARIBARA";"2022-05-21";"20";"0";"12";"0";"0";"2";"0"
"2022";"Dengue";"SOBRAL";"15ª REGIÃO CRATEÚS";"IPAPORANGA";"2022-12-17";"50";"0";"0";"0";"0";"0";"0"
"2022";"Dengue";"CARIRI";"20ª REGIÃO CRATO";"CRATO";"2022-01-29";"4";"0";"12";"0";"0";"0";"5"
"2022";"Dengue";"FORTALEZA";"06ª REGIÃO DE ITAPIPOCA";"UMIRIM";"2022-04-16";"15";"0";"0";"0";"0";"0";"0"
"2022";"Dengue";"FORTALEZA";"22ª REGIÃO CASCAVEL";"CASCAVEL";"2022-10-01";"39";"0";"0";"0";"0";"0";"0"
"2022";"Dengue";"FORTALEZA";"02ª REGIÃO CAUCAIA";"CAUCAIA";"2022-10-08";"40";"0";"14";"0";"0";"2";"11"
"2022";"Dengue";"FORTALEZA";"06ª REGIÃO DE ITAPIPOCA";"TURURU";"2022-09-10";"36";"0";"0";"0";"0";"0";"0"
"2022";"Dengue";"SOBRAL";"13ª REGIÃO TIANGUÁ";"UBAJARA";"2022-03-26";"12";"0";"0";"0";"0";"0";"0"
"2022";"Dengue";"LITORAL LESTE/JAGUARIBE";"07ª REGIÃO ARACATI";"ICAPUI";"2022-05-14";"19";"0";"161";"0";"0";"4";"51"
"2022";"Dengue";"SOBRAL";"15ª REGIÃO CRATEÚS";"MONSENHOR TABOSA";"2022-05-14";"19";"0";"30";"0";"0";"11";"6"
"2022";"Dengue";"SERTÃO CENTRAL";"08ª REGIÃO QUIXADÁ";"PEDRA BRANCA";"2022-09-03";"35";"0";"2";"0";"0";"0";"2"
"2022";"Dengue";"FORTALEZA";"04ª REGIÃO BATURITÉ";"ARATUBA";"2022-03-05";"9";"0";"23";"0";"0";"5";"17"
"2022";"Dengue";"FORTALEZA";"22ª REGIÃO CASCAVEL";"PACAJUS";"2022-08-06";"31";"0";"0";"0";"0";"0";"0"
"2022";"Dengue";"SOBRAL";"15ª REGIÃO CRATEÚS";"IPAPORANGA";"2022-07-09";"27";"0";"1";"0";"0";"0";"0"
"2022";"Dengue";"CARIRI";"20ª REGIÃO CRATO";"POTENGI";"2022-07-09";"27";"0";"0";"0";"0";"0";"0"
"2022";"Dengue";"LITORAL LESTE/JAGUARIBE";"09ª REGIÃO RUSSAS";"PALHANO";"2022-04-16";"15";"0";"6";"0";"0";"0";"0"
"2022";"Dengue";"SOBRAL";"13ª REGIÃO TIANGUÁ";"CROATA";"2022-05-07";"18";"0";"60";"0";"0";"27";"24"
"2022";"Dengue";"CARIRI";"19ª REGIÃO BREJO SANTO";"AURORA";"2022-05-14";"19";"0";"1";"0";"0";"0";"0"
"2022";"Dengue";"LITORAL LESTE/JAGUARIBE";"10ª REGIÃO LIMOEIRO DO NORTE";"JAGUARIBARA";"2022-12-10";"49";"0";"1";"0";"0";"0";"0"
"2022";"Dengue";"LITORAL LESTE/JAGUARIBE";"10ª REGIÃO LIMOEIRO DO NORTE";"IRACEMA";"2022-02-05";"5";"0";"0";"0";"0";"0";"0"
"2022";"Dengue";"LITORAL LESTE/JAGUARIBE";"10ª REGIÃO LIMOEIRO DO NORTE";"TABULEIRO DO NORTE";"2022-05-28";"21";"0";"1";"0";"0";"1";"0"
"2022";"Dengue";"LITORAL LESTE/JAGUARIBE";"10ª REGIÃO LIMOEIRO DO NORTE";"QUIXERE";"2022-01-08";"1";"0";"3";"0";"0";"0";"0"
"2022";"Dengue";"CARIRI";"21ª REGIÃO JUAZEIRO DO NORTE";"GRANJEIRO";"2022-01-29";"4";"0";"0";"0";"0";"0";"0"
"2022";"Dengue";"LITORAL LESTE/JAGUARIBE";"10ª REGIÃO LIMOEIRO DO NORTE";"IRACEMA";"2022-07-30";"30";"0";"7";"0";"0";"0";"0"
"2022";"Dengue";"FORTALEZA";"22ª REGIÃO CASCAVEL";"HORIZONTE";"2022-11-26";"47";"0";"0";"0";"0";"0";"0"
"2022";"Dengue";"SERTÃO CENTRAL";"08ª REGIÃO QUIXADÁ";"IBICUITINGA";"2022-06-11";"23";"0";"25";"0";"0";"13";"0"
"2022";"Dengue";"SOBRAL";"11ª REGIÃO SOBRAL";"COREAU";"2022-11-19";"46";"0";"0";"0";"0";"0";"0"
"2022";"Dengue";"SOBRAL";"15ª REGIÃO CRATEÚS";"QUITERIANOPOLIS";"2022-09-03";"35";"0";"0";"0";"0";"0";"0"
"2022";"Dengue";"CARIRI";"21ª REGIÃO JUAZEIRO DO NORTE";"BARBALHA";"2022-10-01";"39";"0";"1";"0";"0";"0";"0"
"2022";"Dengue";"SOBRAL";"15ª REGIÃO CRATEÚS";"NOVA RUSSAS";"2022-07-09";"27";"0";"4";"0";"0";"1";"0"
"2022";"Dengue";"CARIRI";"19ª REGIÃO BREJO SANTO";"MAURITI";"2022-12-31";"52";"0";"0";"0";"0";"0";"0"
"2022";"Dengue";"CARIRI";"17ª REGIÃO ICÓ";"IPAUMIRIM";"2022-10-15";"41";"0";"0";"0";"0";"0";"0"
"2022";"Dengue";"CARIRI";"21ª REGIÃO JUAZEIRO DO NORTE";"CARIRIACU";"2022-04-30";"17";"0";"0";"0";"0";"0";"0"
"2022";"Dengue";"FORTALEZA";"06ª REGIÃO DE ITAPIPOCA";"ITAPIPOCA";"2022-03-05";"9";"0";"13";"0";"0";"8";"0"
"2022";"Dengue";"SERTÃO CENTRAL";"08ª REGIÃO QUIXADÁ";"QUIXERAMOBIM";"2022-06-18";"24";"0";"41";"0";"0";"0";"9"
"2022";"Dengue";"SOBRAL";"11ª REGIÃO SOBRAL";"MUCAMBO";"2022-03-12";"10";"0";"0";"0";"0";"0";"0"
"2022";"Dengue";"CARIRI";"18ª REGIÃO IGUATU";"CATARINA";"2022-06-18";"24";"0";"2";"0";"0";"1";"0"
"2022";"Dengue";"SOBRAL";"16ª REGIÃO CAMOCIM";"CHAVAL";"2022-01-15";"2";"0";"0";"0";"0";"0";"0"
"2022";"Dengue";"FORTALEZA";"01ª REGIÃO FORTALEZA";"FORTALEZA";"2022-10-29";"43";"0";"175";"0";"0";"18";"57"
"2022";"Dengue";"SOBRAL";"11ª REGIÃO SOBRAL";"GROAIRAS";"2022-10-29";"43";"0";"1";"0";"0";"1";"0"
"2022";"Dengue";"FORTALEZA";"03ª REGIÃO MARACANAÚ";"PALMACIA";"2022-10-01";"39";"0";"1";"0";"0";"0";"0"
"2022";"Dengue";"CARIRI";"20ª REGIÃO CRATO";"VARZEA ALEGRE";"2022-08-13";"32";"0";"1";"0";"0";"0";"0"
"2022";"Dengue";"CARIRI";"20ª REGIÃO CRATO";"SANTANA DO CARIRI";"2022-02-26";"8";"0";"10";"0";"0";"2";"1"
"2022";"Dengue";"CARIRI";"21ª REGIÃO JUAZEIRO DO NORTE";"JUAZEIRO DO NORTE";"2022-04-02";"13";"0";"283";"0";"0";"4";"1"
"2022";"Dengue";"CARIRI";"18ª REGIÃO IGUATU";"DEPUTADO IRAPUAN PINHEIRO";"2022-12-24";"51";"0";"0";"0";"0";"0";"0"
"2022";"Dengue";"SOBRAL";"12ª REGIÃO ACARAÚ";"BELA CRUZ";"2022-09-10";"36";"0";"26";"0";"0";"10";"10"
"2022";"Dengue";"FORTALEZA";"03ª REGIÃO MARACANAÚ";"ACARAPE";"2022-07-16";"28";"0";"1";"0";"0";"0";"0"
"2022";"Dengue";"SOBRAL";"11ª REGIÃO SOBRAL";"SANTA QUITERIA";"2022-02-26";"8";"0";"0";"0";"0";"0";"0"
"2022";"Dengue";"CARIRI";"20ª REGIÃO CRATO";"CAMPOS SALES";"2022-08-13";"32";"0";"1";"0";"0";"1";"0"
"2022";"Dengue";"FORTALEZA";"04ª REGIÃO BATURITÉ";"ITAPIUNA";"2022-03-26";"12";"0";"1";"0";"0";"0";"0"
"2022";"Dengue";"SERTÃO CENTRAL";"14ª REGIÃO TAUÁ";"PARAMBU";"2022-02-05";"5";"0";"1";"0";"0";"0";"0"
"2022";"Dengue";"CARIRI";"19ª REGIÃO BREJO SANTO";"ABAIARA";"2022-10-22";"42";"0";"0";"0";"0";"0";"0"
"2022";"Dengue";"SOBRAL";"12ª REGIÃO ACARAÚ";"MARCO";"2022-04-02";"13";"0";"1";"0";"0";"0";"0"
"2022";"Dengue";"SOBRAL";"11ª REGIÃO SOBRAL";"SANTANA DO ACARAU";"2022-12-17";"50";"0";"0";"0";"0";"0";"0"
"2022";"Dengue";"FORTALEZA";"03ª REGIÃO MARACANAÚ";"MARACANAU";"2022-10-22";"42";"0";"1";"0";"0";"0";"0"
"2022";"Dengue";"SERTÃO CENTRAL";"14ª REGIÃO TAUÁ";"ARNEIROZ";"2022-09-17";"37";"0";"0";"0";"0";"0";"0"
"2022";"Dengue";"FORTALEZA";"03ª REGIÃO MARACANAÚ";"REDENCAO";"2022-10-08";"40";"0";"0";"0";"0";"0";"0"
"2022";"Dengue";"CARIRI";"17ª REGIÃO ICÓ";"LAVRAS DA MANGABEIRA";"2022-04-09";"14";"0";"3";"0";"0";"0";"0"
"2022";"Dengue";"SOBRAL";"13ª REGIÃO TIANGUÁ";"IBIAPINA";"2022-05-28";"21";"0";"1";"0";"0";"0";"1"
"2022";"Dengue";"SERTÃO CENTRAL";"08ª REGIÃO QUIXADÁ";"CHORO";"2022-03-12";"10";"0";"2";"0";"0";"0";"0"
"2022";"Dengue";"CARIRI";"20ª REGIÃO CRATO";"TARRAFAS";"2022-04-23";"16";"0";"0";"0";"0";"0";"0"
"2022";"Dengue";"CARIRI";"19ª REGIÃO BREJO SANTO";"JATI";"2022-11-19";"46";"0";"1";"0";"0";"0";"0"
"2022";"Dengue";"CARIRI";"20ª REGIÃO CRATO";"ASSARE";"2022-04-23";"16";"0";"11";"0";"0";"0";"0"
"2022";"Dengue";"CARIRI";"18ª REGIÃO IGUATU";"CATARINA";"2022-07-09";"27";"0";"1";"0";"0";"0";"0"
"2022";"Dengue";"CARIRI";"19ª REGIÃO BREJO SANTO";"AURORA";"2022-03-19";"11";"0";"0";"0";"0";"0";"0"
"2022";"Dengue";"CARIRI";"19ª REGIÃO BREJO SANTO";"ABAIARA";"2022-01-15";"2";"0";"0";"0";"0";"0";"0"
"2022";"Dengue";"SERTÃO CENTRAL";"05ª REGIÃO DE CANINDÉ";"ITATIRA";"2022-06-25";"25";"0";"2";"0";"0";"0";"0"
"2022";"Dengue";"CARIRI";"18ª REGIÃO IGUATU";"QUIXELO";"2022-12-03";"48";"0";"0";"0";"0";"0";"0"
"2022";"Dengue";"CARIRI";"18ª REGIÃO IGUATU";"PIQUET CARNEIRO";"2022-12-10";"49";"0";"0";"0";"0";"0";"0"
"2022";"Dengue";"CARIRI";"20ª REGIÃO CRATO";"ANTONINA DO NORTE";"2022-07-23";"29";"0";"0";"0";"0";"0";"0"
"2022";"Dengue";"LITORAL LESTE/JAGUARIBE";"10ª REGIÃO LIMOEIRO DO NORTE";"TABULEIRO DO NORTE";"2022-10-22";"42";"0";"7";"0";"0";"3";"2"
"2022";"Dengue";"CARIRI";"17ª REGIÃO ICÓ";"LAVRAS DA MANGABEIRA";"2022-07-23";"29";"0";"15";"0";"0";"1";"11"
"2022";"Dengue";"SOBRAL";"11ª REGIÃO SOBRAL";"MUCAMBO";"2022-04-09";"14";"0";"0";"0";"0";"0";"0"
"2022";"Dengue";"SERTÃO CENTRAL";"08ª REGIÃO QUIXADÁ";"CHORO";"2022-12-17";"50";"0";"3";"0";"0";"0";"0"
"2022";"Dengue";"FORTALEZA";"22ª REGIÃO CASCAVEL";"PINDORETAMA";"2022-07-23";"29";"0";"1";"0";"0";"0";"0"
"2022";"Dengue";"CARIRI";"18ª REGIÃO IGUATU";"CARIUS";"2022-06-04";"22";"0";"3";"0";"0";"0";"0"
"2022";"Dengue";"FORTALEZA";"01ª REGIÃO FORTALEZA";"FORTALEZA";"2022-12-31";"52";"0";"157";"0";"0";"25";"36"
"2022";"Dengue";"FORTALEZA";"04ª REGIÃO BATURITÉ";"BATURITE";"2022-10-15";"41";"0";"0";"0";"0";"0";"0"
"2022";"Dengue";"SERTÃO CENTRAL";"14ª REGIÃO TAUÁ";"TAUA";"2022-05-07";"18";"0";"10";"0";"0";"4";"1"
"2022";"Dengue";"CARIRI";"18ª REGIÃO IGUATU";"CATARINA";"2022-06-11";"23";"0";"2";"0";"0";"1";"0"
"2022";"Dengue";"FORTALEZA";"03ª REGIÃO MARACANAÚ";"REDENCAO";"2022-07-09";"27";"0";"1";"0";"0";"0";"0"
"2022";"Dengue";"FORTALEZA";"02ª REGIÃO CAUCAIA";"APUIARES";"2022-10-01";"39";"0";"1";"0";"0";"0";"0"
"2022";"Dengue";"FORTALEZA";"06ª REGIÃO DE ITAPIPOCA";"TRAIRI";"2022-01-29";"4";"0";"0";"0";"0";"0";"0"
"2022";"Dengue";"SERTÃO CENTRAL";"05ª REGIÃO DE CANINDÉ";"MADALENA";"2022-11-05";"44";"0";"0";"0";"0";"0";"0"
"2022";"Dengue";"SOBRAL";"11ª REGIÃO SOBRAL";"SANTANA DO ACARAU";"2022-05-21";"20";"0";"4";"0";"0";"1";"0"
"2022";"Dengue";"FORTALEZA";"22ª REGIÃO CASCAVEL";"BEBERIBE";"2022-07-23";"29";"0";"1";"0";"0";"0";"1"
"2022";"Dengue";"FORTALEZA";"22ª REGIÃO CASCAVEL";"CHOROZINHO";"2022-05-28";"21";"0";"0";"0";"0";"0";"0"
"2022";"Dengue";"FORTALEZA";"04ª REGIÃO BATURITÉ";"BATURITE";"2022-05-28";"21";"0";"3";"0";"0";"1";"0"
"2022";"Dengue";"SOBRAL";"15ª REGIÃO CRATEÚS";"QUITERIANOPOLIS";"2022-09-10";"36";"0";"0";"0";"0";"0";"0"
"2022";"Dengue";"SOBRAL";"15ª REGIÃO CRATEÚS";"INDEPENDENCIA";"2022-08-13";"32";"0";"3";"0";"0";"2";"0"
"2022";"Dengue";"LITORAL LESTE/JAGUARIBE";"10ª REGIÃO LIMOEIRO DO NORTE";"ALTO SANTO";"2022-06-18";"24";"0";"0";"0";"0";"0";"0"
"2022";"Dengue";"FORTALEZA";"22ª REGIÃO CASCAVEL";"CHOROZINHO";"2022-03-26";"12";"0";"0";"0";"0";"0";"0"
"2022";"Dengue";"CARIRI";"17ª REGIÃO ICÓ";"BAIXIO";"2022-06-11";"23";"0";"0";"0";"0";"0";"0"
"2022";"Dengue";"SOBRAL";"15ª REGIÃO CRATEÚS";"IPUEIRAS";"2022-08-20";"33";"0";"0";"0";"0";"0";"0"
"2022";"Dengue";"LITORAL LESTE/JAGUARIBE";"07ª REGIÃO ARACATI";"ITAICABA";"2022-01-22";"3";"0";"4";"0";"0";"0";"0"
"2022";"Dengue";"SOBRAL";"11ª REGIÃO SOBRAL";"URUOCA";"2022-11-26";"47";"0";"1";"0";"0";"0";"0"
"2022";"Dengue";"CARIRI";"19ª REGIÃO BREJO SANTO";"BREJO SANTO";"2022-10-22";"42";"0";"3";"0";"0";"0";"2"
"2022";"Dengue";"FORTALEZA";"06ª REGIÃO DE ITAPIPOCA";"ITAPIPOCA";"2022-04-09";"14";"0";"110";"0";"0";"28";"20"
"2022";"Dengue";"SOBRAL";"15ª REGIÃO CRATEÚS";"PORANGA";"2022-01-15";"2";"0";"9";"0";"0";"9";"0"
"2022";"Dengue";"CARIRI";"17ª REGIÃO ICÓ";"OROS";"2022-06-25";"25";"0";"19";"0";"0";"1";"6"
"2022";"Dengue";"CARIRI";"19ª REGIÃO BREJO SANTO";"PENAFORTE";"2022-06-04";"22";"0";"0";"0";"0";"0";"0"
"2022";"Dengue";"FORTALEZA";"02ª REGIÃO CAUCAIA";"PARAIPABA";"2022-11-19";"46";"0";"0";"0";"0";"0";"0"
"2022";"Dengue";"SOBRAL";"12ª REGIÃO ACARAÚ";"JIJOCA DE JERICOACOARA";"2022-03-26";"12";"0";"1";"0";"0";"0";"0"
"2022";"Dengue";"SOBRAL";"12ª REGIÃO ACARAÚ";"MORRINHOS";"2022-11-19";"46";"0";"1";"0";"0";"0";"0"
"2022";"Dengue";"SOBRAL";"15ª REGIÃO CRATEÚS";"ARARENDA";"2022-01-15";"2";"0";"0";"0";"0";"0";"0"
"2022";"Dengue";"SERTÃO CENTRAL";"14ª REGIÃO TAUÁ";"PARAMBU";"2022-09-17";"37";"0";"0";"0";"0";"0";"0"
"2022";"Dengue";"FORTALEZA";"04ª REGIÃO BATURITÉ";"PACOTI";"2022-01-08";"1";"0";"1";"0";"0";"0";"0"
"2022";"Dengue";"SOBRAL";"11ª REGIÃO SOBRAL";"CARIRE";"2022-07-09";"27";"0";"1";"0";"0";"0";"1"
"2022";"Dengue";"SOBRAL";"12ª REGIÃO ACARAÚ";"MARCO";"2022-11-05";"44";"0";"6";"0";"0";"2";"0"
"2022";"Dengue";"SOBRAL";"15ª REGIÃO CRATEÚS";"IPUEIRAS";"2022-04-16";"15";"0";"2";"0";"0";"0";"2"
"2022";"Dengue";"SERTÃO CENTRAL";"08ª REGIÃO QUIXADÁ";"IBARETAMA";"2022-01-29";"4";"0";"0";"0";"0";"0";"0"
"2022";"Dengue";"FORTALEZA";"03ª REGIÃO MARACANAÚ";"GUAIUBA";"2022-09-17";"37";"0";"0";"0";"0";"0";"0"
"2022";"Dengue";"LITORAL LESTE/JAGUARIBE";"10ª REGIÃO LIMOEIRO DO NORTE";"LIMOEIRO DO NORTE";"2022-05-07";"18";"0";"25";"0";"0";"2";"18"
"2022";"Dengue";"SERTÃO CENTRAL";"05ª REGIÃO DE CANINDÉ";"CARIDADE";"2022-06-04";"22";"0";"5";"0";"0";"0";"2"
"2022";"Dengue";"CARIRI";"17ª REGIÃO ICÓ";"UMARI";"2022-06-11";"23";"0";"1";"0";"0";"0";"0"
"2022";"Dengue";"CARIRI";"18ª REGIÃO IGUATU";"IGUATU";"2022-04-23";"16";"0";"7";"0";"0";"2";"2"
"2022";"Dengue";"SERTÃO CENTRAL";"05ª REGIÃO DE CANINDÉ";"BOA VIAGEM";"2022-11-19";"46";"0";"0";"0";"0";"0";"0"
"2022";"Dengue";"CARIRI";"21ª REGIÃO JUAZEIRO DO NORTE";"MISSAO VELHA";"2022-04-02";"13";"0";"27";"0";"0";"0";"1"
"2022";"Dengue";"SERTÃO CENTRAL";"08ª REGIÃO QUIXADÁ";"MILHA";"2022-08-27";"34";"0";"3";"0";"0";"0";"0"
"2022";"Dengue";"CARIRI";"21ª REGIÃO JUAZEIRO DO NORTE";"JUAZEIRO DO NORTE";"2022-06-11";"23";"0";"44";"0";"0";"9";"0"
"2022";"Dengue";"FORTALEZA";"01ª REGIÃO FORTALEZA";"EUSEBIO";"2022-06-25";"25";"0";"0";"0";"0";"1";"0"
"2022";"Dengue";"FORTALEZA";"02ª REGIÃO CAUCAIA";"TEJUCUOCA";"2022-09-24";"38";"0";"1";"0";"0";"0";"0"
"2022";"Dengue";"CARIRI";"19ª REGIÃO BREJO SANTO";"MAURITI";"2022-06-18";"24";"0";"14";"0";"0";"2";"11"
"2022";"Dengue";"SOBRAL";"12ª REGIÃO ACARAÚ";"ITAREMA";"2022-11-05";"44";"0";"0";"0";"0";"0";"0"
"2022";"Dengue";"CARIRI";"17ª REGIÃO ICÓ";"OROS";"2022-11-26";"47";"0";"0";"0";"0";"0";"0"
"2022";"Dengue";"FORTALEZA";"03ª REGIÃO MARACANAÚ";"REDENCAO";"2022-07-23";"29";"0";"1";"0";"0";"0";"0"
"2022";"Dengue";"CARIRI";"18ª REGIÃO IGUATU";"CARIUS";"2022-02-19";"7";"0";"0";"0";"0";"0";"0"
"2022";"Dengue";"SERTÃO CENTRAL";"08ª REGIÃO QUIXADÁ";"CHORO";"2022-07-16";"28";"0";"5";"0";"0";"0";"3"
"2022";"Dengue";"FORTALEZA";"04ª REGIÃO BATURITÉ";"MULUNGU";"2022-07-30";"30";"0";"0";"0";"0";"0";"0"
"2022";"Dengue";"CARIRI";"18ª REGIÃO IGUATU";"JUCAS";"2022-09-17";"37";"0";"0";"0";"0";"0";"0"
"2022";"Dengue";"FORTALEZA";"01ª REGIÃO FORTALEZA";"ITAITINGA";"2022-09-10";"36";"0";"1";"0";"0";"0";"0"
"2022";"Dengue";"LITORAL LESTE/JAGUARIBE";"10ª REGIÃO LIMOEIRO DO NORTE";"IRACEMA";"2022-12-03";"48";"0";"0";"0";"0";"0";"0"
"2022";"Dengue";"FORTALEZA";"01ª REGIÃO FORTALEZA";"FORTALEZA";"2022-01-22";"3";"0";"163";"0";"0";"5";"26"
"2022";"Dengue";"SOBRAL";"16ª REGIÃO CAMOCIM";"GRANJA";"2022-10-08";"40";"0";"1";"0";"0";"0";"0"
"2022";"Dengue";"CARIRI";"20ª REGIÃO CRATO";"NOVA OLINDA";"2022-06-11";"23";"0";"0";"0";"0";"0";"0"
"2022";"Dengue";"SOBRAL";"16ª REGIÃO CAMOCIM";"CAMOCIM";"2022-05-14";"19";"0";"85";"0";"0";"20";"0"
"2022";"Dengue";"LITORAL LESTE/JAGUARIBE";"10ª REGIÃO LIMOEIRO DO NORTE";"SAO JOAO DO JAGUARIBE";"2022-02-05";"5";"0";"0";"0";"0";"0";"0"
"2022";"Dengue";"SERTÃO CENTRAL";"08ª REGIÃO QUIXADÁ";"IBARETAMA";"2022-06-18";"24";"0";"3";"0";"0";"1";"1"
"2022";"Dengue";"CARIRI";"18ª REGIÃO IGUATU";"PIQUET CARNEIRO";"2022-09-10";"36";"0";"0";"0";"0";"0";"0"
"2022";"Dengue";"SERTÃO CENTRAL";"05ª REGIÃO DE CANINDÉ";"PARAMOTI";"2022-07-02";"26";"0";"8";"0";"0";"1";"3"
"2022";"Dengue";"LITORAL LESTE/JAGUARIBE";"09ª REGIÃO RUSSAS";"JAGUARETAMA";"2022-07-16";"28";"0";"5";"0";"0";"0";"0"
"2022";"Dengue";"CARIRI";"18ª REGIÃO IGUATU";"DEPUTADO IRAPUAN PINHEIRO";"2022-05-07";"18";"0";"0";"0";"0";"0";"0"
"2022";"Dengue";"SOBRAL";"12ª REGIÃO ACARAÚ";"ACARAU";"2022-10-01";"39";"0";"2";"0";"0";"0";"0"
"2022";"Dengue";"SOBRAL";"11ª REGIÃO SOBRAL";"SANTA QUITERIA";"2022-05-28";"21";"0";"8";"0";"0";"2";"0"
"2022";"Dengue";"CARIRI";"19ª REGIÃO BREJO SANTO";"PORTEIRAS";"2022-05-28";"21";"0";"15";"0";"0";"0";"10"
"2022";"Dengue";"SERTÃO CENTRAL";"14ª REGIÃO TAUÁ";"PARAMBU";"2022-05-28";"21";"0";"6";"0";"0";"0";"0"
"2022";"Dengue";"CARIRI";"20ª REGIÃO CRATO";"SALITRE";"2022-08-13";"32";"0";"0";"0";"0";"0";"0"
"2022";"Dengue";"FORTALEZA";"03ª REGIÃO MARACANAÚ";"PALMACIA";"2022-04-02";"13";"0";"11";"0";"0";"1";"0"
"2022";"Dengue";"SOBRAL";"15ª REGIÃO CRATEÚS";"IPUEIRAS";"2022-11-19";"46";"0";"0";"0";"0";"0";"0"
"2022";"Dengue";"SOBRAL";"11ª REGIÃO SOBRAL";"MERUOCA";"2022-06-18";"24";"0";"3";"0";"0";"1";"0"
"2022";"Dengue";"CARIRI";"21ª REGIÃO JUAZEIRO DO NORTE";"JARDIM";"2022-10-15";"41";"0";"0";"0";"0";"0";"0"
"2022";"Dengue";"SOBRAL";"15ª REGIÃO CRATEÚS";"MONSENHOR TABOSA";"2022-09-10";"36";"0";"3";"0";"0";"0";"1"
"2022";"Dengue";"CARIRI";"18ª REGIÃO IGUATU";"QUIXELO";"2022-12-17";"50";"0";"0";"0";"0";"0";"0"
"2022";"Dengue";"LITORAL LESTE/JAGUARIBE";"10ª REGIÃO LIMOEIRO DO NORTE";"SAO JOAO DO JAGUARIBE";"2022-11-12";"45";"0";"0";"0";"0";"0";"0"
"2022";"Dengue";"FORTALEZA";"04ª REGIÃO BATURITÉ";"ITAPIUNA";"2022-01-22";"3";"0";"0";"0";"0";"0";"0"
"2022";"Dengue";"SOBRAL";"11ª REGIÃO SOBRAL";"PIRES FERREIRA";"2022-02-26";"8";"0";"0";"0";"0";"0";"0"
"2022";"Dengue";"FORTALEZA";"03ª REGIÃO MARACANAÚ";"MARANGUAPE";"2022-09-03";"35";"0";"23";"0";"0";"1";"9"
"2022";"Dengue";"FORTALEZA";"01ª REGIÃO FORTALEZA";"EUSEBIO";"2022-05-07";"18";"0";"4";"0";"0";"0";"0"
"2022";"Dengue";"SERTÃO CENTRAL";"08ª REGIÃO QUIXADÁ";"IBICUITINGA";"2022-03-26";"12";"0";"0";"0";"0";"0";"0"
"2022";"Dengue";"CARIRI";"20ª REGIÃO CRATO";"ALTANEIRA";"2022-11-12";"45";"0";"0";"0";"0";"0";"0"
"2022";"Dengue";"SOBRAL";"11ª REGIÃO SOBRAL";"CATUNDA";"2022-09-10";"36";"0";"0";"0";"0";"0";"0"
"2022";"Dengue";"CARIRI";"20ª REGIÃO CRATO";"CAMPOS SALES";"2022-06-04";"22";"0";"29";"0";"0";"2";"0"
"2022";"Dengue";"SOBRAL";"13ª REGIÃO TIANGUÁ";"UBAJARA";"2022-10-08";"40";"0";"3";"0";"0";"1";"0"
"2022";"Dengue";"FORTALEZA";"04ª REGIÃO BATURITÉ";"PACOTI";"2022-06-04";"22";"0";"0";"0";"0";"0";"0"
"2022";"Dengue";"SOBRAL";"12ª REGIÃO ACARAÚ";"ITAREMA";"2022-11-19";"46";"0";"1";"0";"0";"0";"0"
"2022";"Dengue";"FORTALEZA";"03ª REGIÃO MARACANAÚ";"PACATUBA";"2022-11-26";"47";"0";"10";"0";"0";"1";"0"
"2022";"Dengue";"FORTALEZA";"22ª REGIÃO CASCAVEL";"CASCAVEL";"2022-10-08";"40";"0";"1";"0";"0";"0";"0"
"2022";"Dengue";"SOBRAL";"11ª REGIÃO SOBRAL";"SANTA QUITERIA";"2022-02-05";"5";"0";"0";"0";"0";"0";"0"
"2022";"Dengue";"FORTALEZA";"02ª REGIÃO CAUCAIA";"CAUCAIA";"2022-07-16";"28";"0";"57";"0";"0";"3";"45"
"2022";"Dengue";"LITORAL LESTE/JAGUARIBE";"07ª REGIÃO ARACATI";"ARACATI";"2022-10-29";"43";"0";"2";"0";"0";"0";"1"
"2022";"Dengue";"CARIRI";"17ª REGIÃO ICÓ";"ICO";"2022-04-16";"15";"0";"1";"0";"0";"0";"0"
"2022";"Dengue";"CARIRI";"18ª REGIÃO IGUATU";"MOMBACA";"2022-08-13";"32";"0";"0";"0";"0";"0";"0"
"2022";"Dengue";"SOBRAL";"11ª REGIÃO SOBRAL";"MORAUJO";"2022-08-06";"31";"0";"0";"0";"0";"0";"0"
"2022";"Dengue";"SOBRAL";"11ª REGIÃO SOBRAL";"SENADOR SA";"2022-11-12";"45";"0";"0";"0";"0";"0";"0"
"2022";"Dengue";"CARIRI";"20ª REGIÃO CRATO";"ARARIPE";"2022-01-08";"1";"0";"1";"0";"0";"0";"0"
"2022";"Dengue";"CARIRI";"18ª REGIÃO IGUATU";"QUIXELO";"2022-05-28";"21";"0";"0";"0";"0";"0";"0"
"2022";"Dengue";"CARIRI";"17ª REGIÃO ICÓ";"IPAUMIRIM";"2022-01-22";"3";"0";"1";"0";"0";"0";"0"
"2022";"Dengue";"CARIRI";"17ª REGIÃO ICÓ";"BAIXIO";"2022-01-15";"2";"0";"0";"0";"0";"0";"0"
"2022";"Dengue";"LITORAL LESTE/JAGUARIBE";"07ª REGIÃO ARACATI";"ITAICABA";"2022-12-10";"49";"0";"0";"0";"0";"0";"0"
"2022";"Dengue";"CARIRI";"20ª REGIÃO CRATO";"ALTANEIRA";"2022-10-22";"42";"0";"0";"0";"0";"0";"0"
"2022";"Dengue";"SOBRAL";"11ª REGIÃO SOBRAL";"FRECHEIRINHA";"2022-03-19";"11";"0";"0";"0";"0";"0";"0"
"2022";"Dengue";"CARIRI";"18ª REGIÃO IGUATU";"CATARINA";"2022-11-05";"44";"0";"0";"0";"0";"0";"0"
"2022";"Dengue";"CARIRI";"20ª REGIÃO CRATO";"CRATO";"2022-03-19";"11";"0";"52";"0";"0";"11";"38"
"2022";"Dengue";"SOBRAL";"16ª REGIÃO CAMOCIM";"CHAVAL";"2022-09-10";"36";"0";"0";"0";"0";"0";"0"
"2022";"Dengue";"FORTALEZA";"22ª REGIÃO CASCAVEL";"PINDORETAMA";"2022-07-30";"30";"0";"0";"0";"0";"0";"0"
"2022";"Dengue";"LITORAL LESTE/JAGUARIBE";"10ª REGIÃO LIMOEIRO DO NORTE";"QUIXERE";"2022-09-17";"37";"0";"5";"0";"0";"0";"2"
"2022";"Dengue";"SOBRAL";"13ª REGIÃO TIANGUÁ";"SAO BENEDITO";"2022-05-07";"18";"0";"3";"0";"0";"0";"0"
"2022";"Dengue";"LITORAL LESTE/JAGUARIBE";"07ª REGIÃO ARACATI";"ARACATI";"2022-10-08";"40";"0";"1";"0";"0";"0";"1"
"2022";"Dengue";"SOBRAL";"15ª REGIÃO CRATEÚS";"IPUEIRAS";"2022-08-06";"31";"0";"1";"0";"0";"0";"1"
"2022";"Dengue";"SOBRAL";"13ª REGIÃO TIANGUÁ";"TIANGUA";"2022-05-28";"21";"0";"21";"0";"0";"6";"0"
"2022";"Dengue";"LITORAL LESTE/JAGUARIBE";"07ª REGIÃO ARACATI";"ARACATI";"2022-04-09";"14";"0";"6";"0";"0";"0";"5"
"2022";"Dengue";"SOBRAL";"12ª REGIÃO ACARAÚ";"JIJOCA DE JERICOACOARA";"2022-01-29";"4";"0";"3";"0";"0";"0";"0"
"2022";"Dengue";"CARIRI";"19ª REGIÃO BREJO SANTO";"PORTEIRAS";"2022-12-10";"49";"0";"1";"0";"0";"0";"1"
"2022";"Dengue";"SOBRAL";"11ª REGIÃO SOBRAL";"FORQUILHA";"2022-11-19";"46";"0";"0";"0";"0";"0";"0"
"2022";"Dengue";"LITORAL LESTE/JAGUARIBE";"07ª REGIÃO ARACATI";"FORTIM";"2022-11-12";"45";"0";"2";"0";"0";"0";"0"
"2022";"Dengue";"SOBRAL";"11ª REGIÃO SOBRAL";"ALCANTARAS";"2022-10-08";"40";"0";"5";"0";"0";"2";"2"
"2022";"Dengue";"SOBRAL";"16ª REGIÃO CAMOCIM";"BARROQUINHA";"2022-11-19";"46";"0";"0";"0";"0";"0";"0"
"2022";"Dengue";"LITORAL LESTE/JAGUARIBE";"10ª REGIÃO LIMOEIRO DO NORTE";"JAGUARIBARA";"2022-02-05";"5";"0";"3";"0";"0";"0";"0"
"2022";"Dengue";"CARIRI";"19ª REGIÃO BREJO SANTO";"MILAGRES";"2022-07-02";"26";"0";"1";"0";"0";"0";"1"
"2022";"Dengue";"SOBRAL";"13ª REGIÃO TIANGUÁ";"IBIAPINA";"2022-04-09";"14";"0";"2";"0";"0";"2";"0"
"2022";"Dengue";"SOBRAL";"11ª REGIÃO SOBRAL";"MASSAPE";"2022-10-29";"43";"0";"0";"0";"0";"0";"0"
"2022";"Dengue";"SERTÃO CENTRAL";"08ª REGIÃO QUIXADÁ";"IBICUITINGA";"2022-12-31";"52";"0";"0";"0";"0";"0";"0"
"2022";"Dengue";"SOBRAL";"16ª REGIÃO CAMOCIM";"MARTINOPOLE";"2022-09-24";"38";"0";"0";"0";"0";"0";"0"
"2022";"Dengue";"FORTALEZA";"04ª REGIÃO BATURITÉ";"ARACOIABA";"2022-09-24";"38";"0";"0";"0";"0";"0";"0"
"2022";"Dengue";"SOBRAL";"15ª REGIÃO CRATEÚS";"MONSENHOR TABOSA";"2022-10-08";"40";"0";"0";"0";"0";"0";"0"
"2022";"Dengue";"SERTÃO CENTRAL";"08ª REGIÃO QUIXADÁ";"QUIXERAMOBIM";"2022-10-08";"40";"0";"1";"0";"0";"0";"1"
"2022";"Dengue";"SOBRAL";"15ª REGIÃO CRATEÚS";"NOVO ORIENTE";"2022-04-30";"17";"0";"6";"0";"0";"0";"0"
"2022";"Dengue";"CARIRI";"21ª REGIÃO JUAZEIRO DO NORTE";"JARDIM";"2022-02-05";"5";"0";"1";"0";"0";"0";"0"
"2022";"Dengue";"CARIRI";"20ª REGIÃO CRATO";"FARIAS BRITO";"2022-01-08";"1";"0";"0";"0";"0";"0";"0"
"2022";"Dengue";"SOBRAL";"11ª REGIÃO SOBRAL";"SANTA QUITERIA";"2022-10-29";"43";"0";"0";"0";"0";"0";"0"
"2022";"Dengue";"CARIRI";"19ª REGIÃO BREJO SANTO";"JATI";"2022-05-07";"18";"0";"19";"0";"0";"0";"0"
"2022";"Dengue";"SERTÃO CENTRAL";"05ª REGIÃO DE CANINDÉ";"CANINDE";"2022-03-26";"12";"0";"17";"0";"0";"3";"0"
"2022";"Dengue";"SOBRAL";"11ª REGIÃO SOBRAL";"SANTANA DO ACARAU";"2022-09-03";"35";"0";"1";"0";"0";"0";"0"
"2022";"Dengue";"SERTÃO CENTRAL";"08ª REGIÃO QUIXADÁ";"SENADOR POMPEU";"2022-12-31";"52";"0";"0";"0";"0";"0";"0"
"2022";"Dengue";"SOBRAL";"11ª REGIÃO SOBRAL";"MUCAMBO";"2022-07-23";"29";"0";"0";"0";"0";"0";"0"
"2022";"Dengue";"SOBRAL";"13ª REGIÃO TIANGUÁ";"CROATA";"2022-01-08";"1";"0";"0";"0";"0";"0";"0"
"2022";"Dengue";"FORTALEZA";"03ª REGIÃO MARACANAÚ";"MARACANAU";"2022-03-19";"11";"0";"6";"0";"0";"0";"1"
"2022";"Dengue";"SOBRAL";"11ª REGIÃO SOBRAL";"FRECHEIRINHA";"2022-11-12";"45";"0";"0";"0";"0";"0";"0"
"2022";"Dengue";"CARIRI";"21ª REGIÃO JUAZEIRO DO NORTE";"JUAZEIRO DO NORTE";"2022-07-02";"26";"0";"24";"0";"0";"0";"0"
"2022";"Dengue";"SOBRAL";"12ª REGIÃO ACARAÚ";"BELA CRUZ";"2022-09-03";"35";"0";"22";"0";"0";"13";"6"
"2022";"Dengue";"SOBRAL";"15ª REGIÃO CRATEÚS";"ARARENDA";"2022-09-17";"37";"0";"0";"0";"0";"0";"0"
"2022";"Dengue";"SOBRAL";"12ª REGIÃO ACARAÚ";"JIJOCA DE JERICOACOARA";"2022-02-05";"5";"0";"0";"0";"0";"0";"0"
"2022";"Dengue";"SOBRAL";"11ª REGIÃO SOBRAL";"MUCAMBO";"2022-09-24";"38";"0";"1";"0";"0";"0";"0"
"2022";"Dengue";"SERTÃO CENTRAL";"14ª REGIÃO TAUÁ";"AIUABA";"2022-02-05";"5";"0";"0";"0";"0";"0";"0"
"2022";"Dengue";"CARIRI";"17ª REGIÃO ICÓ";"OROS";"2022-01-22";"3";"0";"0";"0";"0";"0";"0"
"2022";"Dengue";"LITORAL LESTE/JAGUARIBE";"10ª REGIÃO LIMOEIRO DO NORTE";"LIMOEIRO DO NORTE";"2022-06-04";"22";"0";"16";"0";"0";"3";"12"
"2022";"Dengue";"SOBRAL";"11ª REGIÃO SOBRAL";"COREAU";"2022-10-01";"39";"0";"0";"0";"0";"0";"0"
"2022";"Dengue";"SOBRAL";"16ª REGIÃO CAMOCIM";"CHAVAL";"2022-06-25";"25";"0";"1";"0";"0";"0";"0"
"2022";"Dengue";"CARIRI";"20ª REGIÃO CRATO";"ARARIPE";"2022-10-08";"40";"0";"0";"0";"0";"0";"0"
"2022";"Dengue";"SOBRAL";"13ª REGIÃO TIANGUÁ";"VICOSA DO CEARA";"2022-10-22";"42";"0";"1";"0";"0";"0";"0"
"2022";"Dengue";"LITORAL LESTE/JAGUARIBE";"10ª REGIÃO LIMOEIRO DO NORTE";"JAGUARIBARA";"2022-01-15";"2";"0";"1";"0";"0";"0";"0"
"2022";"Dengue";"CARIRI";"20ª REGIÃO CRATO";"TARRAFAS";"2022-01-29";"4";"0";"0";"0";"0";"0";"0"
"2022";"Dengue";"LITORAL LESTE/JAGUARIBE";"09ª REGIÃO RUSSAS";"MORADA NOVA";"2022-04-30";"17";"0";"6";"0";"0";"1";"3"
"2022";"Dengue";"FORTALEZA";"01ª REGIÃO FORTALEZA";"AQUIRAZ";"2022-04-30";"17";"0";"11";"0";"0";"0";"0"
"2022";"Dengue";"CARIRI";"19ª REGIÃO BREJO SANTO";"MILAGRES";"2022-01-08";"1";"0";"3";"0";"0";"0";"0"
"2022";"Dengue";"CARIRI";"19ª REGIÃO BREJO SANTO";"PORTEIRAS";"2022-07-23";"29";"0";"8";"0";"0";"0";"4"
"2022";"Dengue";"FORTALEZA";"06ª REGIÃO DE ITAPIPOCA";"AMONTADA";"2022-10-01";"39";"0";"0";"0";"0";"0";"0"
"2022";"Dengue";"SERTÃO CENTRAL";"08ª REGIÃO QUIXADÁ";"QUIXADA";"2022-10-15";"41";"0";"6";"0";"0";"2";"4"
"2022";"Dengue";"SOBRAL";"16ª REGIÃO CAMOCIM";"MARTINOPOLE";"2022-09-03";"35";"0";"0";"0";"0";"0";"0"
"2022";"Dengue";"SERTÃO CENTRAL";"05ª REGIÃO DE CANINDÉ";"CARIDADE";"2022-03-12";"10";"0";"0";"0";"0";"0";"0"
"2022";"Dengue";"SOBRAL";"15ª REGIÃO CRATEÚS";"QUITERIANOPOLIS";"2022-07-23";"29";"0";"2";"0";"0";"0";"0"
"2022";"Dengue";"SOBRAL";"11ª REGIÃO SOBRAL";"IRAUCUBA";"2022-02-05";"5";"0";"1";"0";"0";"0";"0"
"2022";"Dengue";"SERTÃO CENTRAL";"05ª REGIÃO DE CANINDÉ";"CANINDE";"2022-06-25";"25";"0";"13";"0";"0";"3";"0"
"2022";"Dengue";"SOBRAL";"11ª REGIÃO SOBRAL";"MASSAPE";"2022-06-25";"25";"0";"12";"0";"0";"1";"0"
"2022";"Dengue";"SOBRAL";"15ª REGIÃO CRATEÚS";"NOVA RUSSAS";"2022-11-19";"46";"0";"0";"0";"0";"0";"0"
"2022";"Dengue";"LITORAL LESTE/JAGUARIBE";"10ª REGIÃO LIMOEIRO DO NORTE";"JAGUARIBE";"2022-09-03";"35";"0";"47";"0";"0";"3";"0"
"2022";"Dengue";"SOBRAL";"11ª REGIÃO SOBRAL";"HIDROLANDIA";"2022-03-05";"9";"0";"0";"0";"0";"0";"0"
"2022";"Dengue";"SERTÃO CENTRAL";"08ª REGIÃO QUIXADÁ";"CHORO";"2022-10-29";"43";"0";"3";"0";"0";"0";"1"
"2022";"Dengue";"SOBRAL";"12ª REGIÃO ACARAÚ";"BELA CRUZ";"2022-06-25";"25";"0";"27";"0";"0";"11";"10"
"2022";"Dengue";"FORTALEZA";"03ª REGIÃO MARACANAÚ";"PACATUBA";"2022-06-25";"25";"0";"15";"0";"0";"0";"15"
"2022";"Dengue";"SOBRAL";"16ª REGIÃO CAMOCIM";"BARROQUINHA";"2022-06-25";"25";"0";"2";"0";"0";"1";"0"
"2022";"Dengue";"CARIRI";"21ª REGIÃO JUAZEIRO DO NORTE";"JARDIM";"2022-05-07";"18";"0";"7";"0";"0";"2";"0"
"2022";"Dengue";"FORTALEZA";"06ª REGIÃO DE ITAPIPOCA";"ITAPIPOCA";"2022-08-06";"31";"0";"7";"0";"0";"1";"4"
"2022";"Dengue";"SOBRAL";"11ª REGIÃO SOBRAL";"GROAIRAS";"2022-02-05";"5";"0";"0";"0";"0";"0";"0"
"2022";"Dengue";"SERTÃO CENTRAL";"14ª REGIÃO TAUÁ";"PARAMBU";"2022-01-22";"3";"0";"1";"0";"0";"0";"0"
"2022";"Dengue";"CARIRI";"18ª REGIÃO IGUATU";"MOMBACA";"2022-07-30";"30";"0";"1";"0";"0";"0";"0"
"2022";"Dengue";"SERTÃO CENTRAL";"05ª REGIÃO DE CANINDÉ";"CARIDADE";"2022-01-29";"4";"0";"0";"0";"0";"0";"0"
"2022";"Dengue";"LITORAL LESTE/JAGUARIBE";"10ª REGIÃO LIMOEIRO DO NORTE";"JAGUARIBE";"2022-03-12";"10";"0";"7";"0";"0";"1";"0"
"2022";"Dengue";"FORTALEZA";"02ª REGIÃO CAUCAIA";"ITAPAJE";"2022-09-17";"37";"0";"1";"0";"0";"0";"0"
"2022";"Dengue";"FORTALEZA";"03ª REGIÃO MARACANAÚ";"BARREIRA";"2022-07-09";"27";"0";"1";"0";"0";"0";"0"
"2022";"Dengue";"CARIRI";"19ª REGIÃO BREJO SANTO";"ABAIARA";"2022-04-30";"17";"0";"1";"0";"0";"0";"0"
"2022";"Dengue";"SOBRAL";"11ª REGIÃO SOBRAL";"COREAU";"2022-03-26";"12";"0";"0";"0";"0";"0";"0"
"2022";"Dengue";"SOBRAL";"11ª REGIÃO SOBRAL";"URUOCA";"2022-01-22";"3";"0";"0";"0";"0";"0";"0"
"2022";"Dengue";"FORTALEZA";"04ª REGIÃO BATURITÉ";"BATURITE";"2022-10-29";"43";"0";"0";"0";"0";"0";"0"
"2022";"Dengue";"FORTALEZA";"03ª REGIÃO MARACANAÚ";"MARACANAU";"2022-12-03";"48";"0";"0";"0";"0";"0";"0"
"2022";"Dengue";"CARIRI";"18ª REGIÃO IGUATU";"IGUATU";"2022-08-20";"33";"0";"2";"0";"0";"2";"0"
"2022";"Dengue";"SOBRAL";"11ª REGIÃO SOBRAL";"PIRES FERREIRA";"2022-03-19";"11";"0";"1";"0";"0";"1";"0"
"2022";"Dengue";"CARIRI";"20ª REGIÃO CRATO";"ARARIPE";"2022-07-02";"26";"0";"1";"0";"0";"0";"0"
"2022";"Dengue";"SOBRAL";"11ª REGIÃO SOBRAL";"SOBRAL";"2022-07-09";"27";"0";"431";"0";"0";"89";"8"
"2022";"Dengue";"CARIRI";"18ª REGIÃO IGUATU";"IGUATU";"2022-03-05";"9";"0";"3";"0";"0";"0";"1"
"2022";"Dengue";"FORTALEZA";"03ª REGIÃO MARACANAÚ";"BARREIRA";"2022-01-22";"3";"0";"0";"0";"0";"0";"0"
"2022";"Dengue";"SERTÃO CENTRAL";"08ª REGIÃO QUIXADÁ";"BANABUIU";"2022-03-12";"10";"0";"0";"0";"0";"0";"0"
"2022";"Dengue";"CARIRI";"20ª REGIÃO CRATO";"ALTANEIRA";"2022-08-27";"34";"0";"0";"0";"0";"0";"0"
"2022";"Dengue";"FORTALEZA";"03ª REGIÃO MARACANAÚ";"REDENCAO";"2022-11-26";"47";"0";"0";"0";"0";"0";"0"
"2022";"Dengue";"FORTALEZA";"22ª REGIÃO CASCAVEL";"PACAJUS";"2022-10-22";"42";"0";"0";"0";"0";"0";"0"
"2022";"Dengue";"FORTALEZA";"03ª REGIÃO MARACANAÚ";"BARREIRA";"2022-09-24";"38";"0";"0";"0";"0";"0";"0"
"2022";"Dengue";"SOBRAL";"15ª REGIÃO CRATEÚS";"PORANGA";"2022-10-29";"43";"0";"0";"0";"0";"0";"0"
"2022";"Dengue";"LITORAL LESTE/JAGUARIBE";"09ª REGIÃO RUSSAS";"MORADA NOVA";"2022-04-16";"15";"0";"0";"0";"0";"0";"0"
"2022";"Dengue";"FORTALEZA";"01ª REGIÃO FORTALEZA";"FORTALEZA";"2022-03-12";"10";"0";"448";"0";"0";"23";"57"
"2022";"Dengue";"SERTÃO CENTRAL";"08ª REGIÃO QUIXADÁ";"QUIXADA";"2022-07-09";"27";"0";"26";"0";"0";"7";"15"
"2022";"Dengue";"FORTALEZA";"22ª REGIÃO CASCAVEL";"CASCAVEL";"2022-03-26";"12";"0";"11";"0";"0";"7";"0"
"2022";"Dengue";"FORTALEZA";"01ª REGIÃO FORTALEZA";"EUSEBIO";"2022-06-11";"23";"0";"4";"0";"0";"2";"0"
"2022";"Dengue";"SOBRAL";"11ª REGIÃO SOBRAL";"SENADOR SA";"2022-03-12";"10";"0";"0";"0";"0";"0";"0"
"2022";"Dengue";"FORTALEZA";"01ª REGIÃO FORTALEZA";"ITAITINGA";"2022-08-20";"33";"0";"0";"0";"0";"0";"0"
"2022";"Dengue";"LITORAL LESTE/JAGUARIBE";"09ª REGIÃO RUSSAS";"RUSSAS";"2022-10-22";"42";"0";"14";"0";"0";"1";"6"
"2022";"Dengue";"CARIRI";"18ª REGIÃO IGUATU";"ACOPIARA";"2022-07-23";"29";"0";"4";"0";"0";"0";"0"
"2022";"Dengue";"SOBRAL";"11ª REGIÃO SOBRAL";"RERIUTABA";"2022-12-10";"49";"0";"1";"0";"0";"1";"0"
"2022";"Dengue";"LITORAL LESTE/JAGUARIBE";"10ª REGIÃO LIMOEIRO DO NORTE";"JAGUARIBE";"2022-08-27";"34";"0";"74";"0";"0";"8";"0"
"2022";"Dengue";"LITORAL LESTE/JAGUARIBE";"09ª REGIÃO RUSSAS";"JAGUARETAMA";"2022-05-07";"18";"0";"1";"0";"0";"0";"0"
"2022";"Dengue";"SERTÃO CENTRAL";"08ª REGIÃO QUIXADÁ";"QUIXADA";"2022-12-24";"51";"0";"0";"0";"0";"0";"0"
"2022";"Dengue";"CARIRI";"20ª REGIÃO CRATO";"ASSARE";"2022-04-30";"17";"0";"16";"0";"0";"0";"1"
"2022";"Dengue";"SERTÃO CENTRAL";"08ª REGIÃO QUIXADÁ";"PEDRA BRANCA";"2022-06-11";"23";"0";"14";"0";"0";"1";"13"
"2022";"Dengue";"FORTALEZA";"02ª REGIÃO CAUCAIA";"PARAIPABA";"2022-03-19";"11";"0";"0";"0";"0";"0";"0"
"2022";"Dengue";"FORTALEZA";"06ª REGIÃO DE ITAPIPOCA";"TRAIRI";"2022-06-18";"24";"0";"1";"0";"0";"0";"0"
"2022";"Dengue";"FORTALEZA";"03ª REGIÃO MARACANAÚ";"GUAIUBA";"2022-12-17";"50";"0";"0";"0";"0";"0";"0"
"2022";"Dengue";"SERTÃO CENTRAL";"08ª REGIÃO QUIXADÁ";"CHORO";"2022-02-05";"5";"0";"0";"0";"0";"0";"0"
"2022";"Dengue";"CARIRI";"18ª REGIÃO IGUATU";"ACOPIARA";"2022-08-27";"34";"0";"2";"0";"0";"0";"0"
"2022";"Dengue";"SOBRAL";"16ª REGIÃO CAMOCIM";"BARROQUINHA";"2022-01-15";"2";"0";"0";"0";"0";"0";"0"
"2022";"Dengue";"CARIRI";"18ª REGIÃO IGUATU";"IGUATU";"2022-09-03";"35";"0";"1";"0";"0";"0";"1"
"2022";"Dengue";"FORTALEZA";"04ª REGIÃO BATURITÉ";"CAPISTRANO";"2022-09-17";"37";"0";"0";"0";"0";"0";"0"
"2022";"Dengue";"CARIRI";"20ª REGIÃO CRATO";"NOVA OLINDA";"2022-04-23";"16";"0";"4";"0";"0";"0";"0"
"2022";"Dengue";"SOBRAL";"15ª REGIÃO CRATEÚS";"NOVO ORIENTE";"2022-12-10";"49";"0";"0";"0";"0";"0";"0"
"2022";"Dengue";"FORTALEZA";"03ª REGIÃO MARACANAÚ";"MARACANAU";"2022-06-25";"25";"0";"42";"0";"0";"0";"20"
"2022";"Dengue";"CARIRI";"18ª REGIÃO IGUATU";"MOMBACA";"2022-06-25";"25";"0";"10";"0";"0";"0";"6"
"2022";"Dengue";"SERTÃO CENTRAL";"05ª REGIÃO DE CANINDÉ";"MADALENA";"2022-04-02";"13";"0";"1";"0";"0";"0";"0"
"2022";"Dengue";"CARIRI";"18ª REGIÃO IGUATU";"ACOPIARA";"2022-07-16";"28";"0";"4";"0";"0";"0";"0"
"2022";"Dengue";"SOBRAL";"11ª REGIÃO SOBRAL";"PACUJA";"2022-05-07";"18";"0";"0";"0";"0";"0";"0"
"2022";"Dengue";"FORTALEZA";"06ª REGIÃO DE ITAPIPOCA";"ITAPIPOCA";"2022-07-23";"29";"0";"22";"0";"0";"2";"10"
"2022";"Dengue";"SOBRAL";"15ª REGIÃO CRATEÚS";"NOVA RUSSAS";"2022-09-24";"38";"0";"1";"0";"0";"0";"0"
"2022";"Dengue";"FORTALEZA";"06ª REGIÃO DE ITAPIPOCA";"ITAPIPOCA";"2022-04-02";"13";"0";"90";"0";"0";"19";"8"
"2022";"Dengue";"CARIRI";"18ª REGIÃO IGUATU";"CARIUS";"2022-04-16";"15";"0";"0";"0";"0";"0";"0"
"2022";"Dengue";"FORTALEZA";"03ª REGIÃO MARACANAÚ";"BARREIRA";"2022-04-09";"14";"0";"1";"0";"0";"1";"0"
"2022";"Dengue";"SOBRAL";"11ª REGIÃO SOBRAL";"IPU";"2022-12-24";"51";"0";"0";"0";"0";"0";"0"
"2022";"Dengue";"FORTALEZA";"03ª REGIÃO MARACANAÚ";"BARREIRA";"2022-05-28";"21";"0";"0";"0";"0";"0";"0"
"2022";"Dengue";"LITORAL LESTE/JAGUARIBE";"07ª REGIÃO ARACATI";"ARACATI";"2022-04-23";"16";"0";"14";"0";"0";"0";"7"
"2022";"Dengue";"SOBRAL";"11ª REGIÃO SOBRAL";"HIDROLANDIA";"2022-05-07";"18";"0";"0";"0";"0";"0";"0"
"2022";"Dengue";"CARIRI";"20ª REGIÃO CRATO";"SANTANA DO CARIRI";"2022-08-06";"31";"0";"0";"0";"0";"0";"0"
"2022";"Dengue";"CARIRI";"20ª REGIÃO CRATO";"POTENGI";"2022-06-11";"23";"0";"0";"0";"0";"0";"0"
"2022";"Dengue";"CARIRI";"20ª REGIÃO CRATO";"NOVA OLINDA";"2022-03-26";"12";"0";"7";"0";"0";"0";"0"
"2022";"Dengue";"CARIRI";"17ª REGIÃO ICÓ";"IPAUMIRIM";"2022-09-10";"36";"0";"0";"0";"0";"0";"0"
"2022";"Dengue";"CARIRI";"17ª REGIÃO ICÓ";"BAIXIO";"2022-08-27";"34";"0";"0";"0";"0";"0";"0"
"2022";"Dengue";"SOBRAL";"11ª REGIÃO SOBRAL";"FRECHEIRINHA";"2022-03-05";"9";"0";"0";"0";"0";"0";"0"
"2022";"Dengue";"SERTÃO CENTRAL";"08ª REGIÃO QUIXADÁ";"IBICUITINGA";"2022-12-10";"49";"0";"0";"0";"0";"0";"0"
"2022";"Dengue";"SERTÃO CENTRAL";"14ª REGIÃO TAUÁ";"TAUA";"2022-01-22";"3";"0";"5";"0";"0";"0";"2"
"2022";"Dengue";"SOBRAL";"15ª REGIÃO CRATEÚS";"TAMBORIL";"2022-02-12";"6";"0";"0";"0";"0";"0";"0"
"2022";"Dengue";"SERTÃO CENTRAL";"05ª REGIÃO DE CANINDÉ";"MADALENA";"2022-08-13";"32";"0";"0";"0";"0";"0";"0"
"2022";"Dengue";"LITORAL LESTE/JAGUARIBE";"10ª REGIÃO LIMOEIRO DO NORTE";"LIMOEIRO DO NORTE";"2022-12-31";"52";"0";"1";"0";"0";"0";"0"
"2022";"Dengue";"SOBRAL";"16ª REGIÃO CAMOCIM";"CAMOCIM";"2022-12-24";"51";"0";"0";"0";"0";"0";"0"
"2022";"Dengue";"FORTALEZA";"04ª REGIÃO BATURITÉ";"BATURITE";"2022-05-14";"19";"0";"1";"0";"0";"1";"0"
"2022";"Dengue";"LITORAL LESTE/JAGUARIBE";"10ª REGIÃO LIMOEIRO DO NORTE";"POTIRETAMA";"2022-02-19";"7";"0";"0";"0";"0";"0";"0"
"2022";"Dengue";"CARIRI";"19ª REGIÃO BREJO SANTO";"PENAFORTE";"2022-12-31";"52";"0";"1";"0";"0";"0";"0"
"2022";"Dengue";"CARIRI";"21ª REGIÃO JUAZEIRO DO NORTE";"MISSAO VELHA";"2022-10-15";"41";"0";"0";"0";"0";"0";"0"
"2022";"Dengue";"SOBRAL";"13ª REGIÃO TIANGUÁ";"SAO BENEDITO";"2022-08-13";"32";"0";"0";"0";"0";"0";"0"
"2022";"Dengue";"FORTALEZA";"03ª REGIÃO MARACANAÚ";"MARACANAU";"2022-05-14";"19";"0";"132";"0";"0";"3";"109"
"2022";"Dengue";"SOBRAL";"15ª REGIÃO CRATEÚS";"ARARENDA";"2022-08-13";"32";"0";"0";"0";"0";"0";"0"
"2022";"Dengue";"FORTALEZA";"03ª REGIÃO MARACANAÚ";"PACATUBA";"2022-07-09";"27";"0";"3";"0";"0";"0";"2"
"2022";"Dengue";"SERTÃO CENTRAL";"14ª REGIÃO TAUÁ";"PARAMBU";"2022-09-03";"35";"0";"2";"0";"0";"0";"0"
"2022";"Dengue";"SOBRAL";"11ª REGIÃO SOBRAL";"IPU";"2022-07-23";"29";"0";"6";"0";"0";"1";"1"
"2022";"Dengue";"CARIRI";"19ª REGIÃO BREJO SANTO";"JATI";"2022-05-28";"21";"0";"19";"0";"0";"5";"1"
"2022";"Dengue";"FORTALEZA";"02ª REGIÃO CAUCAIA";"GENERAL SAMPAIO";"2022-09-03";"35";"0";"1";"0";"0";"0";"1"
"2022";"Dengue";"SERTÃO CENTRAL";"08ª REGIÃO QUIXADÁ";"MILHA";"2022-11-12";"45";"0";"0";"0";"0";"0";"0"
"2022";"Dengue";"SOBRAL";"11ª REGIÃO SOBRAL";"SENADOR SA";"2022-08-20";"33";"0";"0";"0";"0";"0";"0"
"2022";"Dengue";"FORTALEZA";"06ª REGIÃO DE ITAPIPOCA";"UMIRIM";"2022-12-31";"52";"0";"0";"0";"0";"0";"0"
"2022";"Dengue";"FORTALEZA";"02ª REGIÃO CAUCAIA";"PARACURU";"2022-12-24";"51";"0";"0";"0";"0";"0";"0"
"2022";"Dengue";"SERTÃO CENTRAL";"14ª REGIÃO TAUÁ";"ARNEIROZ";"2022-03-26";"12";"0";"0";"0";"0";"0";"0"
"2022";"Dengue";"CARIRI";"17ª REGIÃO ICÓ";"ICO";"2022-12-24";"51";"0";"2";"0";"0";"0";"0"
"2022";"Dengue";"CARIRI";"19ª REGIÃO BREJO SANTO";"PORTEIRAS";"2022-08-20";"33";"0";"4";"0";"0";"0";"3"
"2022";"Dengue";"SOBRAL";"11ª REGIÃO SOBRAL";"ALCANTARAS";"2022-12-03";"48";"0";"1";"0";"0";"0";"0"
"2022";"Dengue";"FORTALEZA";"02ª REGIÃO CAUCAIA";"TEJUCUOCA";"2022-04-02";"13";"0";"2";"0";"0";"0";"0"
"2022";"Dengue";"CARIRI";"20ª REGIÃO CRATO";"CRATO";"2022-04-02";"13";"0";"77";"0";"0";"23";"51"
"2022";"Dengue";"SOBRAL";"12ª REGIÃO ACARAÚ";"JIJOCA DE JERICOACOARA";"2022-04-23";"16";"0";"10";"0";"0";"1";"0"
"2022";"Dengue";"SOBRAL";"11ª REGIÃO SOBRAL";"HIDROLANDIA";"2022-12-10";"49";"0";"0";"0";"0";"0";"0"
"2022";"Dengue";"SOBRAL";"13ª REGIÃO TIANGUÁ";"TIANGUA";"2022-01-29";"4";"0";"6";"0";"0";"1";"0"
"2022";"Dengue";"SOBRAL";"11ª REGIÃO SOBRAL";"ALCANTARAS";"2022-06-04";"22";"0";"1";"0";"0";"0";"0"
"2022";"Dengue";"CARIRI";"20ª REGIÃO CRATO";"CRATO";"2022-02-05";"5";"0";"5";"0";"0";"1";"1"
"2022";"Dengue";"SOBRAL";"15ª REGIÃO CRATEÚS";"CRATEUS";"2022-12-17";"50";"0";"0";"0";"0";"0";"0"
"2022";"Dengue";"SOBRAL";"11ª REGIÃO SOBRAL";"MORAUJO";"2022-12-03";"48";"0";"0";"0";"0";"0";"0"
"2022";"Dengue";"CARIRI";"19ª REGIÃO BREJO SANTO";"JATI";"2022-04-16";"15";"0";"22";"0";"0";"0";"0"
"2022";"Dengue";"SOBRAL";"15ª REGIÃO CRATEÚS";"PORANGA";"2022-03-19";"11";"0";"0";"0";"0";"0";"0"
"2022";"Dengue";"SOBRAL";"15ª REGIÃO CRATEÚS";"PORANGA";"2022-12-17";"50";"0";"0";"0";"0";"0";"0"
"2022";"Dengue";"SOBRAL";"11ª REGIÃO SOBRAL";"PIRES FERREIRA";"2022-12-31";"52";"0";"0";"0";"0";"0";"0"
"2022";"Dengue";"SOBRAL";"12ª REGIÃO ACARAÚ";"ACARAU";"2022-08-13";"32";"0";"1";"0";"0";"0";"0"
"2022";"Dengue";"FORTALEZA";"04ª REGIÃO BATURITÉ";"ITAPIUNA";"2022-06-04";"22";"0";"8";"0";"0";"0";"1"
"2022";"Dengue";"CARIRI";"21ª REGIÃO JUAZEIRO DO NORTE";"JUAZEIRO DO NORTE";"2022-12-10";"49";"0";"9";"0";"0";"0";"0"
"2022";"Dengue";"FORTALEZA";"04ª REGIÃO BATURITÉ";"GUARAMIRANGA";"2022-12-31";"52";"0";"0";"0";"0";"0";"0"
"2022";"Dengue";"FORTALEZA";"02ª REGIÃO CAUCAIA";"PENTECOSTE";"2022-12-10";"49";"0";"0";"0";"0";"0";"0"
"2022";"Dengue";"CARIRI";"20ª REGIÃO CRATO";"CAMPOS SALES";"2022-02-26";"8";"0";"26";"0";"0";"0";"0"
"2022";"Dengue";"FORTALEZA";"04ª REGIÃO BATURITÉ";"GUARAMIRANGA";"2022-03-26";"12";"0";"4";"0";"0";"2";"0"
"2022";"Dengue";"LITORAL LESTE/JAGUARIBE";"10ª REGIÃO LIMOEIRO DO NORTE";"LIMOEIRO DO NORTE";"2022-08-06";"31";"0";"137";"0";"0";"26";"109"
"2022";"Dengue";"SERTÃO CENTRAL";"08ª REGIÃO QUIXADÁ";"MILHA";"2022-10-15";"41";"0";"0";"0";"0";"0";"0"
"2022";"Dengue";"LITORAL LESTE/JAGUARIBE";"10ª REGIÃO LIMOEIRO DO NORTE";"JAGUARIBE";"2022-08-20";"33";"0";"104";"0";"0";"0";"0"
"2022";"Dengue";"FORTALEZA";"22ª REGIÃO CASCAVEL";"BEBERIBE";"2022-05-21";"20";"0";"56";"0";"0";"23";"6"
"2022";"Dengue";"SOBRAL";"11ª REGIÃO SOBRAL";"MERUOCA";"2022-02-05";"5";"0";"3";"0";"0";"2";"0"
"2022";"Dengue";"CARIRI";"21ª REGIÃO JUAZEIRO DO NORTE";"CARIRIACU";"2022-09-17";"37";"0";"0";"0";"0";"0";"0"
"2022";"Dengue";"SOBRAL";"12ª REGIÃO ACARAÚ";"ACARAU";"2022-09-17";"37";"0";"9";"0";"0";"3";"0"
"2022";"Dengue";"SOBRAL";"15ª REGIÃO CRATEÚS";"IPAPORANGA";"2022-10-22";"42";"0";"0";"0";"0";"0";"0"
"2022";"Dengue";"FORTALEZA";"22ª REGIÃO CASCAVEL";"CHOROZINHO";"2022-03-19";"11";"0";"0";"0";"0";"0";"0"
"2022";"Dengue";"FORTALEZA";"03ª REGIÃO MARACANAÚ";"MARACANAU";"2022-03-26";"12";"0";"11";"0";"0";"0";"0"
"2022";"Dengue";"SERTÃO CENTRAL";"05ª REGIÃO DE CANINDÉ";"ITATIRA";"2022-04-23";"16";"0";"0";"0";"0";"0";"0"
"2022";"Dengue";"SOBRAL";"15ª REGIÃO CRATEÚS";"INDEPENDENCIA";"2022-10-08";"40";"0";"0";"0";"0";"0";"0"
"2022";"Dengue";"SOBRAL";"15ª REGIÃO CRATEÚS";"PORANGA";"2022-02-26";"8";"0";"0";"0";"0";"0";"0"
"2022";"Dengue";"LITORAL LESTE/JAGUARIBE";"10ª REGIÃO LIMOEIRO DO NORTE";"ERERE";"2022-11-26";"47";"0";"0";"0";"0";"0";"0"
"2022";"Dengue";"LITORAL LESTE/JAGUARIBE";"09ª REGIÃO RUSSAS";"JAGUARUANA";"2022-04-16";"15";"0";"4";"0";"0";"0";"0"
"2022";"Dengue";"LITORAL LESTE/JAGUARIBE";"09ª REGIÃO RUSSAS";"RUSSAS";"2022-01-22";"3";"0";"1";"0";"0";"0";"0"
"2022";"Dengue";"SOBRAL";"12ª REGIÃO ACARAÚ";"MARCO";"2022-08-13";"32";"0";"6";"0";"0";"3";"0"
"2022";"Dengue";"SOBRAL";"11ª REGIÃO SOBRAL";"CARIRE";"2022-06-04";"22";"0";"0";"0";"0";"0";"0"
"2022";"Dengue";"FORTALEZA";"06ª REGIÃO DE ITAPIPOCA";"ITAPIPOCA";"2022-06-11";"23";"0";"90";"0";"0";"0";"27"
"2022";"Dengue";"FORTALEZA";"03ª REGIÃO MARACANAÚ";"REDENCAO";"2022-05-14";"19";"0";"1";"0";"0";"0";"0"
"2022";"Dengue";"FORTALEZA";"02ª REGIÃO CAUCAIA";"PENTECOSTE";"2022-07-02";"26";"0";"0";"0";"0";"0";"0"
"2022";"Dengue";"SOBRAL";"12ª REGIÃO ACARAÚ";"CRUZ";"2022-07-16";"28";"0";"8";"0";"0";"3";"0"
"2022";"Dengue";"CARIRI";"20ª REGIÃO CRATO";"FARIAS BRITO";"2022-02-12";"6";"0";"0";"0";"0";"0";"0"
"2022";"Dengue";"LITORAL LESTE/JAGUARIBE";"09ª REGIÃO RUSSAS";"MORADA NOVA";"2022-12-10";"49";"0";"8";"0";"0";"3";"0"
"2022";"Dengue";"FORTALEZA";"02ª REGIÃO CAUCAIA";"CAUCAIA";"2022-12-03";"48";"0";"14";"0";"0";"3";"6"
"2022";"Dengue";"LITORAL LESTE/JAGUARIBE";"09ª REGIÃO RUSSAS";"RUSSAS";"2022-12-31";"52";"0";"2";"0";"0";"1";"0"
"2022";"Dengue";"FORTALEZA";"04ª REGIÃO BATURITÉ";"ITAPIUNA";"2022-04-16";"15";"0";"2";"0";"0";"0";"0"
"2022";"Dengue";"SOBRAL";"12ª REGIÃO ACARAÚ";"MARCO";"2022-09-03";"35";"0";"7";"0";"0";"2";"0"
"2022";"Dengue";"SOBRAL";"13ª REGIÃO TIANGUÁ";"IBIAPINA";"2022-12-17";"50";"0";"0";"0";"0";"0";"0"
"2022";"Dengue";"FORTALEZA";"03ª REGIÃO MARACANAÚ";"ACARAPE";"2022-02-26";"8";"0";"0";"0";"0";"0";"0"
"2022";"Dengue";"CARIRI";"18ª REGIÃO IGUATU";"ACOPIARA";"2022-09-03";"35";"0";"2";"0";"0";"1";"0"
"2022";"Dengue";"CARIRI";"21ª REGIÃO JUAZEIRO DO NORTE";"MISSAO VELHA";"2022-06-11";"23";"0";"1";"0";"0";"0";"0"
"2022";"Dengue";"FORTALEZA";"22ª REGIÃO CASCAVEL";"CASCAVEL";"2022-08-06";"31";"0";"23";"0";"0";"1";"4"
"2022";"Dengue";"SOBRAL";"12ª REGIÃO ACARAÚ";"CRUZ";"2022-01-15";"2";"0";"0";"0";"0";"0";"0"
"2022";"Dengue";"SOBRAL";"13ª REGIÃO TIANGUÁ";"TIANGUA";"2022-10-01";"39";"0";"10";"0";"0";"5";"0"
"2022";"Dengue";"SOBRAL";"12ª REGIÃO ACARAÚ";"JIJOCA DE JERICOACOARA";"2022-01-22";"3";"0";"1";"0";"0";"0";"0"
"2022";"Dengue";"SOBRAL";"11ª REGIÃO SOBRAL";"CARIRE";"2022-12-10";"49";"0";"0";"0";"0";"0";"0"
"2022";"Dengue";"LITORAL LESTE/JAGUARIBE";"10ª REGIÃO LIMOEIRO DO NORTE";"POTIRETAMA";"2022-12-17";"50";"0";"0";"0";"0";"0";"0"
"2022";"Dengue";"CARIRI";"20ª REGIÃO CRATO";"TARRAFAS";"2022-09-10";"36";"0";"0";"0";"0";"0";"0"
"2022";"Dengue";"LITORAL LESTE/JAGUARIBE";"09ª REGIÃO RUSSAS";"JAGUARETAMA";"2022-11-19";"46";"0";"4";"0";"0";"3";"0"
"2022";"Dengue";"SOBRAL";"13ª REGIÃO TIANGUÁ";"TIANGUA";"2022-06-25";"25";"0";"28";"0";"0";"6";"0"
"2022";"Dengue";"LITORAL LESTE/JAGUARIBE";"07ª REGIÃO ARACATI";"ITAICABA";"2022-05-21";"20";"0";"5";"0";"0";"0";"0"
"2022";"Dengue";"FORTALEZA";"22ª REGIÃO CASCAVEL";"OCARA";"2022-09-24";"38";"0";"5";"0";"0";"0";"0"
"2022";"Dengue";"SOBRAL";"15ª REGIÃO CRATEÚS";"MONSENHOR TABOSA";"2022-12-10";"49";"0";"3";"0";"0";"0";"1"
"2022";"Dengue";"SOBRAL";"11ª REGIÃO SOBRAL";"SENADOR SA";"2022-02-19";"7";"0";"0";"0";"0";"0";"0"
"2022";"Dengue";"CARIRI";"21ª REGIÃO JUAZEIRO DO NORTE";"JARDIM";"2022-10-22";"42";"0";"0";"0";"0";"0";"0"
"2022";"Dengue";"FORTALEZA";"22ª REGIÃO CASCAVEL";"HORIZONTE";"2022-08-13";"32";"0";"0";"0";"0";"0";"0"
"2022";"Dengue";"CARIRI";"20ª REGIÃO CRATO";"ANTONINA DO NORTE";"2022-11-05";"44";"0";"0";"0";"0";"0";"0"
"2022";"Dengue";"SOBRAL";"15ª REGIÃO CRATEÚS";"QUITERIANOPOLIS";"2022-12-10";"49";"0";"1";"0";"0";"0";"0"
"2022";"Dengue";"FORTALEZA";"02ª REGIÃO CAUCAIA";"ITAPAJE";"2022-01-15";"2";"0";"0";"0";"0";"0";"0"
"2022";"Dengue";"SERTÃO CENTRAL";"08ª REGIÃO QUIXADÁ";"SOLONOPOLE";"2022-03-19";"11";"0";"2";"0";"0";"0";"0"
"2022";"Dengue";"CARIRI";"17ª REGIÃO ICÓ";"OROS";"2022-09-24";"38";"0";"4";"0";"0";"0";"0"
"2022";"Dengue";"FORTALEZA";"06ª REGIÃO DE ITAPIPOCA";"ITAPIPOCA";"2022-04-16";"15";"0";"115";"0";"0";"27";"24"
"2022";"Dengue";"CARIRI";"19ª REGIÃO BREJO SANTO";"BARRO";"2022-03-26";"12";"0";"0";"0";"0";"0";"0"
"2022";"Dengue";"SOBRAL";"13ª REGIÃO TIANGUÁ";"GUARACIABA DO NORTE";"2022-01-22";"3";"0";"0";"0";"0";"0";"0"
"2022";"Dengue";"SERTÃO CENTRAL";"08ª REGIÃO QUIXADÁ";"SOLONOPOLE";"2022-06-25";"25";"0";"0";"0";"0";"0";"0"
"2022";"Dengue";"FORTALEZA";"02ª REGIÃO CAUCAIA";"PARACURU";"2022-02-05";"5";"0";"3";"0";"0";"0";"0"
"2022";"Dengue";"SOBRAL";"15ª REGIÃO CRATEÚS";"PORANGA";"2022-07-23";"29";"0";"0";"0";"0";"0";"0"
"2022";"Dengue";"FORTALEZA";"06ª REGIÃO DE ITAPIPOCA";"ITAPIPOCA";"2022-09-10";"36";"0";"2";"0";"0";"0";"1"
"2022";"Dengue";"LITORAL LESTE/JAGUARIBE";"10ª REGIÃO LIMOEIRO DO NORTE";"ERERE";"2022-11-05";"44";"0";"0";"0";"0";"0";"0"
"2022";"Dengue";"FORTALEZA";"02ª REGIÃO CAUCAIA";"SAO GONCALO DO AMARANTE";"2022-06-25";"25";"0";"7";"0";"0";"0";"3"
"2022";"Dengue";"SOBRAL";"13ª REGIÃO TIANGUÁ";"GUARACIABA DO NORTE";"2022-01-15";"2";"0";"0";"0";"0";"0";"0"
"2022";"Dengue";"CARIRI";"17ª REGIÃO ICÓ";"CEDRO";"2022-07-30";"30";"0";"1";"0";"0";"1";"0"
"2022";"Dengue";"CARIRI";"20ª REGIÃO CRATO";"ALTANEIRA";"2022-11-19";"46";"0";"0";"0";"0";"0";"0"
"2022";"Dengue";"FORTALEZA";"06ª REGIÃO DE ITAPIPOCA";"AMONTADA";"2022-03-26";"12";"0";"0";"0";"0";"0";"0"
"2022";"Dengue";"SERTÃO CENTRAL";"08ª REGIÃO QUIXADÁ";"CHORO";"2022-08-06";"31";"0";"6";"0";"0";"1";"2"
"2022";"Dengue";"CARIRI";"18ª REGIÃO IGUATU";"CARIUS";"2022-02-12";"6";"0";"0";"0";"0";"0";"0"
"2022";"Dengue";"FORTALEZA";"02ª REGIÃO CAUCAIA";"PENTECOSTE";"2022-06-18";"24";"0";"3";"0";"0";"0";"3"
"2022";"Dengue";"SOBRAL";"13ª REGIÃO TIANGUÁ";"UBAJARA";"2022-05-07";"18";"0";"2";"0";"0";"2";"0"
"2022";"Dengue";"LITORAL LESTE/JAGUARIBE";"10ª REGIÃO LIMOEIRO DO NORTE";"JAGUARIBE";"2022-03-19";"11";"0";"4";"0";"0";"0";"0"
"2022";"Dengue";"SOBRAL";"11ª REGIÃO SOBRAL";"MORAUJO";"2022-11-26";"47";"0";"0";"0";"0";"0";"0"
"2022";"Dengue";"CARIRI";"21ª REGIÃO JUAZEIRO DO NORTE";"CARIRIACU";"2022-05-14";"19";"0";"2";"0";"0";"0";"0"
"2022";"Dengue";"SOBRAL";"16ª REGIÃO CAMOCIM";"CHAVAL";"2022-10-22";"42";"0";"0";"0";"0";"0";"0"
"2022";"Dengue";"SERTÃO CENTRAL";"05ª REGIÃO DE CANINDÉ";"PARAMOTI";"2022-05-28";"21";"0";"2";"0";"0";"0";"2"
"2022";"Dengue";"LITORAL LESTE/JAGUARIBE";"10ª REGIÃO LIMOEIRO DO NORTE";"IRACEMA";"2022-02-26";"8";"0";"1";"0";"0";"0";"0"
"2022";"Dengue";"CARIRI";"18ª REGIÃO IGUATU";"QUIXELO";"2022-08-20";"33";"0";"3";"0";"0";"3";"0"
"2022";"Dengue";"CARIRI";"17ª REGIÃO ICÓ";"BAIXIO";"2022-02-26";"8";"0";"0";"0";"0";"0";"0"
"2022";"Dengue";"SOBRAL";"15ª REGIÃO CRATEÚS";"TAMBORIL";"2022-03-19";"11";"0";"0";"0";"0";"0";"0"
"2022";"Dengue";"CARIRI";"21ª REGIÃO JUAZEIRO DO NORTE";"GRANJEIRO";"2022-04-30";"17";"0";"10";"0";"0";"0";"0"
"2022";"Dengue";"FORTALEZA";"06ª REGIÃO DE ITAPIPOCA";"URUBURETAMA";"2022-07-02";"26";"0";"1";"0";"0";"0";"0"
"2022";"Dengue";"FORTALEZA";"02ª REGIÃO CAUCAIA";"APUIARES";"2022-11-05";"44";"0";"0";"0";"0";"0";"0"
"2022";"Dengue";"FORTALEZA";"06ª REGIÃO DE ITAPIPOCA";"MIRAIMA";"2022-05-14";"19";"0";"19";"0";"0";"0";"19"
"2022";"Dengue";"SOBRAL";"13ª REGIÃO TIANGUÁ";"SAO BENEDITO";"2022-07-30";"30";"0";"0";"0";"0";"0";"0"
"2022";"Dengue";"SOBRAL";"12ª REGIÃO ACARAÚ";"MORRINHOS";"2022-12-31";"52";"0";"0";"0";"0";"0";"0"
"2022";"Dengue";"SOBRAL";"15ª REGIÃO CRATEÚS";"MONSENHOR TABOSA";"2022-12-03";"48";"0";"2";"0";"0";"0";"0"
"2022";"Dengue";"LITORAL LESTE/JAGUARIBE";"10ª REGIÃO LIMOEIRO DO NORTE";"POTIRETAMA";"2022-07-30";"30";"0";"0";"0";"0";"0";"0"
"2022";"Dengue";"SERTÃO CENTRAL";"05ª REGIÃO DE CANINDÉ";"MADALENA";"2022-06-11";"23";"0";"6";"0";"0";"0";"6"
"2022";"Dengue";"CARIRI";"18ª REGIÃO IGUATU";"ACOPIARA";"2022-07-30";"30";"0";"5";"0";"0";"0";"0"
"2022";"Dengue";"SERTÃO CENTRAL";"08ª REGIÃO QUIXADÁ";"IBARETAMA";"2022-02-12";"6";"0";"0";"0";"0";"0";"0"
"2022";"Dengue";"SOBRAL";"16ª REGIÃO CAMOCIM";"MARTINOPOLE";"2022-10-01";"39";"0";"0";"0";"0";"0";"0"
"2022";"Dengue";"SOBRAL";"11ª REGIÃO SOBRAL";"SOBRAL";"2022-10-22";"42";"0";"13";"0";"0";"0";"0"
"2022";"Dengue";"FORTALEZA";"01ª REGIÃO FORTALEZA";"ITAITINGA";"2022-11-12";"45";"0";"2";"0";"0";"0";"0"
"2022";"Dengue";"SOBRAL";"11ª REGIÃO SOBRAL";"FRECHEIRINHA";"2022-11-26";"47";"0";"0";"0";"0";"0";"0"
"2022";"Dengue";"FORTALEZA";"06ª REGIÃO DE ITAPIPOCA";"MIRAIMA";"2022-12-31";"52";"0";"0";"0";"0";"0";"0"
"2022";"Dengue";"SOBRAL";"13ª REGIÃO TIANGUÁ";"TIANGUA";"2022-02-26";"8";"0";"6";"0";"0";"1";"0"
"2022";"Dengue";"CARIRI";"17ª REGIÃO ICÓ";"OROS";"2022-04-09";"14";"0";"3";"0";"0";"0";"0"
"2022";"Dengue";"CARIRI";"20ª REGIÃO CRATO";"CAMPOS SALES";"2022-10-22";"42";"0";"1";"0";"0";"0";"0"
"2022";"Dengue";"FORTALEZA";"03ª REGIÃO MARACANAÚ";"BARREIRA";"2022-08-20";"33";"0";"0";"0";"0";"0";"0"
"2022";"Dengue";"LITORAL LESTE/JAGUARIBE";"10ª REGIÃO LIMOEIRO DO NORTE";"PEREIRO";"2022-11-19";"46";"0";"1";"0";"0";"0";"0"
"2022";"Dengue";"FORTALEZA";"04ª REGIÃO BATURITÉ";"PACOTI";"2022-02-26";"8";"0";"9";"0";"0";"2";"0"
"2022";"Dengue";"FORTALEZA";"22ª REGIÃO CASCAVEL";"OCARA";"2022-01-08";"1";"0";"0";"0";"0";"0";"0"
"2022";"Dengue";"SOBRAL";"12ª REGIÃO ACARAÚ";"ITAREMA";"2022-02-26";"8";"0";"0";"0";"0";"0";"0"
"2022";"Dengue";"SOBRAL";"16ª REGIÃO CAMOCIM";"CHAVAL";"2022-10-01";"39";"0";"0";"0";"0";"0";"0"
"2022";"Dengue";"CARIRI";"18ª REGIÃO IGUATU";"ACOPIARA";"2022-04-30";"17";"0";"5";"0";"0";"0";"0"
"2022";"Dengue";"LITORAL LESTE/JAGUARIBE";"07ª REGIÃO ARACATI";"ITAICABA";"2022-03-26";"12";"0";"2";"0";"0";"0";"0"
"2022";"Dengue";"FORTALEZA";"02ª REGIÃO CAUCAIA";"PARAIPABA";"2022-07-16";"28";"0";"0";"0";"0";"0";"0"
"2022";"Dengue";"LITORAL LESTE/JAGUARIBE";"07ª REGIÃO ARACATI";"ICAPUI";"2022-12-31";"52";"0";"0";"0";"0";"0";"0"
"2022";"Dengue";"FORTALEZA";"22ª REGIÃO CASCAVEL";"BEBERIBE";"2022-01-08";"1";"0";"1";"0";"0";"0";"0"
"2022";"Dengue";"SERTÃO CENTRAL";"08ª REGIÃO QUIXADÁ";"CHORO";"2022-03-26";"12";"0";"3";"0";"0";"0";"0"
"2022";"Dengue";"CARIRI";"20ª REGIÃO CRATO";"SANTANA DO CARIRI";"2022-11-26";"47";"0";"0";"0";"0";"0";"0"
"2022";"Dengue";"FORTALEZA";"22ª REGIÃO CASCAVEL";"PACAJUS";"2022-06-18";"24";"0";"0";"0";"0";"0";"0"
"2022";"Dengue";"CARIRI";"17ª REGIÃO ICÓ";"LAVRAS DA MANGABEIRA";"2022-09-17";"37";"0";"2";"0";"0";"0";"2"
"2022";"Dengue";"LITORAL LESTE/JAGUARIBE";"10ª REGIÃO LIMOEIRO DO NORTE";"JAGUARIBE";"2022-07-23";"29";"0";"124";"0";"0";"1";"0"
"2022";"Dengue";"SERTÃO CENTRAL";"08ª REGIÃO QUIXADÁ";"IBARETAMA";"2022-03-19";"11";"0";"0";"0";"0";"0";"0"
"2022";"Dengue";"SOBRAL";"11ª REGIÃO SOBRAL";"VARJOTA";"2022-02-19";"7";"0";"0";"0";"0";"0";"0"
"2022";"Dengue";"LITORAL LESTE/JAGUARIBE";"09ª REGIÃO RUSSAS";"RUSSAS";"2022-10-29";"43";"0";"3";"0";"0";"0";"2"
"2022";"Dengue";"FORTALEZA";"03ª REGIÃO MARACANAÚ";"PACATUBA";"2022-10-29";"43";"0";"1";"0";"0";"0";"1"
"2022";"Dengue";"LITORAL LESTE/JAGUARIBE";"10ª REGIÃO LIMOEIRO DO NORTE";"LIMOEIRO DO NORTE";"2022-07-30";"30";"0";"136";"0";"0";"14";"119"
"2022";"Dengue";"FORTALEZA";"06ª REGIÃO DE ITAPIPOCA";"TRAIRI";"2022-01-08";"1";"0";"0";"0";"0";"0";"0"
"2022";"Dengue";"CARIRI";"21ª REGIÃO JUAZEIRO DO NORTE";"CARIRIACU";"2022-03-19";"11";"0";"5";"0";"0";"0";"0"
"2022";"Dengue";"LITORAL LESTE/JAGUARIBE";"07ª REGIÃO ARACATI";"ICAPUI";"2022-12-24";"51";"0";"1";"0";"0";"0";"1"
"2022";"Dengue";"SOBRAL";"15ª REGIÃO CRATEÚS";"IPUEIRAS";"2022-01-22";"3";"0";"0";"0";"0";"0";"0"
"2022";"Dengue";"CARIRI";"18ª REGIÃO IGUATU";"CATARINA";"2022-06-04";"22";"0";"1";"0";"0";"0";"0"
"2022";"Dengue";"SERTÃO CENTRAL";"14ª REGIÃO TAUÁ";"ARNEIROZ";"2022-09-03";"35";"0";"0";"0";"0";"0";"0"
"2022";"Dengue";"FORTALEZA";"22ª REGIÃO CASCAVEL";"PINDORETAMA";"2022-10-08";"40";"0";"0";"0";"0";"0";"0"
"2022";"Dengue";"CARIRI";"20ª REGIÃO CRATO";"VARZEA ALEGRE";"2022-11-12";"45";"0";"0";"0";"0";"0";"0"
"2022";"Dengue";"FORTALEZA";"02ª REGIÃO CAUCAIA";"PARAIPABA";"2022-05-07";"18";"0";"1";"0";"0";"0";"0"
"2022";"Dengue";"FORTALEZA";"04ª REGIÃO BATURITÉ";"ARATUBA";"2022-12-10";"49";"0";"1";"0";"0";"0";"1"
"2022";"Dengue";"SOBRAL";"11ª REGIÃO SOBRAL";"IRAUCUBA";"2022-05-21";"20";"0";"2";"0";"0";"0";"0"
"2022";"Dengue";"SOBRAL";"15ª REGIÃO CRATEÚS";"INDEPENDENCIA";"2022-02-19";"7";"0";"0";"0";"0";"0";"0"
"2022";"Dengue";"FORTALEZA";"22ª REGIÃO CASCAVEL";"PACAJUS";"2022-01-15";"2";"0";"0";"0";"0";"0";"0"
"2022";"Dengue";"SOBRAL";"11ª REGIÃO SOBRAL";"ALCANTARAS";"2022-10-29";"43";"0";"6";"0";"0";"1";"3"
"2022";"Dengue";"CARIRI";"17ª REGIÃO ICÓ";"UMARI";"2022-12-03";"48";"0";"0";"0";"0";"0";"0"
"2022";"Dengue";"FORTALEZA";"03ª REGIÃO MARACANAÚ";"BARREIRA";"2022-02-12";"6";"0";"0";"0";"0";"0";"0"
"2022";"Dengue";"SOBRAL";"16ª REGIÃO CAMOCIM";"MARTINOPOLE";"2022-07-16";"28";"0";"0";"0";"0";"0";"0"
"2022";"Dengue";"CARIRI";"18ª REGIÃO IGUATU";"DEPUTADO IRAPUAN PINHEIRO";"2022-06-11";"23";"0";"0";"0";"0";"0";"0"
"2022";"Dengue";"SOBRAL";"15ª REGIÃO CRATEÚS";"ARARENDA";"2022-05-21";"20";"0";"9";"0";"0";"3";"0"
"2022";"Dengue";"FORTALEZA";"03ª REGIÃO MARACANAÚ";"ACARAPE";"2022-06-18";"24";"0";"1";"0";"0";"0";"0"
"2022";"Dengue";"SOBRAL";"11ª REGIÃO SOBRAL";"SANTANA DO ACARAU";"2022-04-16";"15";"0";"6";"0";"0";"4";"1"
"2022";"Dengue";"SOBRAL";"11ª REGIÃO SOBRAL";"MERUOCA";"2022-11-26";"47";"0";"2";"0";"0";"0";"0"
"2022";"Dengue";"LITORAL LESTE/JAGUARIBE";"10ª REGIÃO LIMOEIRO DO NORTE";"LIMOEIRO DO NORTE";"2022-04-16";"15";"0";"0";"0";"0";"0";"0"
"2022";"Dengue";"SOBRAL";"11ª REGIÃO SOBRAL";"IRAUCUBA";"2022-12-03";"48";"0";"0";"0";"0";"0";"0"
"2022";"Dengue";"SOBRAL";"12ª REGIÃO ACARAÚ";"CRUZ";"2022-04-09";"14";"0";"0";"0";"0";"0";"0"
"2022";"Dengue";"FORTALEZA";"03ª REGIÃO MARACANAÚ";"ACARAPE";"2022-07-09";"27";"0";"2";"0";"0";"0";"0"
"2022";"Dengue";"FORTALEZA";"04ª REGIÃO BATURITÉ";"ARATUBA";"2022-09-03";"35";"0";"1";"0";"0";"0";"1"
"2022";"Dengue";"CARIRI";"18ª REGIÃO IGUATU";"SABOEIRO";"2022-03-26";"12";"0";"1";"0";"0";"0";"1"
"2022";"Dengue";"SERTÃO CENTRAL";"08ª REGIÃO QUIXADÁ";"SOLONOPOLE";"2022-04-09";"14";"0";"0";"0";"0";"0";"0"
"2022";"Dengue";"FORTALEZA";"04ª REGIÃO BATURITÉ";"CAPISTRANO";"2022-11-12";"45";"0";"0";"0";"0";"0";"0"
"2022";"Dengue";"SERTÃO CENTRAL";"08ª REGIÃO QUIXADÁ";"IBARETAMA";"2022-02-19";"7";"0";"0";"0";"0";"0";"0"
"2022";"Dengue";"SOBRAL";"13ª REGIÃO TIANGUÁ";"CARNAUBAL";"2022-02-26";"8";"0";"1";"0";"0";"0";"0"
"2022";"Dengue";"SERTÃO CENTRAL";"14ª REGIÃO TAUÁ";"AIUABA";"2022-08-06";"31";"0";"19";"0";"0";"7";"6"
"2022";"Dengue";"FORTALEZA";"06ª REGIÃO DE ITAPIPOCA";"MIRAIMA";"2022-02-12";"6";"0";"1";"0";"0";"0";"1"
"2022";"Dengue";"SOBRAL";"11ª REGIÃO SOBRAL";"CATUNDA";"2022-12-31";"52";"0";"0";"0";"0";"0";"0"
"2022";"Dengue";"CARIRI";"20ª REGIÃO CRATO";"TARRAFAS";"2022-12-03";"48";"0";"0";"0";"0";"0";"0"
"2022";"Dengue";"SERTÃO CENTRAL";"08ª REGIÃO QUIXADÁ";"QUIXADA";"2022-11-05";"44";"0";"2";"0";"0";"0";"0"
"2022";"Dengue";"SOBRAL";"12ª REGIÃO ACARAÚ";"MORRINHOS";"2022-10-22";"42";"0";"1";"0";"0";"0";"0"
"2022";"Dengue";"FORTALEZA";"02ª REGIÃO CAUCAIA";"PARAIPABA";"2022-03-05";"9";"0";"0";"0";"0";"0";"0"
"2022";"Dengue";"SOBRAL";"12ª REGIÃO ACARAÚ";"CRUZ";"2022-05-21";"20";"0";"7";"0";"0";"2";"0"
"2022";"Dengue";"CARIRI";"19ª REGIÃO BREJO SANTO";"BARRO";"2022-10-01";"39";"0";"2";"0";"0";"0";"0"
"2022";"Dengue";"CARIRI";"19ª REGIÃO BREJO SANTO";"ABAIARA";"2022-02-05";"5";"0";"0";"0";"0";"0";"0"
"2022";"Dengue";"SOBRAL";"11ª REGIÃO SOBRAL";"URUOCA";"2022-10-22";"42";"0";"0";"0";"0";"0";"0"
"2022";"Dengue";"LITORAL LESTE/JAGUARIBE";"07ª REGIÃO ARACATI";"FORTIM";"2022-03-12";"10";"0";"0";"0";"0";"0";"0"
"2022";"Dengue";"FORTALEZA";"06ª REGIÃO DE ITAPIPOCA";"ITAPIPOCA";"2022-07-09";"27";"0";"53";"0";"0";"2";"11"
"2022";"Dengue";"FORTALEZA";"04ª REGIÃO BATURITÉ";"CAPISTRANO";"2022-03-05";"9";"0";"0";"0";"0";"0";"0"
"2022";"Dengue";"SOBRAL";"11ª REGIÃO SOBRAL";"RERIUTABA";"2022-02-26";"8";"0";"1";"0";"0";"0";"0"
"2022";"Dengue";"FORTALEZA";"02ª REGIÃO CAUCAIA";"PARACURU";"2022-01-22";"3";"0";"0";"0";"0";"0";"0"
"2022";"Dengue";"CARIRI";"21ª REGIÃO JUAZEIRO DO NORTE";"MISSAO VELHA";"2022-05-21";"20";"0";"0";"0";"0";"0";"0"
"2022";"Dengue";"FORTALEZA";"02ª REGIÃO CAUCAIA";"PENTECOSTE";"2022-04-09";"14";"0";"0";"0";"0";"0";"0"
"2022";"Dengue";"CARIRI";"17ª REGIÃO ICÓ";"CEDRO";"2022-04-30";"17";"0";"12";"0";"0";"0";"0"
"2022";"Dengue";"SOBRAL";"11ª REGIÃO SOBRAL";"CARIRE";"2022-04-30";"17";"0";"1";"0";"0";"0";"0"
"2022";"Dengue";"SOBRAL";"15ª REGIÃO CRATEÚS";"TAMBORIL";"2022-10-22";"42";"0";"0";"0";"0";"0";"0"
"2022";"Dengue";"FORTALEZA";"02ª REGIÃO CAUCAIA";"SAO GONCALO DO AMARANTE";"2022-09-24";"38";"0";"1";"0";"0";"0";"0"
"2022";"Dengue";"FORTALEZA";"22ª REGIÃO CASCAVEL";"OCARA";"2022-03-12";"10";"0";"6";"0";"0";"1";"0"
"2022";"Dengue";"SOBRAL";"15ª REGIÃO CRATEÚS";"NOVO ORIENTE";"2022-10-01";"39";"0";"1";"0";"0";"0";"0"
"2022";"Dengue";"LITORAL LESTE/JAGUARIBE";"10ª REGIÃO LIMOEIRO DO NORTE";"JAGUARIBE";"2022-11-12";"45";"0";"8";"0";"0";"0";"0"
"2022";"Dengue";"SOBRAL";"12ª REGIÃO ACARAÚ";"MORRINHOS";"2022-03-26";"12";"0";"0";"0";"0";"0";"0"
"2022";"Dengue";"FORTALEZA";"04ª REGIÃO BATURITÉ";"BATURITE";"2022-11-19";"46";"0";"1";"0";"0";"1";"0"
"2022";"Dengue";"FORTALEZA";"03ª REGIÃO MARACANAÚ";"BARREIRA";"2022-01-08";"1";"0";"0";"0";"0";"0";"0"
"2022";"Dengue";"CARIRI";"20ª REGIÃO CRATO";"CAMPOS SALES";"2022-05-21";"20";"0";"20";"0";"0";"0";"0"
"2022";"Dengue";"FORTALEZA";"04ª REGIÃO BATURITÉ";"ARATUBA";"2022-11-19";"46";"0";"1";"0";"0";"0";"1"
"2022";"Dengue";"SERTÃO CENTRAL";"05ª REGIÃO DE CANINDÉ";"PARAMOTI";"2022-09-10";"36";"0";"0";"0";"0";"0";"0"
"2022";"Dengue";"SOBRAL";"12ª REGIÃO ACARAÚ";"JIJOCA DE JERICOACOARA";"2022-10-22";"42";"0";"0";"0";"0";"0";"0"
"2022";"Dengue";"SOBRAL";"11ª REGIÃO SOBRAL";"VARJOTA";"2022-11-05";"44";"0";"0";"0";"0";"0";"0"
"2022";"Dengue";"CARIRI";"21ª REGIÃO JUAZEIRO DO NORTE";"JARDIM";"2022-01-15";"2";"0";"0";"0";"0";"0";"0"
"2022";"Dengue";"SERTÃO CENTRAL";"05ª REGIÃO DE CANINDÉ";"CARIDADE";"2022-04-02";"13";"0";"2";"0";"0";"0";"2"
"2022";"Dengue";"SERTÃO CENTRAL";"05ª REGIÃO DE CANINDÉ";"CANINDE";"2022-07-02";"26";"0";"1";"0";"0";"0";"0"
"2022";"Dengue";"SOBRAL";"15ª REGIÃO CRATEÚS";"NOVA RUSSAS";"2022-07-16";"28";"0";"7";"0";"0";"1";"1"
"2022";"Dengue";"SERTÃO CENTRAL";"08ª REGIÃO QUIXADÁ";"MILHA";"2022-05-07";"18";"0";"0";"0";"0";"0";"0"
"2022";"Dengue";"SOBRAL";"11ª REGIÃO SOBRAL";"HIDROLANDIA";"2022-04-30";"17";"0";"0";"0";"0";"0";"0"
"2022";"Dengue";"FORTALEZA";"06ª REGIÃO DE ITAPIPOCA";"UMIRIM";"2022-05-07";"18";"0";"0";"0";"0";"0";"0"
"2022";"Dengue";"CARIRI";"18ª REGIÃO IGUATU";"IGUATU";"2022-01-15";"2";"0";"1";"0";"0";"0";"1"
"2022";"Dengue";"CARIRI";"18ª REGIÃO IGUATU";"SABOEIRO";"2022-05-14";"19";"0";"0";"0";"0";"0";"0"
"2022";"Dengue";"CARIRI";"20ª REGIÃO CRATO";"VARZEA ALEGRE";"2022-09-24";"38";"0";"3";"0";"0";"2";"0"
"2022";"Dengue";"FORTALEZA";"22ª REGIÃO CASCAVEL";"HORIZONTE";"2022-07-09";"27";"0";"1";"0";"0";"0";"0"
"2022";"Dengue";"CARIRI";"21ª REGIÃO JUAZEIRO DO NORTE";"GRANJEIRO";"2022-01-15";"2";"0";"0";"0";"0";"0";"0"
"2022";"Dengue";"SOBRAL";"13ª REGIÃO TIANGUÁ";"SAO BENEDITO";"2022-02-12";"6";"0";"0";"0";"0";"0";"0"
"2022";"Dengue";"FORTALEZA";"22ª REGIÃO CASCAVEL";"PINDORETAMA";"2022-04-23";"16";"0";"23";"0";"0";"3";"0"
"2022";"Dengue";"FORTALEZA";"22ª REGIÃO CASCAVEL";"CASCAVEL";"2022-03-12";"10";"0";"13";"0";"0";"9";"0"
"2022";"Dengue";"SOBRAL";"11ª REGIÃO SOBRAL";"VARJOTA";"2022-06-18";"24";"0";"0";"0";"0";"0";"0"
"2022";"Dengue";"LITORAL LESTE/JAGUARIBE";"10ª REGIÃO LIMOEIRO DO NORTE";"QUIXERE";"2022-10-29";"43";"0";"0";"0";"0";"0";"0"
"2022";"Dengue";"SOBRAL";"12ª REGIÃO ACARAÚ";"ITAREMA";"2022-01-15";"2";"0";"1";"0";"0";"0";"0"
"2022";"Dengue";"SERTÃO CENTRAL";"05ª REGIÃO DE CANINDÉ";"CARIDADE";"2022-07-02";"26";"0";"21";"0";"0";"1";"0"
"2022";"Dengue";"CARIRI";"21ª REGIÃO JUAZEIRO DO NORTE";"BARBALHA";"2022-11-19";"46";"0";"0";"0";"0";"0";"0"
"2022";"Dengue";"FORTALEZA";"22ª REGIÃO CASCAVEL";"BEBERIBE";"2022-12-31";"52";"0";"1";"0";"0";"0";"0"
"2022";"Dengue";"CARIRI";"17ª REGIÃO ICÓ";"UMARI";"2022-05-14";"19";"0";"7";"0";"0";"0";"2"
"2022";"Dengue";"FORTALEZA";"04ª REGIÃO BATURITÉ";"GUARAMIRANGA";"2022-07-30";"30";"0";"0";"0";"0";"0";"0"
"2022";"Dengue";"CARIRI";"19ª REGIÃO BREJO SANTO";"BREJO SANTO";"2022-06-18";"24";"0";"4";"0";"0";"0";"3"
"2022";"Dengue";"FORTALEZA";"06ª REGIÃO DE ITAPIPOCA";"ITAPIPOCA";"2022-01-22";"3";"0";"4";"0";"0";"0";"0"
"2022";"Dengue";"SOBRAL";"15ª REGIÃO CRATEÚS";"IPUEIRAS";"2022-09-24";"38";"0";"0";"0";"0";"0";"0"
"2022";"Dengue";"CARIRI";"20ª REGIÃO CRATO";"NOVA OLINDA";"2022-08-06";"31";"0";"0";"0";"0";"0";"0"
"2022";"Dengue";"SOBRAL";"11ª REGIÃO SOBRAL";"HIDROLANDIA";"2022-12-31";"52";"0";"0";"0";"0";"0";"0"
"2022";"Dengue";"SOBRAL";"12ª REGIÃO ACARAÚ";"MARCO";"2022-10-01";"39";"0";"2";"0";"0";"0";"0"
"2022";"Dengue";"FORTALEZA";"06ª REGIÃO DE ITAPIPOCA";"URUBURETAMA";"2022-11-19";"46";"0";"1";"0";"0";"0";"0"
"2022";"Dengue";"FORTALEZA";"02ª REGIÃO CAUCAIA";"PARACURU";"2022-07-02";"26";"0";"5";"0";"0";"0";"5"
"2022";"Dengue";"LITORAL LESTE/JAGUARIBE";"10ª REGIÃO LIMOEIRO DO NORTE";"JAGUARIBE";"2022-06-25";"25";"0";"67";"0";"0";"4";"0"
"2022";"Dengue";"SOBRAL";"15ª REGIÃO CRATEÚS";"ARARENDA";"2022-08-27";"34";"0";"0";"0";"0";"0";"0"
"2022";"Dengue";"LITORAL LESTE/JAGUARIBE";"10ª REGIÃO LIMOEIRO DO NORTE";"JAGUARIBARA";"2022-04-09";"14";"0";"1";"0";"0";"1";"0"
"2022";"Dengue";"CARIRI";"19ª REGIÃO BREJO SANTO";"ABAIARA";"2022-04-02";"13";"0";"1";"0";"0";"0";"0"
"2022";"Dengue";"SOBRAL";"11ª REGIÃO SOBRAL";"URUOCA";"2022-04-09";"14";"0";"0";"0";"0";"0";"0"
"2022";"Dengue";"SOBRAL";"11ª REGIÃO SOBRAL";"IRAUCUBA";"2022-12-31";"52";"0";"0";"0";"0";"0";"0"
"2022";"Dengue";"SOBRAL";"11ª REGIÃO SOBRAL";"PACUJA";"2022-08-13";"32";"0";"0";"0";"0";"0";"0"
"2022";"Dengue";"CARIRI";"19ª REGIÃO BREJO SANTO";"ABAIARA";"2022-11-26";"47";"0";"0";"0";"0";"0";"0"
"2022";"Dengue";"LITORAL LESTE/JAGUARIBE";"09ª REGIÃO RUSSAS";"MORADA NOVA";"2022-05-14";"19";"0";"44";"0";"0";"4";"21"
"2022";"Dengue";"SOBRAL";"16ª REGIÃO CAMOCIM";"MARTINOPOLE";"2022-07-30";"30";"0";"0";"0";"0";"0";"0"
"2022";"Dengue";"SOBRAL";"11ª REGIÃO SOBRAL";"MASSAPE";"2022-03-12";"10";"0";"0";"0";"0";"0";"0"
"2022";"Dengue";"CARIRI";"19ª REGIÃO BREJO SANTO";"AURORA";"2022-01-29";"4";"0";"0";"0";"0";"0";"0"
"2022";"Dengue";"FORTALEZA";"01ª REGIÃO FORTALEZA";"FORTALEZA";"2022-02-12";"6";"0";"157";"0";"0";"6";"22"
"2022";"Dengue";"CARIRI";"17ª REGIÃO ICÓ";"BAIXIO";"2022-10-01";"39";"0";"1";"0";"0";"0";"0"
"2022";"Dengue";"SOBRAL";"11ª REGIÃO SOBRAL";"SOBRAL";"2022-04-16";"15";"0";"16";"0";"0";"2";"0"
"2022";"Dengue";"SOBRAL";"12ª REGIÃO ACARAÚ";"MARCO";"2022-11-26";"47";"0";"2";"0";"0";"0";"0"
"2022";"Dengue";"CARIRI";"18ª REGIÃO IGUATU";"DEPUTADO IRAPUAN PINHEIRO";"2022-10-08";"40";"0";"0";"0";"0";"0";"0"
"2022";"Dengue";"FORTALEZA";"02ª REGIÃO CAUCAIA";"PARAIPABA";"2022-12-10";"49";"0";"0";"0";"0";"0";"0"
"2022";"Dengue";"SERTÃO CENTRAL";"05ª REGIÃO DE CANINDÉ";"CANINDE";"2022-01-22";"3";"0";"6";"0";"0";"1";"0"
"2022";"Dengue";"CARIRI";"21ª REGIÃO JUAZEIRO DO NORTE";"JARDIM";"2022-09-17";"37";"0";"0";"0";"0";"0";"0"
"2022";"Dengue";"CARIRI";"20ª REGIÃO CRATO";"ASSARE";"2022-09-03";"35";"0";"0";"0";"0";"0";"0"
"2022";"Dengue";"FORTALEZA";"01ª REGIÃO FORTALEZA";"ITAITINGA";"2022-07-16";"28";"0";"0";"0";"0";"0";"0"
"2022";"Dengue";"FORTALEZA";"01ª REGIÃO FORTALEZA";"EUSEBIO";"2022-09-24";"38";"0";"0";"0";"0";"0";"0"
"2022";"Dengue";"CARIRI";"21ª REGIÃO JUAZEIRO DO NORTE";"MISSAO VELHA";"2022-08-20";"33";"0";"0";"0";"0";"0";"0"
"2022";"Dengue";"LITORAL LESTE/JAGUARIBE";"10ª REGIÃO LIMOEIRO DO NORTE";"TABULEIRO DO NORTE";"2022-03-05";"9";"0";"0";"0";"0";"0";"0"
"2022";"Dengue";"FORTALEZA";"01ª REGIÃO FORTALEZA";"AQUIRAZ";"2022-06-04";"22";"0";"7";"0";"0";"0";"4"
"2022";"Dengue";"CARIRI";"17ª REGIÃO ICÓ";"LAVRAS DA MANGABEIRA";"2022-03-12";"10";"0";"2";"0";"0";"0";"0"
"2022";"Dengue";"CARIRI";"19ª REGIÃO BREJO SANTO";"JATI";"2022-01-15";"2";"0";"1";"0";"0";"0";"0"
"2022";"Dengue";"SOBRAL";"12ª REGIÃO ACARAÚ";"CRUZ";"2022-02-05";"5";"0";"0";"0";"0";"0";"0"
"2022";"Dengue";"SOBRAL";"15ª REGIÃO CRATEÚS";"CRATEUS";"2022-08-27";"34";"0";"4";"0";"0";"0";"0"
"2022";"Dengue";"CARIRI";"19ª REGIÃO BREJO SANTO";"MILAGRES";"2022-05-14";"19";"0";"36";"0";"0";"1";"15"
"2022";"Dengue";"SOBRAL";"12ª REGIÃO ACARAÚ";"BELA CRUZ";"2022-05-21";"20";"0";"9";"0";"0";"4";"1"
"2022";"Dengue";"SOBRAL";"13ª REGIÃO TIANGUÁ";"UBAJARA";"2022-07-09";"27";"0";"3";"0";"0";"1";"1"
"2022";"Dengue";"SERTÃO CENTRAL";"05ª REGIÃO DE CANINDÉ";"CANINDE";"2022-11-26";"47";"0";"0";"0";"0";"0";"0"
"2022";"Dengue";"CARIRI";"21ª REGIÃO JUAZEIRO DO NORTE";"GRANJEIRO";"2022-07-30";"30";"0";"0";"0";"0";"0";"0"
"2022";"Dengue";"CARIRI";"21ª REGIÃO JUAZEIRO DO NORTE";"BARBALHA";"2022-09-24";"38";"0";"1";"0";"0";"0";"0"
"2022";"Dengue";"FORTALEZA";"06ª REGIÃO DE ITAPIPOCA";"AMONTADA";"2022-08-06";"31";"0";"0";"0";"0";"0";"0"
"2022";"Dengue";"SERTÃO CENTRAL";"05ª REGIÃO DE CANINDÉ";"PARAMOTI";"2022-06-04";"22";"0";"4";"0";"0";"0";"3"
"2022";"Dengue";"FORTALEZA";"02ª REGIÃO CAUCAIA";"GENERAL SAMPAIO";"2022-04-23";"16";"0";"0";"0";"0";"0";"0"
"2022";"Dengue";"FORTALEZA";"06ª REGIÃO DE ITAPIPOCA";"TURURU";"2022-07-30";"30";"0";"2";"0";"0";"0";"1"
"2022";"Dengue";"FORTALEZA";"06ª REGIÃO DE ITAPIPOCA";"MIRAIMA";"2022-05-07";"18";"0";"25";"0";"0";"3";"21"
"2022";"Dengue";"SOBRAL";"12ª REGIÃO ACARAÚ";"JIJOCA DE JERICOACOARA";"2022-06-25";"25";"0";"27";"0";"0";"1";"0"
"2022";"Dengue";"CARIRI";"18ª REGIÃO IGUATU";"CARIUS";"2022-08-13";"32";"0";"0";"0";"0";"0";"0"
"2022";"Dengue";"FORTALEZA";"04ª REGIÃO BATURITÉ";"PACOTI";"2022-02-05";"5";"0";"13";"0";"0";"2";"0"
"2022";"Dengue";"FORTALEZA";"04ª REGIÃO BATURITÉ";"ARATUBA";"2022-05-21";"20";"0";"12";"0";"0";"4";"5"
"2022";"Dengue";"SERTÃO CENTRAL";"08ª REGIÃO QUIXADÁ";"SENADOR POMPEU";"2022-09-10";"36";"0";"0";"0";"0";"0";"0"
"2022";"Dengue";"SERTÃO CENTRAL";"08ª REGIÃO QUIXADÁ";"QUIXERAMOBIM";"2022-07-16";"28";"0";"47";"0";"0";"0";"24"
"2022";"Dengue";"CARIRI";"19ª REGIÃO BREJO SANTO";"ABAIARA";"2022-03-19";"11";"0";"22";"0";"0";"1";"1"
"2022";"Dengue";"SOBRAL";"11ª REGIÃO SOBRAL";"CARIRE";"2022-08-20";"33";"0";"2";"0";"0";"0";"2"
"2022";"Dengue";"CARIRI";"19ª REGIÃO BREJO SANTO";"JATI";"2022-10-08";"40";"0";"0";"0";"0";"0";"0"
"2022";"Dengue";"FORTALEZA";"01ª REGIÃO FORTALEZA";"EUSEBIO";"2022-09-17";"37";"0";"2";"0";"0";"1";"0"
"2022";"Dengue";"SOBRAL";"12ª REGIÃO ACARAÚ";"MORRINHOS";"2022-05-21";"20";"0";"5";"0";"0";"1";"0"
"2022";"Dengue";"CARIRI";"19ª REGIÃO BREJO SANTO";"MAURITI";"2022-11-12";"45";"0";"0";"0";"0";"0";"0"
"2022";"Dengue";"LITORAL LESTE/JAGUARIBE";"10ª REGIÃO LIMOEIRO DO NORTE";"LIMOEIRO DO NORTE";"2022-12-24";"51";"0";"1";"0";"0";"0";"0"
"2022";"Dengue";"FORTALEZA";"01ª REGIÃO FORTALEZA";"FORTALEZA";"2022-05-28";"21";"0";"1965";"0";"0";"142";"899"
"2022";"Dengue";"SOBRAL";"15ª REGIÃO CRATEÚS";"MONSENHOR TABOSA";"2022-06-11";"23";"0";"7";"0";"0";"0";"5"
"2022";"Dengue";"SOBRAL";"13ª REGIÃO TIANGUÁ";"TIANGUA";"2022-05-14";"19";"0";"37";"0";"0";"11";"0"
"2022";"Dengue";"LITORAL LESTE/JAGUARIBE";"10ª REGIÃO LIMOEIRO DO NORTE";"TABULEIRO DO NORTE";"2022-07-30";"30";"0";"24";"0";"0";"15";"4"
"2022";"Dengue";"SOBRAL";"15ª REGIÃO CRATEÚS";"QUITERIANOPOLIS";"2022-04-02";"13";"0";"8";"0";"0";"6";"0"
"2022";"Dengue";"FORTALEZA";"03ª REGIÃO MARACANAÚ";"MARANGUAPE";"2022-12-17";"50";"0";"0";"0";"0";"0";"0"
"2022";"Dengue";"SERTÃO CENTRAL";"08ª REGIÃO QUIXADÁ";"QUIXERAMOBIM";"2022-04-23";"16";"0";"2";"0";"0";"0";"1"
"2022";"Dengue";"CARIRI";"20ª REGIÃO CRATO";"TARRAFAS";"2022-05-14";"19";"0";"2";"0";"0";"0";"2"
"2022";"Dengue";"LITORAL LESTE/JAGUARIBE";"10ª REGIÃO LIMOEIRO DO NORTE";"SAO JOAO DO JAGUARIBE";"2022-05-14";"19";"0";"0";"0";"0";"0";"0"
"2022";"Dengue";"SERTÃO CENTRAL";"05ª REGIÃO DE CANINDÉ";"CARIDADE";"2022-07-09";"27";"0";"6";"0";"0";"2";"0"
"2022";"Dengue";"FORTALEZA";"03ª REGIÃO MARACANAÚ";"PALMACIA";"2022-08-20";"33";"0";"3";"0";"0";"0";"0"
"2022";"Dengue";"SOBRAL";"13ª REGIÃO TIANGUÁ";"SAO BENEDITO";"2022-11-12";"45";"0";"0";"0";"0";"0";"0"
"2022";"Dengue";"FORTALEZA";"02ª REGIÃO CAUCAIA";"PARAIPABA";"2022-10-29";"43";"0";"2";"0";"0";"0";"0"
"2022";"Dengue";"FORTALEZA";"04ª REGIÃO BATURITÉ";"ARATUBA";"2022-05-14";"19";"0";"27";"0";"0";"6";"9"
"2022";"Dengue";"FORTALEZA";"22ª REGIÃO CASCAVEL";"PINDORETAMA";"2022-04-16";"15";"0";"38";"0";"0";"5";"0"
"2022";"Dengue";"SOBRAL";"13ª REGIÃO TIANGUÁ";"GUARACIABA DO NORTE";"2022-09-17";"37";"0";"2";"0";"0";"2";"0"
"2022";"Dengue";"CARIRI";"17ª REGIÃO ICÓ";"CEDRO";"2022-02-19";"7";"0";"0";"0";"0";"0";"0"
"2022";"Dengue";"SOBRAL";"11ª REGIÃO SOBRAL";"MORAUJO";"2022-07-02";"26";"0";"1";"0";"0";"0";"1"
"2022";"Dengue";"SERTÃO CENTRAL";"14ª REGIÃO TAUÁ";"AIUABA";"2022-03-26";"12";"0";"0";"0";"0";"0";"0"
"2022";"Dengue";"FORTALEZA";"03ª REGIÃO MARACANAÚ";"BARREIRA";"2022-09-17";"37";"0";"0";"0";"0";"0";"0"
"2022";"Dengue";"CARIRI";"19ª REGIÃO BREJO SANTO";"AURORA";"2022-07-02";"26";"0";"0";"0";"0";"0";"0"
"2022";"Dengue";"CARIRI";"18ª REGIÃO IGUATU";"DEPUTADO IRAPUAN PINHEIRO";"2022-05-21";"20";"0";"1";"0";"0";"0";"0"
"2022";"Dengue";"LITORAL LESTE/JAGUARIBE";"07ª REGIÃO ARACATI";"ICAPUI";"2022-09-24";"38";"0";"2";"0";"0";"0";"1"
"2022";"Dengue";"FORTALEZA";"04ª REGIÃO BATURITÉ";"MULUNGU";"2022-11-05";"44";"0";"0";"0";"0";"0";"0"
"2022";"Dengue";"FORTALEZA";"01ª REGIÃO FORTALEZA";"EUSEBIO";"2022-07-02";"26";"0";"1";"0";"0";"1";"0"
"2022";"Dengue";"FORTALEZA";"06ª REGIÃO DE ITAPIPOCA";"UMIRIM";"2022-09-24";"38";"0";"0";"0";"0";"0";"0"
"2022";"Dengue";"CARIRI";"18ª REGIÃO IGUATU";"MOMBACA";"2022-12-03";"48";"0";"2";"0";"0";"0";"2"
"2022";"Dengue";"FORTALEZA";"02ª REGIÃO CAUCAIA";"CAUCAIA";"2022-03-12";"10";"0";"7";"0";"0";"1";"4"
"2022";"Dengue";"SOBRAL";"11ª REGIÃO SOBRAL";"PACUJA";"2022-03-19";"11";"0";"0";"0";"0";"0";"0"
"2022";"Dengue";"SOBRAL";"15ª REGIÃO CRATEÚS";"CRATEUS";"2022-12-10";"49";"0";"0";"0";"0";"0";"0"
"2022";"Dengue";"FORTALEZA";"22ª REGIÃO CASCAVEL";"HORIZONTE";"2022-12-24";"51";"0";"1";"0";"0";"0";"0"
"2022";"Dengue";"SERTÃO CENTRAL";"14ª REGIÃO TAUÁ";"PARAMBU";"2022-11-05";"44";"0";"0";"0";"0";"0";"0"
"2022";"Dengue";"SOBRAL";"15ª REGIÃO CRATEÚS";"ARARENDA";"2022-06-25";"25";"0";"3";"0";"0";"1";"0"
"2022";"Dengue";"SOBRAL";"15ª REGIÃO CRATEÚS";"ARARENDA";"2022-02-19";"7";"0";"1";"0";"0";"0";"1"
"2022";"Dengue";"SOBRAL";"13ª REGIÃO TIANGUÁ";"VICOSA DO CEARA";"2022-04-09";"14";"0";"11";"0";"0";"2";"0"
"2022";"Dengue";"SOBRAL";"12ª REGIÃO ACARAÚ";"ITAREMA";"2022-12-03";"48";"0";"1";"0";"0";"0";"0"
"2022";"Dengue";"SOBRAL";"11ª REGIÃO SOBRAL";"ALCANTARAS";"2022-05-07";"18";"0";"1";"0";"0";"0";"0"
"2022";"Dengue";"SOBRAL";"11ª REGIÃO SOBRAL";"HIDROLANDIA";"2022-08-27";"34";"0";"0";"0";"0";"0";"0"
"2022";"Dengue";"SERTÃO CENTRAL";"05ª REGIÃO DE CANINDÉ";"BOA VIAGEM";"2022-09-10";"36";"0";"5";"0";"0";"0";"0"
"2022";"Dengue";"SOBRAL";"15ª REGIÃO CRATEÚS";"PORANGA";"2022-10-22";"42";"0";"0";"0";"0";"0";"0"
"2022";"Dengue";"CARIRI";"17ª REGIÃO ICÓ";"IPAUMIRIM";"2022-10-01";"39";"0";"0";"0";"0";"0";"0"
"2022";"Dengue";"LITORAL LESTE/JAGUARIBE";"10ª REGIÃO LIMOEIRO DO NORTE";"PEREIRO";"2022-02-19";"7";"0";"1";"0";"0";"0";"0"
"2022";"Dengue";"FORTALEZA";"06ª REGIÃO DE ITAPIPOCA";"ITAPIPOCA";"2022-12-10";"49";"0";"0";"0";"0";"0";"0"
"2022";"Dengue";"CARIRI";"20ª REGIÃO CRATO";"CAMPOS SALES";"2022-07-02";"26";"0";"0";"0";"0";"0";"0"
"2022";"Dengue";"SOBRAL";"11ª REGIÃO SOBRAL";"IRAUCUBA";"2022-12-10";"49";"0";"0";"0";"0";"0";"0"
"2022";"Dengue";"SOBRAL";"16ª REGIÃO CAMOCIM";"GRANJA";"2022-04-16";"15";"0";"1";"0";"0";"1";"0"
"2022";"Dengue";"CARIRI";"21ª REGIÃO JUAZEIRO DO NORTE";"GRANJEIRO";"2022-02-26";"8";"0";"1";"0";"0";"0";"0"
"2022";"Dengue";"LITORAL LESTE/JAGUARIBE";"09ª REGIÃO RUSSAS";"JAGUARUANA";"2022-12-24";"51";"0";"3";"0";"0";"1";"2"
"2022";"Dengue";"LITORAL LESTE/JAGUARIBE";"10ª REGIÃO LIMOEIRO DO NORTE";"SAO JOAO DO JAGUARIBE";"2022-03-26";"12";"0";"1";"0";"0";"0";"0"
"2022";"Dengue";"SOBRAL";"12ª REGIÃO ACARAÚ";"ACARAU";"2022-12-24";"51";"0";"0";"0";"0";"0";"0"
"2022";"Dengue";"SOBRAL";"15ª REGIÃO CRATEÚS";"PORANGA";"2022-07-30";"30";"0";"1";"0";"0";"1";"0"
"2022";"Dengue";"SOBRAL";"16ª REGIÃO CAMOCIM";"MARTINOPOLE";"2022-10-15";"41";"0";"0";"0";"0";"0";"0"
"2022";"Dengue";"SOBRAL";"16ª REGIÃO CAMOCIM";"CHAVAL";"2022-02-05";"5";"0";"0";"0";"0";"0";"0"
"2022";"Dengue";"LITORAL LESTE/JAGUARIBE";"10ª REGIÃO LIMOEIRO DO NORTE";"POTIRETAMA";"2022-06-04";"22";"0";"0";"0";"0";"0";"0"
"2022";"Dengue";"LITORAL LESTE/JAGUARIBE";"10ª REGIÃO LIMOEIRO DO NORTE";"JAGUARIBARA";"2022-03-19";"11";"0";"0";"0";"0";"0";"0"
"2022";"Dengue";"SOBRAL";"13ª REGIÃO TIANGUÁ";"VICOSA DO CEARA";"2022-08-27";"34";"0";"1";"0";"0";"0";"0"
"2022";"Dengue";"CARIRI";"20ª REGIÃO CRATO";"POTENGI";"2022-08-06";"31";"0";"0";"0";"0";"0";"0"
"2022";"Dengue";"CARIRI";"21ª REGIÃO JUAZEIRO DO NORTE";"GRANJEIRO";"2022-05-07";"18";"0";"2";"0";"0";"0";"0"
"2022";"Dengue";"CARIRI";"20ª REGIÃO CRATO";"ARARIPE";"2022-01-22";"3";"0";"0";"0";"0";"0";"0"
"2022";"Dengue";"CARIRI";"18ª REGIÃO IGUATU";"QUIXELO";"2022-04-23";"16";"0";"0";"0";"0";"0";"0"
"2022";"Dengue";"LITORAL LESTE/JAGUARIBE";"09ª REGIÃO RUSSAS";"PALHANO";"2022-07-23";"29";"0";"2";"0";"0";"0";"2"
"2022";"Dengue";"FORTALEZA";"03ª REGIÃO MARACANAÚ";"PALMACIA";"2022-01-29";"4";"0";"5";"0";"0";"4";"0"
"2022";"Dengue";"SERTÃO CENTRAL";"08ª REGIÃO QUIXADÁ";"PEDRA BRANCA";"2022-03-26";"12";"0";"54";"0";"0";"0";"40"
"2022";"Dengue";"CARIRI";"19ª REGIÃO BREJO SANTO";"PORTEIRAS";"2022-12-31";"52";"0";"0";"0";"0";"0";"0"
"2022";"Dengue";"LITORAL LESTE/JAGUARIBE";"10ª REGIÃO LIMOEIRO DO NORTE";"SAO JOAO DO JAGUARIBE";"2022-08-27";"34";"0";"4";"0";"0";"0";"0"
"2022";"Dengue";"SOBRAL";"13ª REGIÃO TIANGUÁ";"GUARACIABA DO NORTE";"2022-03-19";"11";"0";"0";"0";"0";"0";"0"
"2022";"Dengue";"CARIRI";"17ª REGIÃO ICÓ";"BAIXIO";"2022-06-18";"24";"0";"0";"0";"0";"0";"0"
"2022";"Dengue";"SOBRAL";"11ª REGIÃO SOBRAL";"PIRES FERREIRA";"2022-03-26";"12";"0";"0";"0";"0";"0";"0"
"2022";"Dengue";"LITORAL LESTE/JAGUARIBE";"10ª REGIÃO LIMOEIRO DO NORTE";"POTIRETAMA";"2022-01-15";"2";"0";"0";"0";"0";"0";"0"
"2022";"Dengue";"SOBRAL";"11ª REGIÃO SOBRAL";"FORQUILHA";"2022-01-08";"1";"0";"0";"0";"0";"0";"0"
"2022";"Dengue";"FORTALEZA";"22ª REGIÃO CASCAVEL";"CASCAVEL";"2022-08-13";"32";"0";"27";"0";"0";"0";"6"
"2022";"Dengue";"SOBRAL";"12ª REGIÃO ACARAÚ";"MORRINHOS";"2022-07-30";"30";"0";"2";"0";"0";"0";"0"
"2022";"Dengue";"FORTALEZA";"01ª REGIÃO FORTALEZA";"FORTALEZA";"2022-01-15";"2";"0";"181";"0";"0";"9";"23"
"2022";"Dengue";"SERTÃO CENTRAL";"08ª REGIÃO QUIXADÁ";"BANABUIU";"2022-04-02";"13";"0";"2";"0";"0";"0";"0"
"2022";"Dengue";"CARIRI";"19ª REGIÃO BREJO SANTO";"PENAFORTE";"2022-09-03";"35";"0";"0";"0";"0";"0";"0"
"2022";"Dengue";"SERTÃO CENTRAL";"14ª REGIÃO TAUÁ";"TAUA";"2022-10-29";"43";"0";"9";"0";"0";"2";"2"
"2022";"Dengue";"FORTALEZA";"03ª REGIÃO MARACANAÚ";"MARACANAU";"2022-02-19";"7";"0";"5";"0";"0";"0";"0"
"2022";"Dengue";"SERTÃO CENTRAL";"05ª REGIÃO DE CANINDÉ";"CARIDADE";"2022-08-13";"32";"0";"1";"0";"0";"0";"0"
"2022";"Dengue";"FORTALEZA";"04ª REGIÃO BATURITÉ";"GUARAMIRANGA";"2022-06-11";"23";"0";"6";"0";"0";"0";"3"
"2022";"Dengue";"FORTALEZA";"22ª REGIÃO CASCAVEL";"CASCAVEL";"2022-11-19";"46";"0";"0";"0";"0";"0";"0"
"2022";"Dengue";"SOBRAL";"11ª REGIÃO SOBRAL";"GROAIRAS";"2022-09-10";"36";"0";"5";"0";"0";"3";"0"
"2022";"Dengue";"CARIRI";"18ª REGIÃO IGUATU";"PIQUET CARNEIRO";"2022-02-19";"7";"0";"1";"0";"0";"0";"0"
"2022";"Dengue";"CARIRI";"20ª REGIÃO CRATO";"CAMPOS SALES";"2022-04-30";"17";"0";"27";"0";"0";"1";"0"
"2022";"Dengue";"SOBRAL";"13ª REGIÃO TIANGUÁ";"SAO BENEDITO";"2022-07-23";"29";"0";"3";"0";"0";"0";"0"
"2022";"Dengue";"LITORAL LESTE/JAGUARIBE";"10ª REGIÃO LIMOEIRO DO NORTE";"ALTO SANTO";"2022-12-03";"48";"0";"0";"0";"0";"0";"0"
"2022";"Dengue";"CARIRI";"21ª REGIÃO JUAZEIRO DO NORTE";"CARIRIACU";"2022-09-24";"38";"0";"0";"0";"0";"0";"0"
"2022";"Dengue";"CARIRI";"17ª REGIÃO ICÓ";"ICO";"2022-08-27";"34";"0";"34";"0";"0";"2";"5"
"2022";"Dengue";"CARIRI";"19ª REGIÃO BREJO SANTO";"ABAIARA";"2022-11-19";"46";"0";"0";"0";"0";"0";"0"
"2022";"Dengue";"SOBRAL";"11ª REGIÃO SOBRAL";"ALCANTARAS";"2022-01-15";"2";"0";"0";"0";"0";"0";"0"
"2022";"Dengue";"SOBRAL";"11ª REGIÃO SOBRAL";"URUOCA";"2022-01-15";"2";"0";"0";"0";"0";"0";"0"
"2022";"Dengue";"FORTALEZA";"04ª REGIÃO BATURITÉ";"ITAPIUNA";"2022-10-22";"42";"0";"0";"0";"0";"0";"0"
"2022";"Dengue";"SERTÃO CENTRAL";"08ª REGIÃO QUIXADÁ";"PEDRA BRANCA";"2022-07-02";"26";"0";"5";"0";"0";"0";"3"
"2022";"Dengue";"SOBRAL";"12ª REGIÃO ACARAÚ";"MORRINHOS";"2022-06-11";"23";"0";"4";"0";"0";"1";"0"
"2022";"Dengue";"SOBRAL";"15ª REGIÃO CRATEÚS";"NOVO ORIENTE";"2022-05-21";"20";"0";"30";"0";"0";"13";"1"
"2022";"Dengue";"SERTÃO CENTRAL";"08ª REGIÃO QUIXADÁ";"MILHA";"2022-10-22";"42";"0";"0";"0";"0";"0";"0"
"2022";"Dengue";"FORTALEZA";"06ª REGIÃO DE ITAPIPOCA";"TRAIRI";"2022-12-17";"50";"0";"0";"0";"0";"0";"0"
"2022";"Dengue";"SERTÃO CENTRAL";"08ª REGIÃO QUIXADÁ";"MILHA";"2022-03-05";"9";"0";"0";"0";"0";"0";"0"
"2022";"Dengue";"FORTALEZA";"22ª REGIÃO CASCAVEL";"HORIZONTE";"2022-02-12";"6";"0";"1";"0";"0";"0";"0"
"2022";"Dengue";"SOBRAL";"15ª REGIÃO CRATEÚS";"QUITERIANOPOLIS";"2022-10-15";"41";"0";"0";"0";"0";"0";"0"
"2022";"Dengue";"FORTALEZA";"03ª REGIÃO MARACANAÚ";"REDENCAO";"2022-08-06";"31";"0";"0";"0";"0";"0";"0"
"2022";"Dengue";"SOBRAL";"11ª REGIÃO SOBRAL";"MERUOCA";"2022-02-26";"8";"0";"0";"0";"0";"0";"0"
"2022";"Dengue";"SERTÃO CENTRAL";"05ª REGIÃO DE CANINDÉ";"PARAMOTI";"2022-12-10";"49";"0";"0";"0";"0";"0";"0"
"2022";"Dengue";"LITORAL LESTE/JAGUARIBE";"09ª REGIÃO RUSSAS";"PALHANO";"2022-08-27";"34";"0";"0";"0";"0";"0";"0"
"2022";"Dengue";"SOBRAL";"15ª REGIÃO CRATEÚS";"IPAPORANGA";"2022-06-11";"23";"0";"0";"0";"0";"0";"0"
"2022";"Dengue";"SERTÃO CENTRAL";"08ª REGIÃO QUIXADÁ";"PEDRA BRANCA";"2022-10-01";"39";"0";"3";"0";"0";"0";"1"
"2022";"Dengue";"SOBRAL";"11ª REGIÃO SOBRAL";"PIRES FERREIRA";"2022-07-02";"26";"0";"3";"0";"0";"0";"3"
"2022";"Dengue";"LITORAL LESTE/JAGUARIBE";"07ª REGIÃO ARACATI";"ITAICABA";"2022-07-09";"27";"0";"13";"0";"0";"0";"1"
"2022";"Dengue";"FORTALEZA";"01ª REGIÃO FORTALEZA";"AQUIRAZ";"2022-08-27";"34";"0";"3";"0";"0";"0";"0"
"2022";"Dengue";"CARIRI";"17ª REGIÃO ICÓ";"OROS";"2022-07-30";"30";"0";"18";"0";"0";"0";"3"
"2022";"Dengue";"SOBRAL";"11ª REGIÃO SOBRAL";"MORAUJO";"2022-09-03";"35";"0";"3";"0";"0";"2";"0"
"2022";"Dengue";"SERTÃO CENTRAL";"05ª REGIÃO DE CANINDÉ";"MADALENA";"2022-01-15";"2";"0";"1";"0";"0";"0";"1"
"2022";"Dengue";"FORTALEZA";"04ª REGIÃO BATURITÉ";"CAPISTRANO";"2022-12-10";"49";"0";"0";"0";"0";"0";"0"
"2022";"Dengue";"CARIRI";"20ª REGIÃO CRATO";"CAMPOS SALES";"2022-08-06";"31";"0";"0";"0";"0";"0";"0"
"2022";"Dengue";"SOBRAL";"11ª REGIÃO SOBRAL";"PACUJA";"2022-03-26";"12";"0";"0";"0";"0";"0";"0"
"2022";"Dengue";"CARIRI";"17ª REGIÃO ICÓ";"UMARI";"2022-01-29";"4";"0";"0";"0";"0";"0";"0"
"2022";"Dengue";"LITORAL LESTE/JAGUARIBE";"10ª REGIÃO LIMOEIRO DO NORTE";"TABULEIRO DO NORTE";"2022-02-12";"6";"0";"0";"0";"0";"0";"0"
"2022";"Dengue";"FORTALEZA";"22ª REGIÃO CASCAVEL";"CASCAVEL";"2022-05-07";"18";"0";"112";"0";"0";"19";"18"
"2022";"Dengue";"SERTÃO CENTRAL";"08ª REGIÃO QUIXADÁ";"QUIXERAMOBIM";"2022-08-20";"33";"0";"2";"0";"0";"0";"1"
"2022";"Dengue";"SOBRAL";"15ª REGIÃO CRATEÚS";"QUITERIANOPOLIS";"2022-11-05";"44";"0";"0";"0";"0";"0";"0"
"2022";"Dengue";"FORTALEZA";"22ª REGIÃO CASCAVEL";"CASCAVEL";"2022-04-09";"14";"0";"47";"0";"0";"15";"3"
"2022";"Dengue";"SERTÃO CENTRAL";"05ª REGIÃO DE CANINDÉ";"BOA VIAGEM";"2022-05-21";"20";"0";"58";"0";"0";"11";"29"
"2022";"Dengue";"LITORAL LESTE/JAGUARIBE";"10ª REGIÃO LIMOEIRO DO NORTE";"ALTO SANTO";"2022-10-29";"43";"0";"0";"0";"0";"0";"0"
"2022";"Dengue";"CARIRI";"20ª REGIÃO CRATO";"CRATO";"2022-08-27";"34";"0";"1";"0";"0";"0";"1"
"2022";"Dengue";"FORTALEZA";"01ª REGIÃO FORTALEZA";"AQUIRAZ";"2022-06-25";"25";"0";"4";"0";"0";"0";"0"
"2022";"Dengue";"SOBRAL";"15ª REGIÃO CRATEÚS";"QUITERIANOPOLIS";"2022-07-16";"28";"0";"6";"0";"0";"3";"0"
"2022";"Dengue";"CARIRI";"17ª REGIÃO ICÓ";"UMARI";"2022-11-19";"46";"0";"0";"0";"0";"0";"0"
"2022";"Dengue";"CARIRI";"20ª REGIÃO CRATO";"VARZEA ALEGRE";"2022-02-26";"8";"0";"5";"0";"0";"0";"0"
"2022";"Dengue";"SOBRAL";"12ª REGIÃO ACARAÚ";"MORRINHOS";"2022-01-15";"2";"0";"0";"0";"0";"0";"0"
"2022";"Dengue";"SOBRAL";"11ª REGIÃO SOBRAL";"RERIUTABA";"2022-09-03";"35";"0";"1";"0";"0";"0";"0"
"2022";"Dengue";"CARIRI";"20ª REGIÃO CRATO";"ASSARE";"2022-03-12";"10";"0";"9";"0";"0";"1";"0"
"2022";"Dengue";"SOBRAL";"15ª REGIÃO CRATEÚS";"IPAPORANGA";"2022-11-12";"45";"0";"0";"0";"0";"0";"0"
"2022";"Dengue";"LITORAL LESTE/JAGUARIBE";"09ª REGIÃO RUSSAS";"RUSSAS";"2022-05-07";"18";"0";"36";"0";"0";"1";"0"
"2022";"Dengue";"SERTÃO CENTRAL";"08ª REGIÃO QUIXADÁ";"QUIXADA";"2022-02-12";"6";"0";"4";"0";"0";"1";"0"
"2022";"Dengue";"LITORAL LESTE/JAGUARIBE";"10ª REGIÃO LIMOEIRO DO NORTE";"JAGUARIBE";"2022-06-18";"24";"0";"68";"0";"0";"5";"0"
"2022";"Dengue";"SOBRAL";"11ª REGIÃO SOBRAL";"SANTA QUITERIA";"2022-08-20";"33";"0";"0";"0";"0";"0";"0"
"2022";"Dengue";"SOBRAL";"11ª REGIÃO SOBRAL";"MORAUJO";"2022-07-16";"28";"0";"0";"0";"0";"0";"0"
"2022";"Dengue";"SOBRAL";"11ª REGIÃO SOBRAL";"VARJOTA";"2022-09-24";"38";"0";"0";"0";"0";"0";"0"
"2022";"Dengue";"CARIRI";"19ª REGIÃO BREJO SANTO";"AURORA";"2022-11-26";"47";"0";"0";"0";"0";"0";"0"
"2022";"Dengue";"SOBRAL";"11ª REGIÃO SOBRAL";"MUCAMBO";"2022-07-09";"27";"0";"1";"0";"0";"0";"0"
"2022";"Dengue";"SOBRAL";"13ª REGIÃO TIANGUÁ";"SAO BENEDITO";"2022-01-22";"3";"0";"0";"0";"0";"0";"0"
"2022";"Dengue";"CARIRI";"18ª REGIÃO IGUATU";"QUIXELO";"2022-08-06";"31";"0";"4";"0";"0";"4";"0"
"2022";"Dengue";"SOBRAL";"11ª REGIÃO SOBRAL";"IPU";"2022-06-25";"25";"0";"12";"0";"0";"3";"1"
"2022";"Dengue";"CARIRI";"18ª REGIÃO IGUATU";"JUCAS";"2022-12-31";"52";"0";"0";"0";"0";"0";"0"
"2022";"Dengue";"LITORAL LESTE/JAGUARIBE";"10ª REGIÃO LIMOEIRO DO NORTE";"JAGUARIBARA";"2022-11-26";"47";"0";"2";"0";"0";"1";"0"
"2022";"Dengue";"SOBRAL";"11ª REGIÃO SOBRAL";"VARJOTA";"2022-07-09";"27";"0";"0";"0";"0";"0";"0"
"2022";"Dengue";"CARIRI";"17ª REGIÃO ICÓ";"OROS";"2022-04-23";"16";"0";"1";"0";"0";"0";"0"
"2022";"Dengue";"SOBRAL";"15ª REGIÃO CRATEÚS";"CRATEUS";"2022-10-01";"39";"0";"2";"0";"0";"0";"0"
"2022";"Dengue";"FORTALEZA";"02ª REGIÃO CAUCAIA";"APUIARES";"2022-11-19";"46";"0";"0";"0";"0";"0";"0"
"2022";"Dengue";"LITORAL LESTE/JAGUARIBE";"10ª REGIÃO LIMOEIRO DO NORTE";"JAGUARIBE";"2022-08-06";"31";"0";"163";"0";"0";"3";"2"
"2022";"Dengue";"SOBRAL";"13ª REGIÃO TIANGUÁ";"TIANGUA";"2022-11-05";"44";"0";"8";"0";"0";"1";"0"
"2022";"Dengue";"FORTALEZA";"04ª REGIÃO BATURITÉ";"ITAPIUNA";"2022-06-25";"25";"0";"1";"0";"0";"0";"0"
"2022";"Dengue";"SOBRAL";"11ª REGIÃO SOBRAL";"COREAU";"2022-08-06";"31";"0";"3";"0";"0";"0";"1"
"2022";"Dengue";"SOBRAL";"15ª REGIÃO CRATEÚS";"NOVA RUSSAS";"2022-01-29";"4";"0";"0";"0";"0";"0";"0"
"2022";"Dengue";"FORTALEZA";"06ª REGIÃO DE ITAPIPOCA";"ITAPIPOCA";"2022-08-27";"34";"0";"7";"0";"0";"0";"2"
"2022";"Dengue";"CARIRI";"17ª REGIÃO ICÓ";"IPAUMIRIM";"2022-07-23";"29";"0";"0";"0";"0";"0";"0"
"2022";"Dengue";"SERTÃO CENTRAL";"08ª REGIÃO QUIXADÁ";"CHORO";"2022-08-20";"33";"0";"2";"0";"0";"0";"1"
"2022";"Dengue";"SOBRAL";"12ª REGIÃO ACARAÚ";"ACARAU";"2022-10-22";"42";"0";"0";"0";"0";"0";"0"
"2022";"Dengue";"LITORAL LESTE/JAGUARIBE";"10ª REGIÃO LIMOEIRO DO NORTE";"ALTO SANTO";"2022-11-26";"47";"0";"0";"0";"0";"0";"0"
"2022";"Dengue";"SERTÃO CENTRAL";"08ª REGIÃO QUIXADÁ";"PEDRA BRANCA";"2022-06-04";"22";"0";"24";"0";"0";"4";"19"
"2022";"Dengue";"CARIRI";"17ª REGIÃO ICÓ";"OROS";"2022-10-29";"43";"0";"3";"0";"0";"0";"2"
"2022";"Dengue";"FORTALEZA";"04ª REGIÃO BATURITÉ";"GUARAMIRANGA";"2022-12-03";"48";"0";"1";"0";"0";"0";"0"
"2022";"Dengue";"LITORAL LESTE/JAGUARIBE";"10ª REGIÃO LIMOEIRO DO NORTE";"TABULEIRO DO NORTE";"2022-04-02";"13";"0";"0";"0";"0";"0";"0"
"2022";"Dengue";"SOBRAL";"16ª REGIÃO CAMOCIM";"GRANJA";"2022-11-19";"46";"0";"0";"0";"0";"0";"0"
"2022";"Dengue";"CARIRI";"19ª REGIÃO BREJO SANTO";"AURORA";"2022-02-12";"6";"0";"0";"0";"0";"0";"0"
"2022";"Dengue";"SOBRAL";"12ª REGIÃO ACARAÚ";"ACARAU";"2022-03-19";"11";"0";"1";"0";"0";"1";"0"
"2022";"Dengue";"SOBRAL";"11ª REGIÃO SOBRAL";"PIRES FERREIRA";"2022-10-22";"42";"0";"0";"0";"0";"0";"0"
"2022";"Dengue";"FORTALEZA";"22ª REGIÃO CASCAVEL";"OCARA";"2022-06-18";"24";"0";"8";"0";"0";"0";"0"
"2022";"Dengue";"CARIRI";"20ª REGIÃO CRATO";"VARZEA ALEGRE";"2022-05-14";"19";"0";"28";"0";"0";"2";"0"
"2022";"Dengue";"CARIRI";"20ª REGIÃO CRATO";"NOVA OLINDA";"2022-05-28";"21";"0";"6";"0";"0";"0";"0"
"2022";"Dengue";"SOBRAL";"11ª REGIÃO SOBRAL";"PACUJA";"2022-04-09";"14";"0";"0";"0";"0";"0";"0"
"2022";"Dengue";"SOBRAL";"11ª REGIÃO SOBRAL";"ALCANTARAS";"2022-04-09";"14";"0";"1";"0";"0";"0";"0"
"2022";"Dengue";"CARIRI";"21ª REGIÃO JUAZEIRO DO NORTE";"JUAZEIRO DO NORTE";"2022-05-28";"21";"0";"41";"0";"0";"1";"1"
"2022";"Dengue";"CARIRI";"19ª REGIÃO BREJO SANTO";"MILAGRES";"2022-08-20";"33";"0";"0";"0";"0";"0";"0"
"2022";"Dengue";"CARIRI";"19ª REGIÃO BREJO SANTO";"ABAIARA";"2022-01-08";"1";"0";"0";"0";"0";"0";"0"
"2022";"Dengue";"LITORAL LESTE/JAGUARIBE";"10ª REGIÃO LIMOEIRO DO NORTE";"SAO JOAO DO JAGUARIBE";"2022-01-08";"1";"0";"1";"0";"0";"0";"0"
"2022";"Dengue";"FORTALEZA";"04ª REGIÃO BATURITÉ";"BATURITE";"2022-07-23";"29";"0";"2";"0";"0";"0";"0"
"2022";"Dengue";"FORTALEZA";"03ª REGIÃO MARACANAÚ";"MARANGUAPE";"2022-07-09";"27";"0";"15";"0";"0";"3";"4"
"2022";"Dengue";"SERTÃO CENTRAL";"14ª REGIÃO TAUÁ";"ARNEIROZ";"2022-07-23";"29";"0";"1";"0";"0";"0";"0"
"2022";"Dengue";"CARIRI";"17ª REGIÃO ICÓ";"UMARI";"2022-11-26";"47";"0";"0";"0";"0";"0";"0"
"2022";"Dengue";"FORTALEZA";"06ª REGIÃO DE ITAPIPOCA";"ITAPIPOCA";"2022-05-14";"19";"0";"224";"0";"0";"32";"27"
"2022";"Dengue";"SOBRAL";"13ª REGIÃO TIANGUÁ";"SAO BENEDITO";"2022-02-19";"7";"0";"0";"0";"0";"0";"0"
"2022";"Dengue";"CARIRI";"18ª REGIÃO IGUATU";"QUIXELO";"2022-01-15";"2";"0";"0";"0";"0";"0";"0"
"2022";"Dengue";"CARIRI";"19ª REGIÃO BREJO SANTO";"JATI";"2022-06-04";"22";"0";"21";"0";"0";"1";"0"
"2022";"Dengue";"SOBRAL";"12ª REGIÃO ACARAÚ";"ACARAU";"2022-05-14";"19";"0";"4";"0";"0";"0";"0"
"2022";"Dengue";"SOBRAL";"15ª REGIÃO CRATEÚS";"QUITERIANOPOLIS";"2022-09-17";"37";"0";"0";"0";"0";"0";"0"
"2022";"Dengue";"CARIRI";"20ª REGIÃO CRATO";"TARRAFAS";"2022-11-05";"44";"0";"0";"0";"0";"0";"0"
"2022";"Dengue";"FORTALEZA";"22ª REGIÃO CASCAVEL";"PACAJUS";"2022-07-23";"29";"0";"1";"0";"0";"1";"0"
"2022";"Dengue";"FORTALEZA";"22ª REGIÃO CASCAVEL";"CHOROZINHO";"2022-11-26";"47";"0";"0";"0";"0";"0";"0"
"2022";"Dengue";"SOBRAL";"11ª REGIÃO SOBRAL";"SOBRAL";"2022-08-06";"31";"0";"213";"0";"0";"22";"23"
"2022";"Dengue";"SERTÃO CENTRAL";"08ª REGIÃO QUIXADÁ";"IBICUITINGA";"2022-02-19";"7";"0";"0";"0";"0";"0";"0"
"2022";"Dengue";"SOBRAL";"11ª REGIÃO SOBRAL";"COREAU";"2022-04-09";"14";"0";"0";"0";"0";"0";"0"
"2022";"Dengue";"SERTÃO CENTRAL";"08ª REGIÃO QUIXADÁ";"SOLONOPOLE";"2022-08-27";"34";"0";"0";"0";"0";"0";"0"
"2022";"Dengue";"SERTÃO CENTRAL";"08ª REGIÃO QUIXADÁ";"CHORO";"2022-05-14";"19";"0";"39";"0";"0";"4";"4"
"2022";"Dengue";"CARIRI";"21ª REGIÃO JUAZEIRO DO NORTE";"CARIRIACU";"2022-10-08";"40";"0";"0";"0";"0";"0";"0"
"2022";"Dengue";"SERTÃO CENTRAL";"05ª REGIÃO DE CANINDÉ";"CANINDE";"2022-03-12";"10";"0";"5";"0";"0";"0";"0"
"2022";"Dengue";"CARIRI";"21ª REGIÃO JUAZEIRO DO NORTE";"BARBALHA";"2022-03-19";"11";"0";"120";"0";"0";"1";"0"
"2022";"Dengue";"SOBRAL";"15ª REGIÃO CRATEÚS";"CRATEUS";"2022-04-23";"16";"0";"1";"0";"0";"1";"0"
"2022";"Dengue";"SOBRAL";"15ª REGIÃO CRATEÚS";"ARARENDA";"2022-10-15";"41";"0";"0";"0";"0";"0";"0"
"2022";"Dengue";"FORTALEZA";"02ª REGIÃO CAUCAIA";"SAO LUIS DO CURU";"2022-02-05";"5";"0";"0";"0";"0";"0";"0"
"2022";"Dengue";"SOBRAL";"11ª REGIÃO SOBRAL";"MASSAPE";"2022-10-01";"39";"0";"1";"0";"0";"0";"0"
"2022";"Dengue";"SOBRAL";"13ª REGIÃO TIANGUÁ";"VICOSA DO CEARA";"2022-07-30";"30";"0";"1";"0";"0";"0";"0"
"2022";"Dengue";"SOBRAL";"11ª REGIÃO SOBRAL";"URUOCA";"2022-11-05";"44";"0";"0";"0";"0";"0";"0"
"2022";"Dengue";"LITORAL LESTE/JAGUARIBE";"09ª REGIÃO RUSSAS";"JAGUARETAMA";"2022-01-22";"3";"0";"2";"0";"0";"0";"0"
"2022";"Dengue";"SOBRAL";"11ª REGIÃO SOBRAL";"FRECHEIRINHA";"2022-05-28";"21";"0";"2";"0";"0";"0";"0"
"2022";"Dengue";"CARIRI";"18ª REGIÃO IGUATU";"IGUATU";"2022-05-07";"18";"0";"6";"0";"0";"2";"4"
"2022";"Dengue";"CARIRI";"20ª REGIÃO CRATO";"ANTONINA DO NORTE";"2022-02-26";"8";"0";"0";"0";"0";"0";"0"
"2022";"Dengue";"SOBRAL";"11ª REGIÃO SOBRAL";"SOBRAL";"2022-11-12";"45";"0";"23";"0";"0";"2";"0"
"2022";"Dengue";"CARIRI";"20ª REGIÃO CRATO";"CAMPOS SALES";"2022-11-19";"46";"0";"0";"0";"0";"0";"0"
"2022";"Dengue";"LITORAL LESTE/JAGUARIBE";"10ª REGIÃO LIMOEIRO DO NORTE";"ALTO SANTO";"2022-05-28";"21";"0";"0";"0";"0";"0";"0"
"2022";"Dengue";"SOBRAL";"11ª REGIÃO SOBRAL";"CATUNDA";"2022-02-19";"7";"0";"0";"0";"0";"0";"0"
"2022";"Dengue";"CARIRI";"21ª REGIÃO JUAZEIRO DO NORTE";"CARIRIACU";"2022-02-05";"5";"0";"2";"0";"0";"0";"0"
"2022";"Dengue";"CARIRI";"21ª REGIÃO JUAZEIRO DO NORTE";"MISSAO VELHA";"2022-03-05";"9";"0";"3";"0";"0";"0";"0"
"2022";"Dengue";"FORTALEZA";"03ª REGIÃO MARACANAÚ";"ACARAPE";"2022-03-19";"11";"0";"1";"0";"0";"0";"0"
"2022";"Dengue";"FORTALEZA";"04ª REGIÃO BATURITÉ";"MULUNGU";"2022-03-05";"9";"0";"24";"0";"0";"3";"12"
"2022";"Dengue";"SERTÃO CENTRAL";"05ª REGIÃO DE CANINDÉ";"CARIDADE";"2022-12-31";"52";"0";"0";"0";"0";"0";"0"
"2022";"Dengue";"LITORAL LESTE/JAGUARIBE";"09ª REGIÃO RUSSAS";"JAGUARETAMA";"2022-02-12";"6";"0";"0";"0";"0";"0";"0"
"2022";"Dengue";"LITORAL LESTE/JAGUARIBE";"07ª REGIÃO ARACATI";"ICAPUI";"2022-03-05";"9";"0";"2";"0";"0";"0";"0"
"2022";"Dengue";"LITORAL LESTE/JAGUARIBE";"10ª REGIÃO LIMOEIRO DO NORTE";"TABULEIRO DO NORTE";"2022-01-29";"4";"0";"2";"0";"0";"1";"0"
"2022";"Dengue";"SOBRAL";"15ª REGIÃO CRATEÚS";"ARARENDA";"2022-11-12";"45";"0";"0";"0";"0";"0";"0"
"2022";"Dengue";"SERTÃO CENTRAL";"14ª REGIÃO TAUÁ";"AIUABA";"2022-07-30";"30";"0";"17";"0";"0";"9";"6"
"2022";"Dengue";"CARIRI";"20ª REGIÃO CRATO";"CAMPOS SALES";"2022-07-16";"28";"0";"2";"0";"0";"0";"0"
"2022";"Dengue";"CARIRI";"18ª REGIÃO IGUATU";"IGUATU";"2022-10-08";"40";"0";"0";"0";"0";"0";"0"
"2022";"Dengue";"SOBRAL";"16ª REGIÃO CAMOCIM";"CAMOCIM";"2022-03-19";"11";"0";"0";"0";"0";"0";"0"
"2022";"Dengue";"CARIRI";"21ª REGIÃO JUAZEIRO DO NORTE";"GRANJEIRO";"2022-09-03";"35";"0";"0";"0";"0";"0";"0"
"2022";"Dengue";"SOBRAL";"11ª REGIÃO SOBRAL";"IRAUCUBA";"2022-03-19";"11";"0";"0";"0";"0";"0";"0"
"2022";"Dengue";"FORTALEZA";"03ª REGIÃO MARACANAÚ";"GUAIUBA";"2022-06-18";"24";"0";"4";"0";"0";"0";"3"
"2022";"Dengue";"SERTÃO CENTRAL";"08ª REGIÃO QUIXADÁ";"SOLONOPOLE";"2022-01-15";"2";"0";"0";"0";"0";"0";"0"
"2022";"Dengue";"FORTALEZA";"06ª REGIÃO DE ITAPIPOCA";"MIRAIMA";"2022-01-15";"2";"0";"0";"0";"0";"0";"0"
"2022";"Dengue";"FORTALEZA";"02ª REGIÃO CAUCAIA";"PENTECOSTE";"2022-03-19";"11";"0";"1";"0";"0";"1";"0"
"2022";"Dengue";"SOBRAL";"13ª REGIÃO TIANGUÁ";"IBIAPINA";"2022-07-23";"29";"0";"1";"0";"0";"0";"0"
"2022";"Dengue";"CARIRI";"21ª REGIÃO JUAZEIRO DO NORTE";"JUAZEIRO DO NORTE";"2022-05-07";"18";"0";"165";"0";"0";"1";"0"
"2022";"Dengue";"CARIRI";"17ª REGIÃO ICÓ";"IPAUMIRIM";"2022-12-31";"52";"0";"0";"0";"0";"0";"0"
"2022";"Dengue";"SOBRAL";"11ª REGIÃO SOBRAL";"CATUNDA";"2022-07-09";"27";"0";"2";"0";"0";"0";"0"
"2022";"Dengue";"SOBRAL";"15ª REGIÃO CRATEÚS";"QUITERIANOPOLIS";"2022-04-23";"16";"0";"22";"0";"0";"11";"0"
"2022";"Dengue";"CARIRI";"20ª REGIÃO CRATO";"ASSARE";"2022-07-09";"27";"0";"3";"0";"0";"0";"2"
"2022";"Dengue";"CARIRI";"18ª REGIÃO IGUATU";"DEPUTADO IRAPUAN PINHEIRO";"2022-07-30";"30";"0";"0";"0";"0";"0";"0"
"2022";"Dengue";"CARIRI";"20ª REGIÃO CRATO";"POTENGI";"2022-09-03";"35";"0";"0";"0";"0";"0";"0"
"2022";"Dengue";"SERTÃO CENTRAL";"08ª REGIÃO QUIXADÁ";"SENADOR POMPEU";"2022-12-10";"49";"0";"0";"0";"0";"0";"0"
"2022";"Dengue";"CARIRI";"21ª REGIÃO JUAZEIRO DO NORTE";"BARBALHA";"2022-06-04";"22";"0";"5";"0";"0";"1";"0"
"2022";"Dengue";"SOBRAL";"13ª REGIÃO TIANGUÁ";"SAO BENEDITO";"2022-04-09";"14";"0";"2";"0";"0";"0";"0"
"2022";"Dengue";"SOBRAL";"11ª REGIÃO SOBRAL";"SENADOR SA";"2022-07-16";"28";"0";"1";"0";"0";"0";"0"
"2022";"Dengue";"FORTALEZA";"02ª REGIÃO CAUCAIA";"GENERAL SAMPAIO";"2022-05-21";"20";"0";"0";"0";"0";"0";"0"
"2022";"Dengue";"CARIRI";"20ª REGIÃO CRATO";"VARZEA ALEGRE";"2022-01-29";"4";"0";"2";"0";"0";"1";"0"
"2022";"Dengue";"CARIRI";"19ª REGIÃO BREJO SANTO";"AURORA";"2022-06-04";"22";"0";"1";"0";"0";"0";"0"
"2022";"Dengue";"CARIRI";"20ª REGIÃO CRATO";"NOVA OLINDA";"2022-08-27";"34";"0";"0";"0";"0";"0";"0"
"2022";"Dengue";"FORTALEZA";"03ª REGIÃO MARACANAÚ";"ACARAPE";"2022-12-17";"50";"0";"0";"0";"0";"0";"0"
"2022";"Dengue";"FORTALEZA";"01ª REGIÃO FORTALEZA";"FORTALEZA";"2022-02-26";"8";"0";"332";"0";"0";"23";"23"
"2022";"Dengue";"SOBRAL";"15ª REGIÃO CRATEÚS";"MONSENHOR TABOSA";"2022-10-22";"42";"0";"0";"0";"0";"0";"0"
"2022";"Dengue";"SOBRAL";"11ª REGIÃO SOBRAL";"VARJOTA";"2022-03-19";"11";"0";"1";"0";"0";"0";"0"
"2022";"Dengue";"CARIRI";"20ª REGIÃO CRATO";"NOVA OLINDA";"2022-06-18";"24";"0";"0";"0";"0";"0";"0"
"2022";"Dengue";"LITORAL LESTE/JAGUARIBE";"10ª REGIÃO LIMOEIRO DO NORTE";"QUIXERE";"2022-09-24";"38";"0";"4";"0";"0";"2";"0"
"2022";"Dengue";"SERTÃO CENTRAL";"08ª REGIÃO QUIXADÁ";"QUIXERAMOBIM";"2022-05-21";"20";"0";"38";"0";"0";"2";"16"
"2022";"Dengue";"SOBRAL";"11ª REGIÃO SOBRAL";"ALCANTARAS";"2022-10-01";"39";"0";"5";"0";"0";"2";"1"
"2022";"Dengue";"CARIRI";"19ª REGIÃO BREJO SANTO";"JATI";"2022-10-22";"42";"0";"0";"0";"0";"0";"0"
"2022";"Dengue";"FORTALEZA";"01ª REGIÃO FORTALEZA";"ITAITINGA";"2022-10-01";"39";"0";"0";"0";"0";"0";"0"
"2022";"Dengue";"CARIRI";"18ª REGIÃO IGUATU";"CATARINA";"2022-08-27";"34";"0";"0";"0";"0";"0";"0"
"2022";"Dengue";"FORTALEZA";"06ª REGIÃO DE ITAPIPOCA";"UMIRIM";"2022-02-05";"5";"0";"0";"0";"0";"0";"0"
"2022";"Dengue";"CARIRI";"18ª REGIÃO IGUATU";"ACOPIARA";"2022-07-02";"26";"0";"8";"0";"0";"4";"0"
"2022";"Dengue";"SERTÃO CENTRAL";"08ª REGIÃO QUIXADÁ";"QUIXADA";"2022-02-05";"5";"0";"1";"0";"0";"1";"0"
"2022";"Dengue";"LITORAL LESTE/JAGUARIBE";"10ª REGIÃO LIMOEIRO DO NORTE";"SAO JOAO DO JAGUARIBE";"2022-12-17";"50";"0";"0";"0";"0";"0";"0"
"2022";"Dengue";"SOBRAL";"15ª REGIÃO CRATEÚS";"MONSENHOR TABOSA";"2022-07-23";"29";"0";"1";"0";"0";"0";"0"
"2022";"Dengue";"SOBRAL";"15ª REGIÃO CRATEÚS";"QUITERIANOPOLIS";"2022-03-19";"11";"0";"0";"0";"0";"0";"0"
"2022";"Dengue";"CARIRI";"20ª REGIÃO CRATO";"CRATO";"2022-04-23";"16";"0";"76";"0";"0";"12";"60"
"2022";"Dengue";"CARIRI";"20ª REGIÃO CRATO";"TARRAFAS";"2022-01-22";"3";"0";"0";"0";"0";"0";"0"
"2022";"Dengue";"CARIRI";"21ª REGIÃO JUAZEIRO DO NORTE";"JARDIM";"2022-06-11";"23";"0";"0";"0";"0";"0";"0"
"2022";"Dengue";"SOBRAL";"11ª REGIÃO SOBRAL";"SANTANA DO ACARAU";"2022-06-18";"24";"0";"2";"0";"0";"0";"0"
"2022";"Dengue";"FORTALEZA";"03ª REGIÃO MARACANAÚ";"MARACANAU";"2022-01-15";"2";"0";"4";"0";"0";"0";"0"
"2022";"Dengue";"FORTALEZA";"01ª REGIÃO FORTALEZA";"FORTALEZA";"2022-03-05";"9";"0";"374";"0";"0";"26";"23"
"2022";"Dengue";"SOBRAL";"13ª REGIÃO TIANGUÁ";"UBAJARA";"2022-01-22";"3";"0";"0";"0";"0";"0";"0"
"2022";"Dengue";"FORTALEZA";"22ª REGIÃO CASCAVEL";"CASCAVEL";"2022-06-25";"25";"1";"23";"1";"0";"0";"20"
"2022";"Dengue";"FORTALEZA";"06ª REGIÃO DE ITAPIPOCA";"AMONTADA";"2022-08-20";"33";"0";"0";"0";"0";"0";"0"
"2022";"Dengue";"LITORAL LESTE/JAGUARIBE";"09ª REGIÃO RUSSAS";"PALHANO";"2022-11-26";"47";"0";"1";"0";"0";"0";"0"
"2022";"Dengue";"CARIRI";"20ª REGIÃO CRATO";"VARZEA ALEGRE";"2022-06-25";"25";"0";"27";"0";"0";"3";"0"
"2022";"Dengue";"FORTALEZA";"03ª REGIÃO MARACANAÚ";"PALMACIA";"2022-07-02";"26";"0";"7";"0";"0";"0";"0"
"2022";"Dengue";"SOBRAL";"11ª REGIÃO SOBRAL";"PACUJA";"2022-04-23";"16";"0";"0";"0";"0";"0";"0"
"2022";"Dengue";"SERTÃO CENTRAL";"05ª REGIÃO DE CANINDÉ";"CANINDE";"2022-06-04";"22";"0";"18";"0";"0";"1";"2"
"2022";"Dengue";"LITORAL LESTE/JAGUARIBE";"10ª REGIÃO LIMOEIRO DO NORTE";"JAGUARIBARA";"2022-07-16";"28";"0";"20";"0";"0";"6";"0"
"2022";"Dengue";"CARIRI";"18ª REGIÃO IGUATU";"PIQUET CARNEIRO";"2022-10-29";"43";"0";"0";"0";"0";"0";"0"
"2022";"Dengue";"LITORAL LESTE/JAGUARIBE";"07ª REGIÃO ARACATI";"ITAICABA";"2022-10-22";"42";"0";"0";"0";"0";"0";"0"
"2022";"Dengue";"CARIRI";"20ª REGIÃO CRATO";"SANTANA DO CARIRI";"2022-11-19";"46";"0";"0";"0";"0";"0";"0"
"2022";"Dengue";"SOBRAL";"11ª REGIÃO SOBRAL";"FRECHEIRINHA";"2022-01-08";"1";"0";"0";"0";"0";"0";"0"
"2022";"Dengue";"FORTALEZA";"04ª REGIÃO BATURITÉ";"CAPISTRANO";"2022-04-30";"17";"0";"1";"0";"0";"0";"0"
"2022";"Dengue";"SOBRAL";"12ª REGIÃO ACARAÚ";"ACARAU";"2022-07-09";"27";"0";"10";"0";"0";"2";"0"
"2022";"Dengue";"CARIRI";"18ª REGIÃO IGUATU";"JUCAS";"2022-08-13";"32";"0";"1";"0";"0";"0";"0"
"2022";"Dengue";"SERTÃO CENTRAL";"08ª REGIÃO QUIXADÁ";"IBICUITINGA";"2022-11-05";"44";"0";"0";"0";"0";"0";"0"
"2022";"Dengue";"FORTALEZA";"22ª REGIÃO CASCAVEL";"BEBERIBE";"2022-02-12";"6";"0";"4";"0";"0";"3";"1"
"2022";"Dengue";"SOBRAL";"11ª REGIÃO SOBRAL";"FORQUILHA";"2022-09-03";"35";"0";"2";"0";"0";"0";"1"
"2022";"Dengue";"FORTALEZA";"22ª REGIÃO CASCAVEL";"CHOROZINHO";"2022-07-30";"30";"0";"0";"0";"0";"0";"0"
"2022";"Dengue";"SOBRAL";"13ª REGIÃO TIANGUÁ";"IBIAPINA";"2022-06-11";"23";"0";"1";"0";"0";"0";"0"
"2022";"Dengue";"LITORAL LESTE/JAGUARIBE";"10ª REGIÃO LIMOEIRO DO NORTE";"TABULEIRO DO NORTE";"2022-03-12";"10";"0";"0";"0";"0";"0";"0"
"2022";"Dengue";"CARIRI";"19ª REGIÃO BREJO SANTO";"MAURITI";"2022-12-10";"49";"0";"0";"0";"0";"0";"0"
"2022";"Dengue";"FORTALEZA";"02ª REGIÃO CAUCAIA";"TEJUCUOCA";"2022-12-17";"50";"0";"1";"0";"0";"0";"0"
"2022";"Dengue";"SERTÃO CENTRAL";"14ª REGIÃO TAUÁ";"TAUA";"2022-10-01";"39";"0";"32";"0";"0";"3";"3"
"2022";"Dengue";"SERTÃO CENTRAL";"08ª REGIÃO QUIXADÁ";"CHORO";"2022-04-09";"14";"0";"2";"0";"0";"0";"0"
"2022";"Dengue";"CARIRI";"21ª REGIÃO JUAZEIRO DO NORTE";"MISSAO VELHA";"2022-07-02";"26";"0";"0";"0";"0";"0";"0"
"2022";"Dengue";"SOBRAL";"13ª REGIÃO TIANGUÁ";"TIANGUA";"2022-05-21";"20";"0";"21";"0";"0";"4";"0"
"2022";"Dengue";"CARIRI";"18ª REGIÃO IGUATU";"CATARINA";"2022-04-09";"14";"0";"0";"0";"0";"0";"0"
"2022";"Dengue";"LITORAL LESTE/JAGUARIBE";"09ª REGIÃO RUSSAS";"RUSSAS";"2022-01-29";"4";"0";"3";"0";"0";"0";"0"
"2022";"Dengue";"FORTALEZA";"22ª REGIÃO CASCAVEL";"CASCAVEL";"2022-06-04";"22";"0";"48";"0";"0";"0";"21"
"2022";"Dengue";"LITORAL LESTE/JAGUARIBE";"10ª REGIÃO LIMOEIRO DO NORTE";"SAO JOAO DO JAGUARIBE";"2022-12-03";"48";"0";"1";"0";"0";"0";"0"
"2022";"Dengue";"LITORAL LESTE/JAGUARIBE";"07ª REGIÃO ARACATI";"FORTIM";"2022-09-03";"35";"0";"3";"0";"0";"0";"0"
"2022";"Dengue";"SOBRAL";"13ª REGIÃO TIANGUÁ";"SAO BENEDITO";"2022-01-08";"1";"0";"0";"0";"0";"0";"0"
"2022";"Dengue";"SOBRAL";"13ª REGIÃO TIANGUÁ";"UBAJARA";"2022-10-22";"42";"0";"0";"0";"0";"1";"0"
"2022";"Dengue";"CARIRI";"17ª REGIÃO ICÓ";"BAIXIO";"2022-10-08";"40";"0";"0";"0";"0";"0";"0"
"2022";"Dengue";"FORTALEZA";"03ª REGIÃO MARACANAÚ";"GUAIUBA";"2022-05-07";"18";"0";"16";"0";"0";"0";"6"
"2022";"Dengue";"CARIRI";"20ª REGIÃO CRATO";"ANTONINA DO NORTE";"2022-11-19";"46";"0";"0";"0";"0";"0";"0"
"2022";"Dengue";"FORTALEZA";"02ª REGIÃO CAUCAIA";"PARACURU";"2022-09-03";"35";"0";"2";"0";"0";"0";"2"
"2022";"Dengue";"CARIRI";"18ª REGIÃO IGUATU";"SABOEIRO";"2022-05-21";"20";"0";"0";"0";"0";"0";"0"
"2022";"Dengue";"FORTALEZA";"02ª REGIÃO CAUCAIA";"ITAPAJE";"2022-07-09";"27";"0";"0";"0";"0";"0";"0"
"2022";"Dengue";"SOBRAL";"12ª REGIÃO ACARAÚ";"JIJOCA DE JERICOACOARA";"2022-05-07";"18";"0";"23";"0";"0";"9";"0"
"2022";"Dengue";"SERTÃO CENTRAL";"05ª REGIÃO DE CANINDÉ";"ITATIRA";"2022-07-09";"27";"0";"0";"0";"0";"0";"0"
"2022";"Dengue";"FORTALEZA";"06ª REGIÃO DE ITAPIPOCA";"TRAIRI";"2022-07-23";"29";"0";"0";"0";"0";"0";"0"
"2022";"Dengue";"LITORAL LESTE/JAGUARIBE";"10ª REGIÃO LIMOEIRO DO NORTE";"TABULEIRO DO NORTE";"2022-10-01";"39";"0";"5";"0";"0";"3";"2"
"2022";"Dengue";"SERTÃO CENTRAL";"05ª REGIÃO DE CANINDÉ";"MADALENA";"2022-02-19";"7";"0";"0";"0";"0";"0";"0"
"2022";"Dengue";"SERTÃO CENTRAL";"08ª REGIÃO QUIXADÁ";"IBARETAMA";"2022-05-14";"19";"0";"0";"0";"0";"0";"0"
"2022";"Dengue";"SOBRAL";"12ª REGIÃO ACARAÚ";"MARCO";"2022-03-05";"9";"0";"0";"0";"0";"0";"0"
"2022";"Dengue";"SOBRAL";"13ª REGIÃO TIANGUÁ";"UBAJARA";"2022-12-24";"51";"0";"0";"0";"0";"0";"0"
"2022";"Dengue";"FORTALEZA";"22ª REGIÃO CASCAVEL";"PINDORETAMA";"2022-11-26";"47";"0";"0";"0";"0";"0";"0"
"2022";"Dengue";"SOBRAL";"12ª REGIÃO ACARAÚ";"CRUZ";"2022-08-20";"33";"0";"1";"0";"0";"0";"0"
"2022";"Dengue";"FORTALEZA";"06ª REGIÃO DE ITAPIPOCA";"AMONTADA";"2022-11-05";"44";"0";"1";"0";"0";"0";"0"
"2022";"Dengue";"CARIRI";"18ª REGIÃO IGUATU";"PIQUET CARNEIRO";"2022-03-19";"11";"0";"0";"0";"0";"0";"0"
"2022";"Dengue";"SERTÃO CENTRAL";"08ª REGIÃO QUIXADÁ";"QUIXERAMOBIM";"2022-03-12";"10";"0";"2";"0";"0";"0";"2"
"2022";"Dengue";"FORTALEZA";"04ª REGIÃO BATURITÉ";"MULUNGU";"2022-07-23";"29";"0";"0";"0";"0";"0";"0"
"2022";"Dengue";"SERTÃO CENTRAL";"14ª REGIÃO TAUÁ";"TAUA";"2022-02-12";"6";"0";"3";"0";"0";"0";"0"
"2022";"Dengue";"SOBRAL";"13ª REGIÃO TIANGUÁ";"CROATA";"2022-10-08";"40";"0";"1";"0";"0";"0";"0"
"2022";"Dengue";"SOBRAL";"15ª REGIÃO CRATEÚS";"ARARENDA";"2022-03-12";"10";"0";"0";"0";"0";"0";"0"
"2022";"Dengue";"SOBRAL";"15ª REGIÃO CRATEÚS";"QUITERIANOPOLIS";"2022-06-11";"23";"0";"8";"0";"0";"1";"0"
"2022";"Dengue";"FORTALEZA";"22ª REGIÃO CASCAVEL";"PACAJUS";"2022-12-03";"48";"0";"1";"0";"0";"0";"0"
"2022";"Dengue";"SOBRAL";"11ª REGIÃO SOBRAL";"FORQUILHA";"2022-10-08";"40";"0";"0";"0";"0";"0";"0"
"2022";"Dengue";"LITORAL LESTE/JAGUARIBE";"09ª REGIÃO RUSSAS";"JAGUARUANA";"2022-03-05";"9";"0";"1";"0";"0";"0";"0"
"2022";"Dengue";"CARIRI";"20ª REGIÃO CRATO";"ASSARE";"2022-12-31";"52";"0";"0";"0";"0";"0";"0"
"2022";"Dengue";"SERTÃO CENTRAL";"14ª REGIÃO TAUÁ";"ARNEIROZ";"2022-08-13";"32";"0";"0";"0";"0";"0";"0"
"2022";"Dengue";"CARIRI";"17ª REGIÃO ICÓ";"ICO";"2022-09-24";"38";"0";"12";"0";"0";"2";"0"
"2022";"Dengue";"CARIRI";"19ª REGIÃO BREJO SANTO";"AURORA";"2022-07-16";"28";"0";"0";"0";"0";"0";"0"
"2022";"Dengue";"LITORAL LESTE/JAGUARIBE";"10ª REGIÃO LIMOEIRO DO NORTE";"TABULEIRO DO NORTE";"2022-03-26";"12";"0";"0";"0";"0";"0";"0"
"2022";"Dengue";"CARIRI";"19ª REGIÃO BREJO SANTO";"BARRO";"2022-06-11";"23";"0";"2";"0";"0";"1";"0"
"2022";"Dengue";"LITORAL LESTE/JAGUARIBE";"07ª REGIÃO ARACATI";"ITAICABA";"2022-04-02";"13";"0";"1";"0";"0";"0";"0"
"2022";"Dengue";"CARIRI";"21ª REGIÃO JUAZEIRO DO NORTE";"CARIRIACU";"2022-04-02";"13";"0";"17";"0";"0";"0";"0"
"2022";"Dengue";"SERTÃO CENTRAL";"08ª REGIÃO QUIXADÁ";"QUIXADA";"2022-04-23";"16";"0";"43";"0";"0";"3";"24"
"2022";"Dengue";"SOBRAL";"15ª REGIÃO CRATEÚS";"NOVA RUSSAS";"2022-02-05";"5";"0";"0";"0";"0";"0";"0"
"2022";"Dengue";"SOBRAL";"11ª REGIÃO SOBRAL";"RERIUTABA";"2022-09-10";"36";"0";"0";"0";"0";"0";"0"
"2022";"Dengue";"SOBRAL";"11ª REGIÃO SOBRAL";"SANTANA DO ACARAU";"2022-10-29";"43";"0";"1";"0";"0";"0";"0"
"2022";"Dengue";"SOBRAL";"11ª REGIÃO SOBRAL";"RERIUTABA";"2022-04-09";"14";"0";"2";"0";"0";"0";"2"
"2022";"Dengue";"FORTALEZA";"22ª REGIÃO CASCAVEL";"CASCAVEL";"2022-04-30";"17";"0";"117";"0";"0";"17";"22"
"2022";"Dengue";"SERTÃO CENTRAL";"05ª REGIÃO DE CANINDÉ";"ITATIRA";"2022-01-08";"1";"0";"0";"0";"0";"0";"0"
"2022";"Dengue";"SOBRAL";"15ª REGIÃO CRATEÚS";"IPAPORANGA";"2022-08-20";"33";"0";"0";"0";"0";"0";"0"
"2022";"Dengue";"FORTALEZA";"03ª REGIÃO MARACANAÚ";"MARACANAU";"2022-01-29";"4";"0";"4";"0";"0";"0";"0"
"2022";"Dengue";"CARIRI";"17ª REGIÃO ICÓ";"LAVRAS DA MANGABEIRA";"2022-12-24";"51";"0";"0";"0";"0";"0";"0"
"2022";"Dengue";"CARIRI";"20ª REGIÃO CRATO";"CAMPOS SALES";"2022-09-10";"36";"0";"1";"0";"0";"0";"0"
"2022";"Dengue";"FORTALEZA";"06ª REGIÃO DE ITAPIPOCA";"TRAIRI";"2022-05-14";"19";"0";"1";"0";"0";"0";"0"
"2022";"Dengue";"FORTALEZA";"01ª REGIÃO FORTALEZA";"FORTALEZA";"2022-06-04";"22";"1";"1928";"1";"0";"100";"1081"
"2022";"Dengue";"SERTÃO CENTRAL";"14ª REGIÃO TAUÁ";"ARNEIROZ";"2022-09-10";"36";"0";"0";"0";"0";"0";"0"
"2022";"Dengue";"SOBRAL";"11ª REGIÃO SOBRAL";"MUCAMBO";"2022-12-24";"51";"0";"0";"0";"0";"0";"0"
"2022";"Dengue";"FORTALEZA";"01ª REGIÃO FORTALEZA";"AQUIRAZ";"2022-10-15";"41";"0";"0";"0";"0";"0";"0"
"2022";"Dengue";"LITORAL LESTE/JAGUARIBE";"10ª REGIÃO LIMOEIRO DO NORTE";"SAO JOAO DO JAGUARIBE";"2022-10-08";"40";"0";"0";"0";"0";"0";"0"
"2022";"Dengue";"SERTÃO CENTRAL";"08ª REGIÃO QUIXADÁ";"QUIXERAMOBIM";"2022-07-02";"26";"0";"38";"0";"0";"10";"7"
"2022";"Dengue";"LITORAL LESTE/JAGUARIBE";"07ª REGIÃO ARACATI";"ARACATI";"2022-02-19";"7";"0";"2";"0";"0";"0";"1"
"2022";"Dengue";"SOBRAL";"11ª REGIÃO SOBRAL";"SENADOR SA";"2022-12-10";"49";"0";"0";"0";"0";"0";"0"
"2022";"Dengue";"SOBRAL";"11ª REGIÃO SOBRAL";"VARJOTA";"2022-04-09";"14";"0";"0";"0";"0";"0";"0"
"2022";"Dengue";"SOBRAL";"11ª REGIÃO SOBRAL";"IRAUCUBA";"2022-11-12";"45";"0";"0";"0";"0";"0";"0"
"2022";"Dengue";"CARIRI";"18ª REGIÃO IGUATU";"ACOPIARA";"2022-04-02";"13";"0";"0";"0";"0";"0";"0"
"2022";"Dengue";"SOBRAL";"15ª REGIÃO CRATEÚS";"ARARENDA";"2022-04-23";"16";"0";"0";"0";"0";"0";"0"
"2022";"Dengue";"CARIRI";"17ª REGIÃO ICÓ";"ICO";"2022-01-15";"2";"0";"1";"0";"0";"0";"0"
"2022";"Dengue";"SOBRAL";"11ª REGIÃO SOBRAL";"MASSAPE";"2022-08-06";"31";"0";"5";"0";"0";"0";"0"
"2022";"Dengue";"SOBRAL";"11ª REGIÃO SOBRAL";"VARJOTA";"2022-04-23";"16";"0";"0";"0";"0";"0";"0"
"2022";"Dengue";"FORTALEZA";"06ª REGIÃO DE ITAPIPOCA";"ITAPIPOCA";"2022-02-26";"8";"0";"10";"0";"0";"1";"0"
"2022";"Dengue";"CARIRI";"20ª REGIÃO CRATO";"ANTONINA DO NORTE";"2022-10-01";"39";"0";"0";"0";"0";"0";"0"
"2022";"Dengue";"FORTALEZA";"06ª REGIÃO DE ITAPIPOCA";"TURURU";"2022-02-26";"8";"0";"2";"0";"0";"0";"1"
"2022";"Dengue";"CARIRI";"20ª REGIÃO CRATO";"ASSARE";"2022-10-22";"42";"0";"0";"0";"0";"0";"0"
"2022";"Dengue";"SOBRAL";"11ª REGIÃO SOBRAL";"IPU";"2022-06-04";"22";"0";"32";"0";"0";"5";"5"
"2022";"Dengue";"FORTALEZA";"03ª REGIÃO MARACANAÚ";"BARREIRA";"2022-02-19";"7";"0";"1";"0";"0";"0";"0"
"2022";"Dengue";"CARIRI";"17ª REGIÃO ICÓ";"ICO";"2022-05-14";"19";"0";"22";"0";"0";"0";"3"
"2022";"Dengue";"LITORAL LESTE/JAGUARIBE";"09ª REGIÃO RUSSAS";"PALHANO";"2022-02-19";"7";"0";"0";"0";"0";"0";"0"
"2022";"Dengue";"SERTÃO CENTRAL";"08ª REGIÃO QUIXADÁ";"IBARETAMA";"2022-07-30";"30";"0";"1";"0";"0";"0";"0"
"2022";"Dengue";"FORTALEZA";"02ª REGIÃO CAUCAIA";"SAO LUIS DO CURU";"2022-11-12";"45";"0";"0";"0";"0";"0";"0"
"2022";"Dengue";"LITORAL LESTE/JAGUARIBE";"10ª REGIÃO LIMOEIRO DO NORTE";"SAO JOAO DO JAGUARIBE";"2022-06-11";"23";"0";"2";"0";"0";"0";"0"
"2022";"Dengue";"SOBRAL";"11ª REGIÃO SOBRAL";"CATUNDA";"2022-04-23";"16";"0";"1";"0";"0";"0";"0"
"2022";"Dengue";"LITORAL LESTE/JAGUARIBE";"10ª REGIÃO LIMOEIRO DO NORTE";"JAGUARIBE";"2022-05-07";"18";"0";"16";"0";"0";"7";"1"
"2022";"Dengue";"SOBRAL";"11ª REGIÃO SOBRAL";"MASSAPE";"2022-03-26";"12";"0";"3";"0";"0";"0";"0"
"2022";"Dengue";"SOBRAL";"11ª REGIÃO SOBRAL";"MUCAMBO";"2022-11-26";"47";"0";"0";"0";"0";"0";"0"
"2022";"Dengue";"FORTALEZA";"03ª REGIÃO MARACANAÚ";"REDENCAO";"2022-03-12";"10";"0";"0";"0";"0";"0";"0"
"2022";"Dengue";"SOBRAL";"15ª REGIÃO CRATEÚS";"PORANGA";"2022-06-18";"24";"0";"1";"0";"0";"0";"1"
"2022";"Dengue";"FORTALEZA";"06ª REGIÃO DE ITAPIPOCA";"TRAIRI";"2022-05-21";"20";"0";"6";"0";"0";"0";"0"
"2022";"Dengue";"SOBRAL";"11ª REGIÃO SOBRAL";"SANTA QUITERIA";"2022-10-15";"41";"0";"0";"0";"0";"0";"0"
"2022";"Dengue";"SERTÃO CENTRAL";"14ª REGIÃO TAUÁ";"AIUABA";"2022-05-28";"21";"0";"11";"0";"0";"4";"6"
"2022";"Dengue";"CARIRI";"17ª REGIÃO ICÓ";"LAVRAS DA MANGABEIRA";"2022-04-16";"15";"0";"12";"0";"0";"0";"2"
"2022";"Dengue";"LITORAL LESTE/JAGUARIBE";"07ª REGIÃO ARACATI";"ITAICABA";"2022-11-05";"44";"0";"1";"0";"0";"0";"0"
"2022";"Dengue";"CARIRI";"20ª REGIÃO CRATO";"SALITRE";"2022-08-06";"31";"0";"0";"0";"0";"0";"0"
"2022";"Dengue";"FORTALEZA";"03ª REGIÃO MARACANAÚ";"PALMACIA";"2022-07-23";"29";"0";"10";"0";"0";"0";"0"
"2022";"Dengue";"LITORAL LESTE/JAGUARIBE";"09ª REGIÃO RUSSAS";"PALHANO";"2022-05-28";"21";"0";"95";"0";"0";"5";"14"
"2022";"Dengue";"CARIRI";"19ª REGIÃO BREJO SANTO";"ABAIARA";"2022-05-14";"19";"0";"0";"0";"0";"0";"0"
"2022";"Dengue";"SOBRAL";"11ª REGIÃO SOBRAL";"RERIUTABA";"2022-07-23";"29";"0";"3";"0";"0";"0";"0"
"2022";"Dengue";"SOBRAL";"11ª REGIÃO SOBRAL";"CARIRE";"2022-02-19";"7";"0";"0";"0";"0";"0";"0"
"2022";"Dengue";"CARIRI";"19ª REGIÃO BREJO SANTO";"BREJO SANTO";"2022-12-31";"52";"0";"3";"0";"0";"0";"0"
"2022";"Dengue";"FORTALEZA";"02ª REGIÃO CAUCAIA";"TEJUCUOCA";"2022-08-27";"34";"0";"0";"0";"0";"0";"0"
"2022";"Dengue";"SERTÃO CENTRAL";"05ª REGIÃO DE CANINDÉ";"PARAMOTI";"2022-09-03";"35";"0";"1";"0";"0";"0";"1"
"2022";"Dengue";"SOBRAL";"11ª REGIÃO SOBRAL";"MERUOCA";"2022-04-23";"16";"0";"3";"0";"0";"3";"0"
"2022";"Dengue";"SOBRAL";"11ª REGIÃO SOBRAL";"COREAU";"2022-12-17";"50";"0";"1";"0";"0";"0";"0"
"2022";"Dengue";"SOBRAL";"12ª REGIÃO ACARAÚ";"JIJOCA DE JERICOACOARA";"2022-04-16";"15";"0";"6";"0";"0";"0";"0"
"2022";"Dengue";"CARIRI";"21ª REGIÃO JUAZEIRO DO NORTE";"JARDIM";"2022-05-28";"21";"0";"0";"0";"0";"0";"0"
"2022";"Dengue";"SOBRAL";"11ª REGIÃO SOBRAL";"MERUOCA";"2022-09-03";"35";"0";"1";"0";"0";"0";"0"
"2022";"Dengue";"SERTÃO CENTRAL";"08ª REGIÃO QUIXADÁ";"CHORO";"2022-05-21";"20";"0";"42";"0";"0";"9";"10"
"2022";"Dengue";"CARIRI";"21ª REGIÃO JUAZEIRO DO NORTE";"CARIRIACU";"2022-12-31";"52";"0";"0";"0";"0";"0";"0"
"2022";"Dengue";"LITORAL LESTE/JAGUARIBE";"10ª REGIÃO LIMOEIRO DO NORTE";"QUIXERE";"2022-12-10";"49";"0";"0";"0";"0";"0";"0"
"2022";"Dengue";"CARIRI";"17ª REGIÃO ICÓ";"OROS";"2022-05-28";"21";"0";"4";"0";"0";"0";"0"
"2022";"Dengue";"FORTALEZA";"04ª REGIÃO BATURITÉ";"BATURITE";"2022-04-30";"17";"0";"0";"0";"0";"0";"0"
"2022";"Dengue";"FORTALEZA";"22ª REGIÃO CASCAVEL";"PACAJUS";"2022-05-07";"18";"0";"5";"0";"0";"1";"1"
"2022";"Dengue";"SOBRAL";"13ª REGIÃO TIANGUÁ";"CARNAUBAL";"2022-10-15";"41";"0";"1";"0";"0";"0";"0"
"2022";"Dengue";"SOBRAL";"15ª REGIÃO CRATEÚS";"TAMBORIL";"2022-07-23";"29";"0";"6";"0";"0";"2";"1"
"2022";"Dengue";"CARIRI";"21ª REGIÃO JUAZEIRO DO NORTE";"CARIRIACU";"2022-10-29";"43";"0";"0";"0";"0";"0";"0"
"2022";"Dengue";"CARIRI";"19ª REGIÃO BREJO SANTO";"BARRO";"2022-08-27";"34";"0";"0";"0";"0";"0";"0"
"2022";"Dengue";"SOBRAL";"11ª REGIÃO SOBRAL";"ALCANTARAS";"2022-03-26";"12";"0";"0";"0";"0";"0";"0"
"2022";"Dengue";"LITORAL LESTE/JAGUARIBE";"09ª REGIÃO RUSSAS";"MORADA NOVA";"2022-08-06";"31";"0";"32";"0";"0";"10";"6"
"2022";"Dengue";"SOBRAL";"13ª REGIÃO TIANGUÁ";"CARNAUBAL";"2022-12-03";"48";"0";"2";"0";"0";"0";"0"
"2022";"Dengue";"CARIRI";"19ª REGIÃO BREJO SANTO";"PORTEIRAS";"2022-05-14";"19";"0";"42";"0";"0";"5";"3"
"2022";"Dengue";"SOBRAL";"12ª REGIÃO ACARAÚ";"CRUZ";"2022-09-17";"37";"0";"2";"0";"0";"0";"0"
"2022";"Dengue";"CARIRI";"20ª REGIÃO CRATO";"SANTANA DO CARIRI";"2022-08-20";"33";"0";"0";"0";"0";"0";"0"
"2022";"Dengue";"FORTALEZA";"02ª REGIÃO CAUCAIA";"APUIARES";"2022-01-29";"4";"0";"0";"0";"0";"0";"0"
"2022";"Dengue";"SERTÃO CENTRAL";"08ª REGIÃO QUIXADÁ";"SOLONOPOLE";"2022-06-11";"23";"0";"1";"0";"0";"0";"0"
"2022";"Dengue";"SOBRAL";"15ª REGIÃO CRATEÚS";"QUITERIANOPOLIS";"2022-04-09";"14";"0";"21";"0";"0";"3";"0"
"2022";"Dengue";"CARIRI";"18ª REGIÃO IGUATU";"SABOEIRO";"2022-04-23";"16";"0";"0";"0";"0";"0";"0"
"2022";"Dengue";"FORTALEZA";"06ª REGIÃO DE ITAPIPOCA";"URUBURETAMA";"2022-12-24";"51";"0";"0";"0";"0";"0";"0"
"2022";"Dengue";"SOBRAL";"11ª REGIÃO SOBRAL";"SENADOR SA";"2022-03-19";"11";"0";"0";"0";"0";"0";"0"
"2022";"Dengue";"LITORAL LESTE/JAGUARIBE";"09ª REGIÃO RUSSAS";"MORADA NOVA";"2022-04-09";"14";"0";"1";"0";"0";"0";"0"
"2022";"Dengue";"CARIRI";"19ª REGIÃO BREJO SANTO";"MILAGRES";"2022-03-26";"12";"0";"26";"0";"0";"4";"0"
"2022";"Dengue";"SOBRAL";"11ª REGIÃO SOBRAL";"HIDROLANDIA";"2022-09-10";"36";"0";"1";"0";"0";"0";"0"
"2022";"Dengue";"FORTALEZA";"06ª REGIÃO DE ITAPIPOCA";"URUBURETAMA";"2022-07-30";"30";"0";"2";"0";"0";"0";"0"
"2022";"Dengue";"SOBRAL";"11ª REGIÃO SOBRAL";"COREAU";"2022-10-15";"41";"0";"0";"0";"0";"0";"0"
"2022";"Dengue";"CARIRI";"18ª REGIÃO IGUATU";"CATARINA";"2022-11-26";"47";"0";"0";"0";"0";"0";"0"
"2022";"Dengue";"SOBRAL";"11ª REGIÃO SOBRAL";"PIRES FERREIRA";"2022-05-14";"19";"0";"2";"0";"0";"1";"0"
"2022";"Dengue";"SOBRAL";"13ª REGIÃO TIANGUÁ";"GUARACIABA DO NORTE";"2022-01-29";"4";"0";"0";"0";"0";"0";"0"
"2022";"Dengue";"SOBRAL";"11ª REGIÃO SOBRAL";"FRECHEIRINHA";"2022-06-18";"24";"0";"1";"0";"0";"1";"0"
"2022";"Dengue";"CARIRI";"21ª REGIÃO JUAZEIRO DO NORTE";"JUAZEIRO DO NORTE";"2022-10-15";"41";"0";"8";"0";"0";"0";"0"
"2022";"Dengue";"CARIRI";"19ª REGIÃO BREJO SANTO";"ABAIARA";"2022-09-24";"38";"0";"0";"0";"0";"0";"0"
"2022";"Dengue";"CARIRI";"19ª REGIÃO BREJO SANTO";"PORTEIRAS";"2022-03-26";"12";"0";"11";"0";"0";"0";"0"
"2022";"Dengue";"LITORAL LESTE/JAGUARIBE";"10ª REGIÃO LIMOEIRO DO NORTE";"IRACEMA";"2022-06-18";"24";"0";"5";"0";"0";"0";"0"
"2022";"Dengue";"CARIRI";"17ª REGIÃO ICÓ";"UMARI";"2022-01-15";"2";"0";"0";"0";"0";"0";"0"
"2022";"Dengue";"FORTALEZA";"03ª REGIÃO MARACANAÚ";"ACARAPE";"2022-02-12";"6";"0";"0";"0";"0";"0";"0"
"2022";"Dengue";"SOBRAL";"15ª REGIÃO CRATEÚS";"TAMBORIL";"2022-08-20";"33";"0";"2";"0";"0";"0";"0"
"2022";"Dengue";"FORTALEZA";"02ª REGIÃO CAUCAIA";"ITAPAJE";"2022-07-30";"30";"0";"0";"0";"0";"0";"0"
"2022";"Dengue";"FORTALEZA";"22ª REGIÃO CASCAVEL";"OCARA";"2022-11-19";"46";"0";"0";"0";"0";"0";"0"
"2022";"Dengue";"LITORAL LESTE/JAGUARIBE";"10ª REGIÃO LIMOEIRO DO NORTE";"LIMOEIRO DO NORTE";"2022-10-08";"40";"0";"29";"0";"0";"0";"26"
"2022";"Dengue";"SOBRAL";"11ª REGIÃO SOBRAL";"SENADOR SA";"2022-10-08";"40";"0";"0";"0";"0";"0";"0"
"2022";"Dengue";"SOBRAL";"11ª REGIÃO SOBRAL";"SOBRAL";"2022-02-12";"6";"0";"2";"0";"0";"1";"0"
"2022";"Dengue";"FORTALEZA";"22ª REGIÃO CASCAVEL";"CASCAVEL";"2022-09-17";"37";"0";"5";"0";"0";"1";"0"
"2022";"Dengue";"SOBRAL";"12ª REGIÃO ACARAÚ";"CRUZ";"2022-08-27";"34";"0";"0";"0";"0";"0";"0"
"2022";"Dengue";"LITORAL LESTE/JAGUARIBE";"07ª REGIÃO ARACATI";"ARACATI";"2022-06-25";"25";"0";"77";"0";"0";"2";"12"
"2022";"Dengue";"SERTÃO CENTRAL";"08ª REGIÃO QUIXADÁ";"IBARETAMA";"2022-05-28";"21";"0";"4";"0";"0";"3";"1"
"2022";"Dengue";"SOBRAL";"11ª REGIÃO SOBRAL";"PIRES FERREIRA";"2022-08-20";"33";"0";"0";"0";"0";"0";"0"
"2022";"Dengue";"CARIRI";"20ª REGIÃO CRATO";"SALITRE";"2022-09-10";"36";"0";"0";"0";"0";"0";"0"
"2022";"Dengue";"CARIRI";"17ª REGIÃO ICÓ";"CEDRO";"2022-09-17";"37";"0";"0";"0";"0";"0";"0"
"2022";"Dengue";"SOBRAL";"13ª REGIÃO TIANGUÁ";"UBAJARA";"2022-07-16";"28";"0";"7";"0";"0";"1";"0"
"2022";"Dengue";"SERTÃO CENTRAL";"05ª REGIÃO DE CANINDÉ";"BOA VIAGEM";"2022-07-23";"29";"0";"12";"0";"0";"0";"3"
"2022";"Dengue";"CARIRI";"18ª REGIÃO IGUATU";"ACOPIARA";"2022-10-29";"43";"0";"2";"0";"0";"0";"0"
"2022";"Dengue";"FORTALEZA";"04ª REGIÃO BATURITÉ";"GUARAMIRANGA";"2022-03-12";"10";"0";"0";"0";"0";"0";"0"
"2022";"Dengue";"CARIRI";"18ª REGIÃO IGUATU";"JUCAS";"2022-06-18";"24";"0";"4";"0";"0";"0";"1"
"2022";"Dengue";"FORTALEZA";"01ª REGIÃO FORTALEZA";"FORTALEZA";"2022-07-02";"26";"0";"1626";"0";"0";"130";"599"
"2022";"Dengue";"CARIRI";"20ª REGIÃO CRATO";"NOVA OLINDA";"2022-05-21";"20";"0";"8";"0";"0";"0";"0"
"2022";"Dengue";"CARIRI";"18ª REGIÃO IGUATU";"DEPUTADO IRAPUAN PINHEIRO";"2022-07-23";"29";"0";"0";"0";"0";"0";"0"
"2022";"Dengue";"FORTALEZA";"04ª REGIÃO BATURITÉ";"PACOTI";"2022-08-27";"34";"0";"0";"0";"0";"0";"0"
"2022";"Dengue";"CARIRI";"21ª REGIÃO JUAZEIRO DO NORTE";"GRANJEIRO";"2022-02-19";"7";"0";"0";"0";"0";"0";"0"
"2022";"Dengue";"FORTALEZA";"04ª REGIÃO BATURITÉ";"ITAPIUNA";"2022-06-18";"24";"0";"0";"0";"0";"0";"0"
"2022";"Dengue";"SOBRAL";"13ª REGIÃO TIANGUÁ";"TIANGUA";"2022-08-27";"34";"0";"11";"0";"0";"4";"0"
"2022";"Dengue";"FORTALEZA";"22ª REGIÃO CASCAVEL";"HORIZONTE";"2022-12-03";"48";"0";"0";"0";"0";"0";"0"
"2022";"Dengue";"LITORAL LESTE/JAGUARIBE";"07ª REGIÃO ARACATI";"ICAPUI";"2022-12-10";"49";"0";"0";"0";"0";"0";"0"
"2022";"Dengue";"LITORAL LESTE/JAGUARIBE";"10ª REGIÃO LIMOEIRO DO NORTE";"ALTO SANTO";"2022-07-30";"30";"0";"0";"0";"0";"0";"0"
"2022";"Dengue";"FORTALEZA";"02ª REGIÃO CAUCAIA";"SAO GONCALO DO AMARANTE";"2022-11-05";"44";"0";"0";"0";"0";"0";"0"
"2022";"Dengue";"CARIRI";"21ª REGIÃO JUAZEIRO DO NORTE";"JUAZEIRO DO NORTE";"2022-03-26";"12";"0";"335";"0";"0";"1";"1"
"2022";"Dengue";"SOBRAL";"15ª REGIÃO CRATEÚS";"INDEPENDENCIA";"2022-07-02";"26";"0";"5";"0";"0";"0";"0"
"2022";"Dengue";"SOBRAL";"13ª REGIÃO TIANGUÁ";"VICOSA DO CEARA";"2022-03-19";"11";"0";"1";"0";"0";"0";"1"
"2022";"Dengue";"FORTALEZA";"03ª REGIÃO MARACANAÚ";"PALMACIA";"2022-08-13";"32";"0";"10";"0";"0";"0";"0"
"2022";"Dengue";"CARIRI";"17ª REGIÃO ICÓ";"ICO";"2022-12-17";"50";"0";"3";"0";"0";"0";"0"
"2022";"Dengue";"SOBRAL";"11ª REGIÃO SOBRAL";"HIDROLANDIA";"2022-03-19";"11";"0";"0";"0";"0";"0";"0"
"2022";"Dengue";"SERTÃO CENTRAL";"05ª REGIÃO DE CANINDÉ";"PARAMOTI";"2022-04-09";"14";"0";"1";"0";"0";"0";"1"
"2022";"Dengue";"FORTALEZA";"02ª REGIÃO CAUCAIA";"APUIARES";"2022-08-13";"32";"0";"1";"0";"0";"0";"0"
"2022";"Dengue";"FORTALEZA";"02ª REGIÃO CAUCAIA";"APUIARES";"2022-03-26";"12";"0";"1";"0";"0";"0";"0"
"2022";"Dengue";"CARIRI";"19ª REGIÃO BREJO SANTO";"PORTEIRAS";"2022-09-10";"36";"0";"2";"0";"0";"0";"2"
"2022";"Dengue";"SOBRAL";"11ª REGIÃO SOBRAL";"MUCAMBO";"2022-12-10";"49";"0";"0";"0";"0";"0";"0"
"2022";"Dengue";"FORTALEZA";"03ª REGIÃO MARACANAÚ";"MARACANAU";"2022-08-20";"33";"0";"57";"0";"0";"0";"15"
"2022";"Dengue";"SOBRAL";"16ª REGIÃO CAMOCIM";"CHAVAL";"2022-07-09";"27";"0";"0";"0";"0";"0";"0"
"2022";"Dengue";"SERTÃO CENTRAL";"08ª REGIÃO QUIXADÁ";"CHORO";"2022-11-26";"47";"0";"0";"0";"0";"0";"0"
"2022";"Dengue";"FORTALEZA";"06ª REGIÃO DE ITAPIPOCA";"TRAIRI";"2022-10-22";"42";"0";"0";"0";"0";"0";"0"
"2022";"Dengue";"SOBRAL";"16ª REGIÃO CAMOCIM";"BARROQUINHA";"2022-10-15";"41";"0";"2";"0";"0";"0";"0"
"2022";"Dengue";"CARIRI";"18ª REGIÃO IGUATU";"IGUATU";"2022-11-19";"46";"0";"0";"0";"0";"0";"0"
"2022";"Dengue";"CARIRI";"19ª REGIÃO BREJO SANTO";"ABAIARA";"2022-10-29";"43";"0";"0";"0";"0";"0";"0"
"2022";"Dengue";"SOBRAL";"11ª REGIÃO SOBRAL";"SOBRAL";"2022-08-20";"33";"0";"96";"0";"0";"12";"5"
"2022";"Dengue";"SOBRAL";"11ª REGIÃO SOBRAL";"PACUJA";"2022-04-30";"17";"0";"0";"0";"0";"0";"0"
"2022";"Dengue";"FORTALEZA";"02ª REGIÃO CAUCAIA";"CAUCAIA";"2022-09-17";"37";"0";"19";"0";"0";"2";"15"
"2022";"Dengue";"FORTALEZA";"03ª REGIÃO MARACANAÚ";"PALMACIA";"2022-03-19";"11";"0";"8";"0";"0";"2";"0"
"2022";"Dengue";"SOBRAL";"12ª REGIÃO ACARAÚ";"JIJOCA DE JERICOACOARA";"2022-05-14";"19";"0";"29";"0";"0";"9";"0"
"2022";"Dengue";"SOBRAL";"13ª REGIÃO TIANGUÁ";"CARNAUBAL";"2022-04-16";"15";"0";"0";"0";"0";"0";"0"
"2022";"Dengue";"CARIRI";"21ª REGIÃO JUAZEIRO DO NORTE";"MISSAO VELHA";"2022-12-10";"49";"0";"0";"0";"0";"0";"0"
"2022";"Dengue";"LITORAL LESTE/JAGUARIBE";"07ª REGIÃO ARACATI";"ARACATI";"2022-11-19";"46";"0";"0";"0";"0";"0";"0"
"2022";"Dengue";"SOBRAL";"15ª REGIÃO CRATEÚS";"MONSENHOR TABOSA";"2022-12-17";"50";"0";"1";"0";"0";"0";"0"
"2022";"Dengue";"FORTALEZA";"01ª REGIÃO FORTALEZA";"ITAITINGA";"2022-10-08";"40";"0";"0";"0";"0";"0";"0"
"2022";"Dengue";"FORTALEZA";"02ª REGIÃO CAUCAIA";"CAUCAIA";"2022-06-18";"24";"0";"58";"0";"0";"1";"40"
"2022";"Dengue";"SOBRAL";"11ª REGIÃO SOBRAL";"URUOCA";"2022-08-13";"32";"0";"0";"0";"0";"0";"0"
"2022";"Dengue";"SOBRAL";"11ª REGIÃO SOBRAL";"SOBRAL";"2022-07-02";"26";"1";"456";"0";"0";"80";"14"
"2022";"Dengue";"SOBRAL";"15ª REGIÃO CRATEÚS";"QUITERIANOPOLIS";"2022-08-13";"32";"0";"2";"0";"0";"0";"0"
"2022";"Dengue";"SOBRAL";"11ª REGIÃO SOBRAL";"IPU";"2022-11-12";"45";"0";"3";"0";"0";"0";"0"
"2022";"Dengue";"CARIRI";"20ª REGIÃO CRATO";"ALTANEIRA";"2022-05-28";"21";"0";"0";"0";"0";"0";"0"
"2022";"Dengue";"CARIRI";"17ª REGIÃO ICÓ";"LAVRAS DA MANGABEIRA";"2022-02-05";"5";"0";"1";"0";"0";"0";"0"
"2022";"Dengue";"FORTALEZA";"03ª REGIÃO MARACANAÚ";"GUAIUBA";"2022-09-03";"35";"0";"0";"0";"0";"0";"0"
"2022";"Dengue";"SERTÃO CENTRAL";"05ª REGIÃO DE CANINDÉ";"BOA VIAGEM";"2022-12-10";"49";"0";"0";"0";"0";"0";"0"
"2022";"Dengue";"CARIRI";"21ª REGIÃO JUAZEIRO DO NORTE";"MISSAO VELHA";"2022-06-18";"24";"0";"0";"0";"0";"0";"0"
"2022";"Dengue";"SOBRAL";"11ª REGIÃO SOBRAL";"MORAUJO";"2022-12-24";"51";"0";"0";"0";"0";"0";"0"
"2022";"Dengue";"SERTÃO CENTRAL";"08ª REGIÃO QUIXADÁ";"QUIXERAMOBIM";"2022-11-26";"47";"0";"0";"0";"0";"0";"0"
"2022";"Dengue";"FORTALEZA";"02ª REGIÃO CAUCAIA";"SAO GONCALO DO AMARANTE";"2022-02-19";"7";"0";"1";"0";"0";"0";"0"
"2022";"Dengue";"SOBRAL";"15ª REGIÃO CRATEÚS";"PORANGA";"2022-09-17";"37";"0";"0";"0";"0";"0";"0"
"2022";"Dengue";"FORTALEZA";"04ª REGIÃO BATURITÉ";"ARACOIABA";"2022-12-24";"51";"0";"0";"0";"0";"0";"0"
"2022";"Dengue";"SOBRAL";"11ª REGIÃO SOBRAL";"ALCANTARAS";"2022-08-06";"31";"0";"3";"0";"0";"1";"1"
"2022";"Dengue";"SOBRAL";"11ª REGIÃO SOBRAL";"HIDROLANDIA";"2022-01-08";"1";"0";"0";"0";"0";"0";"0"
"2022";"Dengue";"CARIRI";"20ª REGIÃO CRATO";"ASSARE";"2022-06-11";"23";"0";"7";"0";"0";"1";"5"
"2022";"Dengue";"CARIRI";"20ª REGIÃO CRATO";"ANTONINA DO NORTE";"2022-10-22";"42";"0";"0";"0";"0";"0";"0"
"2022";"Dengue";"FORTALEZA";"06ª REGIÃO DE ITAPIPOCA";"TRAIRI";"2022-02-19";"7";"0";"0";"0";"0";"1";"0"
"2022";"Dengue";"SOBRAL";"11ª REGIÃO SOBRAL";"SENADOR SA";"2022-04-09";"14";"0";"0";"0";"0";"0";"0"
"2022";"Dengue";"SERTÃO CENTRAL";"08ª REGIÃO QUIXADÁ";"QUIXADA";"2022-12-10";"49";"0";"1";"0";"0";"0";"0"
"2022";"Dengue";"SOBRAL";"13ª REGIÃO TIANGUÁ";"IBIAPINA";"2022-09-10";"36";"0";"1";"0";"0";"0";"0"
"2022";"Dengue";"SOBRAL";"16ª REGIÃO CAMOCIM";"BARROQUINHA";"2022-09-17";"37";"0";"0";"0";"0";"0";"0"
"2022";"Dengue";"SOBRAL";"16ª REGIÃO CAMOCIM";"MARTINOPOLE";"2022-12-03";"48";"0";"0";"0";"0";"0";"0"
"2022";"Dengue";"SOBRAL";"12ª REGIÃO ACARAÚ";"ITAREMA";"2022-10-01";"39";"0";"0";"0";"0";"0";"0"
"2022";"Dengue";"FORTALEZA";"04ª REGIÃO BATURITÉ";"PACOTI";"2022-11-26";"47";"0";"0";"0";"0";"0";"0"
"2022";"Dengue";"SOBRAL";"13ª REGIÃO TIANGUÁ";"IBIAPINA";"2022-12-10";"49";"0";"1";"0";"0";"0";"0"
"2022";"Dengue";"SERTÃO CENTRAL";"08ª REGIÃO QUIXADÁ";"SOLONOPOLE";"2022-12-03";"48";"0";"0";"0";"0";"0";"0"
"2022";"Dengue";"FORTALEZA";"04ª REGIÃO BATURITÉ";"ARACOIABA";"2022-02-26";"8";"0";"0";"0";"0";"0";"0"
"2022";"Dengue";"SOBRAL";"12ª REGIÃO ACARAÚ";"CRUZ";"2022-12-17";"50";"0";"1";"0";"0";"0";"0"
"2022";"Dengue";"FORTALEZA";"06ª REGIÃO DE ITAPIPOCA";"TRAIRI";"2022-11-05";"44";"0";"0";"0";"0";"0";"0"
"2022";"Dengue";"LITORAL LESTE/JAGUARIBE";"10ª REGIÃO LIMOEIRO DO NORTE";"IRACEMA";"2022-07-23";"29";"0";"3";"0";"0";"1";"0"
"2022";"Dengue";"CARIRI";"17ª REGIÃO ICÓ";"CEDRO";"2022-11-12";"45";"0";"0";"0";"0";"0";"0"
"2022";"Dengue";"FORTALEZA";"02ª REGIÃO CAUCAIA";"TEJUCUOCA";"2022-09-17";"37";"0";"0";"0";"0";"0";"0"
"2022";"Dengue";"FORTALEZA";"03ª REGIÃO MARACANAÚ";"PALMACIA";"2022-01-22";"3";"0";"9";"0";"0";"3";"0"
"2022";"Dengue";"FORTALEZA";"02ª REGIÃO CAUCAIA";"SAO LUIS DO CURU";"2022-10-15";"41";"0";"0";"0";"0";"0";"0"
"2022";"Dengue";"SOBRAL";"11ª REGIÃO SOBRAL";"FRECHEIRINHA";"2022-12-24";"51";"0";"0";"0";"0";"0";"0"
"2022";"Dengue";"LITORAL LESTE/JAGUARIBE";"07ª REGIÃO ARACATI";"ICAPUI";"2022-07-16";"28";"0";"71";"0";"0";"0";"22"
"2022";"Dengue";"SOBRAL";"16ª REGIÃO CAMOCIM";"BARROQUINHA";"2022-08-20";"33";"0";"0";"0";"0";"0";"0"
"2022";"Dengue";"SOBRAL";"11ª REGIÃO SOBRAL";"GROAIRAS";"2022-11-05";"44";"0";"6";"0";"0";"4";"0"
"2022";"Dengue";"SOBRAL";"11ª REGIÃO SOBRAL";"URUOCA";"2022-02-05";"5";"0";"0";"0";"0";"0";"0"
"2022";"Dengue";"LITORAL LESTE/JAGUARIBE";"07ª REGIÃO ARACATI";"ITAICABA";"2022-08-20";"33";"0";"1";"0";"0";"0";"0"
"2022";"Dengue";"FORTALEZA";"01ª REGIÃO FORTALEZA";"ITAITINGA";"2022-05-14";"19";"0";"6";"0";"0";"0";"1"
"2022";"Dengue";"SOBRAL";"11ª REGIÃO SOBRAL";"COREAU";"2022-07-16";"28";"0";"4";"0";"0";"0";"0"
"2022";"Dengue";"SOBRAL";"13ª REGIÃO TIANGUÁ";"GUARACIABA DO NORTE";"2022-06-04";"22";"0";"4";"0";"0";"2";"2"
"2022";"Dengue";"SOBRAL";"16ª REGIÃO CAMOCIM";"MARTINOPOLE";"2022-05-14";"19";"0";"0";"0";"0";"0";"0"
"2022";"Dengue";"FORTALEZA";"03ª REGIÃO MARACANAÚ";"ACARAPE";"2022-12-24";"51";"0";"0";"0";"0";"0";"0"
"2022";"Dengue";"CARIRI";"18ª REGIÃO IGUATU";"CATARINA";"2022-10-01";"39";"0";"0";"0";"0";"0";"0"
"2022";"Dengue";"CARIRI";"19ª REGIÃO BREJO SANTO";"ABAIARA";"2022-12-10";"49";"0";"0";"0";"0";"0";"0"
"2022";"Dengue";"CARIRI";"18ª REGIÃO IGUATU";"QUIXELO";"2022-12-31";"52";"0";"0";"0";"0";"0";"0"
"2022";"Dengue";"SERTÃO CENTRAL";"08ª REGIÃO QUIXADÁ";"MILHA";"2022-12-17";"50";"0";"0";"0";"0";"0";"0"
"2022";"Dengue";"CARIRI";"20ª REGIÃO CRATO";"ARARIPE";"2022-10-15";"41";"0";"0";"0";"0";"0";"0"
"2022";"Dengue";"CARIRI";"17ª REGIÃO ICÓ";"UMARI";"2022-03-12";"10";"0";"0";"0";"0";"0";"0"
"2022";"Dengue";"SOBRAL";"15ª REGIÃO CRATEÚS";"NOVO ORIENTE";"2022-10-15";"41";"0";"0";"0";"0";"0";"0"
"2022";"Dengue";"SOBRAL";"15ª REGIÃO CRATEÚS";"TAMBORIL";"2022-01-08";"1";"0";"0";"0";"0";"0";"0"
"2022";"Dengue";"SOBRAL";"15ª REGIÃO CRATEÚS";"ARARENDA";"2022-06-18";"24";"0";"6";"0";"0";"2";"0"
"2022";"Dengue";"FORTALEZA";"04ª REGIÃO BATURITÉ";"BATURITE";"2022-05-07";"18";"0";"5";"0";"0";"0";"0"
"2022";"Dengue";"LITORAL LESTE/JAGUARIBE";"10ª REGIÃO LIMOEIRO DO NORTE";"JAGUARIBE";"2022-02-05";"5";"0";"2";"0";"0";"0";"0"
"2022";"Dengue";"SOBRAL";"12ª REGIÃO ACARAÚ";"ITAREMA";"2022-01-29";"4";"0";"0";"0";"0";"0";"0"
"2022";"Dengue";"LITORAL LESTE/JAGUARIBE";"10ª REGIÃO LIMOEIRO DO NORTE";"ERERE";"2022-07-09";"27";"0";"0";"0";"0";"0";"0"
"2022";"Dengue";"CARIRI";"20ª REGIÃO CRATO";"ASSARE";"2022-08-20";"33";"0";"1";"0";"0";"0";"1"
"2022";"Dengue";"FORTALEZA";"01ª REGIÃO FORTALEZA";"AQUIRAZ";"2022-10-22";"42";"0";"1";"0";"0";"1";"0"
"2022";"Dengue";"CARIRI";"21ª REGIÃO JUAZEIRO DO NORTE";"CARIRIACU";"2022-01-15";"2";"0";"0";"0";"0";"0";"0"
"2022";"Dengue";"FORTALEZA";"03ª REGIÃO MARACANAÚ";"MARANGUAPE";"2022-09-24";"38";"0";"8";"0";"0";"2";"0"
"2022";"Dengue";"SOBRAL";"13ª REGIÃO TIANGUÁ";"GUARACIABA DO NORTE";"2022-10-29";"43";"0";"1";"0";"0";"1";"0"
"2022";"Dengue";"FORTALEZA";"22ª REGIÃO CASCAVEL";"PACAJUS";"2022-07-02";"26";"0";"1";"0";"0";"1";"0"
"2022";"Dengue";"SOBRAL";"15ª REGIÃO CRATEÚS";"INDEPENDENCIA";"2022-01-29";"4";"0";"0";"0";"0";"0";"0"
"2022";"Dengue";"SERTÃO CENTRAL";"08ª REGIÃO QUIXADÁ";"SOLONOPOLE";"2022-05-14";"19";"0";"0";"0";"0";"0";"0"
"2022";"Dengue";"SOBRAL";"11ª REGIÃO SOBRAL";"MUCAMBO";"2022-04-23";"16";"0";"1";"0";"0";"0";"0"
"2022";"Dengue";"LITORAL LESTE/JAGUARIBE";"09ª REGIÃO RUSSAS";"PALHANO";"2022-11-05";"44";"0";"0";"0";"0";"0";"0"
"2022";"Dengue";"SOBRAL";"11ª REGIÃO SOBRAL";"MERUOCA";"2022-03-05";"9";"0";"0";"0";"0";"0";"0"
"2022";"Dengue";"LITORAL LESTE/JAGUARIBE";"07ª REGIÃO ARACATI";"ARACATI";"2022-07-16";"28";"0";"34";"0";"0";"1";"6"
"2022";"Dengue";"FORTALEZA";"06ª REGIÃO DE ITAPIPOCA";"URUBURETAMA";"2022-10-22";"42";"0";"0";"0";"0";"0";"0"
"2022";"Dengue";"FORTALEZA";"04ª REGIÃO BATURITÉ";"ITAPIUNA";"2022-11-26";"47";"0";"1";"0";"0";"0";"0"
"2022";"Dengue";"SOBRAL";"15ª REGIÃO CRATEÚS";"NOVA RUSSAS";"2022-08-27";"34";"0";"1";"0";"0";"0";"1"
"2022";"Dengue";"SERTÃO CENTRAL";"05ª REGIÃO DE CANINDÉ";"ITATIRA";"2022-10-29";"43";"0";"0";"0";"0";"0";"0"
"2022";"Dengue";"SOBRAL";"11ª REGIÃO SOBRAL";"MASSAPE";"2022-10-22";"42";"0";"2";"0";"0";"0";"0"
"2022";"Dengue";"FORTALEZA";"01ª REGIÃO FORTALEZA";"FORTALEZA";"2022-05-21";"20";"0";"2730";"0";"0";"184";"1156"
"2022";"Dengue";"FORTALEZA";"02ª REGIÃO CAUCAIA";"SAO GONCALO DO AMARANTE";"2022-04-30";"17";"0";"5";"0";"0";"0";"0"
"2022";"Dengue";"CARIRI";"18ª REGIÃO IGUATU";"QUIXELO";"2022-11-05";"44";"0";"0";"0";"0";"0";"0"
"2022";"Dengue";"LITORAL LESTE/JAGUARIBE";"10ª REGIÃO LIMOEIRO DO NORTE";"POTIRETAMA";"2022-02-12";"6";"0";"0";"0";"0";"0";"0"
"2022";"Dengue";"FORTALEZA";"01ª REGIÃO FORTALEZA";"EUSEBIO";"2022-04-30";"17";"0";"8";"0";"0";"2";"0"
"2022";"Dengue";"CARIRI";"18ª REGIÃO IGUATU";"MOMBACA";"2022-04-16";"15";"0";"0";"0";"0";"0";"0"
"2022";"Dengue";"CARIRI";"20ª REGIÃO CRATO";"CRATO";"2022-07-23";"29";"0";"8";"0";"0";"0";"7"
"2022";"Dengue";"SOBRAL";"12ª REGIÃO ACARAÚ";"MARCO";"2022-01-15";"2";"0";"0";"0";"0";"0";"0"
"2022";"Dengue";"CARIRI";"18ª REGIÃO IGUATU";"JUCAS";"2022-09-24";"38";"0";"0";"0";"0";"0";"0"
"2022";"Dengue";"SOBRAL";"15ª REGIÃO CRATEÚS";"CRATEUS";"2022-05-14";"19";"0";"5";"0";"0";"1";"0"
"2022";"Dengue";"CARIRI";"17ª REGIÃO ICÓ";"IPAUMIRIM";"2022-04-30";"17";"0";"2";"0";"0";"0";"0"
"2022";"Dengue";"FORTALEZA";"06ª REGIÃO DE ITAPIPOCA";"MIRAIMA";"2022-12-10";"49";"0";"0";"0";"0";"0";"0"
"2022";"Dengue";"CARIRI";"19ª REGIÃO BREJO SANTO";"JATI";"2022-09-24";"38";"0";"0";"0";"0";"0";"0"
"2022";"Dengue";"SOBRAL";"15ª REGIÃO CRATEÚS";"QUITERIANOPOLIS";"2022-01-29";"4";"0";"0";"0";"0";"0";"0"
"2022";"Dengue";"SOBRAL";"11ª REGIÃO SOBRAL";"HIDROLANDIA";"2022-09-03";"35";"0";"0";"0";"0";"0";"0"
"2022";"Dengue";"CARIRI";"18ª REGIÃO IGUATU";"MOMBACA";"2022-05-07";"18";"0";"14";"0";"0";"4";"8"
"2022";"Dengue";"LITORAL LESTE/JAGUARIBE";"10ª REGIÃO LIMOEIRO DO NORTE";"LIMOEIRO DO NORTE";"2022-01-08";"1";"0";"1";"0";"0";"0";"0"
"2022";"Dengue";"CARIRI";"21ª REGIÃO JUAZEIRO DO NORTE";"JUAZEIRO DO NORTE";"2022-12-03";"48";"0";"5";"0";"0";"1";"0"
"2022";"Dengue";"SOBRAL";"15ª REGIÃO CRATEÚS";"TAMBORIL";"2022-07-02";"26";"0";"2";"0";"0";"1";"0"
"2022";"Dengue";"CARIRI";"18ª REGIÃO IGUATU";"DEPUTADO IRAPUAN PINHEIRO";"2022-07-09";"27";"0";"0";"0";"0";"0";"0"
"2022";"Dengue";"FORTALEZA";"02ª REGIÃO CAUCAIA";"TEJUCUOCA";"2022-05-07";"18";"0";"1";"0";"0";"1";"0"
"2022";"Dengue";"SOBRAL";"13ª REGIÃO TIANGUÁ";"UBAJARA";"2022-02-19";"7";"0";"0";"0";"0";"0";"0"
"2022";"Dengue";"SERTÃO CENTRAL";"08ª REGIÃO QUIXADÁ";"IBICUITINGA";"2022-08-27";"34";"0";"0";"0";"0";"0";"0"
"2022";"Dengue";"FORTALEZA";"02ª REGIÃO CAUCAIA";"APUIARES";"2022-02-12";"6";"0";"0";"0";"0";"0";"0"
"2022";"Dengue";"SOBRAL";"12ª REGIÃO ACARAÚ";"CRUZ";"2022-05-07";"18";"0";"11";"0";"0";"4";"0"
"2022";"Dengue";"SERTÃO CENTRAL";"14ª REGIÃO TAUÁ";"AIUABA";"2022-07-23";"29";"0";"13";"0";"0";"2";"10"
"2022";"Dengue";"SOBRAL";"11ª REGIÃO SOBRAL";"RERIUTABA";"2022-04-02";"13";"0";"3";"0";"0";"0";"0"
"2022";"Dengue";"CARIRI";"21ª REGIÃO JUAZEIRO DO NORTE";"GRANJEIRO";"2022-04-23";"16";"0";"9";"0";"0";"0";"0"
"2022";"Dengue";"LITORAL LESTE/JAGUARIBE";"10ª REGIÃO LIMOEIRO DO NORTE";"ERERE";"2022-02-05";"5";"0";"0";"0";"0";"0";"0"
"2022";"Dengue";"SOBRAL";"11ª REGIÃO SOBRAL";"GROAIRAS";"2022-04-23";"16";"0";"9";"0";"0";"7";"0"
"2022";"Dengue";"SOBRAL";"12ª REGIÃO ACARAÚ";"ACARAU";"2022-01-15";"2";"0";"0";"0";"0";"0";"0"
"2022";"Dengue";"CARIRI";"20ª REGIÃO CRATO";"NOVA OLINDA";"2022-01-29";"4";"0";"0";"0";"0";"0";"0"
"2022";"Dengue";"SOBRAL";"15ª REGIÃO CRATEÚS";"CRATEUS";"2022-03-26";"12";"0";"0";"0";"0";"0";"0"
"2022";"Dengue";"FORTALEZA";"04ª REGIÃO BATURITÉ";"MULUNGU";"2022-09-17";"37";"0";"0";"0";"0";"0";"0"
"2022";"Dengue";"SOBRAL";"15ª REGIÃO CRATEÚS";"IPUEIRAS";"2022-07-16";"28";"0";"3";"0";"0";"1";"2"
"2022";"Dengue";"SOBRAL";"16ª REGIÃO CAMOCIM";"CHAVAL";"2022-12-03";"48";"0";"0";"0";"0";"0";"0"
"2022";"Dengue";"SERTÃO CENTRAL";"08ª REGIÃO QUIXADÁ";"SOLONOPOLE";"2022-12-10";"49";"0";"0";"0";"0";"0";"0"
"2022";"Dengue";"LITORAL LESTE/JAGUARIBE";"09ª REGIÃO RUSSAS";"PALHANO";"2022-04-30";"17";"0";"14";"0";"0";"1";"0"
"2022";"Dengue";"SOBRAL";"11ª REGIÃO SOBRAL";"IPU";"2022-07-30";"30";"0";"2";"0";"0";"0";"0"
"2022";"Dengue";"LITORAL LESTE/JAGUARIBE";"10ª REGIÃO LIMOEIRO DO NORTE";"IRACEMA";"2022-05-21";"20";"0";"2";"0";"0";"1";"0"
"2022";"Dengue";"SOBRAL";"13ª REGIÃO TIANGUÁ";"GUARACIABA DO NORTE";"2022-03-12";"10";"0";"0";"0";"0";"0";"0"
"2022";"Dengue";"FORTALEZA";"06ª REGIÃO DE ITAPIPOCA";"TRAIRI";"2022-05-07";"18";"0";"5";"0";"0";"1";"0"
"2022";"Dengue";"CARIRI";"18ª REGIÃO IGUATU";"QUIXELO";"2022-12-10";"49";"0";"0";"0";"0";"0";"0"
"2022";"Dengue";"LITORAL LESTE/JAGUARIBE";"10ª REGIÃO LIMOEIRO DO NORTE";"QUIXERE";"2022-09-10";"36";"0";"7";"0";"0";"0";"1"
"2022";"Dengue";"SERTÃO CENTRAL";"08ª REGIÃO QUIXADÁ";"IBARETAMA";"2022-08-13";"32";"0";"0";"0";"0";"0";"0"
"2022";"Dengue";"CARIRI";"20ª REGIÃO CRATO";"ARARIPE";"2022-08-20";"33";"0";"0";"0";"0";"0";"0"
"2022";"Dengue";"CARIRI";"20ª REGIÃO CRATO";"FARIAS BRITO";"2022-02-19";"7";"0";"1";"0";"0";"0";"0"
"2022";"Dengue";"FORTALEZA";"06ª REGIÃO DE ITAPIPOCA";"AMONTADA";"2022-10-22";"42";"0";"0";"0";"0";"0";"0"
"2022";"Dengue";"SOBRAL";"15ª REGIÃO CRATEÚS";"NOVO ORIENTE";"2022-06-18";"24";"0";"64";"0";"0";"4";"4"
"2022";"Dengue";"CARIRI";"18ª REGIÃO IGUATU";"MOMBACA";"2022-08-27";"34";"0";"0";"0";"0";"0";"0"
"2022";"Dengue";"FORTALEZA";"04ª REGIÃO BATURITÉ";"ARATUBA";"2022-08-06";"31";"0";"3";"0";"0";"0";"3"
"2022";"Dengue";"SOBRAL";"15ª REGIÃO CRATEÚS";"IPUEIRAS";"2022-04-02";"13";"0";"1";"0";"0";"0";"0"
"2022";"Dengue";"FORTALEZA";"04ª REGIÃO BATURITÉ";"ARACOIABA";"2022-05-28";"21";"0";"4";"0";"0";"1";"0"
"2022";"Dengue";"CARIRI";"20ª REGIÃO CRATO";"POTENGI";"2022-05-14";"19";"0";"1";"0";"0";"0";"0"
"2022";"Dengue";"LITORAL LESTE/JAGUARIBE";"09ª REGIÃO RUSSAS";"MORADA NOVA";"2022-05-28";"21";"0";"79";"0";"0";"8";"33"
"2022";"Dengue";"SERTÃO CENTRAL";"08ª REGIÃO QUIXADÁ";"IBICUITINGA";"2022-07-09";"27";"0";"0";"0";"0";"0";"0"
"2022";"Dengue";"LITORAL LESTE/JAGUARIBE";"07ª REGIÃO ARACATI";"ITAICABA";"2022-08-13";"32";"0";"4";"0";"0";"0";"0"
"2022";"Dengue";"CARIRI";"17ª REGIÃO ICÓ";"ICO";"2022-08-20";"33";"0";"28";"0";"0";"1";"4"
"2022";"Dengue";"SOBRAL";"11ª REGIÃO SOBRAL";"CATUNDA";"2022-10-01";"39";"0";"0";"0";"0";"0";"0"
"2022";"Dengue";"FORTALEZA";"03ª REGIÃO MARACANAÚ";"BARREIRA";"2022-03-19";"11";"0";"1";"0";"0";"1";"0"
"2022";"Dengue";"SOBRAL";"15ª REGIÃO CRATEÚS";"CRATEUS";"2022-09-03";"35";"0";"3";"0";"0";"0";"0"
"2022";"Dengue";"LITORAL LESTE/JAGUARIBE";"09ª REGIÃO RUSSAS";"PALHANO";"2022-03-19";"11";"0";"0";"0";"0";"0";"0"
"2022";"Dengue";"SOBRAL";"16ª REGIÃO CAMOCIM";"MARTINOPOLE";"2022-08-13";"32";"0";"0";"0";"0";"0";"0"
"2022";"Dengue";"SOBRAL";"15ª REGIÃO CRATEÚS";"PORANGA";"2022-03-12";"10";"0";"2";"0";"0";"2";"0"
"2022";"Dengue";"FORTALEZA";"02ª REGIÃO CAUCAIA";"TEJUCUOCA";"2022-02-12";"6";"0";"1";"0";"0";"0";"0"
"2022";"Dengue";"SERTÃO CENTRAL";"14ª REGIÃO TAUÁ";"TAUA";"2022-07-30";"30";"0";"51";"0";"0";"18";"7"
"2022";"Dengue";"FORTALEZA";"02ª REGIÃO CAUCAIA";"SAO LUIS DO CURU";"2022-06-25";"25";"0";"0";"0";"0";"0";"0"
"2022";"Dengue";"SOBRAL";"16ª REGIÃO CAMOCIM";"GRANJA";"2022-07-02";"26";"0";"7";"0";"0";"0";"0"
"2022";"Dengue";"FORTALEZA";"01ª REGIÃO FORTALEZA";"AQUIRAZ";"2022-09-10";"36";"0";"0";"0";"0";"0";"0"
"2022";"Dengue";"LITORAL LESTE/JAGUARIBE";"07ª REGIÃO ARACATI";"FORTIM";"2022-12-17";"50";"0";"1";"0";"0";"0";"0"
"2022";"Dengue";"SERTÃO CENTRAL";"08ª REGIÃO QUIXADÁ";"IBARETAMA";"2022-01-08";"1";"0";"0";"0";"0";"0";"0"
"2022";"Dengue";"CARIRI";"18ª REGIÃO IGUATU";"SABOEIRO";"2022-11-05";"44";"0";"0";"0";"0";"0";"0"
"2022";"Dengue";"SERTÃO CENTRAL";"08ª REGIÃO QUIXADÁ";"BANABUIU";"2022-08-20";"33";"0";"0";"0";"0";"0";"0"
"2022";"Dengue";"SOBRAL";"13ª REGIÃO TIANGUÁ";"GUARACIABA DO NORTE";"2022-10-08";"40";"0";"0";"0";"0";"0";"0"
"2022";"Dengue";"FORTALEZA";"22ª REGIÃO CASCAVEL";"PINDORETAMA";"2022-04-30";"17";"0";"34";"0";"0";"7";"0"
"2022";"Dengue";"FORTALEZA";"04ª REGIÃO BATURITÉ";"MULUNGU";"2022-11-12";"45";"0";"0";"0";"0";"0";"0"
"2022";"Dengue";"SOBRAL";"16ª REGIÃO CAMOCIM";"CHAVAL";"2022-09-17";"37";"0";"0";"0";"0";"0";"0"
"2022";"Dengue";"SERTÃO CENTRAL";"08ª REGIÃO QUIXADÁ";"MILHA";"2022-12-31";"52";"0";"0";"0";"0";"0";"0"
"2022";"Dengue";"SOBRAL";"11ª REGIÃO SOBRAL";"PIRES FERREIRA";"2022-09-10";"36";"0";"0";"0";"0";"0";"0"
"2022";"Dengue";"SOBRAL";"12ª REGIÃO ACARAÚ";"MORRINHOS";"2022-02-19";"7";"0";"2";"0";"0";"0";"0"
"2022";"Dengue";"SOBRAL";"11ª REGIÃO SOBRAL";"MORAUJO";"2022-01-08";"1";"0";"0";"0";"0";"0";"0"
"2022";"Dengue";"CARIRI";"17ª REGIÃO ICÓ";"ICO";"2022-12-03";"48";"0";"6";"0";"0";"0";"0"
"2022";"Dengue";"FORTALEZA";"06ª REGIÃO DE ITAPIPOCA";"UMIRIM";"2022-12-03";"48";"0";"0";"0";"0";"0";"0"
"2022";"Dengue";"SOBRAL";"15ª REGIÃO CRATEÚS";"ARARENDA";"2022-12-03";"48";"0";"0";"0";"0";"0";"0"
"2022";"Dengue";"SERTÃO CENTRAL";"05ª REGIÃO DE CANINDÉ";"MADALENA";"2022-10-15";"41";"0";"0";"0";"0";"0";"0"
"2022";"Dengue";"SERTÃO CENTRAL";"08ª REGIÃO QUIXADÁ";"CHORO";"2022-02-19";"7";"0";"0";"0";"0";"0";"0"
"2022";"Dengue";"SOBRAL";"13ª REGIÃO TIANGUÁ";"SAO BENEDITO";"2022-09-17";"37";"0";"1";"0";"0";"1";"0"
"2022";"Dengue";"SERTÃO CENTRAL";"05ª REGIÃO DE CANINDÉ";"CARIDADE";"2022-02-05";"5";"0";"0";"0";"0";"0";"0"
"2022";"Dengue";"FORTALEZA";"06ª REGIÃO DE ITAPIPOCA";"AMONTADA";"2022-08-27";"34";"0";"1";"0";"0";"1";"0"
"2022";"Dengue";"FORTALEZA";"03ª REGIÃO MARACANAÚ";"REDENCAO";"2022-06-11";"23";"0";"1";"0";"0";"0";"0"
"2022";"Dengue";"SOBRAL";"13ª REGIÃO TIANGUÁ";"IBIAPINA";"2022-10-08";"40";"0";"2";"0";"0";"0";"0"
"2022";"Dengue";"SOBRAL";"12ª REGIÃO ACARAÚ";"CRUZ";"2022-11-12";"45";"0";"2";"0";"0";"0";"0"
"2022";"Dengue";"FORTALEZA";"04ª REGIÃO BATURITÉ";"PACOTI";"2022-04-02";"13";"0";"6";"0";"0";"0";"0"
"2022";"Dengue";"SOBRAL";"11ª REGIÃO SOBRAL";"SANTANA DO ACARAU";"2022-10-15";"41";"0";"0";"0";"0";"0";"0"
"2022";"Dengue";"SOBRAL";"15ª REGIÃO CRATEÚS";"NOVO ORIENTE";"2022-02-05";"5";"0";"0";"0";"0";"0";"0"
"2022";"Dengue";"CARIRI";"19ª REGIÃO BREJO SANTO";"MAURITI";"2022-09-24";"38";"0";"0";"0";"0";"0";"0"
"2022";"Dengue";"CARIRI";"18ª REGIÃO IGUATU";"PIQUET CARNEIRO";"2022-05-21";"20";"0";"6";"0";"0";"0";"0"
"2022";"Dengue";"CARIRI";"18ª REGIÃO IGUATU";"CATARINA";"2022-10-15";"41";"0";"0";"0";"0";"0";"0"
"2022";"Dengue";"CARIRI";"19ª REGIÃO BREJO SANTO";"BARRO";"2022-04-23";"16";"0";"14";"0";"0";"2";"3"
"2022";"Dengue";"LITORAL LESTE/JAGUARIBE";"07ª REGIÃO ARACATI";"ITAICABA";"2022-12-31";"52";"0";"0";"0";"0";"0";"0"
"2022";"Dengue";"LITORAL LESTE/JAGUARIBE";"07ª REGIÃO ARACATI";"FORTIM";"2022-01-15";"2";"0";"2";"0";"0";"1";"0"
"2022";"Dengue";"SOBRAL";"15ª REGIÃO CRATEÚS";"IPUEIRAS";"2022-11-05";"44";"0";"0";"0";"0";"0";"0"
"2022";"Dengue";"FORTALEZA";"22ª REGIÃO CASCAVEL";"PINDORETAMA";"2022-03-26";"12";"0";"43";"0";"0";"9";"0"
"2022";"Dengue";"CARIRI";"17ª REGIÃO ICÓ";"BAIXIO";"2022-06-04";"22";"0";"1";"0";"0";"0";"0"
"2022";"Dengue";"LITORAL LESTE/JAGUARIBE";"10ª REGIÃO LIMOEIRO DO NORTE";"PEREIRO";"2022-10-01";"39";"0";"0";"0";"0";"0";"0"
"2022";"Dengue";"CARIRI";"20ª REGIÃO CRATO";"ASSARE";"2022-12-10";"49";"0";"1";"0";"0";"0";"1"
"2022";"Dengue";"CARIRI";"20ª REGIÃO CRATO";"TARRAFAS";"2022-07-02";"26";"0";"0";"0";"0";"0";"0"
"2022";"Dengue";"CARIRI";"18ª REGIÃO IGUATU";"ACOPIARA";"2022-10-01";"39";"0";"0";"0";"0";"0";"0"
"2022";"Dengue";"SERTÃO CENTRAL";"14ª REGIÃO TAUÁ";"TAUA";"2022-05-21";"20";"0";"34";"0";"0";"18";"2"
"2022";"Dengue";"LITORAL LESTE/JAGUARIBE";"10ª REGIÃO LIMOEIRO DO NORTE";"SAO JOAO DO JAGUARIBE";"2022-10-22";"42";"0";"0";"0";"0";"0";"0"
"2022";"Dengue";"CARIRI";"19ª REGIÃO BREJO SANTO";"ABAIARA";"2022-05-28";"21";"0";"1";"0";"0";"0";"0"
"2022";"Dengue";"SOBRAL";"12ª REGIÃO ACARAÚ";"CRUZ";"2022-07-09";"27";"0";"8";"0";"0";"1";"0"
"2022";"Dengue";"SOBRAL";"15ª REGIÃO CRATEÚS";"CRATEUS";"2022-06-11";"23";"1";"10";"1";"0";"2";"5"
"2022";"Dengue";"CARIRI";"19ª REGIÃO BREJO SANTO";"MILAGRES";"2022-02-26";"8";"0";"4";"0";"0";"1";"0"
"2022";"Dengue";"CARIRI";"17ª REGIÃO ICÓ";"UMARI";"2022-08-20";"33";"0";"0";"0";"0";"0";"0"
"2022";"Dengue";"SOBRAL";"15ª REGIÃO CRATEÚS";"NOVA RUSSAS";"2022-12-17";"50";"0";"0";"0";"0";"0";"0"
"2022";"Dengue";"SOBRAL";"12ª REGIÃO ACARAÚ";"ITAREMA";"2022-05-21";"20";"0";"8";"0";"0";"3";"1"
"2022";"Dengue";"CARIRI";"20ª REGIÃO CRATO";"CRATO";"2022-12-03";"48";"0";"0";"0";"0";"0";"0"
"2022";"Dengue";"CARIRI";"19ª REGIÃO BREJO SANTO";"MILAGRES";"2022-10-15";"41";"0";"0";"0";"0";"0";"0"
"2022";"Dengue";"CARIRI";"20ª REGIÃO CRATO";"ALTANEIRA";"2022-12-31";"52";"0";"0";"0";"0";"0";"0"
"2022";"Dengue";"SOBRAL";"11ª REGIÃO SOBRAL";"MASSAPE";"2022-04-30";"17";"0";"4";"0";"0";"0";"0"
"2022";"Dengue";"SOBRAL";"12ª REGIÃO ACARAÚ";"JIJOCA DE JERICOACOARA";"2022-03-12";"10";"0";"0";"0";"0";"0";"0"
"2022";"Dengue";"FORTALEZA";"01ª REGIÃO FORTALEZA";"EUSEBIO";"2022-04-02";"13";"0";"2";"0";"0";"1";"0"
"2022";"Dengue";"SOBRAL";"13ª REGIÃO TIANGUÁ";"VICOSA DO CEARA";"2022-04-02";"13";"0";"9";"0";"0";"3";"0"
"2022";"Dengue";"CARIRI";"20ª REGIÃO CRATO";"SALITRE";"2022-10-15";"41";"0";"0";"0";"0";"0";"0"
"2022";"Dengue";"SERTÃO CENTRAL";"08ª REGIÃO QUIXADÁ";"SENADOR POMPEU";"2022-06-11";"23";"0";"2";"0";"0";"0";"0"
"2022";"Dengue";"LITORAL LESTE/JAGUARIBE";"09ª REGIÃO RUSSAS";"JAGUARUANA";"2022-10-01";"39";"0";"4";"0";"0";"0";"2"
"2022";"Dengue";"SOBRAL";"16ª REGIÃO CAMOCIM";"GRANJA";"2022-09-24";"38";"0";"1";"0";"0";"0";"0"
"2022";"Dengue";"SOBRAL";"12ª REGIÃO ACARAÚ";"ACARAU";"2022-07-02";"26";"0";"10";"0";"0";"0";"0"
"2022";"Dengue";"SOBRAL";"11ª REGIÃO SOBRAL";"IRAUCUBA";"2022-06-18";"24";"0";"2";"0";"0";"0";"0"
"2022";"Dengue";"LITORAL LESTE/JAGUARIBE";"10ª REGIÃO LIMOEIRO DO NORTE";"ERERE";"2022-12-10";"49";"0";"0";"0";"0";"0";"0"
"2022";"Dengue";"FORTALEZA";"06ª REGIÃO DE ITAPIPOCA";"MIRAIMA";"2022-07-09";"27";"0";"3";"0";"0";"0";"2"
"2022";"Dengue";"SERTÃO CENTRAL";"05ª REGIÃO DE CANINDÉ";"BOA VIAGEM";"2022-07-30";"30";"0";"4";"0";"0";"0";"1"
"2022";"Dengue";"FORTALEZA";"06ª REGIÃO DE ITAPIPOCA";"ITAPIPOCA";"2022-06-04";"22";"0";"149";"0";"0";"10";"55"
"2022";"Dengue";"CARIRI";"17ª REGIÃO ICÓ";"ICO";"2022-09-17";"37";"0";"8";"0";"0";"0";"1"
"2022";"Dengue";"FORTALEZA";"03ª REGIÃO MARACANAÚ";"GUAIUBA";"2022-04-30";"17";"0";"10";"0";"0";"0";"3"
"2022";"Dengue";"SOBRAL";"16ª REGIÃO CAMOCIM";"BARROQUINHA";"2022-11-12";"45";"0";"0";"0";"0";"0";"0"
"2022";"Dengue";"SOBRAL";"11ª REGIÃO SOBRAL";"CATUNDA";"2022-02-12";"6";"0";"0";"0";"0";"0";"0"
"2022";"Dengue";"CARIRI";"20ª REGIÃO CRATO";"SANTANA DO CARIRI";"2022-02-19";"7";"0";"8";"0";"0";"1";"0"
"2022";"Dengue";"CARIRI";"17ª REGIÃO ICÓ";"UMARI";"2022-04-30";"17";"0";"9";"0";"0";"3";"3"
"2022";"Dengue";"SERTÃO CENTRAL";"05ª REGIÃO DE CANINDÉ";"CANINDE";"2022-04-02";"13";"0";"11";"0";"0";"1";"0"
"2022";"Dengue";"FORTALEZA";"04ª REGIÃO BATURITÉ";"GUARAMIRANGA";"2022-11-19";"46";"0";"0";"0";"0";"0";"0"
"2022";"Dengue";"CARIRI";"20ª REGIÃO CRATO";"CRATO";"2022-05-07";"18";"0";"63";"0";"0";"3";"58"
"2022";"Dengue";"SOBRAL";"11ª REGIÃO SOBRAL";"COREAU";"2022-04-02";"13";"0";"0";"0";"0";"0";"0"
"2022";"Dengue";"FORTALEZA";"03ª REGIÃO MARACANAÚ";"MARACANAU";"2022-11-26";"47";"0";"0";"0";"0";"0";"0"
"2022";"Dengue";"CARIRI";"21ª REGIÃO JUAZEIRO DO NORTE";"GRANJEIRO";"2022-08-13";"32";"0";"0";"0";"0";"0";"0"
"2022";"Dengue";"FORTALEZA";"04ª REGIÃO BATURITÉ";"GUARAMIRANGA";"2022-01-29";"4";"0";"0";"0";"0";"0";"0"
"2022";"Dengue";"SERTÃO CENTRAL";"08ª REGIÃO QUIXADÁ";"BANABUIU";"2022-02-26";"8";"0";"0";"0";"0";"0";"0"
"2022";"Dengue";"FORTALEZA";"01ª REGIÃO FORTALEZA";"ITAITINGA";"2022-11-19";"46";"0";"0";"0";"0";"0";"0"
"2022";"Dengue";"FORTALEZA";"02ª REGIÃO CAUCAIA";"TEJUCUOCA";"2022-07-16";"28";"0";"0";"0";"0";"0";"0"
"2022";"Dengue";"CARIRI";"17ª REGIÃO ICÓ";"ICO";"2022-01-08";"1";"0";"1";"0";"0";"0";"0"
"2022";"Dengue";"SOBRAL";"11ª REGIÃO SOBRAL";"PIRES FERREIRA";"2022-12-10";"49";"0";"0";"0";"0";"0";"0"
"2022";"Dengue";"LITORAL LESTE/JAGUARIBE";"09ª REGIÃO RUSSAS";"PALHANO";"2022-12-03";"48";"0";"0";"0";"0";"0";"0"
"2022";"Dengue";"FORTALEZA";"22ª REGIÃO CASCAVEL";"BEBERIBE";"2022-08-06";"31";"0";"4";"0";"0";"1";"1"
"2022";"Dengue";"FORTALEZA";"01ª REGIÃO FORTALEZA";"ITAITINGA";"2022-07-30";"30";"0";"1";"0";"0";"0";"0"
"2022";"Dengue";"CARIRI";"20ª REGIÃO CRATO";"ANTONINA DO NORTE";"2022-12-03";"48";"0";"0";"0";"0";"0";"0"
"2022";"Dengue";"SOBRAL";"16ª REGIÃO CAMOCIM";"BARROQUINHA";"2022-02-26";"8";"0";"0";"0";"0";"0";"0"
"2022";"Dengue";"CARIRI";"18ª REGIÃO IGUATU";"CARIUS";"2022-12-24";"51";"0";"0";"0";"0";"0";"0"
"2022";"Dengue";"FORTALEZA";"03ª REGIÃO MARACANAÚ";"PALMACIA";"2022-09-24";"38";"0";"0";"0";"0";"0";"0"
"2022";"Dengue";"SERTÃO CENTRAL";"08ª REGIÃO QUIXADÁ";"IBICUITINGA";"2022-10-01";"39";"0";"0";"0";"0";"0";"0"
"2022";"Dengue";"CARIRI";"19ª REGIÃO BREJO SANTO";"PENAFORTE";"2022-03-05";"9";"0";"23";"0";"0";"0";"9"
"2022";"Dengue";"CARIRI";"18ª REGIÃO IGUATU";"DEPUTADO IRAPUAN PINHEIRO";"2022-04-23";"16";"0";"0";"0";"0";"0";"0"
"2022";"Dengue";"FORTALEZA";"22ª REGIÃO CASCAVEL";"CHOROZINHO";"2022-02-05";"5";"0";"0";"0";"0";"0";"0"
"2022";"Dengue";"CARIRI";"20ª REGIÃO CRATO";"POTENGI";"2022-05-21";"20";"0";"0";"0";"0";"0";"0"
"2022";"Dengue";"FORTALEZA";"04ª REGIÃO BATURITÉ";"GUARAMIRANGA";"2022-02-26";"8";"0";"0";"0";"0";"0";"0"
"2022";"Dengue";"FORTALEZA";"06ª REGIÃO DE ITAPIPOCA";"UMIRIM";"2022-03-26";"12";"0";"0";"0";"0";"0";"0"
"2022";"Dengue";"SERTÃO CENTRAL";"08ª REGIÃO QUIXADÁ";"IBICUITINGA";"2022-07-16";"28";"0";"0";"0";"0";"0";"0"
"2022";"Dengue";"FORTALEZA";"06ª REGIÃO DE ITAPIPOCA";"TURURU";"2022-01-08";"1";"0";"0";"0";"0";"0";"0"
"2022";"Dengue";"LITORAL LESTE/JAGUARIBE";"09ª REGIÃO RUSSAS";"RUSSAS";"2022-07-30";"30";"0";"33";"0";"0";"3";"19"
"2022";"Dengue";"SOBRAL";"15ª REGIÃO CRATEÚS";"CRATEUS";"2022-04-16";"15";"0";"0";"0";"0";"0";"0"
"2022";"Dengue";"CARIRI";"19ª REGIÃO BREJO SANTO";"PENAFORTE";"2022-03-12";"10";"0";"10";"0";"0";"0";"3"
"2022";"Dengue";"SOBRAL";"11ª REGIÃO SOBRAL";"ALCANTARAS";"2022-08-27";"34";"0";"6";"0";"0";"2";"3"
"2022";"Dengue";"CARIRI";"19ª REGIÃO BREJO SANTO";"AURORA";"2022-02-05";"5";"0";"0";"0";"0";"0";"0"
"2022";"Dengue";"CARIRI";"20ª REGIÃO CRATO";"ASSARE";"2022-05-28";"21";"0";"20";"0";"0";"0";"15"
"2022";"Dengue";"SOBRAL";"11ª REGIÃO SOBRAL";"MERUOCA";"2022-10-08";"40";"0";"12";"0";"0";"3";"0"
"2022";"Dengue";"SOBRAL";"12ª REGIÃO ACARAÚ";"MORRINHOS";"2022-10-01";"39";"0";"0";"0";"0";"0";"0"
"2022";"Dengue";"SOBRAL";"12ª REGIÃO ACARAÚ";"BELA CRUZ";"2022-05-14";"19";"0";"10";"0";"0";"6";"3"
"2022";"Dengue";"SOBRAL";"15ª REGIÃO CRATEÚS";"MONSENHOR TABOSA";"2022-01-22";"3";"0";"3";"0";"0";"0";"0"
"2022";"Dengue";"SOBRAL";"12ª REGIÃO ACARAÚ";"JIJOCA DE JERICOACOARA";"2022-01-08";"1";"0";"1";"0";"0";"0";"0"
"2022";"Dengue";"FORTALEZA";"03ª REGIÃO MARACANAÚ";"REDENCAO";"2022-01-29";"4";"0";"0";"0";"0";"0";"0"
"2022";"Dengue";"CARIRI";"20ª REGIÃO CRATO";"VARZEA ALEGRE";"2022-12-17";"50";"0";"1";"0";"0";"0";"0"
"2022";"Dengue";"CARIRI";"18ª REGIÃO IGUATU";"QUIXELO";"2022-10-08";"40";"0";"0";"0";"0";"0";"0"
"2022";"Dengue";"SOBRAL";"16ª REGIÃO CAMOCIM";"BARROQUINHA";"2022-08-13";"32";"0";"0";"0";"0";"0";"0"
"2022";"Dengue";"CARIRI";"21ª REGIÃO JUAZEIRO DO NORTE";"BARBALHA";"2022-12-10";"49";"0";"1";"0";"0";"0";"0"
"2022";"Dengue";"CARIRI";"17ª REGIÃO ICÓ";"ICO";"2022-06-25";"25";"0";"30";"0";"0";"2";"7"
"2022";"Dengue";"LITORAL LESTE/JAGUARIBE";"10ª REGIÃO LIMOEIRO DO NORTE";"SAO JOAO DO JAGUARIBE";"2022-02-19";"7";"0";"0";"0";"0";"0";"0"
"2022";"Dengue";"SOBRAL";"11ª REGIÃO SOBRAL";"ALCANTARAS";"2022-09-17";"37";"0";"6";"0";"0";"1";"1"
"2022";"Dengue";"SOBRAL";"15ª REGIÃO CRATEÚS";"TAMBORIL";"2022-11-12";"45";"0";"0";"0";"0";"0";"0"
"2022";"Dengue";"FORTALEZA";"01ª REGIÃO FORTALEZA";"EUSEBIO";"2022-03-19";"11";"0";"0";"0";"0";"0";"0"
"2022";"Dengue";"CARIRI";"19ª REGIÃO BREJO SANTO";"PENAFORTE";"2022-05-21";"20";"0";"3";"0";"0";"0";"0"
"2022";"Dengue";"SOBRAL";"16ª REGIÃO CAMOCIM";"MARTINOPOLE";"2022-12-10";"49";"0";"0";"0";"0";"0";"0"
"2022";"Dengue";"FORTALEZA";"01ª REGIÃO FORTALEZA";"ITAITINGA";"2022-02-19";"7";"0";"9";"0";"0";"6";"2"
"2022";"Dengue";"FORTALEZA";"22ª REGIÃO CASCAVEL";"PINDORETAMA";"2022-09-24";"38";"0";"0";"0";"0";"0";"0"
"2022";"Dengue";"CARIRI";"19ª REGIÃO BREJO SANTO";"JATI";"2022-08-06";"31";"0";"0";"0";"0";"0";"0"
"2022";"Dengue";"CARIRI";"20ª REGIÃO CRATO";"CRATO";"2022-04-16";"15";"0";"70";"0";"0";"14";"50"
"2022";"Dengue";"CARIRI";"21ª REGIÃO JUAZEIRO DO NORTE";"CARIRIACU";"2022-07-09";"27";"0";"1";"0";"0";"0";"1"
"2022";"Dengue";"FORTALEZA";"04ª REGIÃO BATURITÉ";"BATURITE";"2022-08-20";"33";"0";"0";"0";"0";"0";"0"
"2022";"Dengue";"CARIRI";"20ª REGIÃO CRATO";"FARIAS BRITO";"2022-12-24";"51";"0";"0";"0";"0";"0";"0"
"2022";"Dengue";"SERTÃO CENTRAL";"05ª REGIÃO DE CANINDÉ";"BOA VIAGEM";"2022-04-16";"15";"0";"17";"0";"0";"1";"3"
"2022";"Dengue";"SOBRAL";"11ª REGIÃO SOBRAL";"SOBRAL";"2022-02-05";"5";"0";"7";"0";"0";"0";"0"
